dataset,label,source,bytes,chan.res_corr_gb,chan.res_corr_rg,fmt,grad.flat_frac,grad.mean,grad.p99_over_mean,h,jpeg.blockiness,local.min_over_med,local.std_cv,res.autocorr_x1,res.autocorr_x2,res.autocorr_x4,res.autocorr_x8,res.kurtosis,res.skew,res.std,res.zero_frac,spec.band04,spec.band08,spec.band12,spec.band14,spec.band15,spec.hf_drop,spec.hf_slope,spec.nyquist_ratio,tone.clip_frac,tone.unique_colors,w
defactify,1,4,10242,0.9640443196212178,0.9733367458570206,JPEG,0.0178070068359375,36.357566833496094,6.457308292388916,256,0.9220340847969055,0.21750040352344513,0.647467851638794,-0.10211198638965814,-0.06345347348237128,-0.0242544869884797,0.004232379400288332,24.655338287353516,0.3024124801158905,5.092048645019531,0.5130767822265625,-1.3740225701349216,-2.0592065075898303,-2.409966593194188,-2.6281514996564423,-2.6474456872456216,0.3718877438295385,-0.0857226098806697,-1.209585428237915,0.004038492838541667,0.287994384765625,256
defactify,1,4,9781,0.9674621122365221,0.9673862324942021,JPEG,0.070526123046875,38.94798278808594,8.020347595214844,256,0.872852623462677,0.1013166606426239,0.7668445706367493,0.2250457059797608,0.004469598041646884,0.01524980239214051,-0.027331329364108647,33.3353157043457,1.0388758182525635,4.076757907867432,0.6126556396484375,-1.451384041515599,-2.3652881997858772,-2.7687168842354914,-3.1039426580877256,-3.28963866021855,0.7618410067678916,-0.13269605973546322,-1.8181856870651245,0.014078776041666666,0.197784423828125,256
defactify,1,3,68868,0.9901772251438344,0.9920117978518218,JPEG,0.27105712890625,10.663777351379395,18.30061912536621,256,2.228915214538574,0.6509206295013428,1.6837180852890015,0.7258839054372836,0.4389747407307091,0.1059547590302213,-0.08889754540995108,102.76077270507812,-3.5483007431030273,2.3864212036132812,0.8266754150390625,-0.8545186781215035,-1.421037085722829,-2.245796872236412,-2.590615812013996,-2.5574001714591845,0.8152970612960284,-0.1850677043704944,-1.7392034530639648,0.00010172526041666667,0.018951416015625,256
defactify,1,5,15865,0.8232502716164299,0.8949061291412791,JPEG,0.0530242919921875,21.607006072998047,5.817997932434082,256,1.0585471391677856,0.17451199889183044,0.7329081296920776,0.2137930802395002,-0.008809540713173717,-0.003975188637757139,-0.008404948727495712,17.822147369384766,-0.15630465745925903,1.2280105352401733,0.6780853271484375,-1.925473211284884,-3.0967660871023233,-3.831733738208455,-3.9221621961249555,-3.985877283802073,0.4518760122429679,-0.1238672669765654,-2.856240749359131,0.00020345052083333334,0.1238555908203125,256
defactify,1,2,78702,0.984299020577743,0.9879198088245295,JPEG,0.036376953125,17.376928329467773,7.721095085144043,256,1.680038332939148,0.532477855682373,1.0336296558380127,0.14095762391583314,-0.11906428799091584,0.044815229563631806,-0.003451976933637155,20.209196090698242,0.740748405456543,2.140610456466675,0.5117950439453125,-1.2875343294043509,-1.770348985265807,-2.316897442299366,-2.5881343053966672,-2.6548740718871864,0.6882336592476044,-0.13743012967758103,-1.9728195667266846,1.52587890625e-05,0.030792236328125,256
defactify,1,1,58131,0.9879705142708946,0.9809495405320523,JPEG,0.0980072021484375,42.783348083496094,8.133844375610352,256,1.3773680925369263,0.125596821308136,0.8797270655632019,0.319795125436476,0.22022122086462942,0.03546141821955279,-0.03246701882282151,15.879581451416016,1.1949571371078491,7.2266621589660645,0.553253173828125,-1.528157405088856,-2.1104420959233687,-2.3369317865954935,-2.383981808994413,-2.375790125444804,0.10015990046475487,-0.03624359815717359,-0.9140863418579102,0.011281331380208334,0.255218505859375,256
defactify,0,0,13635,0.9252255483440474,0.932948322760789,JPEG,0.232574462890625,13.404590606689453,10.198720932006836,256,1.9099550247192383,0.1819324791431427,1.3368030786514282,0.25325826252103134,0.14272766654028485,0.1265088308095416,0.03311747525567223,98.40458679199219,1.484268307685852,1.6873117685317993,0.763702392578125,-1.5394902806369801,-2.3277709815371956,-2.8537096777760524,-3.1778465790922557,-3.283029876145898,0.7331869993454925,-0.14095197805884985,-2.4167377948760986,5.086263020833333e-06,0.07391357421875,256
defactify,1,4,12493,0.9782933941088058,0.9759770395438536,JPEG,0.0183868408203125,55.31312561035156,5.708261966705322,256,0.9279708862304688,0.24173606932163239,0.4681437611579895,0.042716678069998626,-0.01872208734415098,0.04826200793942777,0.014944432976579321,19.666114807128906,0.3840717375278473,5.273455619812012,0.46563720703125,-1.424364964297804,-2.1353723589269338,-2.6249308842023753,-2.826811408046235,-2.8864174567070178,0.46637519788539805,-0.10715728370730832,-1.5123236179351807,0.0028889973958333335,0.2025604248046875,256
defactify,1,5,21823,0.8558594496693697,0.8862271085650462,JPEG,0.0148468017578125,43.033546447753906,3.8836629390716553,256,0.9639731049537659,0.3145284950733185,0.47450873255729675,0.2636430016526624,0.07805880471503887,-0.020131711969939285,0.024216584096826477,8.105169296264648,0.06143202632665634,2.088623523712158,0.548248291015625,-0.9200186509155621,-2.3988461260599614,-3.157959561463975,-3.3992114469853414,-3.495976257498505,0.7644481420796598,-0.16043107745788038,-2.288084030151367,0.0021565755208333335,0.2266845703125,256
defactify,0,0,7376,0.7325056462031768,0.8343359272463469,JPEG,0.6841583251953125,1.3221704959869385,5.348071575164795,256,0.23758651316165924,0.0,0.5357686281204224,-0.00855946942258066,0.028765762604762216,-0.0007938665428097448,0.04056719207754411,52.24009704589844,-0.14824271202087402,0.1400810033082962,0.9807891845703125,-1.0260324326752275,-2.0203277050772472,-2.1590134468526028,-2.293850860763247,-2.2546944277814394,-0.005464542004572248,-0.027778098689396357,-2.181828260421753,0.0,0.00244140625,256
defactify,1,1,89748,0.9671664786667681,0.9664739525358773,JPEG,0.012237548828125,37.71162414550781,5.7115478515625,256,1.1493638753890991,0.2594410479068756,0.7288562059402466,-0.08996993015725993,0.015600657400693739,-0.026630602166754357,0.0057190804757381265,7.234964370727539,0.10111210495233536,4.65710973739624,0.366607666015625,-1.6661758196890606,-2.436545339558047,-2.864334244624498,-3.0893387827546848,-3.1882942225892696,0.5608608373654667,-0.10897187213338398,-1.882232427597046,0.0031229654947916665,0.2713775634765625,256
defactify,0,0,28076,1.0,1.0,JPEG,0.0138702392578125,25.456607818603516,7.155245304107666,256,1.4833215475082397,0.5307539105415344,1.0963834524154663,0.13636999405139635,-0.09526893473662243,-0.021137785846994522,0.016837365235489912,114.72827911376953,-0.6999821662902832,2.218959331512451,0.548309326171875,-1.0258221274643535,-2.0925715158963136,-2.536520308844776,-2.7109404728273034,-2.901216399718403,0.6041417119468804,-0.10957108602564315,-2.492588758468628,0.004180908203125,0.0020599365234375,256
defactify,1,5,17397,0.8143847704513207,0.9087696257635116,JPEG,0.0284271240234375,26.359651565551758,4.458175182342529,256,0.9948441386222839,0.3114531934261322,0.5360543727874756,0.4629548434591905,0.2386526187408046,0.17086465092779443,0.12429365333026506,11.568575859069824,0.44174590706825256,1.5906691551208496,0.58697509765625,-1.358454028684247,-2.4839685235366122,-3.3101151497326304,-3.521939485504557,-3.65598214806744,0.6941880413624277,-0.16136836529559298,-2.33115553855896,2.0345052083333332e-05,0.147735595703125,256
defactify,1,4,13498,0.9863856039093405,0.9873462367570544,JPEG,0.019317626953125,58.31937789916992,4.756527900695801,256,1.0304923057556152,0.2326236516237259,0.4699168801307678,0.18033979229258565,0.1258667491894231,0.11241713098345325,0.06674832682424005,10.339129447937012,0.347478985786438,7.481394290924072,0.3773193359375,-1.3291230459965613,-1.8920558874910025,-2.2769383032908186,-2.4916918807551616,-2.537904516807507,0.46470879119462793,-0.09813519901770706,-1.368222713470459,0.003021240234375,0.170684814453125,256
defactify,1,1,73532,0.9881821915686684,0.985178767718483,JPEG,0.0517578125,56.533042907714844,6.7925801277160645,256,1.0428736209869385,0.08033536374568939,0.7353162169456482,0.14091292940453906,0.03688649639895549,0.07101900680652479,0.03391099848713206,17.75067710876465,-0.5592847466468811,5.210482597351074,0.4962158203125,-1.004110820836381,-2.3886574086427803,-2.716314983679921,-3.0873050414144725,-3.271113610818423,0.7260853966295908,-0.11827323310032271,-1.7567909955978394,0.005427042643229167,0.10833740234375,256
defactify,1,2,76960,0.9418260508724002,0.9412879874842045,JPEG,0.300537109375,21.469030380249023,12.435906410217285,256,1.5107287168502808,0.0,1.182076096534729,0.11107248438161392,-0.04471982324377776,0.01618596344320018,-0.014766510318306775,42.51689910888672,0.1696660816669464,2.6061198711395264,0.6788787841796875,-1.3771760132598025,-2.24258452252844,-2.8223001717657707,-2.9914501888351044,-3.1131363905537954,0.6233203849812945,-0.1268915345374405,-2.2255730628967285,0.004603068033854167,0.0892791748046875,256
defactify,1,5,18592,0.8946375948167188,0.9448283422858097,JPEG,0.1126556396484375,24.209800720214844,8.181259155273438,256,0.9963880777359009,0.14513999223709106,1.0480444431304932,0.173144351238591,-0.07545993540296306,-0.02101433187457931,0.014352489603736996,20.27610206604004,0.3228847086429596,1.9361315965652466,0.623565673828125,-1.6197374315737365,-2.616944097970565,-3.4687231821758058,-3.700096680402954,-3.781624294831655,0.7242556397978959,-0.17106460761456296,-2.8485958576202393,0.00014241536458333334,0.1255950927734375,256
defactify,1,2,160965,0.9847722217759801,0.9955636646457376,JPEG,0.0233154296875,44.13621520996094,5.371121406555176,256,1.148823618888855,0.23082858324050903,0.6902198195457458,0.13919475919574723,-0.13222952079273556,0.012553248268653127,0.009139470691214159,12.335063934326172,0.6704816222190857,4.11844539642334,0.4486083984375,-1.1421218092022132,-1.8959537979778398,-2.558805698962206,-2.9334604447253714,-3.0436353170791115,0.8556645959069247,-0.17109809871622056,-2.2109720706939697,0.00726318359375,0.0606689453125,256
defactify,1,1,85503,0.9577322670022003,0.9675434299894936,JPEG,0.0416412353515625,45.98829650878906,5.585467338562012,256,1.1391397714614868,0.18662284314632416,0.614421010017395,0.16400970212182678,0.07323294607536528,0.09412693235135594,0.05836325297068144,13.854923248291016,0.7909654974937439,5.7801513671875,0.3910980224609375,-1.5381916519378622,-2.1567752324817953,-2.5881250475412205,-2.84117935074101,-2.9625447723876572,0.6243653294010914,-0.1175668507623548,-1.517326831817627,0.0221405029296875,0.24224853515625,256
defactify,1,3,122885,0.9788193760883781,0.978551070589185,JPEG,0.0174713134765625,26.091793060302734,9.039140701293945,256,1.5100452899932861,0.5085698366165161,1.044878363609314,0.135628514181602,-0.2750806411627675,0.11395904131907081,-0.0013206094536409162,79.54657745361328,-2.8773770332336426,3.4891576766967773,0.414459228515625,-1.6029089540093375,-2.1656917653959065,-2.6755120776391816,-3.0369160374237207,-3.1661690174997927,0.804342355624164,-0.15459560549526577,-2.356952428817749,0.001708984375,0.096435546875,256
defactify,1,3,240396,0.8887979806834291,0.9746807939704416,JPEG,0.033294677734375,36.754249572753906,6.4226975440979,256,1.1367853879928589,0.19150017201900482,0.6931748390197754,-0.010700145722960437,-0.054430328306781094,-0.011434127047516219,0.004824161235169692,13.438884735107422,0.6699780821800232,4.678355693817139,0.438018798828125,-1.5109016895194225,-2.0898257992687626,-2.699673052023063,-2.9702856495707604,-3.021484637071204,0.6223660030308933,-0.15484725001950397,-2.1867189407348633,0.07167561848958333,0.2006683349609375,256
defactify,1,4,11008,0.9801323087645558,0.9757839656067485,JPEG,0.0277099609375,44.30097198486328,6.7621355056762695,256,0.9010090827941895,0.17457778751850128,0.6242400407791138,0.05402793781236644,-0.027379476187825266,0.033141736767438125,0.02272961558135191,28.950597763061523,0.7414474487304688,4.2484965324401855,0.5270843505859375,-1.4178759600567297,-2.1683136775319864,-2.7101654398025152,-2.958195227741405,-3.0400338578539685,0.6101150988224111,-0.12770075259089408,-1.712411880493164,0.0020090738932291665,0.1785736083984375,256
defactify,1,2,139467,0.9855103430086168,0.9884047636321437,JPEG,0.090118408203125,43.236717224121094,6.158435821533203,256,1.0858170986175537,0.05703990161418915,0.6484466195106506,0.022273938802156525,0.04852709286292091,0.07149780101133202,0.05890191448681327,11.699031829833984,-0.4401354491710663,4.508188724517822,0.5127410888671875,-1.390312517184153,-2.1074009323366782,-2.775706219377641,-2.9955304568244454,-3.0520704580751454,0.6801445666480443,-0.13863120196482337,-1.972994089126587,0.000274658203125,0.094757080078125,256
defactify,1,3,27876,0.9299493860152006,0.9193955213886845,JPEG,0.7713470458984375,6.833294868469238,34.11172103881836,256,1.5245882272720337,0.0,2.384982109069824,-0.2735790252504941,-0.0011580267368976535,0.11567539640738791,0.03441911095925597,91.98751068115234,1.374233365058899,1.1846622228622437,0.9268646240234375,-1.369847457766884,-2.16636906704436,-3.2278643960438025,-3.432134444857722,-3.5385338265992745,0.8621838674481781,-0.20260265765562893,-2.6958534717559814,0.0010935465494791667,0.016510009765625,256
defactify,1,5,21006,0.9316533235809962,0.8990192807472062,JPEG,0.0224456787109375,37.759212493896484,4.062449932098389,256,1.101805567741394,0.2800564169883728,0.5160118341445923,0.17580490570311072,-0.026340097171062855,-0.029555107201662236,-0.007894336913852466,7.993244171142578,0.1228804960846901,2.4056670665740967,0.5018768310546875,-1.1378483949702725,-2.2459112886792516,-3.0680846154645165,-3.3504040906980483,-3.497061862053073,0.8727709128879599,-0.18142354084469328,-2.1454553604125977,1.52587890625e-05,0.1984100341796875,256
defactify,1,2,73063,0.9764953009325186,0.9764275342001244,JPEG,0.09100341796875,31.144752502441406,7.04054594039917,256,1.386621117591858,0.10755433887243271,0.8245125412940979,0.46258338925479736,0.28083850119417286,0.25883962756222056,0.11903261771506646,25.313997268676758,-1.3021358251571655,2.8703136444091797,0.59698486328125,-1.4732072804551724,-2.30608131517499,-2.9844140245666866,-3.3438757037600544,-3.422199890704962,0.8746924358916326,-0.17703589765387337,-2.146364212036133,9.663899739583333e-05,0.0992431640625,256
defactify,1,5,17883,0.9365687744157281,0.9498570184843149,JPEG,0.157867431640625,29.251052856445312,8.142546653747559,256,1.0134283304214478,0.09214798361063004,1.0336922407150269,0.26292031701961205,0.0708775908116795,0.04576223277444857,0.04602515090992162,25.727781295776367,0.3825393319129944,2.0872879028320312,0.6598968505859375,-1.50468639443244,-2.62614494246475,-3.466417822730018,-3.8094826766775096,-3.8862695486289596,0.7988472558318858,-0.1830112269242769,-2.630579710006714,1.52587890625e-05,0.0980987548828125,256
defactify,0,0,16473,0.9956077681867675,0.9951746721155535,JPEG,0.3312225341796875,13.660374641418457,10.897383689880371,256,1.984141230583191,0.32732659578323364,1.222278356552124,0.4904025986606456,0.3381177460123425,0.2075681635086289,0.010269607731576943,76.63521575927734,-0.5215616226196289,2.4544427394866943,0.7815093994140625,-1.505971301829601,-1.8278232226575213,-2.425992410053948,-2.677256053699951,-2.833268740213944,0.6875171848073869,-0.14163129786822945,-1.9648666381835938,0.0003509521484375,0.0177001953125,256
defactify,1,3,60406,0.9938950955228423,0.9955584891491813,JPEG,0.2917938232421875,30.46661376953125,8.580889701843262,256,1.5669455528259277,0.0,1.103377342224121,0.5917230295628837,0.44666775486354676,0.29860431112823277,0.15926437638204632,21.50015640258789,0.35579216480255127,5.610835552215576,0.66522216796875,-0.9274935118784517,-1.8623631793703384,-2.05362831768473,-2.2632110814917983,-2.4733917957635567,0.382448447356607,-0.0738916318177836,-1.0599689483642578,0.0001068115234375,0.0755615234375,256
defactify,1,4,16160,0.9405832305263768,0.9762431945483008,JPEG,0.0312042236328125,70.07987976074219,4.941922187805176,256,0.9194740056991577,0.23665662109851837,0.4439654052257538,0.24502062969486346,0.268572971684979,0.14927798408114307,0.014479600056655984,8.795140266418457,-0.14281658828258514,11.880472183227539,0.3503570556640625,-1.3180983416866399,-1.7115029537875248,-2.0477185089365344,-2.147057710424744,-2.284163549622922,0.5446197684281548,-0.0932618264536783,-0.9566643834114075,0.020116170247395832,0.480743408203125,256
defactify,1,3,127565,0.9887632271460715,0.9858481828471003,JPEG,0.07586669921875,49.1882209777832,7.435857772827148,256,1.0902252197265625,0.06134387105703354,0.7485078573226929,0.18022356431021153,0.13997532952604394,0.166756336198026,0.11689412242812613,21.745615005493164,1.4097273349761963,5.399399757385254,0.482879638671875,-1.2903466791457427,-2.0564486948915466,-2.7008718052062495,-2.9469756666865567,-3.1070830861475924,0.718288817454174,-0.15162302805225314,-2.1781914234161377,0.050806681315104164,0.088104248046875,256
defactify,1,4,10342,0.9796808085676948,0.9726264621748747,JPEG,0.009979248046875,44.51177978515625,6.248139381408691,256,0.9644505381584167,0.2837463915348053,0.5623003840446472,0.14097141087442458,0.05615723697614497,0.07882895173936337,0.06116229825045388,33.69993209838867,-0.1452535092830658,4.418183326721191,0.536712646484375,-1.6151441460231828,-2.34312149894744,-2.7251957343648012,-2.8136388609152077,-2.8930943249404724,0.2882913487298371,-0.07201041806312737,-1.842565655708313,0.0024312337239583335,0.176177978515625,256
defactify,1,3,158857,0.9989247106303625,0.9965783874089668,JPEG,0.0288848876953125,81.11593627929688,3.5019431114196777,256,1.0660096406936646,0.45626646280288696,0.30541208386421204,0.5367393234906318,0.48645636350404725,0.4394168558478392,0.2687086659123476,1.2278289794921875,0.01725611463189125,16.674530029296875,0.2637786865234375,-1.547662249445973,-1.6227667303640025,-1.1877681819137464,-1.8159654264794636,-1.965313525706562,0.6176005724093425,-0.05953008455168638,-0.7729561924934387,0.004633585611979167,0.1229705810546875,256
defactify,1,3,32164,0.97498950022378,0.9797620937644458,JPEG,0.3146820068359375,32.85185241699219,8.652106285095215,256,1.3215644359588623,0.0,0.919435441493988,0.1390659413433383,-0.0009332355361643383,-0.03822229623720454,-0.004767146592411622,25.69214630126953,-0.5553799867630005,4.924537658691406,0.626434326171875,-1.243128714335496,-2.0178492618897828,-2.427138872482705,-2.695391156241074,-2.784855682310579,0.5642502156693983,-0.11346261179414105,-1.7203177213668823,0.0042572021484375,0.1442108154296875,256
defactify,0,0,71747,0.9975632389542695,0.9928363545680047,JPEG,0.010040283203125,81.50423431396484,5.172722339630127,256,1.0052680969238281,0.138396218419075,0.49029800295829773,0.14420946994387263,0.17816556084657442,0.08333958484706996,-0.004827298084005359,10.19745922088623,0.7774524092674255,11.807985305786133,0.3175506591796875,-1.1313460005616864,-1.6352750428652367,-2.0845335490001053,-2.3677590439461227,-2.3367546698973873,0.41835801288644525,-0.10944773400805248,-1.0130106210708618,0.057444254557291664,0.110443115234375,256
defactify,1,3,77247,0.976936796478258,0.9821495791543201,JPEG,0.0259552001953125,30.687427520751953,4.160127639770508,256,1.413439154624939,0.2531329393386841,0.6487674117088318,0.22350415363577825,-0.020614898965958216,0.006758897875359059,0.0032038048271810426,9.44139575958252,0.0249471478164196,3.5289599895477295,0.4546661376953125,-1.4085830984417562,-1.9718461231088478,-2.355509463623421,-2.6936384658796264,-2.839122972323925,0.7302823261573659,-0.12940207125197198,-1.7136155366897583,0.005167643229166667,0.109649658203125,256
defactify,1,2,85054,0.9556183267553093,0.9771097385783143,JPEG,0.031951904296875,18.781620025634766,9.505083084106445,256,2.0683586597442627,0.7421113848686218,1.3025749921798706,0.381123188197775,0.09606636719770877,0.06197749137616183,0.007739588108801895,35.36905288696289,0.5599989295005798,2.2293801307678223,0.504180908203125,-1.2829683526392488,-2.0072032081095887,-2.7405969745191117,-2.944253677667837,-3.023090900509981,0.6185328124784304,-0.1462905641269043,-1.6372038125991821,0.00018310546875,0.054351806640625,256
defactify,0,0,18033,0.9616131549673904,0.976108147938253,JPEG,0.049896240234375,20.99707794189453,4.849874496459961,256,0.9173786044120789,0.24302712082862854,0.6295473575592041,0.1885741482186543,0.08559832331302515,0.0943592479753139,0.08355514520814714,14.23541259765625,0.14538438618183136,3.4682369232177734,0.543304443359375,-1.2914858941481278,-1.676874512266652,-2.120504108795326,-2.4330512669068636,-2.5053509626848784,0.6895535810721407,-0.1285514062736354,-2.5605995655059814,0.0018819173177083333,0.0926361083984375,256
defactify,1,1,43491,0.9725572339929718,0.9842603343625576,JPEG,0.0883331298828125,19.088367462158203,8.086835861206055,256,1.8441565036773682,0.39030948281288147,1.0144116878509521,0.19653443695199108,0.1553788601159275,0.043715429047347654,0.000981332131174392,23.323162078857422,-0.5609980225563049,3.0290539264678955,0.5844573974609375,-1.4401082645577743,-2.0363819768068767,-2.332820356565077,-2.401629985306924,-2.518395407631882,0.31101537522539147,-0.062332032801634074,-1.3385319709777832,0.0016377766927083333,0.068267822265625,256
defactify,1,5,22937,0.934266242118715,0.9357838970709144,JPEG,0.090301513671875,44.921382904052734,5.040035724639893,256,1.0551886558532715,0.11152298748493195,0.5940762758255005,0.27432637675683047,0.037439541629084305,-0.0010253286948031176,0.030264966135434133,11.293509483337402,0.29068830609321594,2.7808921337127686,0.542633056640625,-1.491361139919177,-2.6625996659008715,-3.3373518941525173,-3.7636154211993684,-3.8336818569629143,0.8111717427646461,-0.17392648285625667,-2.577425479888916,8.138020833333333e-05,0.1828460693359375,256
defactify,1,3,47261,0.9794058190797468,0.9808350119960235,JPEG,0.3304595947265625,16.286357879638672,10.826802253723145,256,1.6023485660552979,0.38729798793792725,1.302148461341858,0.6871173869641949,0.6293565193865461,0.5689947145391574,0.41516285245447904,40.997108459472656,0.8730660676956177,2.3404037952423096,0.847076416015625,-0.4558780241042175,-1.4688356696127176,-2.3709125551705093,-2.5057546592899884,-2.4067980634811006,0.4303784391865797,-0.14771111256279254,-1.333760142326355,1.0172526041666666e-05,0.031890869140625,256
defactify,1,4,10809,0.9793106905970033,0.9606590378132566,JPEG,0.0325775146484375,43.5676383972168,5.674964904785156,256,0.9147540330886841,0.22609499096870422,0.5555564761161804,0.002694686796752131,-0.03327591248215595,-0.022549327131740977,0.0006920499777400605,24.143474578857422,-0.007976671680808067,4.406235694885254,0.544769287109375,-1.3822279313722676,-2.03137458705565,-2.4842727217100453,-2.6243568262856707,-2.742116320425408,0.5003231752278241,-0.1004163851810003,-1.4484448432922363,0.0037129720052083335,0.2656402587890625,256
defactify,1,1,60067,0.9932702793710486,0.9965999079085571,JPEG,0.248779296875,31.39667510986328,8.9052095413208,256,1.2119404077529907,0.05753770470619202,1.0074546337127686,0.1815392573160661,0.09478092157538838,0.06794241584770012,0.0403702817518326,29.98306655883789,1.6918426752090454,5.094404697418213,0.6484375,-1.2481154313543579,-1.9931024307149956,-2.3252040100186475,-2.491659236968144,-2.521137463063954,0.32723239556085115,-0.07298753814368188,-1.2894302606582642,0.058441162109375,0.0550537109375,256
defactify,1,4,16103,0.9893223509491871,0.9836976320541849,JPEG,0.0097503662109375,74.70167541503906,4.672388553619385,256,0.8724094033241272,0.39320412278175354,0.40657395124435425,0.06793685267492187,0.06627835309124575,-0.053809289005720996,0.04770270599781485,11.245664596557617,0.5414635539054871,10.151568412780762,0.319091796875,-1.1841592993464083,-1.7597787006717125,-2.0363574411450465,-2.395667364021537,-2.357398520639948,0.32930434315930857,-0.08462672977312756,-0.8838707804679871,0.058039347330729164,0.29443359375,256
defactify,1,4,13362,0.9764540393720161,0.9772122335827577,JPEG,0.0135345458984375,55.4457893371582,5.3440046310424805,256,0.933817446231842,0.3266145586967468,0.4457312524318695,0.26554640780726724,0.2155147758409858,0.22317744025933542,0.17609717755337262,13.68309211730957,0.639805793762207,7.380990505218506,0.3802337646484375,-0.9735215669222059,-1.6311265440754985,-1.9463863748618522,-2.1370927168444416,-2.2006110258880245,0.4854575329943689,-0.0858312052795412,-0.8695010542869568,0.012181599934895834,0.29400634765625,256
defactify,1,3,66105,0.9476323296395824,0.9520656970793375,JPEG,0.387176513671875,20.0781192779541,12.275362968444824,256,1.0806165933609009,0.0,1.3861424922943115,-0.16075947806161706,-0.16809560740531462,0.009279462177040572,-0.004731016247492425,59.35166931152344,-1.6035959720611572,2.9919724464416504,0.822479248046875,-1.4764773852737987,-2.405113503150483,-2.950005926154433,-3.183465975790654,-3.229207482495393,0.5300539580325432,-0.12321608698365039,-2.234610080718994,0.0025075276692708335,0.18646240234375,256
defactify,1,5,26572,0.7536099079875828,0.886700715484362,JPEG,0.0060272216796875,43.491477966308594,4.30462646484375,256,1.0613478422164917,0.3708805441856384,0.40564143657684326,0.1827153069999855,-0.04441728473116983,-0.05129109107087291,0.008695115857522173,11.96313190460205,-0.18835236132144928,2.216832160949707,0.5426483154296875,-1.742263483116858,-2.9321211274900154,-3.7444960754300602,-3.973804852169387,-4.0910807626205195,0.7287865174139023,-0.16580926364580417,-2.312969923019409,0.02325439453125,0.2833251953125,256
defactify,1,1,90876,0.9994226192802078,0.999994868873943,JPEG,0.0086517333984375,34.59784698486328,6.598721027374268,256,1.3370600938796997,0.519253134727478,0.8408350348472595,0.22740952380936993,0.042840577711619636,0.039222596534100825,-0.0010016366099260565,4.133521556854248,-0.15358392894268036,5.453227519989014,0.2559661865234375,-1.4455529444662307,-1.9657548234515119,-2.2725068888280466,-2.53903018857494,-2.6502794048128253,0.545702031061265,-0.10087882949211445,-1.6927851438522339,4.0690104166666664e-05,0.004302978515625,256
defactify,0,0,58110,0.9674510777036611,0.9825217196581936,JPEG,0.001434326171875,81.86140441894531,3.0536882877349854,256,1.2059320211410522,0.43309301137924194,0.282853364944458,0.31545156098386234,-0.05594569024785435,0.030495434929680904,0.006767556345479487,5.586755752563477,0.549498975276947,6.793858051300049,0.30645751953125,-0.5651194548578422,-1.4344175866306585,-2.344390017429423,-2.763167562879378,-2.8312957587239307,0.9643223895418931,-0.2127215049014766,-1.7874407768249512,0.008275349934895834,0.3084259033203125,256
defactify,1,1,90381,0.9636007222851065,0.9752121651369504,JPEG,0.027618408203125,62.28398895263672,5.5304975509643555,256,1.2766293287277222,0.12608593702316284,0.5909243822097778,0.2938580061446072,0.23799425148367231,0.18138025496695462,0.10299820218196513,10.631551742553711,0.12297593802213669,6.772071361541748,0.3990936279296875,-1.1570646752078142,-1.8939224563826818,-2.3871535952217897,-2.513362371087812,-2.6155324257237806,0.5002142959522562,-0.10162996025683255,-1.0427303314208984,0.0038401285807291665,0.246307373046875,256
defactify,1,4,9150,0.951305012246702,0.9020039623811951,JPEG,0.0254974365234375,31.13920021057129,6.8781561851501465,256,0.98175448179245,0.2161596119403839,0.7575101256370544,0.05506963757619978,-2.4013736206629604e-07,-0.004284629766157971,0.027796793863095727,50.412109375,1.8115479946136475,3.2917048931121826,0.5913543701171875,-1.660895069114619,-2.3609312106414047,-2.83312773210441,-3.031558396634688,-3.1538613711698424,0.5675627462527224,-0.11662905126170885,-1.7344543933868408,0.0025838216145833335,0.224365234375,256
defactify,1,4,10249,0.9811093259362462,0.9808886874999813,JPEG,0.0191192626953125,39.574466705322266,5.627882480621338,256,0.9459115862846375,0.25449544191360474,0.5844211578369141,0.03470422219078903,0.07894666102364588,0.03504808296226442,-0.009630735137951294,22.76801109313965,0.9921241998672485,4.307764530181885,0.4845123291015625,-1.3425902130505287,-2.18679946502799,-2.6246126235187415,-2.8627513752284086,-3.0288273732496487,0.6164745176001709,-0.11782271906721348,-1.6206122636795044,0.002471923828125,0.1230316162109375,256
defactify,0,0,42046,0.9863217690332914,0.9880519545039247,JPEG,0.2451934814453125,29.898578643798828,8.619372367858887,256,1.3000977039337158,0.055760130286216736,0.9178894758224487,0.1571658116696849,0.04677784903653377,0.042248953403112806,0.025511231729692316,30.410114288330078,-0.5018473863601685,5.208282470703125,0.6288604736328125,-1.1362747551339663,-1.7315091292585008,-2.0659358301256594,-2.3346589134254385,-2.420415096555919,0.45208278774589683,-0.10124557632634053,-1.0385143756866455,0.0007273356119791666,0.123382568359375,256
defactify,0,0,36746,0.9574503672995406,0.9665475026378765,JPEG,0.0772857666015625,30.392982482910156,8.505757331848145,256,1.466668725013733,0.15421459078788757,0.8567183613777161,0.26874565299014436,0.1335124522900151,0.005535081493052597,-0.0398055564331714,38.3587646484375,1.176806926727295,4.371289253234863,0.5702972412109375,-1.0629217562046112,-1.8221788496578215,-2.1904997376619466,-2.4466771255006607,-2.508489635505083,0.5121563854787983,-0.10408288704006464,-1.3555761575698853,0.042043050130208336,0.1578216552734375,256
defactify,1,4,11379,0.9761932081257624,0.9805380990979629,JPEG,0.024169921875,40.63753128051758,5.9981608390808105,256,0.9717240333557129,0.19373847544193268,0.5998839735984802,0.010643785028515467,-0.06568426104500068,-0.00526491104517693,-0.009633583847716039,18.37120246887207,1.0355101823806763,5.762195587158203,0.470794677734375,-1.2119137244921045,-1.8257723995889323,-2.1136521339993415,-2.321214310382711,-2.4489657422514295,0.40205321499207525,-0.08390344667066159,-1.26832115650177,0.0012156168619791667,0.2532958984375,256
defactify,1,2,33252,0.9340294725664131,0.9160345260481705,JPEG,0.508544921875,14.311446189880371,15.377756118774414,256,1.6703201532363892,0.0,1.5152949094772339,0.27229395655520094,-0.13429026548099485,-0.08303268845612984,0.01421011871181562,31.842700958251953,-0.016507631167769432,2.2653863430023193,0.776336669921875,-1.4696031548408284,-2.1681763326671133,-2.624409826562723,-2.8792672017984353,-3.034958463861374,0.7324456475939547,-0.12782331152779725,-2.201913595199585,0.00146484375,0.1321258544921875,256
defactify,1,2,116063,0.9903900575139604,0.9913738797812367,JPEG,0.029266357421875,41.23760223388672,5.930786609649658,256,1.291190266609192,0.16775517165660858,0.654228150844574,0.29334694218889973,0.13613271675079033,0.0652726065016188,-0.015672230535918718,18.291933059692383,1.5698678493499756,4.158382892608643,0.4546356201171875,-1.2009474389242687,-1.8991073448902327,-2.575372980126015,-2.9173987223747524,-2.9659644508331153,0.6791610375556498,-0.15666530002864493,-1.7669979333877563,0.0001373291015625,0.055328369140625,256
defactify,1,4,11518,0.9853292607461365,0.9886437355796444,JPEG,0.030914306640625,39.56671142578125,5.721805572509766,256,0.9886147379875183,0.2666563391685486,0.5751078128814697,-0.08407264212460498,-0.12738486793150613,0.028662944504323634,0.0036959524856087526,15.224615097045898,0.45630770921707153,6.586569786071777,0.40423583984375,-1.2241676829078285,-1.5981849693859802,-1.8672085081565157,-1.9960924455258429,-2.09687404173864,0.3616862772743987,-0.06625475079260741,-1.442717432975769,0.0018717447916666667,0.1473388671875,256
defactify,1,4,13747,0.9883792390004374,0.9899147215568043,JPEG,0.03460693359375,61.29730987548828,5.40111780166626,256,0.9394896626472473,0.17952974140644073,0.48807308077812195,0.2677870485755307,0.21181198353939765,0.08406258205840697,0.0020804732505703863,11.500190734863281,0.8635071516036987,8.651449203491211,0.364593505859375,-1.231727424568744,-1.7289140126342772,-2.1973514051976544,-2.372846519377666,-2.475752735063117,0.4780773177548623,-0.104227830851532,-1.044141411781311,0.0053863525390625,0.189422607421875,256
defactify,1,4,10740,0.978409880376544,0.976170765010308,JPEG,0.0308380126953125,48.79393768310547,7.306519031524658,256,0.8824714422225952,0.19817563891410828,0.6560412645339966,0.17571979695348983,0.03450582607968345,0.027313139014544064,0.02866425052584808,27.44580078125,0.7554821372032166,4.859916687011719,0.5431365966796875,-1.303340271827202,-2.0850906167643597,-2.6069999602250933,-2.8256141965560673,-2.9401088519445944,0.5595681853620729,-0.1149787895007069,-1.5870338678359985,0.003265380859375,0.20111083984375,256
defactify,1,2,153562,0.9869090125839618,0.9837032545493318,JPEG,0.01837158203125,52.97938537597656,3.688847064971924,256,1.128713607788086,0.1294267624616623,0.4173119068145752,0.260984474128918,-0.04451220118980421,0.06581731002654378,0.03837516744084066,3.7521848678588867,0.07502084225416183,5.397356033325195,0.3472747802734375,-1.2736003684896868,-1.8920853364921681,-2.412175575159571,-2.834691583589324,-2.9886883071059707,0.8756753697388868,-0.16313903239859404,-1.5394288301467896,3.0517578125e-05,0.09942626953125,256
defactify,1,3,87611,0.9584529675511003,0.969558864540355,JPEG,0.427032470703125,18.46168327331543,14.889312744140625,256,1.3045679330825806,0.0,1.5778557062149048,-0.011386767438394337,-0.03505357703445664,-0.0351585653169456,-0.031317595299084094,41.212257385253906,0.9885194897651672,2.0267653465270996,0.7757415771484375,-1.8831716717410005,-3.0557376124683255,-3.810557353756999,-4.048346500259809,-4.1571725462371365,0.7016743706909425,-0.15951128271316178,-3.4864697456359863,0.2612660725911458,0.0778961181640625,256
defactify,1,2,67404,0.9900331586890642,0.9891830876018926,JPEG,0.3382568359375,11.168916702270508,10.491022109985352,256,2.3664612770080566,0.0,1.162315845489502,0.6847158698455976,0.6757881505700207,0.5679458166334826,0.4377370687145943,41.26042556762695,-1.2991262674331665,1.9794514179229736,0.797271728515625,-0.6299701232245489,-1.6825620077260393,-2.0389262698652466,-2.326736610924372,-2.356005890014514,0.4365291770565989,-0.11715806393902169,-1.6074206829071045,0.0,0.0101318359375,256
defactify,0,0,11861,0.9731017498610371,0.9567290085079106,JPEG,0.22442626953125,20.154783248901367,10.497685432434082,256,0.9398994445800781,0.13800843060016632,1.1881414651870728,-0.0011262855787153583,-0.11480768457959728,0.006859775008281089,-0.0022977256191752905,75.8769302368164,1.566441535949707,3.1400327682495117,0.7913360595703125,-1.6108331632395236,-2.4974132064044587,-3.0658673652003685,-3.29266229238081,-3.381847821236131,0.5916722513315724,-0.12848275013859778,-2.535529136657715,0.004430135091145833,0.1403350830078125,256
defactify,1,3,120125,0.994888897038799,0.9965883424425769,JPEG,0.107757568359375,32.361602783203125,7.262283802032471,256,1.8054314851760864,0.1350870281457901,0.9624935984611511,0.518699145119517,0.46528166874969423,0.3972995398899135,0.28218708161835215,16.825069427490234,0.08292856812477112,4.3713860511779785,0.554168701171875,-1.2078907655076794,-1.464976708570676,-2.5250384538913018,-2.7100738809755534,-2.746856742338652,0.6188584502401255,-0.17564659748660216,-1.8250609636306763,0.004831949869791667,0.0285491943359375,256
defactify,1,5,17828,0.9055766576981842,0.9179983641818116,JPEG,0.087432861328125,29.327598571777344,7.268367767333984,256,1.1377191543579102,0.18111823499202728,0.9050316214561462,0.38290451271220666,0.25300040768207127,0.2479435066401174,0.2221289717262888,21.76049041748047,-0.10266736149787903,1.7898447513580322,0.69525146484375,-1.435685064626668,-2.657620866115681,-3.55649210419035,-3.888993015488116,-3.9810039641374253,0.897695305256037,-0.18619375142643282,-2.8120036125183105,0.00021870930989583334,0.1263275146484375,256
defactify,0,0,39056,0.964911339346603,0.9774174342967028,JPEG,0.1372833251953125,56.80083465576172,6.216519832611084,256,1.2123667001724243,0.060530126094818115,0.5980298519134521,0.288666136285661,0.19613720695991974,0.14801294665122863,0.0851836575445358,14.698959350585938,-0.6545672416687012,7.951064109802246,0.4577178955078125,-1.044121164345678,-1.6660043228268444,-1.9872718912189757,-2.2182280638395646,-2.3093722667531944,0.5164351228380069,-0.09260753896654035,-1.1515430212020874,0.0708770751953125,0.247772216796875,256
defactify,1,4,9541,0.9147420664918897,0.918053590407511,JPEG,0.036468505859375,30.37982177734375,7.671696662902832,256,0.8034363985061646,0.21765507757663727,0.6894166469573975,0.18648622307306617,0.17401330310974963,0.07018466946410734,0.005765260545582673,38.9187126159668,0.39410078525543213,4.004532337188721,0.602630615234375,-1.2442642450064376,-1.9016552832620057,-2.4496589786312972,-2.577302476988491,-2.695997914563999,0.5375391029464485,-0.11010133480491871,-1.3211044073104858,0.005411783854166667,0.44744873046875,256
defactify,1,4,13319,0.9753386975612317,0.9615103181939986,JPEG,0.0635223388671875,52.12799835205078,4.976642608642578,256,0.9842875003814697,0.07907400280237198,0.5996333956718445,-0.05258412875024551,-0.024009127146144834,0.03767512226452877,0.036938990046340714,8.179840087890625,0.564314067363739,8.241048812866211,0.4151153564453125,-0.7376950416300545,-1.2196283774342307,-1.5937491092873497,-1.6618311044143956,-1.79476022508672,0.35908145389838086,-0.07251155755437279,-0.5911551117897034,0.0031483968098958335,0.4782257080078125,256
defactify,1,2,55326,0.9863519503543431,0.9887239490231535,JPEG,0.3596954345703125,19.651517868041992,9.28835391998291,256,1.3488496541976929,0.0,1.4247647523880005,-0.012339543516710795,-0.11693369900302969,-0.0250922659598364,0.008216877830537823,23.78630256652832,0.9207754731178284,3.53743839263916,0.72039794921875,-1.4102630908989893,-2.222850782826008,-2.6771779439405607,-2.8679390721379656,-2.9179627918990647,0.45634547996464025,-0.10447061248783644,-2.120793342590332,6.612141927083333e-05,0.05401611328125,256
defactify,1,1,57142,0.9961381500355284,0.9956475537039056,JPEG,0.053924560546875,41.92962646484375,5.911617755889893,256,1.1173697710037231,0.19990968704223633,0.8170836567878723,0.07622752911151098,-0.11075769510288497,-0.005372858403307395,0.005483609522729921,11.287569046020508,0.3069787323474884,7.93870210647583,0.457763671875,-1.1169240916783618,-1.4942501160078834,-1.7441972117218958,-1.8915259578231076,-2.039642041066096,0.3791951628216905,-0.06574104359590831,-0.9244824051856995,0.002960205078125,0.097564697265625,256
defactify,1,1,87499,0.9826977587585815,0.9746838057274309,JPEG,0.031585693359375,61.99028778076172,4.51262903213501,256,0.9601993560791016,0.19766846299171448,0.4519219398498535,0.0950435711870558,0.07054230250741103,0.06382617382132455,0.0287309980147293,7.621654510498047,0.4795381426811218,6.572840690612793,0.3587493896484375,-1.2011961663952642,-2.1263567853321357,-2.5677008729260518,-2.7331903155557793,-2.781410408441663,0.42357720628030116,-0.09500341806203384,-1.1592035293579102,0.022420247395833332,0.269805908203125,256
defactify,1,5,16412,0.9057483278876648,0.9177986684191022,JPEG,0.0282440185546875,23.194496154785156,8.465872764587402,256,0.9634963870048523,0.40231430530548096,1.0418156385421753,0.09845102347525364,-0.0036770162947355055,-0.010693527701366676,0.006118619521083658,19.457441329956055,-0.18633431196212769,1.635724663734436,0.5887298583984375,-1.7124439700282235,-3.057634440578364,-3.71399187270248,-4.067685695682874,-4.100879527435401,0.7050510045829919,-0.1601904826283314,-2.9597580432891846,6.612141927083333e-05,0.072265625,256
defactify,1,1,64724,0.9710808949840926,0.9758600757082666,JPEG,0.0920562744140625,38.55113983154297,7.7314677238464355,256,1.7341389656066895,0.0913383960723877,0.689562201499939,0.8301197290366785,0.8277982610983279,0.7511650589482338,0.6404690740318228,32.16538619995117,-4.114981174468994,3.825997829437256,0.614471435546875,-1.1495580239813235,-2.0974473988451994,-2.720952931638366,-2.9907212675478085,-3.014347497968793,0.4184977687686873,-0.132477937285423,-1.9015414714813232,5.5948893229166664e-05,0.081329345703125,256
defactify,0,0,30964,0.9818459558686486,0.9927945667588287,JPEG,0.037811279296875,60.14670181274414,5.953372001647949,256,1.1829687356948853,0.17015065252780914,0.6061760783195496,0.0016451093778655473,-0.1010842841923704,0.05050729395303758,-2.0702648470604663e-05,18.37692642211914,0.28788501024246216,7.841795444488525,0.42645263671875,-0.9715869334269147,-1.315506527094871,-2.1034944544552436,-2.6072894504485475,-2.738396883545266,0.9272873106542159,-0.20394181105533615,-1.457172155380249,0.005523681640625,0.180877685546875,256
defactify,0,0,29964,0.9765085661378053,0.9896365106020699,JPEG,0.272918701171875,33.04124069213867,9.496487617492676,256,1.3753299713134766,0.06718793511390686,0.9943464994430542,0.334337544483387,0.2983636646601827,0.20768022154160878,0.04852431334980668,23.647693634033203,0.8634085059165955,5.777798175811768,0.6335296630859375,-0.8499498384191844,-1.580143824837732,-1.902931249815322,-2.1595690928183524,-2.1235591465148795,0.3666024608046907,-0.08747612928386858,-1.1545218229293823,0.005869547526041667,0.1137847900390625,256
defactify,1,2,63237,0.9978638637712749,0.9969710199661704,JPEG,0.0224456787109375,49.05251693725586,3.529553174972534,256,1.1986297369003296,0.15470515191555023,0.5562637448310852,0.22967498237375306,-0.09877184524298595,0.011101998189885292,-0.0013463189411025422,5.041436195373535,-0.011252236552536488,4.5697126388549805,0.4133148193359375,-1.1230301448557407,-1.7624053343978208,-2.310692909578335,-2.7210878607061426,-2.8466211854093126,0.8597544430455093,-0.161741580814581,-1.9352617263793945,0.0020650227864583335,0.024566650390625,256
defactify,1,1,101164,0.9351311072288865,0.9176068022401294,JPEG,0.0036773681640625,65.46035766601562,4.004389762878418,256,1.1343485116958618,0.3951019048690796,0.35467904806137085,0.17758735460215885,-0.16162243348753044,-0.013406655743195717,0.0033110587026496828,5.979493141174316,-0.07379045337438583,4.010810375213623,0.3876953125,-1.1457922393869362,-2.028322032769683,-2.8876896134237686,-3.2996992942646086,-3.4017396476341153,0.9274274921861902,-0.20526659505407227,-1.9297997951507568,0.015233357747395834,0.4666595458984375,256
defactify,0,0,20264,0.978956141392095,0.9880978489484123,JPEG,0.1934661865234375,19.406383514404297,9.22506332397461,256,0.8150917887687683,0.1590888351202011,1.0818381309509277,-0.03362417817492483,0.4429089852449002,0.09774231158529474,0.0875777200491044,45.378509521484375,-3.579890489578247,3.650292158126831,0.6818084716796875,-1.2798601083070684,-1.8526819619694228,-2.290358182908112,-2.35337613991471,-2.3635463305917987,0.2945863117317362,-0.07678759295812215,-1.6482198238372803,0.01580810546875,0.0446624755859375,256
defactify,1,2,87945,0.9878360917989856,0.9942943153372058,JPEG,0.4190826416015625,30.963769912719727,7.93002462387085,256,1.1305965185165405,0.0,0.968630313873291,0.21023418805213276,0.06453814494732353,0.05805985196762393,0.06612402931010443,19.351573944091797,-1.2528328895568848,4.726311683654785,0.6654510498046875,-1.2316572558696448,-1.759802738269837,-2.265672331244093,-2.609963591232246,-2.68696878914346,0.6724866245916008,-0.1311171998861615,-1.5042991638183594,5.086263020833333e-06,0.0410308837890625,256
defactify,1,1,21324,0.9977117823003482,0.9952797962223724,JPEG,0.30596923828125,13.117963790893555,20.49648666381836,256,1.90632164478302,0.48914119601249695,2.108302116394043,0.3476369596367437,0.25598487900204214,0.27110660288369115,0.19293890848603565,122.69682312011719,1.6879791021347046,2.757956027984619,0.784698486328125,-0.86107804480267,-1.9299764492497467,-2.3355134607727166,-2.5114538246374734,-2.643411011975717,0.47516622515684936,-0.09892995731979154,-1.2293285131454468,0.0023040771484375,0.0156402587890625,256
defactify,1,2,85153,0.9782438127965964,0.9789989985009668,JPEG,0.1259002685546875,41.01404571533203,7.767054080963135,256,1.2180664539337158,0.07178699225187302,0.8774634003639221,0.22419940779659459,0.17615886642047837,0.059568488008065176,0.02639639010851201,24.334749221801758,0.9614558219909668,3.4988837242126465,0.652740478515625,-1.627494283642612,-2.5377370312719014,-3.1125811497387987,-3.409525107879654,-3.5469016232380586,0.6090144679872909,-0.13720988788033536,-1.8720310926437378,0.000579833984375,0.0671234130859375,256
defactify,1,4,15329,0.9937273265929435,0.9932919161404303,JPEG,0.0513916015625,69.24920654296875,4.917400360107422,256,1.099231243133545,0.07362760603427887,0.5485077500343323,-0.08117630144851773,-0.04267210421108781,-0.01215994522915068,0.010887310499220426,7.619114875793457,0.5346664190292358,11.984230041503906,0.345947265625,-0.9904638584460619,-1.5312575045231949,-1.7178261829851298,-1.7981698959197656,-1.8811988609631873,0.2596292851076756,-0.04931442888326964,-0.6087775230407715,0.0123748779296875,0.214599609375,256
defactify,1,5,19470,0.9601930567454444,0.921183425377792,JPEG,0.0227203369140625,49.31230163574219,4.624304294586182,256,1.0473610162734985,0.2568441331386566,0.534343421459198,0.38672785445654806,0.2339366605378469,0.23063015709141263,0.17193783031049212,15.717557907104492,-0.20528283715248108,2.3316829204559326,0.59454345703125,-1.7207878378260713,-2.7289555298137564,-3.7257512967088475,-4.042987360407879,-4.106856375002729,0.8244890503988254,-0.19995273834209526,-2.445493459701538,0.013392130533854166,0.095489501953125,256
defactify,1,1,41014,0.9866748031677447,0.9907888581349513,JPEG,0.1016693115234375,30.28422737121582,7.928355693817139,256,1.204236388206482,0.10866761207580566,0.8309778571128845,0.04814378149323997,0.11534256403218152,0.07179358111405969,0.05124709945346665,25.997032165527344,0.565967857837677,5.006164073944092,0.52581787109375,-1.1532349624803997,-1.6736156829437112,-2.0331377796659442,-2.1029779850113606,-2.220319278011287,0.38982400790782634,-0.07617692669429625,-1.0872762203216553,0.0112152099609375,0.100341796875,256
defactify,1,3,106882,0.9438425116354708,0.9393056676538802,JPEG,0.0225982666015625,44.697052001953125,6.153502464294434,256,1.2017146348953247,0.2599775195121765,0.6388304233551025,0.11043222273020237,-0.04445253528159695,0.020774176496361086,0.005469160150591573,12.712444305419922,-0.13367770612239838,3.9258944988250732,0.489959716796875,-1.3173299765009814,-2.1216204184193987,-2.7606356731754547,-3.01258364884273,-3.105567250494518,0.7004462127691928,-0.14613967690918983,-1.904529333114624,0.015248616536458334,0.4041290283203125,256
defactify,1,4,12990,0.9868403816279459,0.986857492644956,JPEG,0.01690673828125,63.539939880371094,4.225042343139648,256,0.9881552457809448,0.33121392130851746,0.38242822885513306,0.385842363254569,0.259310925916894,0.06219570017748574,0.005351230946329957,16.408510208129883,0.29239097237586975,7.314497947692871,0.4115142822265625,-1.2890960364045068,-1.6575789330083994,-2.057924549811549,-2.288000761320091,-2.3873997170892904,0.4271263673902821,-0.09990175277999698,-1.2948774099349976,0.0004170735677083333,0.2169342041015625,256
defactify,1,4,14060,0.9920858578770829,0.9896911596497137,JPEG,0.0380401611328125,65.42645263671875,5.865380764007568,256,0.9010560512542725,0.1393788903951645,0.5482945442199707,0.0662405768918109,-0.0007525780592035322,-0.0011478791901037774,-0.021603970653658364,20.869178771972656,0.8529253005981445,8.675734519958496,0.3804473876953125,-1.0751567382866876,-1.7360426578852577,-2.1502429932763087,-2.3552678857868994,-2.41605196489094,0.4354171939619951,-0.0960303700344638,-1.231439232826233,0.00531005859375,0.197265625,256
defactify,0,0,54765,0.9836909493766313,0.9920637618742271,JPEG,0.0583953857421875,50.60969543457031,6.4022955894470215,256,1.4010084867477417,0.07642321288585663,0.6852723360061646,0.22078698766256102,0.20403138610335542,0.21223351930799772,0.20640670080925633,27.10544204711914,0.21728932857513428,7.402288913726807,0.5282745361328125,-1.267271641090911,-1.7744228323603872,-2.07636999222337,-2.616748434457202,-2.7558025596942164,1.063160856990665,-0.15846475438274077,-1.141034483909607,0.029759724934895832,0.1427459716796875,256
defactify,1,4,11398,0.9609345470647112,0.9753361991629972,JPEG,0.016693115234375,43.257835388183594,5.965630531311035,256,0.9676216244697571,0.3544846773147583,0.5322535634040833,0.4644992917471039,0.3102527519012779,0.20666822033236876,0.05320439891446508,24.117504119873047,-0.028069673106074333,5.979014873504639,0.45880126953125,-1.123563265050091,-1.8436087744401242,-2.151442920549375,-2.404340368844177,-2.4542776033133054,0.5855595127568449,-0.11221742100813173,-1.3051328659057617,0.011408487955729166,0.3482513427734375,256
defactify,1,2,88123,0.9490273256617351,0.905194674233116,JPEG,0.2917633056640625,29.939729690551758,8.239941596984863,256,1.349061369895935,0.03561399504542351,0.8881163597106934,0.13754024985651955,0.06002892123881618,0.002618551017001836,-0.010171778431765307,23.289981842041016,0.8763680458068848,2.8712713718414307,0.67352294921875,-1.5460737846461035,-2.593127962239447,-3.201773440886856,-3.5025616609480323,-3.580509937539735,0.6627456385202217,-0.1490211480340771,-2.078397035598755,0.005457560221354167,0.11041259765625,256
defactify,1,1,94588,0.9930010535076149,0.9883330332713298,JPEG,0.1786041259765625,56.633522033691406,5.254880905151367,256,1.1284717321395874,0.022868717089295387,0.6764626502990723,0.21778743172897239,-0.013090628192567797,-0.013411501550549718,0.008665299597839737,7.9488325119018555,0.5491089224815369,7.458451747894287,0.4645843505859375,-1.1267187972922512,-1.846318931828569,-2.2444019721120894,-2.5187277534771617,-2.631827321819138,0.5778606945025295,-0.1090112456603152,-1.379469633102417,0.009211222330729166,0.132659912109375,256
defactify,1,2,67213,0.9685704634825024,0.9779557384303096,JPEG,0.28424072265625,13.094989776611328,12.532252311706543,256,3.1249256134033203,0.2487611621618271,1.2889230251312256,0.8324289126802633,0.7420485724816313,0.6590504562959598,0.48825097884497165,36.90458297729492,-0.2233981043100357,2.068288803100586,0.7836761474609375,-0.5772021488487651,-1.8338835834883547,-1.7739299986695283,-2.144812849234353,-2.214680707446038,0.31316512413896547,-0.050649676806286195,-1.7501205205917358,1.0172526041666666e-05,0.049530029296875,256
defactify,1,2,78095,0.971155802752748,0.9525689581597689,JPEG,0.03369140625,26.21544075012207,5.209334373474121,256,1.398728847503662,0.1905622035264969,0.6697644591331482,0.30022793929795116,0.09331310376611039,0.10284098381024678,0.023938084871006345,12.814864158630371,-0.10356418788433075,2.5209810733795166,0.5426177978515625,-1.2193835387542435,-1.8389473598578858,-2.5079717647685147,-2.8878261038098394,-3.0014120405069837,0.7937082399338804,-0.16648978896904018,-1.5491079092025757,0.0002492268880208333,0.1049652099609375,256
defactify,1,3,132374,0.9886896885162625,0.9913124606642675,JPEG,0.0388336181640625,46.9605712890625,6.487006664276123,256,1.4497827291488647,0.19060681760311127,0.6752804517745972,0.48978470760828974,0.3037346139650299,0.15273829188805174,0.07308120166801436,16.375280380249023,0.7032018303871155,4.854633331298828,0.4748992919921875,-1.2908998016865407,-2.0344124708552407,-2.432673163625358,-2.672109545449972,-2.749035343443076,0.49363804779893616,-0.10041032768214071,-1.642640233039856,0.007893880208333334,0.10186767578125,256
defactify,1,3,121000,0.9910381289634519,0.9779947528254334,JPEG,0.02880859375,43.4952392578125,5.755208969116211,256,1.2613657712936401,0.21096765995025635,0.654947817325592,0.19159565410265178,0.2336122258275272,0.16112136959547574,0.1164700616540574,10.582769393920898,0.0407831035554409,7.228958606719971,0.3524169921875,-1.2256329921567177,-1.627991706853762,-1.939494556841142,-2.1125706601111602,-2.103693497700297,0.26790033470622454,-0.06838906229215336,-1.1530565023422241,0.008356730143229166,0.1714019775390625,256
defactify,1,3,154904,0.9938264001751551,0.9965365313960506,JPEG,0.2706146240234375,47.189208984375,6.784637451171875,256,1.0276422500610352,0.0,0.9464952945709229,0.05352547021698189,-0.04475272821628112,-0.00913716194012011,0.011706754217874649,10.458857536315918,0.3212444484233856,8.502738952636719,0.53424072265625,-1.4697800753021664,-2.053715138861273,-2.535320918830016,-2.7654771643523564,-2.8530605319167828,0.5736994562904938,-0.11611467364168523,-1.8802473545074463,0.011220296223958334,0.104400634765625,256
defactify,0,0,27255,0.9928209602296357,0.9939350163454075,JPEG,0.0997314453125,26.934309005737305,8.903386116027832,256,1.3314452171325684,0.11694994568824768,0.9497665762901306,0.14793678945234814,0.04893203602228685,0.018259429250597682,0.003007914656201818,49.141544342041016,2.3644323348999023,4.78622579574585,0.5562286376953125,-1.1652377044250262,-1.721368553849942,-2.0886496212712595,-2.264062197059574,-2.2839220850220716,0.43877842974320114,-0.0879594534336819,-1.0646708011627197,0.004277547200520833,0.054931640625,256
defactify,1,1,42917,0.969656017158856,0.9704730201832421,JPEG,0.2041015625,20.714374542236328,10.640778541564941,256,1.6272729635238647,0.09562596678733826,1.1052011251449585,0.4628496102331269,0.20809547714061685,0.06580468281655923,0.0015687696678065328,84.6821060180664,1.5076253414154053,2.9910058975219727,0.694427490234375,-1.519075049441308,-2.300612727570819,-2.526961819681115,-2.770744033693508,-2.914053803547949,0.688899710352036,-0.10432302691345917,-2.082885265350342,0.001373291015625,0.0955047607421875,256
defactify,1,3,164598,0.9756978728489977,0.8481877544640104,JPEG,0.233734130859375,37.44858169555664,9.247947692871094,256,0.9520812034606934,0.0,0.9173704385757446,-0.002736987898168097,-0.006917868034377329,0.020373041900033684,0.02474256167856853,27.570798873901367,0.14070317149162292,4.385824680328369,0.5678863525390625,-1.593166948709687,-2.825341254454826,-3.2810699464781115,-3.479192239465867,-3.498826411668168,0.6670805098537667,-0.12136419929541784,-1.8979862928390503,0.031840006510416664,0.170074462890625,256
defactify,1,3,104777,0.8722546154341693,0.9130161500384334,JPEG,0.2542266845703125,26.47835350036621,7.902657508850098,256,1.3942933082580566,0.0,1.0159199237823486,0.10181636301333959,-0.06522088562325597,0.00607826165443688,0.005368306654962987,59.761104583740234,0.5520083904266357,2.0081212520599365,0.6852874755859375,-1.6618749730954008,-3.040355482445343,-3.78602839699659,-3.924444732375252,-4.0000537158446345,0.5693281629175937,-0.141664846161398,-2.704850435256958,0.016103108723958332,0.185638427734375,256
defactify,1,2,115985,0.9639875905956162,0.9665379568204833,JPEG,0.0182647705078125,44.33415222167969,3.9469988346099854,256,1.134743332862854,0.3204428255558014,0.43801596760749817,0.08435757147220807,-0.10548404103025684,-0.0037106961493743613,-0.0026638568438403713,7.728788375854492,-0.17084389925003052,3.317308187484741,0.42559814453125,-1.469219894527912,-2.268796985591176,-2.965279540709621,-3.293659991963012,-3.4181864957859247,0.811712737276669,-0.1676329091082137,-2.1893179416656494,0.0003814697265625,0.141571044921875,256
defactify,1,2,62379,0.9934679732073575,0.9989999234103848,JPEG,0.2457733154296875,13.886799812316895,12.753745079040527,256,1.4067093133926392,0.31744834780693054,1.394378662109375,0.28545997405129464,0.23484283765407507,0.21864502030139,0.04307954818538509,41.13263702392578,-0.7032002210617065,2.0539770126342773,0.748443603515625,-1.0635124511512544,-1.5265219757026411,-1.861179075619523,-2.096528691315493,-2.1699758684767545,0.492923174455111,-0.09376046744124521,-1.3982032537460327,0.0006561279296875,0.006195068359375,256
defactify,1,2,54629,0.9743486804633076,0.9135221129023229,JPEG,0.2597808837890625,17.947195053100586,11.156720161437988,256,2.038647413253784,0.1517975926399231,1.1623350381851196,0.5535767092497206,0.34427556981505447,0.13827267830316556,0.01620456545855752,50.052734375,-1.8876380920410156,1.9629112482070923,0.8070220947265625,-1.8140003592726401,-2.7817499404970487,-3.2426672126778735,-3.3699787747179597,-3.4246613861897997,0.4257767395032914,-0.0948840651393656,-2.3881821632385254,0.0003611246744791667,0.056060791015625,256
defactify,1,2,82200,0.9915797185103274,0.9927063521159594,JPEG,0.0272674560546875,37.97064971923828,5.288908958435059,256,1.1527315378189087,0.2145056426525116,0.6976746916770935,0.1925813687896298,0.10635831634698537,0.06232071892075299,-0.004933911901764225,8.859408378601074,-0.15352831780910492,5.960342884063721,0.3722686767578125,-1.3523655904298257,-1.7013836884451896,-2.0960856527700154,-2.3211245990593117,-2.4199307091044817,0.6606122903859717,-0.1130039762139224,-1.2838287353515625,0.00013224283854166666,0.10247802734375,256
defactify,1,2,85185,0.9546851429809632,0.9117045966495161,JPEG,0.1818084716796875,22.13772201538086,11.520517349243164,256,1.6076838970184326,0.21845857799053192,1.1084104776382446,-0.038027606543452074,0.03686570365290802,0.035698226357806576,0.031122518824623524,41.35456848144531,-0.49456727504730225,2.031266450881958,0.7051849365234375,-1.6433774515112853,-2.440502721036486,-3.04772895514596,-3.326903006180909,-3.486991762235003,0.6870662115237778,-0.15283906909822206,-2.234079360961914,0.0006612141927083334,0.064727783203125,256
defactify,1,2,100248,0.9820131364907756,0.9700453019403318,JPEG,0.11053466796875,22.39904022216797,5.750689506530762,256,1.249199628829956,0.0,0.9575746655464172,-0.04978795751159361,-0.10568540652390035,-0.004877437490728315,0.017192921931080542,13.535345077514648,-0.3915802538394928,3.1717278957366943,0.48614501953125,-0.8045659130699185,-1.1690336139902886,-1.7019397050078071,-1.9691898516672142,-2.0884724973386612,0.6708219229286465,-0.13684294394074842,-1.3481483459472656,0.0002543131510416667,0.06219482421875,256
defactify,0,0,16622,0.9644418411189536,0.9642667009274299,JPEG,0.15496826171875,23.23151206970215,7.387990474700928,256,0.9102497696876526,0.13889025151729584,0.8793920874595642,0.2887322544319524,0.005061139620815751,0.035166583395722775,0.0028654689981386173,32.245872497558594,1.529165506362915,3.5679268836975098,0.596099853515625,-1.1836071481148336,-1.6772358322089733,-2.1215430555519363,-2.3932468393873565,-2.426183307783374,0.5619662738852691,-0.111660522848932,-1.194879174232483,0.0561981201171875,0.1019287109375,256
defactify,1,5,20583,0.8732037483665156,0.8808174661192781,JPEG,0.0140533447265625,36.30228042602539,4.848438262939453,256,1.1200469732284546,0.2960209250450134,0.5420498251914978,0.20579084245438645,-0.04419632617586536,-0.024127383514452743,-0.019428577197026,13.907735824584961,-0.1145993247628212,1.825945258140564,0.5962371826171875,-1.3451515751175318,-2.4807497425216267,-3.252046769390728,-3.5684070312109437,-3.6314043815231063,0.7864433054735427,-0.17362579157636654,-2.469024419784546,6.612141927083333e-05,0.245697021484375,256
defactify,1,3,80178,0.9214108865912733,0.9399603721516497,JPEG,0.1494598388671875,10.89155387878418,8.053476333618164,256,2.5105485916137695,0.2397952675819397,0.9392729997634888,0.5309242454754906,0.23737314917760133,-0.07065085392633895,-0.058986721478227574,63.88500213623047,-1.347928762435913,1.4225629568099976,0.718597412109375,-1.3999543639214744,-2.0284161431092818,-2.704377258478745,-2.957275211077525,-3.056513950489864,0.7847320851463304,-0.1598701479813924,-2.771542549133301,0.0185699462890625,0.05615234375,256
defactify,1,4,13149,0.9405046095087666,0.9769774287383967,JPEG,0.0282440185546875,58.075653076171875,6.010611534118652,256,1.018426537513733,0.1428380310535431,0.6306403875350952,-0.03723029081211763,-0.18239439591050804,0.023009057266819698,-0.006262153392673113,18.19883918762207,0.2139275074005127,6.132167816162109,0.485137939453125,-1.029713549324443,-1.6532596725135917,-2.1347953538038347,-2.4426510850079133,-2.515649136575636,0.6797346309042824,-0.12575594782160587,-1.3469828367233276,0.037282307942708336,0.2963409423828125,256
defactify,1,4,12438,0.9887676149738973,0.9813283480132599,JPEG,0.0845184326171875,44.964385986328125,5.999416351318359,256,0.9917183518409729,0.049233462661504745,0.578360915184021,-0.0016836519232694682,0.061747185838029704,0.04840061215493557,0.04689553458341438,15.701616287231445,-0.4210010766983032,6.370532035827637,0.4150543212890625,-1.338529439496014,-1.8040326124061234,-2.094863996554186,-2.243672570099654,-2.3227573219018485,0.38378073007971647,-0.08090601207804263,-0.9267008304595947,0.0001068115234375,0.1304779052734375,256
defactify,1,1,52542,0.95798084971313,0.9643398596408012,JPEG,0.0469818115234375,20.90230369567871,7.420848846435547,256,3.2317922115325928,0.38726845383644104,0.8827714323997498,0.7506285580867402,0.5541162344512672,0.3241247987059632,0.22769373565776266,31.57061767578125,0.4786188304424286,2.486819267272949,0.5829010009765625,-0.8791768770506136,-1.5213107207006322,-1.9703617988069757,-2.013614692561461,-2.0494267768990237,0.23125103006390457,-0.07602289851786027,-0.6549216508865356,0.007588704427083333,0.0537109375,256
defactify,1,4,12718,0.9801886947818733,0.9859600462925282,JPEG,0.038421630859375,51.940673828125,5.955287456512451,256,0.9826412200927734,0.13403628766536713,0.6838660836219788,0.103450234133194,0.14209178668018677,0.08695784960403584,0.025125284343489974,10.940727233886719,0.805949330329895,8.92794418334961,0.442535400390625,-0.9636094115724632,-1.4439100558356532,-1.813117176281331,-2.0259996439647763,-2.1206146024407495,0.48584169895246365,-0.09430583182324466,-0.8778035640716553,0.018076578776041668,0.257965087890625,256
defactify,1,2,92178,0.9757870778562784,0.9779838150413047,JPEG,0.097686767578125,24.492177963256836,9.73485279083252,256,1.6470524072647095,0.16275300085544586,1.0391976833343506,0.36737094404366966,0.12062634921783359,0.04758691929953157,0.009450283622141491,27.070240020751953,0.006736308801919222,2.630328416824341,0.5567779541015625,-1.314049867036048,-2.0492958240281887,-2.6339181130754232,-2.933632002018185,-3.057399079510165,0.6694907960613206,-0.14001037708997,-2.1549365520477295,0.0,0.0358734130859375,256
defactify,1,2,148440,0.9436208945345539,0.9744427272502829,JPEG,0.0192718505859375,53.04513168334961,5.151081562042236,256,1.1077510118484497,0.4278583228588104,0.4902907609939575,0.05492836224323694,-0.06489831036393558,0.04133900396942418,-0.00863442863501546,7.427878379821777,-0.4112515449523926,4.97189998626709,0.3567657470703125,-1.3466397167775117,-2.0643338781412384,-2.6256409424916622,-2.860223339048784,-2.973068198982805,0.6489362136746637,-0.13042591580706187,-1.559608817100525,0.007731119791666667,0.1759796142578125,256
defactify,1,1,88545,0.971015982109129,0.9716740677272477,JPEG,0.0203704833984375,49.89188003540039,5.630666255950928,256,1.1406794786453247,0.24891865253448486,0.5450474619865417,-0.0027354316783204827,-0.0064246257508265995,-0.006110085006876665,-0.009629520896411243,10.594719886779785,0.21894356608390808,6.172123908996582,0.3576202392578125,-1.5019050050305998,-2.337882777592501,-2.6242523252938392,-2.7721975684385756,-2.884943950178724,0.39568535744344047,-0.07748851155055567,-1.5232523679733276,0.0282745361328125,0.395721435546875,256
defactify,1,3,249614,0.98675301624009,0.994376324291404,JPEG,0.0157318115234375,70.18512725830078,5.205440044403076,256,1.0047013759613037,0.19560542702674866,0.5665702819824219,-0.1977274809433973,-0.038783682195362955,-0.028448333494083256,-0.0009102938147179319,4.2591705322265625,0.7096554040908813,12.460753440856934,0.233184814453125,-0.4212618238816228,-0.633376901050462,-0.9073802236190227,-1.0146184873358148,-1.0256584021377702,0.21438560031746157,-0.05605987027864409,-0.4424375891685486,0.0548248291015625,0.209808349609375,256
defactify,1,5,15398,0.9046304407027659,0.9242494638446955,JPEG,0.1025390625,22.163192749023438,7.209425926208496,256,0.9865696430206299,0.1713181734085083,0.9134674072265625,0.3189930475642534,0.13205848721626942,0.02308336865719654,0.07275751412073055,35.70541000366211,0.8451165556907654,1.49716317653656,0.727020263671875,-1.4758259941587841,-2.6704992779224908,-3.4382664782707693,-3.7626363206222777,-3.8025586988983875,0.6034533892507019,-0.160073740107189,-2.6241567134857178,0.0008697509765625,0.098663330078125,256
defactify,1,2,78254,0.9912009197579689,0.9907200018127447,JPEG,0.11614990234375,46.18750762939453,6.486902713775635,256,1.1033518314361572,0.0,0.7145845293998718,-0.09546207863908872,-0.18725712089753768,0.039984270211111,0.0002654002399553939,32.56015396118164,0.46793222427368164,5.23342752456665,0.587249755859375,-1.1731853336896778,-1.7303467467635265,-2.282793219285158,-2.5510605205603065,-2.6592746842259762,0.70546364355884,-0.13866364069369483,-1.3600037097930908,0.0017649332682291667,0.1017303466796875,256
defactify,1,1,59176,0.938762637897759,0.9545258036766058,JPEG,0.01934814453125,32.04167175292969,4.461082935333252,256,1.360635757446289,0.22946582734584808,0.7206435799598694,0.2863692875424989,-0.0762319070732414,0.01748489881080033,0.0018642205483414148,8.86934757232666,0.5014657974243164,3.024024724960327,0.42913818359375,-0.861503764579898,-1.6020339997716873,-2.44520900121477,-2.8144971302821666,-2.9382898855246005,0.8917233390764769,-0.19446242429880625,-2.202610969543457,0.0256195068359375,0.1622161865234375,256
defactify,1,4,14436,0.9654400516003421,0.9662935155633505,JPEG,0.0100860595703125,64.68154907226562,4.527164459228516,256,0.9794689416885376,0.19579103589057922,0.40196651220321655,0.11739559425718313,-0.04345103548747277,0.009808470344985797,0.017579827474423878,12.861384391784668,-0.2652391791343689,5.715243339538574,0.434814453125,-1.446892018155732,-2.1231687129418733,-2.667447915203553,-2.8701951924378193,-2.9773179485564505,0.5589316223435112,-0.11949007398616643,-1.4397066831588745,0.0019022623697916667,0.440887451171875,256
defactify,1,2,70309,0.9959770924720343,0.9932263057034076,JPEG,0.3164825439453125,28.9731388092041,6.5255656242370605,256,1.4462391138076782,0.0,1.1111115217208862,0.5708057588673126,0.26488875361257525,0.0802413104569175,-0.018190775060878996,12.610715866088867,-0.09827694296836853,5.480771541595459,0.649627685546875,-0.9437135006505013,-0.7684315579333214,-1.3444253426657626,-1.7907129925716934,-1.9102452037448465,1.09928720631717,-0.18895523415071547,-0.8480808138847351,0.0010121663411458333,0.0465850830078125,256
defactify,1,5,20648,0.9039100636170306,0.889446994370472,JPEG,0.04931640625,28.591312408447266,5.281590461730957,256,1.015961766242981,0.26702484488487244,0.6600621938705444,0.31128857772714097,0.07933140574885186,0.06337606770904411,0.023656813897856135,12.98330020904541,0.09168596565723419,2.0243146419525146,0.5816192626953125,-1.138751188878003,-2.248288672315957,-3.0034277475884537,-3.326836408478818,-3.418089631220761,0.7005251741014975,-0.16970000314013545,-2.2265782356262207,0.0010732014973958333,0.181121826171875,256
defactify,1,4,10310,0.9753669656412971,0.9659533673734323,JPEG,0.0224761962890625,45.61857223510742,7.126644611358643,256,0.8825860023498535,0.1256064772605896,0.6530944108963013,-0.1793955535244694,-0.06622751264002458,-0.00660787516726427,0.01656982767958798,22.28693962097168,0.39331337809562683,4.784449577331543,0.528961181640625,-1.3597882133276729,-2.0972259228014893,-2.5603321564524792,-2.7543494723519792,-2.800843576126139,0.45783274710845934,-0.09869339729904227,-1.406752347946167,0.0014394124348958333,0.1955413818359375,256
defactify,1,2,84744,0.9145259882975918,0.9387765313630895,JPEG,0.2544403076171875,25.73079490661621,7.005616188049316,256,1.4214874505996704,0.0,1.0438288450241089,0.2550762755591261,-0.06837077297410911,0.02694279683552863,0.002108494005494116,12.579930305480957,0.30104079842567444,2.5400402545928955,0.59124755859375,-1.3497263730987301,-2.5410855592247916,-3.4206363106664934,-3.7410044256386286,-3.7825937797738183,0.7759551070157711,-0.18548453197351808,-2.692950487136841,0.009557088216145834,0.1608123779296875,256
defactify,1,5,20997,0.8879720018118885,0.8863297224340276,JPEG,0.0420989990234375,39.03992462158203,4.450441837310791,256,1.0524942874908447,0.17247091233730316,0.5250743627548218,0.3363082145835362,0.18109726678367508,0.15411719681189218,0.12069516103940077,9.810001373291016,0.017198244109749794,2.200242042541504,0.570068359375,-1.4289363392138208,-2.5550203354173435,-3.4513662774118075,-3.790824111418754,-3.8952911691553656,0.8017012059698834,-0.19325870012999266,-2.471454381942749,0.004425048828125,0.1816253662109375,256
defactify,1,2,88811,0.9695174156596361,0.9648651319476095,JPEG,0.0814971923828125,35.236656188964844,5.501467227935791,256,1.3968576192855835,0.13928306102752686,0.6501580476760864,0.40588343500163254,0.26394718416509205,0.2798085613172249,0.18947395710079692,16.839588165283203,0.008284030482172966,3.269716262817383,0.54083251953125,-1.3204025972600473,-2.2443226712663966,-2.968390039251098,-3.1780142826082516,-3.20735967819639,0.6738878832164614,-0.14646641303943195,-1.9920915365219116,2.5431315104166668e-05,0.085174560546875,256
defactify,1,3,146654,0.9795778165021417,0.938969258180384,JPEG,0.113189697265625,37.11402130126953,8.686119079589844,256,1.5010327100753784,0.12723597884178162,0.9746611714363098,0.16515545699272702,0.08478372460221337,0.2008867359342551,0.06542377079507454,11.262176513671875,-0.0157452579587698,4.089973449707031,0.50048828125,-1.2237388348556815,-1.9278206183089521,-2.6556766199428985,-3.0060912644057325,-3.072704571971186,0.7412309951819225,-0.1658284683694289,-1.7297507524490356,0.016626993815104168,0.126617431640625,256
defactify,1,2,99158,0.9925585330349586,0.9921649282370741,JPEG,0.0547943115234375,45.60868835449219,5.154812335968018,256,1.1422882080078125,0.09386100620031357,0.691897451877594,0.16429912773812808,6.985442395733968e-05,0.050887443759321506,0.02653591967643662,9.723657608032227,0.1711299568414688,5.158807754516602,0.4181060791015625,-1.241415186872989,-2.021294820772006,-2.420382207239985,-2.706660618608497,-2.8248794548069585,0.6936242914330242,-0.13022896208016876,-1.536683201789856,0.0006052652994791666,0.061767578125,256
defactify,1,4,14508,0.9941317517288923,0.9901557212848232,JPEG,0.013336181640625,65.8138427734375,5.302537441253662,256,0.9478548169136047,0.45283421874046326,0.47486820816993713,0.27502141395590635,0.3766022218688531,0.34503952001417376,0.30351070831473625,5.353536605834961,-0.33698877692222595,10.273061752319336,0.2894287109375,-1.0137117962968487,-1.5151189505223668,-1.8038200572226408,-2.2007202781955755,-2.2239721962249837,0.24685343435489493,-0.08279679166953754,-0.48505163192749023,0.004725138346354167,0.1714935302734375,256
defactify,0,0,32885,0.977262996166768,0.9870253795666314,JPEG,0.1530609130859375,55.3973388671875,5.710505485534668,256,1.2022359371185303,0.0,0.6950507760047913,0.2715095487949844,0.16928340581150958,0.18523597647076812,0.15662134778514167,15.799825668334961,0.3575190305709839,7.634408950805664,0.4349212646484375,-1.0637792910826462,-1.8110120523646591,-2.228196937723454,-2.4265125394344063,-2.5364305917236285,0.560954470123014,-0.10312613825145979,-1.5731568336486816,0.006525675455729167,0.19293212890625,256
defactify,1,1,71828,0.9907716842616633,0.9975015854283816,JPEG,0.0427398681640625,41.88250732421875,6.026294231414795,256,0.9867119789123535,0.33707696199417114,0.6695964336395264,-0.14049303476088412,0.1534056320511886,0.03509931845269424,0.006635766531910706,10.111845970153809,0.038355130702257156,9.309622764587402,0.3674163818359375,-0.7475180792027851,-1.3266460353782605,-1.4411607377380866,-1.476657940772303,-1.4254985935838684,0.10321766143556665,-0.019274189087995434,-0.7458977699279785,0.004903157552083333,0.1333770751953125,256
defactify,1,5,17414,0.8900039289523985,0.8856539231029322,JPEG,0.0598907470703125,31.84958267211914,6.121514320373535,256,0.9994800686836243,0.1933511644601822,0.730858564376831,0.5613167879967264,0.4094022408579353,0.29970211843510614,0.21080256481638968,18.975494384765625,-0.047439802438020706,1.9553254842758179,0.64361572265625,-1.2991749034852216,-2.42115200271423,-3.3531777178036686,-3.720542350370355,-3.8229743240042238,0.8058031744055869,-0.19361032377983675,-2.32759428024292,0.0006154378255208334,0.197357177734375,256
defactify,1,2,131008,0.9812324970657723,0.9836440995227886,JPEG,0.0064849853515625,42.68421173095703,5.46328592300415,256,1.3773843050003052,0.3262471556663513,0.5288690328598022,0.3018425915568211,-0.015232270995520353,0.1280553065509948,0.07182534295875789,13.531534194946289,0.2417619526386261,4.02217960357666,0.3654022216796875,-1.1238037825055054,-2.029484683207934,-2.8102480244052703,-3.185449611991417,-3.3005468946661614,0.9472589621247751,-0.19496720391477074,-2.0267255306243896,0.0017038981119791667,0.0682220458984375,256
defactify,1,1,87693,0.974891461950624,0.9846875518647691,JPEG,0.0091705322265625,58.80072021484375,4.88701868057251,256,1.1610740423202515,0.18670815229415894,0.5667011141777039,0.12834188613871153,-0.20111131941894067,0.05999122326635271,0.02198653744161317,6.53609561920166,0.23200514912605286,5.406036853790283,0.3441925048828125,-1.2815911305553538,-1.9030186368755277,-2.481837951880358,-2.8955245050070832,-3.004537880517998,0.8924017095666716,-0.17075999152528695,-1.7814747095108032,0.010599772135416666,0.2588043212890625,256
defactify,1,2,109655,0.9769575691964694,0.9544815192578172,JPEG,0.0279083251953125,33.88079071044922,5.575766086578369,256,1.3270211219787598,0.29644373059272766,0.6017714738845825,0.3012884320815072,0.12963343189180662,0.11955391236702395,0.04513841213147938,16.706459045410156,-0.0994422510266304,3.4760515689849854,0.458740234375,-1.2764199865326473,-2.020525231304643,-2.6794385996010286,-2.9050083484484492,-2.957984629586152,0.5678555265187404,-0.1376834182157778,-1.8752644062042236,0.0002695719401041667,0.1142425537109375,256
defactify,0,0,17782,0.9669568113080014,0.965341722551784,JPEG,0.10296630859375,24.963701248168945,8.863593101501465,256,1.4553580284118652,0.19877295196056366,0.9660475850105286,0.05041107679301892,-0.06322858316609749,0.040757587223094964,0.0382881207754306,64.25211334228516,1.3394736051559448,1.9762091636657715,0.6852874755859375,-1.3664259707544595,-2.205207830430802,-2.9397544467289345,-3.1856794205571646,-3.3242692090293167,0.725271797198209,-0.15947420658788627,-2.5465445518493652,0.0331573486328125,0.069610595703125,256
defactify,1,5,22354,0.8878322595648077,0.8434439659350915,JPEG,0.01861572265625,36.62800979614258,4.790657043457031,256,0.9846169948577881,0.20267462730407715,0.6333522796630859,0.4889688177578673,0.26598871186829715,0.13809951483850388,0.06379809579332532,15.254072189331055,-0.1450745165348053,1.8677129745483398,0.6005401611328125,-1.466962656671142,-2.7478594262461815,-3.5067386958476723,-3.7975570230570828,-3.8478233725970528,0.6921550660641111,-0.15793318090413644,-2.3280863761901855,0.0086212158203125,0.22509765625,256
defactify,1,4,13173,0.99461889406462,0.9916788991999473,JPEG,0.0153350830078125,68.69364929199219,4.717386245727539,256,1.0547693967819214,0.23700416088104248,0.5959820747375488,-0.12493032186366282,-0.22286039924326095,0.09310270424416323,0.004294540233740167,10.5533447265625,0.5517237782478333,9.469048500061035,0.3703460693359375,-0.9668686491190686,-0.8447163895446312,-1.781595092951628,-2.088287593953946,-2.2753521599814652,0.7366451610382869,-0.2036727536977835,-0.913506031036377,0.013737996419270834,0.1438446044921875,256
defactify,1,4,14265,0.9651672187819426,0.9775547351208235,JPEG,0.0113372802734375,62.185665130615234,5.766332149505615,256,0.976860523223877,0.2572895288467407,0.44189152121543884,0.2521588560809776,0.11480108403300913,0.047414792232888914,-0.027013577231080145,16.545333862304688,0.6612199544906616,6.4723310470581055,0.4009246826171875,-1.2878706431259088,-2.1006110925320254,-2.5547859418664,-2.688258733150227,-2.778054544868369,0.49846659490873346,-0.10054061619021866,-1.335862398147583,0.0078582763671875,0.335906982421875,256
defactify,1,5,21930,0.9196646004857224,0.8648791971525767,JPEG,0.0577392578125,44.66564178466797,4.591874122619629,256,1.0775948762893677,0.10989730060100555,0.6059128046035767,0.2975450148378378,0.02943018143671208,-0.013748462328923758,-0.013176357121685536,9.109542846679688,0.42771291732788086,2.8472492694854736,0.5294342041015625,-1.184974256540543,-2.4509688390744273,-3.2497366403066055,-3.6373554822343817,-3.6668252189949806,0.6982588083806132,-0.17463270616325738,-2.1045989990234375,0.010589599609375,0.306671142578125,256
defactify,0,0,27122,0.984064690145206,0.9759190620802594,JPEG,0.01141357421875,34.234622955322266,7.053980350494385,256,1.509172797203064,0.3701430559158325,0.8143923282623291,0.2169522782358666,0.01589676194368084,0.036568193432835495,0.009689808900315863,32.056976318359375,-0.8514042496681213,5.224144458770752,0.3798675537109375,-1.3314813901259468,-1.9567328934231902,-2.4442145620562368,-2.7185353509240153,-2.8333818158753195,0.7103717096133009,-0.13555087552808182,-1.7377151250839233,0.0031483968098958335,0.16839599609375,256
defactify,1,2,81303,0.9275292978476591,0.9645800486584576,JPEG,0.2688446044921875,28.741214752197266,8.946917533874512,256,1.2622466087341309,0.0,0.9831791520118713,0.1595818464060215,0.08747983054239385,0.1337965375408248,0.10266142329911514,34.5177001953125,-1.3272744417190552,3.8685953617095947,0.7022705078125,-1.6190405768035374,-2.2712756855458807,-2.9024655151788874,-3.108195535379606,-3.2128667784567044,0.6177802351688335,-0.13500982693583327,-1.8610063791275024,0.0030619303385416665,0.1791839599609375,256
defactify,0,0,40552,0.9871619421062546,0.9918696610320312,JPEG,0.022186279296875,49.0029182434082,5.003236770629883,256,1.1354246139526367,0.1471695899963379,0.6805569529533386,0.013436633418999165,0.020782518642569664,-0.011016884808363504,0.006328428985134603,9.243952751159668,0.44618162512779236,10.775884628295898,0.353302001953125,-1.3452136408443467,-1.4248635596257255,-1.4297133229240977,-1.5500851619278384,-1.6244646867267516,0.1980769054325675,-0.024939418880447258,-0.6865588426589966,0.012110392252604166,0.342193603515625,256
defactify,0,0,26171,0.9999999999999998,0.9999999999999998,JPEG,0.1500396728515625,42.01266098022461,11.335336685180664,256,1.2216627597808838,0.17663636803627014,1.070409893989563,0.3816854293703143,0.2863603137289416,0.2646926856085977,0.22693117869622276,57.07854080200195,-2.2059099674224854,4.742445945739746,0.602874755859375,-0.888367711482279,-1.948102487882136,-2.4559118495359327,-2.702941226694632,-2.945963013916125,0.7377128668977022,-0.12926964589938317,-2.1229805946350098,0.0047607421875,0.0022735595703125,256
defactify,1,1,69223,0.9848501187911191,0.9880789383767247,JPEG,0.0803375244140625,37.66897201538086,6.3697428703308105,256,1.4144694805145264,0.10336333513259888,0.7419266700744629,0.35201686548997835,0.19300963791479903,0.016757301948676244,-0.03207621570749315,10.870051383972168,0.23994527757167816,5.3448052406311035,0.4938507080078125,-1.3405579331102366,-2.005343585847913,-2.3025825710984957,-2.389730678132806,-2.3995119244865846,0.2502550486560695,-0.05433329132187141,-1.1857614517211914,0.0062713623046875,0.141204833984375,256
defactify,1,3,79101,0.9916521115702508,0.9887013096055014,JPEG,0.1131744384765625,35.932708740234375,3.841923475265503,256,1.2654929161071777,0.05723567679524422,0.4613907039165497,0.4144599963474621,0.3807843267656826,0.1942757602295837,0.0811420995489208,4.309999465942383,-0.3366921842098236,6.285191059112549,0.339996337890625,-0.5472160365741345,-0.8973913574442509,-1.1898790141478646,-1.547579394979989,-1.6998389425544973,0.6714566987783401,-0.11221790509271172,-0.5980136394500732,0.0005849202473958334,0.0539398193359375,256
defactify,1,1,35410,0.973370420346266,0.9870064148976327,JPEG,0.1621551513671875,14.58017635345459,9.540940284729004,256,1.3280513286590576,0.34567999839782715,1.1365686655044556,-0.2094170543825694,-0.04579920539046216,-0.043357281217072496,0.01091162982911561,85.63201904296875,2.0214145183563232,2.9455246925354004,0.7236785888671875,-1.2617293936158278,-1.8775736177245905,-2.298776033786176,-2.4629426556358007,-2.541025755978758,0.39055953602384985,-0.08806367687692089,-1.8406280279159546,0.0787200927734375,0.0622406005859375,256
defactify,1,4,10015,0.9821989935840373,0.9850340632855283,JPEG,0.5383148193359375,45.666900634765625,9.299534797668457,256,1.1666483879089355,0.0,1.086327075958252,-0.0053481452044511855,-0.015226514251766438,-0.03259003411865499,-0.03390224954146678,16.361858367919922,-0.6418394446372986,8.976491928100586,0.6519317626953125,-1.2224148432011317,-1.783499304230335,-2.0981384768052456,-2.2687071640901717,-2.4238339585478164,0.4346126015843659,-0.08451638794859556,-1.153740644454956,0.017710367838541668,0.2098541259765625,256
defactify,1,3,79269,0.9260180329919147,0.9448955226323963,JPEG,0.0445709228515625,26.125328063964844,4.998692989349365,256,1.812048077583313,0.22045882046222687,0.6783009767532349,0.36797467543712065,0.14814255652768205,0.14611527659511006,0.07847233202212954,21.51015853881836,0.12216776609420776,2.26733660697937,0.6511688232421875,-1.359566103121165,-2.2173709185303094,-2.5646172232446673,-2.797487819135114,-2.9698906312305358,0.6033355717812396,-0.10350155121054205,-1.9985394477844238,3.0517578125e-05,0.0932464599609375,256
defactify,1,2,38532,0.912820830608252,0.8073771641329327,JPEG,0.2700042724609375,15.076543807983398,8.027410507202148,256,1.4585907459259033,0.0,0.9970988631248474,0.18949114776329629,-0.005451719922092233,-0.005769344131134596,0.028341380865815696,28.86029052734375,0.9499844908714294,1.745124340057373,0.6947479248046875,-1.209525560544682,-1.9757520785140796,-2.5792666042093213,-2.866653285827514,-2.9161413078287026,0.6345758875249725,-0.1433948791732755,-2.1378514766693115,0.004231770833333333,0.1269683837890625,256
defactify,1,3,134843,0.9842230150643536,0.9861359947877415,JPEG,0.065521240234375,54.13528823852539,4.937833309173584,256,1.1992579698562622,0.061370622366666794,0.5747115612030029,0.3484479675459241,0.3167668759220557,0.30822756260005346,0.2216061304749367,9.957895278930664,0.5583981871604919,6.305271625518799,0.404327392578125,-1.087564541850342,-1.830697349561933,-2.520063894896829,-2.593781747836153,-2.763685240756761,0.5170171136966131,-0.12258186324608265,-1.5666015148162842,0.013010660807291666,0.169097900390625,256
defactify,1,2,63234,0.9295890926892734,0.9538542235553275,JPEG,0.098419189453125,14.71940803527832,5.842349529266357,256,1.5890439748764038,0.3141370117664337,0.9139091372489929,0.24608589490122879,-0.09684488876845794,0.03421177630711572,-0.004754741759570159,22.7626895904541,-0.5132213234901428,1.498403787612915,0.652557373046875,-1.611538895758013,-2.418231562848142,-3.090544360073059,-3.3497027552575576,-3.4903650584976376,0.7989811587431213,-0.16023727670438648,-2.1869797706604004,0.0005340576171875,0.0377655029296875,256
defactify,1,2,64437,0.9845145193390513,0.9854027987946445,JPEG,0.1708984375,32.36357879638672,7.28286600112915,256,1.2667057514190674,0.03797939792275429,0.7752779126167297,0.20507173144223037,0.07819719831296998,0.00029112059145336964,0.0481952970367975,24.838438034057617,-0.18218307197093964,3.073796033859253,0.6738128662109375,-0.7214022429806386,-1.8311057527670256,-2.431543355331935,-2.5438816207884436,-2.6562744472817945,0.39591119552783294,-0.10614971351406058,-1.551753282546997,0.0012308756510416667,0.0451507568359375,256
defactify,1,3,63678,0.9148303663395371,0.9213790973802083,JPEG,0.2705078125,9.203892707824707,8.623183250427246,256,1.8834985494613647,0.0,1.806082844734192,0.0560663035548547,0.04566626437769379,0.04610652268519243,0.028834313100405455,72.89501953125,1.5205885171890259,1.0250020027160645,0.7917022705078125,-1.4216538137685468,-2.2384666308492154,-2.973017997368758,-3.178716196326406,-3.2696799699039327,0.6293356544426163,-0.14949024087096355,-2.824390172958374,0.0694122314453125,0.025543212890625,256
defactify,1,4,9317,0.9737659876397766,0.967484731894818,JPEG,0.0529327392578125,33.12599563598633,8.6687593460083,256,1.0243737697601318,0.21676701307296753,0.7546259760856628,-0.02603507396933049,0.016549103705585964,0.04976305188296249,0.014560934045048926,49.067203521728516,0.13105054199695587,4.042851448059082,0.5695037841796875,-1.4993382481333226,-2.179205586505317,-2.5730802877294447,-2.7563673427780104,-2.7956254389247706,0.42089385134872614,-0.09356844082599712,-1.5231294631958008,0.001678466796875,0.2130126953125,256
defactify,1,4,15097,0.9871687382294903,0.9901459172674462,JPEG,0.0253448486328125,62.61603546142578,4.862610816955566,256,0.9920430183410645,0.09773310273885727,0.5330573916435242,0.07719774201612868,-0.023088682256786505,0.04049204696675497,-0.011119320583294423,7.73404598236084,0.45544901490211487,9.516280174255371,0.3600006103515625,-1.1142127312397614,-1.6082638533188502,-1.9518392351024954,-2.1154439888621734,-2.17706622264635,0.4358930767237297,-0.08322300615110285,-0.8832530975341797,0.004974365234375,0.2759246826171875,256
defactify,1,1,66375,0.9794028467595529,0.9765169232966004,JPEG,0.1368865966796875,31.930545806884766,7.801708221435547,256,1.3190288543701172,0.06051185727119446,0.7665228247642517,0.09489305270568342,0.2671649034582087,0.08040415632415666,-0.020435132031239787,11.370055198669434,-0.5691474676132202,4.801751136779785,0.5167388916015625,-1.1561498411851288,-1.9778341032005917,-2.3736987088678383,-2.387734742715651,-2.4282660374145273,0.36960524458843924,-0.06433029182533649,-1.1258240938186646,0.00567626953125,0.1428375244140625,256
defactify,1,5,17669,0.9162759331833048,0.8581243105916064,JPEG,0.08355712890625,34.94844436645508,5.962447643280029,256,1.001868486404419,0.09115156531333923,0.7260303497314453,0.35115062367397487,0.15567562983130115,0.06684808570715531,0.049606417896610314,18.222286224365234,0.390364408493042,1.969233512878418,0.6356048583984375,-1.484993465503928,-2.876948797799616,-3.5401358158272593,-3.8280789015485333,-3.8889509899156227,0.6380107029543884,-0.14794646503583267,-2.6537818908691406,0.0006917317708333334,0.2100067138671875,256
defactify,1,1,55739,0.9584687939031062,0.9818078611104769,JPEG,0.046600341796875,45.98295974731445,5.329573631286621,256,1.2200119495391846,0.07485027611255646,0.7767892479896545,0.08771947549208622,0.0024946181508246875,0.03627057548674334,0.01505495564878365,15.418268203735352,-0.17233243584632874,5.40365743637085,0.479888916015625,-0.8659352041655364,-1.704194920236116,-1.998194342533071,-2.123671854298138,-2.1404890906405187,0.28901466956586663,-0.06705567281208505,-0.8005049824714661,0.010935465494791666,0.1712188720703125,256
defactify,1,3,125113,0.9852750223099539,0.9825742733396712,JPEG,0.09185791015625,52.9820556640625,5.646468162536621,256,1.1496455669403076,0.06427165865898132,0.7119706273078918,0.20628863734174835,0.12754559884272063,0.08422166204216981,0.06380439704164638,11.763477325439453,0.6475309133529663,8.221113204956055,0.4275665283203125,-1.17001220663965,-1.7685040352246748,-2.1806061415348905,-2.3391355062841273,-2.383105014194178,0.413014643291147,-0.09185199966619005,-1.0151818990707397,0.0274658203125,0.2541351318359375,256
defactify,1,3,67397,0.9347601676130601,0.9465462993491153,JPEG,0.1951141357421875,14.170648574829102,7.686417102813721,256,1.7837001085281372,0.09858021140098572,1.202854871749878,0.194692450890908,-0.013918331046713472,0.08129056826555045,0.024471977300969432,31.503517150878906,0.303816556930542,1.816895604133606,0.656005859375,-1.4681956579168123,-2.029995404423193,-2.785167531005186,-3.1496696754234352,-3.187444238908093,0.7309107118059326,-0.17787297539326724,-2.4264237880706787,0.0027618408203125,0.0821075439453125,256
defactify,0,0,30648,0.9565490991057233,0.9265664584773171,JPEG,0.0168304443359375,51.81235885620117,6.190831661224365,256,1.322790265083313,0.31396180391311646,0.5901848673820496,0.1610338301528849,0.07900617682416158,-0.028002422901614556,-0.018664055241330316,12.142499923706055,0.18968737125396729,6.42122745513916,0.4125518798828125,-1.1528899298660455,-1.9518972949057156,-2.2442703184560235,-2.5563955398990386,-2.601858462418382,0.6252124191486033,-0.10940066663538738,-1.1325172185897827,0.011388142903645834,0.37652587890625,256
defactify,1,1,30764,0.9878977318748761,0.9947165608340064,JPEG,0.184417724609375,23.737689971923828,9.734869003295898,256,1.1582391262054443,0.1871536821126938,1.1003299951553345,-0.07121850296322552,0.09692969205717789,0.03171030246994217,0.04115597859196673,31.403213500976562,0.12102297693490982,4.759029388427734,0.72406005859375,-1.273584994525586,-2.1317907826154574,-2.214292515296572,-2.291743183001472,-2.3195727033579123,0.11951394385240999,-0.022279346830190276,-0.9359508752822876,0.0036112467447916665,0.066680908203125,256
defactify,1,5,16194,0.9089879325704329,0.9186239763721142,JPEG,0.046630859375,25.327301025390625,5.007958889007568,256,0.9785234928131104,0.26228174567222595,0.6253699064254761,0.3655978373796886,0.08690691707928805,0.012674033284192185,0.03646480364427896,13.399412155151367,0.23180149495601654,1.938575029373169,0.5879669189453125,-0.5169101085936187,-1.654453871280765,-2.5148270526225316,-2.8392877409115265,-2.853808566282571,0.7265456893655724,-0.17863519457928,-1.5236051082611084,0.0,0.093048095703125,256
defactify,0,0,28518,0.9843124989133746,0.9891817499320902,JPEG,0.1322479248046875,38.00309753417969,6.515207290649414,256,1.2373006343841553,0.11217252165079117,0.7288347482681274,0.2856983397434634,0.26934645491619047,0.2124594095217077,0.12776402014445323,17.98398780822754,-0.6597208380699158,5.462746620178223,0.5460357666015625,-1.2240442693918219,-1.862012676124257,-2.267663333022016,-2.5813854566406462,-2.6930834511769772,0.4848087277759543,-0.10755123056184877,-1.762358546257019,0.0004069010416666667,0.100555419921875,256
defactify,1,1,61815,0.9828329917460586,0.9717031969107041,JPEG,0.0323028564453125,40.4724235534668,7.4432053565979,256,1.5442253351211548,0.1399041712284088,0.8238648772239685,0.6772545170636297,0.42081813566470805,0.24014918518194997,0.11691234891934181,26.166841506958008,1.5259333848953247,3.7817118167877197,0.523223876953125,-1.2694409370761868,-2.141463175558231,-2.422476412772756,-2.851117327326521,-2.9748524421278963,0.5956907686432995,-0.10572928167576542,-2.020852565765381,0.0032145182291666665,0.1693878173828125,256
defactify,1,1,32145,0.9047478838698366,0.8735142037205719,JPEG,0.151580810546875,11.484993934631348,8.539977073669434,256,2.2112278938293457,0.2754673659801483,1.094920039176941,0.4066564658766486,0.15782155573361462,0.07583371939833891,0.01426675124429947,31.122032165527344,0.5019316077232361,1.039106011390686,0.7664947509765625,-1.5958157485160465,-2.475687182997496,-3.170442768618077,-3.500549143108925,-3.580897125662352,0.7775469735405629,-0.16390735540339663,-2.6288225650787354,1.0172526041666666e-05,0.048095703125,256
defactify,1,1,41345,0.9996704212826086,1.0,JPEG,0.0164337158203125,28.30405044555664,6.178587913513184,256,1.2525608539581299,0.31471624970436096,0.6578438878059387,-0.009834694781083071,-0.015032263080440651,-0.02037058431941944,0.008911214272664983,16.05195426940918,0.23812417685985565,2.882793664932251,0.444549560546875,-1.3671046178027328,-2.044021598867002,-2.4885496963714075,-2.661597281848162,-2.7266959437357405,0.44152538776631456,-0.09542591329609473,-1.5569661855697632,0.0001983642578125,0.00311279296875,256
defactify,0,0,63420,0.994127634287677,0.9953184894918673,JPEG,0.006805419921875,82.28710174560547,4.338029384613037,256,1.101450800895691,0.26415368914604187,0.5152878761291504,0.08866636203372925,0.08401579274323175,0.06464074275358463,0.04369073166216732,6.112118721008301,0.8222352862358093,14.216390609741211,0.2273712158203125,-0.8814586708499261,-1.2047826325736635,-1.4356206205505275,-1.562281427081972,-1.6182896766300576,0.2936073643519208,-0.058298193891676356,-0.8971492648124695,0.0656585693359375,0.175933837890625,256
defactify,0,0,37761,0.9872847366296128,0.9875348357380451,JPEG,0.0751953125,38.58719253540039,7.231813907623291,256,1.2928215265274048,0.10727395862340927,0.691106915473938,0.14099004828378067,0.06268177479991863,0.0015227722159550474,-0.02648210002451895,29.239032745361328,0.18564200401306152,5.776846408843994,0.5328216552734375,-1.0183848893470255,-1.3779580770313622,-1.7902116064446298,-2.006489548807113,-2.1023030395498044,0.6009076441473002,-0.11271127033042093,-1.2038604021072388,0.0092315673828125,0.124542236328125,256
defactify,1,4,11967,0.9797942075717646,0.9657723594906743,JPEG,0.0307159423828125,50.301578521728516,5.587331771850586,256,0.9637714624404907,0.11584103107452393,0.48770493268966675,0.1772522514315865,0.04662453919211564,0.04125685133952155,-0.006223662016170281,17.048255920410156,-0.3584936857223511,5.109560012817383,0.500579833984375,-1.3357342913675776,-2.0976260964450955,-2.5077731964480288,-2.756890046757288,-2.8483366430716073,0.5166266859374113,-0.10567843415823883,-1.478407621383667,0.0023651123046875,0.2190399169921875,256
defactify,1,5,19654,0.9517948358966085,0.9387736122080366,JPEG,0.0242462158203125,33.69584655761719,6.372879505157471,256,1.0044798851013184,0.26927971839904785,0.8564950823783875,0.3878823681184341,0.13722043468551867,0.026115582037577342,0.01806841379480542,12.879523277282715,-0.08385872095823288,2.359562397003174,0.5180511474609375,-1.3416261904037459,-2.4426384336760245,-3.3218171571801625,-3.5949331800826663,-3.7166370738995003,0.774407666173432,-0.17831921416809182,-2.4470438957214355,0.0007527669270833334,0.1401214599609375,256
defactify,1,4,17815,0.9842591850485662,0.9668581581543298,JPEG,0.012176513671875,78.33077239990234,4.010021686553955,256,0.982956051826477,0.45490747690200806,0.3178291320800781,-0.08032886443456672,-0.034401577197070723,0.003030967374300762,0.007754362343431993,6.633723258972168,0.07730457931756973,10.0452299118042,0.3038330078125,-0.8949710902184389,-1.4967437529304535,-1.9063047682888152,-2.0500982489139004,-2.1553484475401445,0.4276129767165653,-0.08914339719136617,-0.7240509390830994,0.004430135091145833,0.4361419677734375,256
defactify,0,0,33080,0.9617283101826233,0.9668121529111636,JPEG,0.0714874267578125,43.38282012939453,6.062579154968262,256,1.5964181423187256,0.19125868380069733,0.7196810841560364,0.5674485701758665,0.437295826096488,0.3383538046758418,0.19794082420581685,15.480005264282227,0.7818351984024048,6.058008193969727,0.421356201171875,-1.2690841306504046,-1.9329947317050875,-2.2611455055171135,-2.4211275328989066,-2.475532764451441,0.4389681840306361,-0.07875402662518409,-1.4109658002853394,0.011667887369791666,0.20904541015625,256
defactify,1,1,45549,0.9773051962004363,0.9644671020925433,JPEG,0.17608642578125,23.033531188964844,8.450106620788574,256,1.1468251943588257,0.10117268562316895,0.9086179733276367,0.3491799810320965,0.2750588781326599,0.11812972140889832,-0.02301794763224462,27.93866539001465,1.0794715881347656,3.3970205783843994,0.6613922119140625,-1.416775884346401,-2.216038084338053,-2.6676989777079703,-2.7535635937411893,-2.7879797550624605,0.32715374793558816,-0.0852269418084633,-1.7202088832855225,0.004496256510416667,0.106964111328125,256
defactify,1,4,12021,0.9707654999414173,0.9889740240695887,JPEG,0.0310821533203125,46.86905288696289,5.850184917449951,256,0.9577227830886841,0.32342255115509033,0.5004856586456299,0.416140645332593,0.2223307076329574,0.0775670779464969,0.040697376205763185,15.428306579589844,-0.9639129042625427,7.124698638916016,0.399078369140625,-0.9279264610150983,-1.307397302286189,-1.8007828839139597,-1.9916761253452613,-2.0963760069765227,0.49235347795661966,-0.1057494928033596,-0.9348536729812622,0.0506744384765625,0.13348388671875,256
defactify,1,5,21747,0.9452101211786743,0.951395434040139,JPEG,0.0440673828125,42.825531005859375,4.101005554199219,256,1.030247688293457,0.35852527618408203,0.42936939001083374,0.21971382499112194,0.037103888734279965,0.011929885301198881,0.04035222385500319,6.453886985778809,0.10968773812055588,2.5436158180236816,0.5045013427734375,-1.1927483709225841,-2.4143127930595965,-3.197104532668262,-3.4680206309815684,-3.5856149233389054,0.8231035286787121,-0.17534357767149122,-2.131819486618042,1.0172526041666666e-05,0.1183319091796875,256
defactify,1,5,13411,0.85488162952996,0.798650790124976,JPEG,0.1872100830078125,18.388946533203125,6.993698596954346,256,0.8778889775276184,0.08382770419120789,0.8552319407463074,0.26380666024047095,0.20344485552248615,0.1333524051671938,0.09240588744577269,39.74857711791992,-0.7667919993400574,1.2796525955200195,0.73455810546875,-1.4467640042457752,-2.862948825441678,-3.471322266050522,-3.8358158163471887,-3.8451460148818724,0.6544966091349362,-0.15116468101955735,-2.7743980884552,0.0007883707682291666,0.1487274169921875,256
defactify,0,0,28184,0.9688235875545379,0.9797533308179344,JPEG,0.09564208984375,42.47465515136719,8.22539234161377,256,1.2418338060379028,0.11491210758686066,0.8651170134544373,0.3308522801534305,0.049343258912131795,0.07473576484678986,0.04420427354701023,37.31127166748047,1.5943702459335327,5.54876184463501,0.622467041015625,-0.9381629180066238,-1.480296313420685,-2.0886938294051784,-2.3950054817209567,-2.5921365290247884,0.8489329718530882,-0.15451606544400728,-1.3621197938919067,0.011942545572916666,0.2913970947265625,256
defactify,1,5,20509,0.9380968042423591,0.9481426381565105,JPEG,0.0237884521484375,31.506269454956055,4.976944923400879,256,1.0031650066375732,0.304228276014328,0.6770091652870178,0.30871188350818735,0.03873763537946254,0.03316659177396178,0.032395488034859775,13.124383926391602,0.9548057913780212,2.136157751083374,0.5237579345703125,-1.5976002402293306,-2.8412635413117986,-3.6231005283896316,-3.895855615810497,-3.9386504745879423,0.6349094532673485,-0.16340196315102468,-2.310910701751709,0.0,0.086029052734375,256
defactify,1,3,199987,0.997612606393705,0.9970140876467198,JPEG,0.0314178466796875,81.73047637939453,4.861027717590332,256,1.0672187805175781,0.09077871590852737,0.5331317782402039,0.10468947676735406,-0.004466011683244432,0.007471482355790041,0.01886948813294375,9.033611297607422,1.118453860282898,11.033400535583496,0.3559417724609375,-1.0846153996327006,-1.646893596570278,-2.103318765646268,-2.2761561746833436,-2.3508490767015395,0.4552687217399054,-0.10101073860999502,-1.0761710405349731,0.0608978271484375,0.0991973876953125,256
defactify,1,5,25990,0.9375978039531002,0.9228247580480988,JPEG,0.050628662109375,40.54627227783203,5.581539630889893,256,0.9978600740432739,0.10825681686401367,0.6161951422691345,0.3589492557575064,0.04041411673562717,-0.0845932764714193,0.0011148588221628845,13.009227752685547,0.21156473457813263,2.529703378677368,0.5280914306640625,-1.4277458654938489,-2.6030546265463625,-3.4063806347671886,-3.7457998618404753,-3.7975341404157463,0.8294826499475221,-0.17821894838769198,-2.5823814868927,0.00023396809895833334,0.1335906982421875,256
defactify,1,2,91448,0.9750552757568619,0.978237354195441,JPEG,0.3963165283203125,20.113035202026367,10.472902297973633,256,1.5184937715530396,0.0,1.1821656227111816,0.36742808717813025,-0.029698024399709116,-0.1299366392578577,0.02273949905972181,28.755937576293945,-1.1560451984405518,2.738369941711426,0.7254791259765625,-1.4495960976615496,-2.294938276877544,-2.823918324424355,-3.085492032976985,-3.264662979749988,0.7334339706367601,-0.13729482462058573,-2.798414707183838,0.0,0.0739288330078125,256
defactify,1,5,12452,0.9895206160582322,0.9959484563167069,JPEG,0.076171875,22.658117294311523,7.14339017868042,256,1.0838167667388916,0.16114988923072815,0.9068940877914429,0.3085313200383012,0.06616994538408624,0.017426079205292124,0.01935427364004007,43.32877731323242,0.5277365446090698,1.1846497058868408,0.734619140625,-2.0880164689471075,-3.378397400863008,-4.1302093666584705,-4.368368362623777,-4.380245003172567,0.6138958162076511,-0.1526281982817828,-3.3280422687530518,0.006505330403645833,0.0107269287109375,256
defactify,1,3,172177,0.9695242490192862,0.9684387941669588,JPEG,0.0274658203125,68.81798553466797,5.442433834075928,256,1.097818374633789,0.17711979150772095,0.5661730170249939,0.05089802985116391,-0.08437353767533362,-0.002369577437444316,-0.00013467042903833143,12.442853927612305,0.7937430143356323,6.864121913909912,0.387176513671875,-1.1298168135239317,-2.007978524748137,-2.5293938283765502,-2.7639978160728713,-2.8392172122384425,0.5517058670202646,-0.12236251362524904,-1.4632983207702637,0.090545654296875,0.405181884765625,256
defactify,1,2,72230,0.8157124853438104,0.8024683742955058,JPEG,0.066619873046875,15.922633171081543,4.360221862792969,256,1.428754210472107,0.30168020725250244,0.6809488534927368,0.2335298289679656,-0.0035340187262741115,0.07549709360582958,-0.02562101523835626,176.1760711669922,-0.15076231956481934,0.8083855509757996,0.787689208984375,-2.5389561815832336,-3.3402021166141385,-4.060868507566738,-4.134533015817636,-4.162079260481388,0.4160584917570955,-0.1211809523579413,-2.590001344680786,0.0,0.0473785400390625,256
defactify,1,3,211428,0.9292544765064007,0.9503167686602703,JPEG,0.1886749267578125,31.744659423828125,8.505518913269043,256,1.1517246961593628,0.0,0.9634615182876587,-0.005888700843228061,0.016506121942991166,0.10733192334306331,0.11934213380613809,34.76156234741211,0.24560843408107758,4.602612018585205,0.6574554443359375,-1.5191170157293703,-2.0957252230044965,-2.5318738964716285,-2.741213683921581,-2.841131442731423,0.5394094337920432,-0.10865549313557753,-1.5994017124176025,0.025349934895833332,0.27325439453125,256
defactify,1,1,51789,0.9318131505818116,0.910716655391847,JPEG,0.089813232421875,25.07000732421875,9.021751403808594,256,1.4007924795150757,0.13870097696781158,0.9681987166404724,0.00829659224602876,-0.013443236062874824,0.022941612034508764,0.010385233844721769,27.94721031188965,0.35606998205184937,2.0857291221618652,0.6366119384765625,-1.8161631966730454,-2.5675122712330554,-3.2803598878637255,-3.430684960414186,-3.552146382214975,0.5670515745225497,-0.1314189622172774,-2.1186227798461914,0.0021006266276041665,0.147918701171875,256
defactify,0,0,53586,0.9814819514930769,0.9848049882779167,JPEG,0.0176544189453125,66.98733520507812,5.018412113189697,256,1.202156662940979,0.15023303031921387,0.48523229360580444,0.19819241934963167,0.12843557122905067,0.06906754862277668,0.03855231243626983,9.597028732299805,0.3022626042366028,9.885456085205078,0.356903076171875,-1.4464553928970707,-1.9683683204272544,-2.3398513219118042,-2.5449529240175126,-2.5782232456446703,0.4178621115039416,-0.09391621028478839,-1.3218448162078857,0.0107574462890625,0.336456298828125,256
defactify,1,4,10576,0.9899123947046928,0.9891188507020083,JPEG,0.0277862548828125,45.24677276611328,5.8351054191589355,256,0.9356080889701843,0.22056472301483154,0.5733030438423157,0.0462751233280245,0.10909437549976751,0.10805896487715666,0.01633554383452357,19.752864837646484,-0.45789778232574463,5.741614818572998,0.491943359375,-1.4484080314828285,-2.055784537183924,-2.5644469507898497,-2.609044608714261,-2.708402283164224,0.3626183168309618,-0.09303624770662065,-1.3291898965835571,0.0029246012369791665,0.1364288330078125,256
defactify,0,0,40545,0.979253154521672,0.9618851467473334,JPEG,0.0521697998046875,59.41487121582031,6.293844699859619,256,1.0000351667404175,0.0990723967552185,0.6767634749412537,0.14375692119409894,0.020516671058722746,0.07107667147633463,0.02571863781125262,16.41927719116211,0.8999729752540588,8.303302764892578,0.4244232177734375,-1.2348365202465619,-1.8228640063603612,-2.2369517913302523,-2.5428112907983724,-2.619741306015598,0.6249242606006904,-0.11874212760346561,-1.3566335439682007,0.036402384440104164,0.3211212158203125,256
defactify,0,0,28165,0.9724484484764904,0.9730058589178697,JPEG,0.614471435546875,9.90230655670166,15.194500923156738,256,0.8942481279373169,0.21308533847332,1.901654839515686,0.10348141275878821,-0.07066726824198738,0.02619337354435947,0.006562808209889749,58.354984283447266,-1.4547418355941772,2.3946776390075684,0.870880126953125,-1.3831939667223958,-1.9667506763115519,-2.524998280083242,-2.88914860377706,-2.932892108265511,0.7537385752069943,-0.15026107411450962,-1.9593578577041626,1.52587890625e-05,0.06866455078125,256
defactify,1,5,17756,0.9495731210140407,0.9415233941592014,JPEG,0.236328125,35.83249282836914,5.89784049987793,256,1.1341923475265503,0.02186754159629345,0.83429354429245,0.16402897763759086,-0.1358142124858874,-0.0357410144523199,-0.0026074403307568554,9.758560180664062,0.003840647405013442,2.762362241744995,0.5996551513671875,-1.3894175078721602,-2.553530961487021,-3.2422221039730426,-3.6345078123482457,-3.6824333960833817,0.8531644106093488,-0.17609607012896242,-2.5057363510131836,0.0019632975260416665,0.2124786376953125,256
defactify,1,4,9821,0.9646188864988601,0.9591055356857329,JPEG,0.0315093994140625,37.95702362060547,7.572841167449951,256,0.9163081645965576,0.21134540438652039,0.6876863241195679,0.14928825512550226,0.03973935888099265,0.034548649944287836,0.01303407764396612,24.832416534423828,-1.1536599397659302,3.4837486743927,0.564208984375,-1.2251238916028697,-2.0835962228190334,-2.5276978899402227,-2.8225321655968907,-2.8910659493241173,0.5452044264892351,-0.11460061260051595,-1.6985485553741455,0.0016733805338541667,0.2057342529296875,256
defactify,0,0,15652,0.8400208088467194,0.7979915555945162,JPEG,0.18316650390625,25.254684448242188,8.982542037963867,256,0.9187023043632507,0.05156535282731056,1.017075538635254,0.1857784532018804,0.09631815865087809,0.024595662737687117,0.005696417246809481,42.0611572265625,0.6206189393997192,1.744283676147461,0.746185302734375,-1.3471485480339922,-2.5050535997734444,-3.2724596663419527,-3.570236326910085,-3.6316419364758357,0.7460128416619227,-0.16383849337853382,-2.59594988822937,0.14203389485677084,0.1900634765625,256
defactify,1,4,13980,0.9880368689419772,0.9872329593523308,JPEG,0.00518798828125,62.144752502441406,4.151965141296387,256,0.9393429756164551,0.45961448550224304,0.34878718852996826,0.08112865637744719,0.14903679907738696,0.1177301452267802,0.06402314041805243,7.647854804992676,-0.22270625829696655,7.673019886016846,0.3255615234375,-1.1534128227687033,-1.7203423124034174,-2.1009971609655675,-2.28268579854564,-2.2791322543994195,0.3407240944097838,-0.08042973258646605,-0.9167749285697937,0.0023549397786458335,0.2001800537109375,256
defactify,1,3,93073,0.7391380358612513,0.7197032623883298,JPEG,0.1961669921875,7.466667175292969,6.776308059692383,256,2.0133745670318604,0.27825838327407837,0.9092865586280823,0.17301729057175416,0.0036970941296868786,0.0618003788377865,0.03135824755931947,30.131752014160156,-0.13743673264980316,0.5594921112060547,0.8495330810546875,-1.6712711242204064,-2.496690957268783,-2.96380239839622,-3.028236288740141,-3.0216675932682397,0.18286538402489994,-0.07119049214118166,-3.0021653175354004,0.0005391438802083334,0.0345306396484375,256
defactify,1,4,12472,0.9645719376514326,0.9567849526554795,JPEG,0.007049560546875,55.65180587768555,5.2991042137146,256,0.9419901371002197,0.27902698516845703,0.5179978013038635,0.07116748404441937,-0.07239478946052078,-0.006537094660146341,0.00220993010433124,16.579021453857422,-0.2888871729373932,4.538139820098877,0.482025146484375,-1.3568443376625998,-2.18495626415437,-2.737104964916578,-2.953338899412249,-3.0082980134639614,0.5383682813979611,-0.12097691686496616,-1.636826515197754,0.0024922688802083335,0.2930908203125,256
defactify,0,0,29002,0.8127221015242615,0.9434107421022901,JPEG,0.171295166015625,39.811954498291016,8.340564727783203,256,1.2786750793457031,0.04246704280376434,0.8218460083007812,0.04590170534610519,-0.09394523808555387,-0.011425870255068039,-0.023540600547424566,40.09538650512695,0.605972945690155,4.100822925567627,0.6011962890625,-1.2384088201599797,-2.049620363518315,-2.455643631727189,-2.7434538224007348,-2.885662500018803,0.5524146557224547,-0.11295891752510695,-1.5551416873931885,0.035029093424479164,0.20745849609375,256
defactify,1,4,12510,0.9845502731439104,0.9769315955706446,JPEG,0.0105133056640625,56.08561706542969,5.623761177062988,256,0.9640562534332275,0.2307243049144745,0.6056972146034241,0.21066558766483812,0.06549818779347395,0.06174056016617666,0.05379613356963721,18.820568084716797,0.13235102593898773,5.902005195617676,0.42205810546875,-1.263384869767589,-2.0663443611844414,-2.4939683839871822,-2.7224336570313374,-2.8169314740638587,0.5720268433478619,-0.11349917034219771,-1.383547067642212,0.0017242431640625,0.22821044921875,256
defactify,1,3,64812,0.9917312118838925,0.9952349420245941,JPEG,0.4869384765625,14.279947280883789,26.3946533203125,256,2.0179264545440674,0.0,2.027480363845825,0.23188190052487928,0.15376031299171636,0.19800817086466888,0.1671594177464147,117.70091247558594,2.3593153953552246,2.6807138919830322,0.87042236328125,-1.486720397585791,-2.1861017553603492,-2.9124256836186273,-3.2369549898664616,-3.2939026972238077,0.8346766837800139,-0.17661531284082957,-2.462472915649414,0.003448486328125,0.01800537109375,256
defactify,1,3,100256,0.9683849875621935,0.9724991336107958,JPEG,0.37603759765625,17.837181091308594,16.81865692138672,256,1.500353217124939,0.0,1.7984750270843506,0.20078195878764263,0.043691787473243336,0.0504603488736871,-0.00030616086845553484,51.71696472167969,0.8337769508361816,3.417564630508423,0.7899932861328125,-1.5454489031206204,-1.8439810218090136,-2.4859887335844846,-2.7912785939600937,-2.8622999820694988,0.7183080220363101,-0.1489116514008666,-1.5620239973068237,0.042912801106770836,0.1278533935546875,256
defactify,1,2,123556,0.9767937336182191,0.9682804175005014,JPEG,0.048736572265625,36.73008346557617,6.071695804595947,256,1.6799527406692505,0.13211362063884735,0.6327427625656128,0.5623625185867149,0.3553453404533552,0.30315967141229394,0.2044695112025584,18.437652587890625,0.26621565222740173,2.962012767791748,0.51910400390625,-0.861902507446155,-1.8198589569441976,-2.704983492965713,-3.0459202759160986,-3.2291100891913294,0.9151268944671962,-0.19835558417040022,-1.7540645599365234,7.120768229166667e-05,0.0692291259765625,256
defactify,0,0,26976,0.9867628222458273,0.9820941359384759,JPEG,0.28350830078125,30.917495727539062,7.398965835571289,256,1.3568295240402222,0.03778943046927452,0.9397433996200562,0.1206048003756335,0.14924845773159187,-0.053797661209608896,0.00500004406607386,34.07749938964844,0.8060094714164734,5.140136241912842,0.572845458984375,-1.074835631876157,-1.5687825876772052,-2.0349607805939707,-2.284766781220644,-2.3539880728787352,0.5644120802419357,-0.11425022573656418,-1.5200661420822144,0.004282633463541667,0.10980224609375,256
defactify,0,0,29484,0.9775890569173343,0.9817764582555022,JPEG,0.031341552734375,27.695716857910156,6.751434326171875,256,1.3043675422668457,0.28437894582748413,0.7777177691459656,-0.06906852403349423,-0.1881434635499037,0.025439070721109548,0.02240371372207319,51.910743713378906,0.4883202314376831,2.8575429916381836,0.534698486328125,-1.3245142700453423,-2.1424556399959185,-2.896149070858864,-3.1919241841005412,-3.274421380032779,0.713529002793031,-0.16153204322715953,-2.3191771507263184,0.0010732014973958333,0.0911865234375,256
defactify,1,3,53102,0.9414882114113208,0.9811133511083605,JPEG,0.1729888916015625,21.20490264892578,7.5878214836120605,256,1.211603045463562,0.11792318522930145,1.0387521982192993,-0.1372623101958874,-0.22534956585645366,0.10339925987514106,0.04251091054420782,30.146770477294922,1.6216801404953003,3.6218814849853516,0.610198974609375,-1.5273162490423262,-1.7477636423426661,-2.173011708748634,-2.4345575027484854,-2.5700416749536705,0.7118107425216547,-0.12508968458592498,-1.9023139476776123,0.022237141927083332,0.1867218017578125,256
defactify,1,3,66823,0.9917482016070469,0.9883306091160805,JPEG,0.1929168701171875,19.569028854370117,10.186434745788574,256,1.4408775568008423,0.09646254777908325,1.0813229084014893,0.25665850266337564,0.18315467558135048,0.14045794507496032,0.09824275449938052,54.034996032714844,-1.5265384912490845,2.414834499359131,0.77630615234375,-1.5360370001596761,-2.396394762152781,-2.8040365977135844,-2.990252219632949,-3.0712778907754004,0.5152718856912664,-0.09658038399795912,-1.94496488571167,2.5431315104166668e-05,0.0274200439453125,256
defactify,1,4,7028,0.9604500212839492,0.9669900397948477,JPEG,0.13214111328125,20.47134017944336,7.864620685577393,256,0.8590296506881714,0.184219092130661,0.8839902877807617,0.579923730571473,0.5788074997569617,0.5882816687737994,0.5641338493306383,37.43836975097656,-3.3759546279907227,3.359501838684082,0.6418914794921875,-1.4119504731981474,-2.120652092036253,-2.573444301697248,-2.7725685391516217,-2.923910742163252,0.5330377341570314,-0.10694499973725284,-2.1886439323425293,0.0011850992838541667,0.1477508544921875,256
defactify,1,4,11590,0.9584783650977465,0.9675193277358588,JPEG,0.010650634765625,45.044036865234375,5.130231857299805,256,0.995609700679779,0.35759252309799194,0.48948052525520325,0.22906140226874713,0.04636059554246022,0.05226674893727127,-0.004805761879978414,22.743724822998047,0.566673755645752,4.0809245109558105,0.4835205078125,-1.468973128965013,-2.179073556887496,-2.6917697251701247,-2.930120833371263,-3.0054345880848476,0.5435139999726459,-0.11562421620228902,-1.7037893533706665,0.0033315022786458335,0.2212066650390625,256
defactify,1,1,46777,0.9831953286718262,0.9826099484091017,JPEG,0.1258087158203125,15.350640296936035,10.689351081848145,256,1.5644766092300415,0.3832119107246399,1.2596983909606934,0.16113880539366382,0.17689539478610486,0.16557743277982406,0.14463422744602936,75.23490142822266,-5.133871555328369,2.593715190887451,0.724700927734375,-1.4257741807014774,-1.1354945426261036,-1.5080536598778655,-2.087138462060712,-2.494332635569143,1.2583580851362202,-0.18800883496767196,-1.5901957750320435,5.0862630208333336e-05,0.041290283203125,256
defactify,1,4,13689,0.9860618732702884,0.9841864064768563,JPEG,0.0476226806640625,57.559814453125,5.429558753967285,256,0.9716256856918335,0.1231265589594841,0.5636598467826843,0.1500629545067203,-0.007064753537688568,-0.03491670172472607,-0.0015193784544149326,12.442522048950195,0.0143565209582448,7.15735387802124,0.4162139892578125,-1.338266925982417,-2.0459314926674974,-2.4662916984187273,-2.595766657884961,-2.705894558599544,0.51356655223577,-0.09588313816113161,-1.3058695793151855,0.005238850911458333,0.2048187255859375,256
defactify,0,0,40989,0.9382472692066077,0.8729892050289217,JPEG,0.0755157470703125,50.542510986328125,8.48682975769043,256,1.3193962574005127,0.04998556151986122,0.7254663109779358,0.36379259287357385,0.19773508329906198,0.20459468692827693,0.19301616175281625,24.234970092773438,1.7459254264831543,4.997186183929443,0.5320892333984375,-1.0835200178510682,-1.9458462387622868,-2.387868218339414,-2.556182913395795,-2.6429805612414397,0.4401735884535709,-0.09869566378702326,-1.3020296096801758,0.062184651692708336,0.3871307373046875,256
defactify,0,0,29384,0.9606330947323569,0.9642116972775057,JPEG,0.081939697265625,39.66120147705078,7.754339218139648,256,1.6109710931777954,0.10418960452079773,0.7196331024169922,0.7622922091140164,0.6252368653009482,0.5621396793808489,0.43012375468087183,39.88557815551758,-1.6192591190338135,5.101236343383789,0.58941650390625,-1.1336705029226088,-1.870735049458112,-2.2824945626716815,-2.683084579012096,-2.8343547883848705,0.7229294653042615,-0.11704738749917433,-1.270477533340454,0.0063629150390625,0.1905364990234375,256
defactify,0,0,17660,0.9637478935000001,0.9601101935986713,JPEG,0.3346099853515625,23.51336097717285,10.423676490783691,256,1.1326589584350586,0.0,1.077545166015625,0.17576673740939136,-0.07071471425684904,0.008272518678085377,-0.010847943697181823,57.62571716308594,-1.6835271120071411,2.0435121059417725,0.7787322998046875,-1.4053061336841521,-2.540967540673285,-3.043397692600159,-3.4334694661928724,-3.5103219876356366,0.8236954657458098,-0.14515753268325124,-2.8921921253204346,0.0015309651692708333,0.0600433349609375,256
defactify,0,0,20903,0.9694204707360726,0.9770077027069789,JPEG,0.1060333251953125,19.12308120727539,7.627597332000732,256,1.001041054725647,0.20615144073963165,0.8502398133277893,-0.03269584397707723,0.06460680453047796,0.06598081368893567,0.03232075100898589,58.92756652832031,-0.7788788676261902,2.0503718852996826,0.7200927734375,-1.2465826178121544,-2.4762836361989677,-2.7024486522168987,-3.0587404049432303,-3.218700170763725,0.5734753696011232,-0.09567896811624065,-2.572582721710205,2.5431315104166668e-05,0.033050537109375,256
defactify,1,1,86951,0.9626003410435607,0.9849955350411246,JPEG,0.1314544677734375,42.75410461425781,6.9287614822387695,256,1.155070424079895,0.03317663073539734,0.7690619230270386,0.09420558232601109,-0.03448157623194014,0.03349062327529373,-0.006703531058794577,18.586631774902344,0.4300781190395355,4.939884662628174,0.4985504150390625,-1.5914826893538665,-2.118172366194531,-2.7464487343808015,-2.9006669891292107,-2.9197509004701327,0.37201814168495595,-0.11269137724070509,-1.9512673616409302,0.060551961263020836,0.209808349609375,256
defactify,0,0,38466,0.9910174000281952,0.9800922096938838,JPEG,0.0760345458984375,59.640106201171875,4.872341632843018,256,1.2204387187957764,0.05327463150024414,0.5777965784072876,0.22734595079508163,0.16270755731569872,0.004971430172934249,-0.064886635708779,9.244908332824707,0.5974445343017578,9.809219360351562,0.3915557861328125,-0.8642446996700537,-1.229468351037342,-1.5983221424628242,-1.6985897153463965,-1.7744903130493572,0.42218499484532224,-0.07930507459994154,-0.8626478910446167,0.017542521158854168,0.28717041015625,256
defactify,0,0,57166,0.9684865895168943,0.9660887551297819,JPEG,0.0033721923828125,72.79039764404297,4.191729545593262,256,1.1303881406784058,0.3574124574661255,0.3897705078125,0.119379340694678,-0.08239950586169074,4.113988341967882e-05,0.016347232730293357,12.0448579788208,1.368508219718933,7.45086669921875,0.3056488037109375,-0.7476281497387767,-1.4807735376457165,-2.0639235856608042,-2.375197560189638,-2.4964314821110207,0.7572474196249637,-0.15081203115728828,-1.33229398727417,0.036956787109375,0.3015899658203125,256
defactify,1,4,14954,0.968636123400724,0.9573941582659199,JPEG,0.006134033203125,59.55671691894531,4.639983654022217,256,0.9405460357666016,0.3700813055038452,0.4401583969593048,-0.04849073180395507,-0.03156842856003162,-0.0030769780358683306,-0.008581885713053572,10.854743003845215,-0.16925109922885895,6.837998390197754,0.358306884765625,-1.1540195822026682,-1.989933982148436,-2.298105407420209,-2.461948623970163,-2.533247520030672,0.36430822162509635,-0.07917565346553573,-1.2181874513626099,0.010431925455729166,0.5204315185546875,256
defactify,1,2,90074,0.9994956235806459,1.0,JPEG,0.0399169921875,39.43328094482422,6.08566427230835,256,1.2864775657653809,0.14359045028686523,0.6746100783348083,0.29420313641847784,0.004207473124354134,0.033371510326607734,0.005853061336420307,17.181354522705078,0.5257642269134521,4.0710649490356445,0.53765869140625,-0.9877806581493385,-1.8680311221650507,-2.5267669399980015,-2.8097202703933295,-3.0057777631704985,0.8812943604431664,-0.16348885501400479,-2.0135691165924072,3.0517578125e-05,0.003326416015625,256
defactify,1,1,50739,0.859320235174155,0.9024865724573601,JPEG,0.0505828857421875,29.523149490356445,6.357352256774902,256,1.2804105281829834,0.30465903878211975,0.9989811182022095,0.05551123928508956,-0.05852658486240317,-0.009268837108826578,-0.003438636452887912,22.775808334350586,0.2402864545583725,2.384641647338867,0.61761474609375,-1.8795987410641475,-2.728248196422294,-3.269916335438653,-3.5470771777488768,-3.621523660332705,0.6548664988159034,-0.13260465414179567,-1.8524508476257324,0.010747273763020834,0.2050628662109375,256
defactify,1,5,17795,0.8715617692557655,0.8793781725351594,JPEG,0.043792724609375,28.667522430419922,6.281633377075195,256,1.037800669670105,0.1749224215745926,0.7368073463439941,0.2883542026143543,0.07672553592102946,0.022866493784326643,0.019580828910566683,20.832712173461914,0.5780291557312012,1.4364244937896729,0.669158935546875,-1.904051789655849,-3.110027136587787,-3.836887420908414,-4.072243212295725,-4.114358391662533,0.6066018377982578,-0.14837213530829943,-2.690624475479126,0.00020853678385416666,0.144775390625,256
defactify,1,2,103264,0.9378897979915412,0.9548445990607423,JPEG,0.083282470703125,22.636737823486328,8.881502151489258,256,1.579738736152649,0.1882959008216858,1.0171170234680176,0.32459003472324927,0.09562699829039863,0.09143038277144255,0.04387658580401631,25.75775909423828,0.45293164253234863,2.2549901008605957,0.625518798828125,-1.3990333200481153,-2.1925898404044117,-2.9033091377956133,-3.2142344432137993,-3.3569466712910074,0.8741384483540102,-0.1735777136822783,-2.5587902069091797,0.0037943522135416665,0.1267852783203125,256
defactify,1,3,70370,0.9853047983564963,0.9865568573917444,JPEG,0.194488525390625,25.525476455688477,7.717281818389893,256,0.9523809552192688,0.0,0.8919377326965332,-0.4195111322027911,0.2332046936812568,-0.026561768653705208,-0.016468455213700117,5.797652244567871,-0.0780675932765007,4.825654983520508,0.439361572265625,-1.5114685511186785,-2.0485889774606187,-2.150361108116166,-2.2782396452164617,-2.335801855336272,0.18005748994516058,-0.03692266910864609,-1.2010791301727295,0.004582722981770833,0.0883331298828125,256
defactify,1,3,250574,0.9300963050452573,0.5758406060126331,JPEG,0.485260009765625,19.495237350463867,17.928302764892578,256,1.1020413637161255,0.0,1.4558420181274414,0.04040312208733177,0.0023693968889965823,0.04462672851666758,0.013625755752847872,74.09453582763672,0.6689333319664001,2.155355930328369,0.79010009765625,-1.5083192311726457,-2.211508272208212,-2.889772910389536,-3.1150390463508533,-3.1681553662801827,0.5205557649512773,-0.1378525363835622,-1.8925610780715942,0.2677968343098958,0.097686767578125,256
defactify,1,4,10100,0.9295001857911467,0.9506407924139746,JPEG,0.0633697509765625,31.048309326171875,6.7740888595581055,256,0.9924364686012268,0.15392813086509705,0.645257294178009,-0.045740918759154744,-0.10453605852245801,0.005916940714322105,-0.009159117669281661,24.40687370300293,-0.37406623363494873,3.9707415103912354,0.5368194580078125,-1.4438216943559645,-2.048732191749436,-2.4870074274798046,-2.7178402888788877,-2.800193326692815,0.4747377965834634,-0.10578006857760469,-1.831446886062622,0.0009053548177083334,0.3658599853515625,256
defactify,0,0,26114,0.9789905310157709,0.9959201302424753,JPEG,0.2837677001953125,51.73871612548828,5.795224189758301,256,0.9713714718818665,0.0,0.8780578374862671,0.015090186757845415,-0.0717210780737056,0.025610805603713403,0.008549439400095102,10.535295486450195,0.44497814774513245,10.173990249633789,0.487060546875,-1.0765921549726745,-1.4399185142553383,-1.7429238863537257,-1.9188873518462115,-1.9477227242952457,0.3580257600199461,-0.08147578505500147,-0.8439177870750427,0.037200927734375,0.1498260498046875,256
defactify,1,1,64678,0.9958255722164142,0.9999999999999999,JPEG,0.0205841064453125,32.364261627197266,6.529786109924316,256,1.404435634613037,0.20990346372127533,0.8716731071472168,0.34597918542472783,0.10843730210953478,0.06369975899431485,0.019848062765120612,20.19002342224121,0.4144534170627594,1.9969291687011719,0.5553131103515625,-1.467540317983544,-2.783485979765101,-3.510157423766697,-3.8198720706731457,-3.9072871764494277,0.7803412278402488,-0.16746946826103307,-2.498133659362793,0.006067911783854167,0.0040283203125,256
defactify,1,3,117300,0.9404265054042376,0.9560064711686218,JPEG,0.0523529052734375,33.87904739379883,6.714919090270996,256,1.3554812669754028,0.17284977436065674,0.8672932386398315,0.31378800087241315,0.02781643882108872,0.011656668471852233,-0.016573053337890935,14.670076370239258,0.7644627094268799,3.906221389770508,0.5349273681640625,-1.3995056656038356,-2.4697504833415476,-3.146791617717308,-3.3519422811202144,-3.461351608777477,0.6723804984345891,-0.14406186658992465,-2.233534812927246,0.022847493489583332,0.317596435546875,256
defactify,1,3,53421,0.9947336332311075,0.9927685506582995,JPEG,0.4920501708984375,21.384925842285156,15.445889472961426,256,1.8524084091186523,0.0,1.5115224123001099,0.6785351055721742,0.3777717517929969,0.15020966815145095,0.08450574318134316,69.43743896484375,-5.425145149230957,2.8661885261535645,0.84661865234375,-0.7208636455608994,-1.9860362765870878,-2.6921982185386693,-2.891912698298099,-2.969959382797546,0.5848377825041515,-0.1461472004716048,-2.0257842540740967,0.0010935465494791667,0.02777099609375,256
defactify,1,3,40187,0.9774663389986168,0.9747102511116581,JPEG,0.5205535888671875,25.42519760131836,14.55537223815918,256,1.1078193187713623,0.0,1.5340948104858398,-0.20627760771398232,-0.11860758552551687,-0.018184771521159975,-0.022031725341013747,24.15134048461914,0.46472421288490295,4.546158790588379,0.7368927001953125,-1.3308190425489386,-1.706944308885971,-2.0968430698576324,-2.333497773209446,-2.4834862166630476,0.6315383149043834,-0.11902193754486436,-1.476785659790039,0.0038299560546875,0.0946044921875,256
defactify,1,4,10629,0.975931262478822,0.970041452838788,JPEG,0.04052734375,40.26741027832031,5.249905586242676,256,0.933379054069519,0.20057238638401031,0.5627228617668152,0.1615240429412022,-0.045878793311504136,0.02925818826501755,-0.013246430092088183,24.63223648071289,1.0308451652526855,4.4168009757995605,0.5442352294921875,-1.3633335582498987,-2.2306412875496306,-2.7348578969587045,-2.9470244400921226,-3.02896956163236,0.5431217961794976,-0.11693516457890682,-1.880904197692871,0.004038492838541667,0.1905364990234375,256
defactify,1,5,18237,0.9487315495358591,0.9585038538201146,JPEG,0.037750244140625,33.459495544433594,5.955368995666504,256,1.0139508247375488,0.23625661432743073,0.8557035326957703,0.3974296430439551,0.1029896643993119,0.015235975865463573,0.025952444136187684,15.723529815673828,0.1228455975651741,2.350388765335083,0.55682373046875,-1.2840342838055339,-2.4529399788965858,-3.2880402709177607,-3.5925188246172706,-3.670945531590717,0.7818743954178382,-0.17385908868665934,-2.21085262298584,0.0002492268880208333,0.0917816162109375,256
defactify,1,5,13691,0.9811407761226258,0.9902345097431227,JPEG,0.075347900390625,17.719181060791016,7.032230377197266,256,1.0599822998046875,0.37903308868408203,0.7707535028457642,0.5617593820630361,0.3886107593440976,0.20895698062828838,0.0693225481424804,20.002208709716797,-0.041556552052497864,1.204641580581665,0.7138671875,-1.4921643235279927,-2.440409309339673,-3.1139245674226785,-3.399423236288478,-3.580162390334129,0.9852440340548352,-0.18037564085474556,-2.6008152961730957,0.0,0.0106201171875,256
defactify,1,1,56468,0.9971475619634554,0.999483517386367,JPEG,0.067657470703125,22.96876335144043,8.130227088928223,256,1.2414551973342896,0.26062247157096863,0.9920426607131958,0.04309257139177331,0.17288491810573622,0.05582129197468454,0.020523556609335115,38.73686981201172,-0.4379069209098816,3.779146432876587,0.5933074951171875,-1.0572534755906062,-1.783431201937284,-2.032346497581221,-2.13786961593922,-2.1130550714890273,0.20391185708025805,-0.054716053850587906,-1.1262116432189941,4.57763671875e-05,0.0122833251953125,256
defactify,1,2,88094,0.7982265559750754,0.8184732195681125,JPEG,0.0199127197265625,22.528888702392578,5.349009990692139,256,1.461779236793518,0.3091222643852234,0.631164014339447,0.2983524840687477,-0.015302242765461238,0.011085810415512582,0.0027014340700643883,15.677745819091797,0.2089436650276184,1.6764088869094849,0.60235595703125,-1.6012618014024644,-2.491478312157164,-3.335503067755842,-3.6554317363252076,-3.6617753715494197,0.7406995535008494,-0.17760187843625672,-2.3319478034973145,0.007904052734375,0.370697021484375,256
defactify,1,2,63698,0.9818789004236433,0.9837465916282265,JPEG,0.09344482421875,22.171337127685547,9.06645393371582,256,1.6085871458053589,0.20008081197738647,0.9676863551139832,0.2473394614197456,0.10263746723974135,0.10082417538898213,0.04495224239670397,26.320594787597656,0.34574466943740845,2.414402723312378,0.657379150390625,-1.729144746617214,-2.3918312113671245,-2.9710988216213234,-3.292845411941598,-3.360055061712198,0.7635214268478547,-0.14615840731692828,-2.147805690765381,7.62939453125e-05,0.029571533203125,256
defactify,1,5,18292,0.9012067510894985,0.9057083933223875,JPEG,0.0483551025390625,42.17247772216797,4.752265453338623,256,1.0024775266647339,0.09709282964468002,0.588100016117096,0.4400519603599927,0.23038554740050965,0.16913690689805908,0.08182005569520313,14.198104858398438,0.2303672730922699,2.267418146133423,0.5850372314453125,-1.5978804700027345,-2.7186044829062155,-3.5399598917177357,-3.8341497845623085,-3.914194950270658,0.7385468619806659,-0.17151131534819072,-2.369320869445801,0.0010426839192708333,0.217041015625,256
defactify,1,4,18059,0.9795472925769537,0.9759037285059693,JPEG,0.15283203125,87.96832275390625,4.603691101074219,256,0.9567042589187622,0.009259721264243126,0.5120683312416077,0.10484996265026282,0.030159969152928134,-0.028643829218955176,0.010100652260287083,6.155434608459473,-0.6038475632667542,14.889881134033203,0.3681640625,-1.0043125241418505,-1.4151433372034612,-1.6000361716452423,-1.8554726305978875,-1.944138483384565,0.5123874844298717,-0.08063269005227626,-0.723369836807251,0.020075480143229168,0.5159149169921875,256
defactify,1,5,17777,0.9483931832379313,0.9547872146357568,JPEG,0.0684967041015625,36.14781951904297,5.892958641052246,256,1.0266886949539185,0.10832018405199051,0.7727459669113159,0.2483765376396901,0.03545517555452648,-0.0071163174021343445,0.007205704394620713,18.07933235168457,0.18130438029766083,2.181943893432617,0.596923828125,-1.703513696960436,-3.079344257809515,-3.748484836500821,-3.9655230846503535,-4.071581563636707,0.7370316205493497,-0.15107202378517787,-2.643505573272705,0.0026753743489583335,0.1035308837890625,256
defactify,1,1,70443,0.9837797975567095,0.9839206475900759,JPEG,0.1800537109375,26.321483612060547,9.005245208740234,256,1.51571786403656,0.10073424875736237,1.0716277360916138,0.1825474812284791,0.17513113412638548,0.10406118897125054,0.038130247380973425,25.823671340942383,0.5082809329032898,3.684586524963379,0.6454925537109375,-1.3411492617606227,-2.2074183641367693,-2.6644193646246306,-2.73806810821195,-2.9453178655047036,0.3397319108031249,-0.0801201787738001,-1.6976639032363892,0.00238037109375,0.10028076171875,256
defactify,1,1,52286,0.9388467279419892,0.9699747913820227,JPEG,0.03631591796875,27.999902725219727,8.928230285644531,256,1.7109625339508057,0.365824431180954,0.9707701802253723,0.4094128794081139,0.2049570853656992,0.052671285210349646,-0.04763997554960239,48.7972297668457,1.0265833139419556,2.4326024055480957,0.5720367431640625,-1.351022973776164,-2.262013632329899,-2.9826714099021103,-3.305267635140294,-3.3925621699956814,0.8102582646594776,-0.17094188415827227,-2.132622718811035,0.0125885009765625,0.086151123046875,256
defactify,0,0,23246,0.9633495679262053,0.979752827548696,JPEG,0.0848846435546875,26.758209228515625,6.437355995178223,256,1.3783149719238281,0.12285938858985901,0.6112695336341858,-0.0022393495626095478,-0.11071702860536757,0.015768806200112537,0.021547458435002987,26.268760681152344,-1.5154519081115723,3.5062801837921143,0.5846099853515625,-1.33520807458431,-2.0960689861220203,-2.638100155840136,-2.91494534972865,-3.079574421376008,0.8604809312347639,-0.14570083354587543,-2.177260637283325,0.0014597574869791667,0.1225433349609375,256
defactify,0,0,10586,0.9440082508442342,0.9435161930444987,JPEG,0.3134002685546875,16.09243392944336,11.284332275390625,256,1.3449584245681763,0.23570212721824646,1.3594846725463867,0.020618408951923663,-0.12271005712376443,-0.004921821221235841,0.004982585849650303,52.91842269897461,-0.4868243932723999,2.727224349975586,0.772064208984375,-1.5946330993128406,-2.0218678902133593,-2.4789814914364934,-2.8088767164774744,-2.812614564308478,0.6042240546556243,-0.12898775677960608,-1.9010635614395142,0.005177815755208333,0.12823486328125,256
defactify,1,5,18562,0.9364938021316994,0.9321606588601875,JPEG,0.045013427734375,30.045618057250977,3.8942205905914307,256,1.0306209325790405,0.1402307003736496,0.5537748336791992,0.1916906687367485,-0.05183261796508901,-0.05097311364584722,0.012590581559390574,7.579141616821289,0.26458126306533813,2.16194486618042,0.5256500244140625,-1.2340833683341579,-2.2464859944176245,-2.945328212548473,-3.2527266648845448,-3.35164850983933,0.739895205237489,-0.16279909102903425,-2.109457492828369,0.032506306966145836,0.1231842041015625,256
defactify,1,4,14995,0.973150878951743,0.9613874552207828,JPEG,0.0079345703125,65.4827880859375,4.91862678527832,256,0.9848504662513733,0.2748163342475891,0.41610977053642273,0.15533666884789146,0.08062108207274785,0.10941265129759624,0.04380317786929738,11.71291732788086,-0.27667900919914246,7.65303897857666,0.3800506591796875,-1.4404771608815867,-2.199319978872074,-2.5608417691271566,-2.7559335885280456,-2.849008529933207,0.45939907385779133,-0.09533600437483397,-1.301058292388916,0.00390625,0.3848419189453125,256
defactify,1,4,11947,0.9855199633758498,0.9862501839817467,JPEG,0.0114288330078125,54.45909881591797,5.559248447418213,256,0.9542087912559509,0.2680824398994446,0.5037134289741516,0.10194222220969365,0.14589574782964287,0.11984289536235376,0.07879653650987307,17.41212272644043,0.41593971848487854,6.420095920562744,0.40740966796875,-0.9283818372845891,-1.7396370602492004,-2.1047404552088755,-2.3100095843071013,-2.381605281146525,0.5076913225331259,-0.09897082773226666,-1.2273175716400146,0.0010528564453125,0.20965576171875,256
defactify,1,3,135440,0.9862773093982473,0.9835917463375625,JPEG,0.068023681640625,32.05246353149414,6.957973003387451,256,1.4873112440109253,0.1636250764131546,0.8920753598213196,0.3452996885530425,0.2632582221620255,0.14072282490733265,0.11063660400843177,23.704360961914062,1.2912770509719849,4.482758522033691,0.5431060791015625,-1.3864520128456146,-2.1899970936794073,-2.5552098040577986,-2.775260874921158,-2.9027071983147508,0.5992857231992144,-0.11027210030229553,-1.7373217344284058,0.0050201416015625,0.10595703125,256
defactify,1,3,201704,0.9581359082797763,0.9664964009472864,JPEG,0.0033111572265625,53.582603454589844,4.811431407928467,256,1.0955603122711182,0.3583800494670868,0.6106395125389099,0.015542683935273067,-0.19043189020205162,-0.00553900012604631,-0.006533990439958082,11.470917701721191,0.7103739976882935,4.394776821136475,0.36553955078125,-0.8905204723707092,-1.8196588327494272,-2.385880143675929,-2.743630903849758,-2.868757453413327,0.750826532255819,-0.15102382421741822,-1.7643615007400513,0.006418863932291667,0.27642822265625,256
defactify,1,2,78774,0.9458392046264433,0.9692321086077506,JPEG,0.013458251953125,22.90105628967285,6.397330284118652,256,1.4224399328231812,0.5509118437767029,0.7502925992012024,0.1069406640185145,-0.12871087298073836,0.031580292327700536,0.0011425766108800342,8.719950675964355,0.2045866996049881,2.2163307666778564,0.4263763427734375,-1.4756345814035683,-2.176833822831549,-2.824075072725315,-3.129979096592365,-3.1981041690790173,0.689858127509936,-0.14984477790299383,-1.9955694675445557,0.004628499348958333,0.0506134033203125,256
defactify,1,2,34718,0.7572321232654273,0.8629868270852921,JPEG,0.7960357666015625,9.469209671020508,18.650049209594727,256,1.5375559329986572,0.0,2.3980376720428467,0.3133041338302519,0.09818834915392027,0.08793985488092015,0.00935079806375218,84.43738555908203,-1.6702386140823364,1.177861213684082,0.9115753173828125,-1.7253070529037542,-2.5171147229024133,-2.9238020246611005,-3.119871557508659,-3.2686420561181215,0.5901767166322784,-0.10797304056365799,-1.9883356094360352,0.005304972330729167,0.1094970703125,256
defactify,0,0,52110,0.9951945442684148,0.9956067702352944,JPEG,0.0169219970703125,84.15226745605469,4.729560852050781,256,1.021168828010559,0.20424091815948486,0.47140246629714966,0.24409288800678622,0.3070817555196222,0.28175600296447145,0.25015614163689776,6.568353652954102,0.6496015787124634,15.100465774536133,0.2771148681640625,-0.7864950118294853,-1.3753015181322077,-1.7636772430788303,-1.4989487444899252,-1.7644597240902034,0.20630057098636279,-0.049603654341971844,-0.7587263584136963,0.023066202799479168,0.1633758544921875,256
defactify,1,2,118907,0.9865687951724649,0.9735697970063597,JPEG,0.0233917236328125,31.65581512451172,5.914124488830566,256,1.3002327680587769,0.3293333947658539,0.740139365196228,0.21196838220419342,-0.026123214012359813,0.034181682129270544,0.01592642474949708,12.452214241027832,0.9144245386123657,4.229431629180908,0.38189697265625,-1.038859858387199,-1.6876807314661066,-2.2231013175049448,-2.527702780945276,-2.7283793293133103,0.8181544937620489,-0.15281416298557585,-1.5499327182769775,0.012379964192708334,0.1138916015625,256
defactify,1,2,62412,0.9483110125427238,0.9601200154337117,JPEG,0.1959991455078125,11.604264259338379,9.9271821975708,256,2.827639579772949,0.4763699769973755,1.3188083171844482,0.47458787307974887,0.2693910114698584,0.1604639179233158,0.026768116299027027,39.77851486206055,0.6152960062026978,1.5250675678253174,0.720306396484375,-0.9919567698079952,-1.5309410086561392,-2.157925848281689,-2.5643023144971773,-2.626374691868792,0.8313265362375528,-0.16936084080037705,-1.2455337047576904,0.0,0.035430908203125,256
defactify,1,2,50553,0.8922449785382459,0.8620177086025327,JPEG,0.3711090087890625,6.454150676727295,14.480957984924316,256,1.8315237760543823,0.4330122768878937,1.4531093835830688,-0.04863037749123788,0.05780931057323187,-0.01566045134297872,0.036187647801851436,59.1694450378418,0.3688164949417114,1.0139894485473633,0.896514892578125,-1.489760410000918,-2.183393018887502,-2.2719498535934886,-2.667517151055992,-3.0444148478093296,0.7011628018481653,-0.09587505432679838,-2.479586124420166,0.000152587890625,0.0402069091796875,256
defactify,1,4,16777,0.9194199863064698,0.9223013400616185,JPEG,0.011260986328125,68.9048843383789,4.822956562042236,256,1.0068869590759277,0.22298100590705872,0.44262704253196716,0.12597254301991864,-0.028478533445838693,-0.013562270167645711,-0.008454894641344232,10.222880363464355,-0.08381292968988419,8.822650909423828,0.4075469970703125,-0.9526965795390181,-1.5093785705922853,-1.848677406243846,-2.095743903714321,-2.165889283726406,0.49924186206073706,-0.09805155656242344,-1.0356714725494385,0.005732218424479167,0.735260009765625,256
defactify,1,1,47596,0.9466110320671242,0.981610681245327,JPEG,0.051116943359375,21.64269256591797,7.76096248626709,256,1.4797943830490112,0.27999523282051086,0.9668070077896118,0.06461639481685984,0.07920260807061123,0.025909611142102343,0.004127724783329431,53.07341003417969,0.8444801568984985,2.635028600692749,0.6054840087890625,-1.4909084019565206,-2.2070555362506017,-2.51119921055355,-2.648534440765264,-2.737213087473089,0.2747267339381416,-0.06788637308283968,-1.6232836246490479,0.0031941731770833335,0.076507568359375,256
defactify,0,0,58643,0.9862696458080866,0.9960039025518895,JPEG,0.018463134765625,83.26834106445312,5.1344709396362305,256,1.1118887662887573,0.18961656093597412,0.4914763271808624,0.09491346892354523,0.027511078756875983,0.019406228464575997,0.031057589517717397,9.010459899902344,0.4447561502456665,10.289887428283691,0.33551025390625,-1.0826643862711292,-1.816795967742447,-2.2031437107579395,-2.509058578699487,-2.600092693770862,0.6850158605303456,-0.1225008683742165,-1.3903669118881226,0.021341959635416668,0.209259033203125,256
defactify,0,0,31751,0.9820531209058049,0.9819651829448054,JPEG,0.2250823974609375,44.41455841064453,5.966236114501953,256,1.198223352432251,0.031322404742240906,0.7800206542015076,0.1194870958614163,0.0845271693967282,0.06626704256943429,0.036971957448761375,12.116618156433105,0.6391792893409729,7.7195658683776855,0.4941864013671875,-1.2345531038260296,-1.7353380203372115,-2.0606351898832926,-2.283473372306535,-2.3629417627175338,0.5013225970800992,-0.09240255232699815,-1.1801742315292358,0.011281331380208334,0.2415771484375,256
defactify,1,5,15660,0.7471157935087827,0.728377220663783,JPEG,0.0876312255859375,26.305068969726562,7.276276588439941,256,0.9794632792472839,0.11857399344444275,0.8068132996559143,0.24049363537817986,0.05314759080627687,0.017168027682015714,0.007072927414865731,37.61118698120117,1.777010440826416,1.3225531578063965,0.7263031005859375,-2.1324721379778273,-3.395864964701115,-4.171171721435495,-4.3153277196576685,-4.3804840161430345,0.516347848505502,-0.1380615707760793,-2.8498244285583496,0.0013478597005208333,0.2833709716796875,256
defactify,1,3,62078,0.9224996457285481,0.8899821327574075,JPEG,0.5955810546875,14.03692626953125,19.2584228515625,256,2.1146013736724854,0.0,1.8624780178070068,0.3491698215944969,0.29283114751394923,0.257489659641764,0.15729462807433714,101.08602905273438,-1.6648844480514526,1.2944449186325073,0.8645172119140625,-1.302785865818203,-2.3040663075683767,-3.1718756413959546,-3.4588892721183777,-3.5347227380587207,0.602269048318385,-0.16503663138464386,-3.209728717803955,0.019292195638020832,0.0563507080078125,256
defactify,1,5,21493,0.9823460803509781,0.9913322042138103,JPEG,0.10516357421875,24.512062072753906,6.298006534576416,256,1.0085583925247192,0.10708832740783691,0.8276663422584534,0.31561805648070057,0.12381745710638566,0.017848257786369153,0.03872921669265568,20.861957550048828,0.3053274154663086,1.383840560913086,0.6581573486328125,-1.42411254869028,-2.6837977359745473,-3.438720604189748,-3.6555220004702234,-3.7586323944677313,0.6387601195883996,-0.15249934745706833,-2.7879951000213623,5.086263020833333e-06,0.01702880859375,256
defactify,1,2,100037,0.9920167301788164,0.9957328438978584,JPEG,0.1123046875,16.49736213684082,4.555990219116211,256,1.6403560638427734,0.14094339311122894,0.642264723777771,0.28311600907162465,-0.02551272696077446,0.03484546431264551,0.0032511396637161833,7.928107261657715,-0.0994112566113472,1.6635528802871704,0.5500030517578125,-0.6312100669744298,-1.1770801408103333,-2.0178455325031877,-2.217659912901894,-2.2825059643132675,0.7004739305501544,-0.16289920584162018,-1.7803637981414795,0.0,0.0034637451171875,256
defactify,1,5,30540,0.9531685784974604,0.9649076527519609,JPEG,0.007415771484375,51.33810806274414,3.996696710586548,256,1.0240275859832764,0.3020808696746826,0.4729251563549042,0.25671181020441575,-0.009444985857876224,-0.012133950032167993,0.025150492750162526,6.695821762084961,0.8211881518363953,3.458019495010376,0.40484619140625,-1.3008717525832028,-2.2341939527054278,-3.0847218240197165,-3.4262086791107986,-3.547379590007636,0.8301840635476969,-0.1874031827859556,-1.7353124618530273,0.0152435302734375,0.1386871337890625,256
defactify,1,3,56732,0.7658852655803121,0.9003966580453804,JPEG,0.2190704345703125,8.822635650634766,7.264506816864014,256,2.0023815631866455,0.2614074945449829,0.9317943453788757,0.26379110259091704,-0.0369954686035457,-0.019379315386566023,-0.0354161094056818,46.36868667602539,-0.367404043674469,0.8269466161727905,0.8120574951171875,-1.424397392158208,-2.248374395508522,-2.9256045108463984,-3.1630335979642377,-3.2079669787359912,0.660298325451325,-0.1482639056776947,-2.355560302734375,0.0004730224609375,0.048858642578125,256
defactify,1,1,105385,0.9390218723369812,0.9605571839848683,JPEG,0.0059661865234375,57.34858703613281,4.237513542175293,256,1.1396312713623047,0.34518828988075256,0.4622836112976074,0.10600822540972413,-0.04147094784216767,0.001594243429122223,-0.006225785392455027,6.641152381896973,0.44987380504608154,4.859176158905029,0.3487548828125,-1.2057478483496764,-2.244922953030522,-2.760421970659662,-3.030727048464164,-3.0767244486549146,0.5460561162417621,-0.11857996270640883,-1.357836127281189,0.043802897135416664,0.31561279296875,256
defactify,1,4,13750,0.9830416472217551,0.9804704197026408,JPEG,0.010162353515625,54.79791259765625,4.5729498863220215,256,0.9808710813522339,0.325177937746048,0.40757739543914795,-0.10722099862214009,-0.007366596420659117,0.0030931322545992923,0.009327836239252329,10.864106178283691,0.5227465629577637,7.181412696838379,0.328765869140625,-1.0248275960705122,-1.5194703307425863,-1.8763083342502132,-2.022568014616401,-2.1055955404218967,0.46426401104385295,-0.08928605665299542,-1.2265633344650269,0.0003611246744791667,0.2791900634765625,256
defactify,1,3,99081,0.972209262413118,0.9722992020598757,JPEG,0.0738372802734375,30.976234436035156,11.620417594909668,256,1.2319581508636475,0.1918405145406723,1.179844856262207,0.04157558320408175,0.021795365088464653,0.0593263144403483,0.00568799516202217,28.794824600219727,1.2431410551071167,3.560638904571533,0.51751708984375,-1.4527616294838648,-2.296885062510624,-2.8928234123783634,-3.182216155005304,-3.2444845838334224,0.6310013625476616,-0.13802359939139516,-2.0704917907714844,0.0208282470703125,0.1204833984375,256
defactify,1,2,90128,0.9596350209323039,0.9695403113018628,JPEG,0.01422119140625,28.720508575439453,4.5279622077941895,256,1.3278495073318481,0.4602133631706238,0.7432746887207031,0.13678672969602632,-0.13770924481394453,0.020750040267607527,0.017125004130925034,8.4060640335083,0.1971825808286667,2.4421515464782715,0.4346923828125,-1.2772007932724811,-2.0411973490766977,-2.665901176584187,-3.0317902103211445,-3.1062177110342413,0.8174700510734958,-0.1627656433852223,-2.1654884815216064,0.00012715657552083334,0.0677642822265625,256
defactify,0,0,14526,0.9420496455443678,0.9746892460454396,JPEG,0.216888427734375,8.206238746643066,10.792837142944336,256,2.286252975463867,0.3384903371334076,1.1134096384048462,0.17881548990648416,-0.06916905770529187,0.034293571290774726,-0.031922563802706284,127.42079162597656,-2.3425726890563965,1.0428330898284912,0.867156982421875,-1.5686439287008138,-2.4185472931083813,-3.008831964693272,-3.227231496477806,-3.271664752974567,0.48573627194321256,-0.12230763554077959,-2.3622007369995117,0.00014241536458333334,0.0215301513671875,256
defactify,1,2,95162,0.9907322974669373,0.9935531896103018,JPEG,0.0128326416015625,35.67153549194336,5.087144374847412,256,1.3000341653823853,0.3209407329559326,0.6296913027763367,0.5821099068776828,0.5086648461106053,0.5220031644278649,0.43307137132618373,13.030956268310547,0.6578664183616638,3.966444492340088,0.4601593017578125,-1.292628459712911,-1.9090044793665157,-2.652248936495985,-3.026618126737266,-3.187920003076653,0.8670501158037469,-0.17982633519387908,-1.7822297811508179,8.646647135416667e-05,0.0337371826171875,256
defactify,1,1,44523,0.9936424723926498,0.9989521639951414,JPEG,0.070556640625,36.436309814453125,6.107410907745361,256,1.205194115638733,0.12520399689674377,0.844341516494751,-0.19912233887098768,0.03371464208097547,-0.00856174071798134,-0.0007041404169571552,11.554705619812012,0.29223766922950745,7.5940022468566895,0.4208221435546875,-1.530691103690705,-1.8301158882771276,-1.7806259375840687,-1.7732283587183524,-1.7769579021297943,-0.1005107043866369,0.01116094850571884,-0.41152873635292053,0.001708984375,0.0688934326171875,256
defactify,1,5,14116,0.8485642381761521,0.8295504156281234,JPEG,0.0511627197265625,17.59528350830078,6.447999954223633,256,0.964092493057251,0.30289772152900696,0.7946610450744629,0.3912206309945566,0.14624817823876843,0.021611140829565122,0.01558026184574661,14.211124420166016,0.37419626116752625,1.1654609441757202,0.69110107421875,-1.4639447548849276,-2.487667531343078,-3.2955852646229156,-3.514204148381448,-3.5383726915509564,0.6248558679298726,-0.15716631550888047,-2.5290942192077637,0.021280924479166668,0.0973663330078125,256
defactify,1,5,20533,0.9370109635579126,0.9287407251187063,JPEG,0.0791778564453125,24.84624481201172,6.494958400726318,256,1.0173473358154297,0.17342552542686462,0.7444005608558655,0.23789787491198103,0.012080337217807059,-0.008407380155143841,0.0110135549937312,17.867385864257812,-1.1652536392211914,2.0188486576080322,0.6056671142578125,-1.1593668144846987,-2.207251195301021,-3.0212727331510436,-3.272775111968258,-3.3043629592351085,0.6195574362930731,-0.15894418695797918,-2.1799070835113525,0.00010172526041666667,0.0995025634765625,256
defactify,1,3,62190,0.9554589906542263,0.945998956858666,JPEG,0.2095947265625,8.605650901794434,9.239394187927246,256,1.6647334098815918,0.5255101919174194,1.3659758567810059,0.11466887864032167,0.023817879627210912,0.037496955650730024,-0.010103753802967982,71.9268569946289,-0.011635717004537582,1.1544198989868164,0.82977294921875,-0.9077912955459784,-2.172642616059842,-2.750704439364125,-3.0311194418425624,-2.713349700608985,0.30546789313884926,-0.10642178287923351,-1.8743562698364258,0.0,0.0262603759765625,256
defactify,1,1,30164,0.9690491196593825,0.9732629710250082,JPEG,0.2197265625,21.210060119628906,10.657363891601562,256,1.367008090019226,0.10762128978967667,1.144059658050537,0.10979897594683302,-0.016565460925315533,0.03663803899120904,-0.007448760145953754,53.429466247558594,-2.146477460861206,3.132103681564331,0.72088623046875,-1.6012356427872225,-2.1763277075397776,-2.534530005157144,-2.8836693804865057,-3.014069449860121,0.540452440562456,-0.10855496920968401,-2.24822735786438,0.0014088948567708333,0.1239166259765625,256
defactify,1,3,127179,0.9956052715444641,0.9969403669491477,JPEG,0.1014404296875,39.50264358520508,7.36594295501709,256,1.3136205673217773,0.11904429644346237,0.9437715411186218,0.29292403714186643,0.24778704907894494,0.19303500902578716,0.1331977707043289,14.861490249633789,0.8896657228469849,8.179916381835938,0.47698974609375,-0.9628846021766604,-1.519712043483664,-1.7113015520999735,-1.9546091389118736,-2.1376728632929236,0.4856498474771396,-0.09191739692842775,-0.9668816328048706,0.009882609049479166,0.1074981689453125,256
defactify,1,2,98581,0.9856888685372238,0.9868457043268889,JPEG,0.0336151123046875,36.95991897583008,5.776035308837891,256,1.2859872579574585,0.24831046164035797,0.5844017267227173,0.37125220662052344,0.4090975818640834,0.3735995048569469,0.2788164886844511,8.286100387573242,-0.1837013214826584,4.649251461029053,0.4269561767578125,-0.9689379852833264,-1.6373320487562006,-2.0859600563316665,-2.2481202513065384,-2.30861444281903,0.4790911993003508,-0.09287611875018881,-1.128547191619873,0.0006815592447916666,0.093658447265625,256
defactify,1,5,27855,0.9623317937544558,0.9610786499806373,JPEG,0.00201416015625,57.940521240234375,3.2756075859069824,256,1.1713006496429443,0.4764435589313507,0.3642788827419281,0.3080403654972694,0.03956574327290949,-0.01842321609302167,0.008065191784985149,4.450268268585205,0.09870108217000961,3.4135401248931885,0.387908935546875,-0.9198564702387371,-2.082111733132594,-2.8618979733672525,-3.1740282016901302,-3.259913354639485,0.7897972548014787,-0.175665567029151,-1.7721903324127197,2.0345052083333332e-05,0.162872314453125,256
defactify,1,5,9657,0.9087539541575647,0.9741162411986054,JPEG,0.1657867431640625,18.877952575683594,10.724540710449219,256,1.0419317483901978,0.15904274582862854,1.150275707244873,0.3198100214005746,0.08403145470897616,-0.04376750402380701,-0.009346296477053099,45.97456741333008,1.3412811756134033,1.439070701599121,0.779693603515625,-1.6647067283725336,-2.836919146321173,-3.568844041616245,-3.890006060419294,-3.956795210028658,0.7037221746622073,-0.1612974541981688,-2.7103428840637207,9.1552734375e-05,0.042205810546875,256
defactify,1,4,11798,0.9839767797229815,0.9867137864799753,JPEG,0.188690185546875,50.85162353515625,7.223509311676025,256,1.0252301692962646,0.01129020657390356,0.7569916248321533,0.36461601860841947,0.2391680179375943,0.13892435643010162,0.03835685975512224,16.299903869628906,0.4574088454246521,8.546640396118164,0.5157928466796875,-1.2772565608370732,-1.7803951885108242,-2.1183109177572907,-2.2271652863042686,-2.358212316735429,0.42132692731526245,-0.07280937098062622,-1.0457743406295776,0.0018157958984375,0.175933837890625,256
defactify,1,2,107723,0.8595738782940711,0.9129819710486835,JPEG,0.112060546875,28.852008819580078,7.976829528808594,256,1.501014232635498,0.0715240091085434,0.8302924036979675,0.32418211938229274,0.3645242533944969,0.230731939874233,0.10991166802827317,24.111310958862305,0.5750554203987122,2.593100070953369,0.671417236328125,-1.6638773005875915,-2.653106523870175,-3.2755888405816016,-3.5610599610750793,-3.6818899675112897,0.7018378793058577,-0.14405432060628168,-2.2172999382019043,0.005157470703125,0.1077423095703125,256
defactify,1,1,57643,0.9852721734928135,0.988431866341362,JPEG,0.074188232421875,34.5870246887207,7.632920265197754,256,1.4201842546463013,0.1292227804660797,0.8605411648750305,0.23251797177496522,0.19939036064404866,0.13613002165852442,0.06277078976403491,24.514554977416992,0.48310714960098267,4.906617164611816,0.5508880615234375,-1.264184367809194,-2.1695840792838714,-2.5367299828086995,-2.6656908809894766,-2.6853104799236878,0.31356477872928146,-0.07503967172907287,-1.7418510913848877,0.002227783203125,0.0925140380859375,256
defactify,1,2,37263,0.9312624852835267,0.9266766646739774,JPEG,0.38671875,7.890064239501953,5.9582061767578125,256,1.918938398361206,0.0,1.1077134609222412,0.13550000391634298,-0.14591823944757756,0.01842230349153889,0.010642667583084506,17.181110382080078,0.10512138158082962,0.9818850159645081,0.7661895751953125,-0.8150870654544278,-1.4654191497664826,-2.1758338859930575,-2.2274573222675924,-2.270686326631058,0.35928573290600196,-0.11140890396535241,-2.008254051208496,0.0,0.0175018310546875,256
defactify,1,3,144614,0.9462473634232005,0.9823152646782594,JPEG,0.279632568359375,32.41380310058594,9.590352058410645,256,1.4112532138824463,0.0,1.0713074207305908,0.2577010828449221,0.00787102642429489,0.0007514548618258798,0.031854964611291677,33.591312408447266,2.3789072036743164,4.362307548522949,0.6619110107421875,-1.314025045096069,-2.0629751222954233,-2.630776589535907,-2.8518480415482843,-2.9616666209341007,0.6736525875767638,-0.13379208657262642,-1.8211506605148315,0.0579376220703125,0.1653900146484375,256
defactify,1,2,90033,0.9613155759668633,0.9792867748984048,JPEG,0.0578765869140625,53.359622955322266,5.84608793258667,256,1.2131080627441406,0.11232547461986542,0.5700944066047668,0.2139763548384507,0.022289887998832237,0.003530034482005691,-0.009393229446628492,11.68486499786377,0.23263616859912872,5.150113582611084,0.45477294921875,-1.605070234029017,-2.3894105553107217,-2.8983078459240197,-3.2012532821326625,-3.277552061229028,0.6521354748349895,-0.1330951462799214,-1.7945470809936523,0.013982137044270834,0.201904296875,256
defactify,1,5,15326,0.7648823958025392,0.7383445445436312,JPEG,0.1035614013671875,25.32009506225586,6.634092807769775,256,0.9549007415771484,0.10743081569671631,0.7969539165496826,0.33185997405917905,0.0753004236581875,-0.015125871967273661,0.008252097045289309,20.626428604125977,-0.692421555519104,1.4860937595367432,0.70404052734375,-1.7432922011582592,-2.934387392346877,-3.7113724702693034,-3.9352506855120097,-3.9834933064913285,0.6572276041276428,-0.15672939056108143,-2.6082215309143066,0.0005544026692708334,0.2848358154296875,256
defactify,0,0,61268,0.9947569061377058,0.9966352608084913,JPEG,0.00299072265625,68.36552429199219,4.038317680358887,256,1.0986154079437256,0.5965335965156555,0.44252005219459534,-0.06074789534274838,-0.03930884594368746,0.004268919285067187,0.014101749168282267,4.417398929595947,0.06190798431634903,9.596098899841309,0.2352752685546875,-0.9815537181670706,-1.3045448836455016,-1.5323356779140287,-1.7908704896778094,-1.857233712965975,0.41818171953017647,-0.08092082254266979,-0.8279529213905334,0.018061319986979168,0.10260009765625,256
defactify,1,4,15674,0.9878748541822873,0.9855167422597537,JPEG,0.0293426513671875,61.98168182373047,4.664942264556885,256,1.01083505153656,0.1458595246076584,0.4575002193450928,0.008909541971024747,0.05952818442568468,0.04317136367919054,0.01056596915447076,6.553997993469238,0.4087466597557068,9.526004791259766,0.3072662353515625,-1.0881038657310782,-1.6360333752313707,-1.8927410206570139,-2.0167906982627315,-2.081797037433412,0.41109169224984576,-0.07181945084472224,-0.821111261844635,0.004999796549479167,0.319305419921875,256
defactify,1,1,60672,0.9954722506159063,0.9963016997287141,JPEG,0.087615966796875,35.18135070800781,5.241154193878174,256,0.950938880443573,0.0617339164018631,0.595339834690094,-0.2246114829853298,0.10464234118395263,-0.024593677891622673,-0.03081937420893607,11.699994087219238,-0.42920923233032227,7.327398777008057,0.4366607666015625,-1.3641923024063196,-1.726141420783624,-1.5665173519405933,-1.4305821161168746,-1.528003233273708,-0.05753962308978178,0.0391017978252044,-0.5100440382957458,1.0172526041666666e-05,0.0483245849609375,256
defactify,1,1,81159,0.9709762906580695,0.9728126962918153,JPEG,0.0103759765625,31.848838806152344,5.115488052368164,256,1.252156376838684,0.5442782640457153,0.6558322906494141,0.14370448185320944,-0.01861352826636806,0.05927468588417652,0.01402704163651445,17.85230255126953,0.736482560634613,3.6008453369140625,0.3737945556640625,-1.2943739187476435,-1.9011698338931238,-2.5355525199573172,-2.795926198220811,-2.85665447315143,0.657101682717049,-0.13999610013032882,-1.7764551639556885,0.0023091634114583335,0.107879638671875,256
defactify,1,3,106007,0.995509904174917,0.9980315164893651,JPEG,0.0613861083984375,20.72159767150879,7.0320892333984375,256,1.4769819974899292,0.3382698595523834,0.8904036283493042,0.13777825164406385,-0.09155257143333982,-0.00985252869960525,-0.0009540813297412562,19.93041229248047,-0.6057011485099792,3.562321424484253,0.525482177734375,-1.0983135920657068,-1.5826215232489975,-1.921968636008378,-2.102944232559066,-2.200842863702457,0.4618807814814989,-0.0945328404288689,-1.0089935064315796,0.0,0.018524169921875,256
defactify,0,0,29960,0.9679909177588952,0.9231886191443733,JPEG,0.1292266845703125,45.465694427490234,6.522091865539551,256,0.8905887007713318,0.042086027562618256,0.6426509022712708,0.22257785091388818,0.1414485241979171,0.10934287172617457,0.029483221820830095,20.74826431274414,-0.4116918444633484,4.674676895141602,0.5086669921875,-0.9359139508651912,-1.965075950780503,-2.6029077313073117,-3.0247683860292502,-3.034178562872225,0.9412414393591826,-0.16313018086787284,-1.4326910972595215,0.009755452473958334,0.2687530517578125,256
defactify,1,1,104195,0.9677899844612077,0.9834256228772961,JPEG,0.0071563720703125,82.90263366699219,4.108285903930664,256,1.0536777973175049,0.43783268332481384,0.31903576850891113,-0.06635729121468903,0.3225699753996861,0.04522468470247939,0.018107708927020683,3.930515766143799,0.5712340474128723,10.281916618347168,0.2842559814453125,-1.092980273046373,-1.9417396253749883,-2.254061622317426,-2.5056983331805895,-2.5313318215590037,0.4166945508778488,-0.08097379804271562,-0.6929782032966614,0.061238606770833336,0.2608795166015625,256
defactify,1,5,12888,0.9442200283559263,0.9637156403249657,JPEG,0.1468353271484375,16.616472244262695,8.967206954956055,256,0.8445808291435242,0.256013423204422,0.9552536010742188,0.5022611502713166,0.32487686981137587,0.2320498451905805,0.16333420736723087,45.99417495727539,0.6367785334587097,1.2621842622756958,0.7842254638671875,-1.4350544849404798,-2.394346860179403,-3.325393790678068,-3.6359861034963714,-3.716398497746922,0.7054582757500705,-0.19482130742106943,-2.5504636764526367,0.0001220703125,0.0294189453125,256
defactify,1,2,115001,0.9731595231286423,0.9843943685570684,JPEG,0.047576904296875,31.02246856689453,6.156912326812744,256,1.2376397848129272,0.21637997031211853,0.8405959606170654,0.0804211749727683,-0.0810311294620879,0.07486455751510745,0.023856853736506353,9.453076362609863,0.008692664094269276,3.390824794769287,0.4579010009765625,-1.6700424789585124,-1.9828870678269146,-2.61436743005532,-2.8788579257960976,-3.0118044063200617,0.8089072591941253,-0.15631331156383776,-1.4508386850357056,0.0003458658854166667,0.0856781005859375,256
defactify,1,5,23607,0.9401132572919038,0.9148283697844362,JPEG,0.018646240234375,34.75508117675781,3.922605514526367,256,1.0037137269973755,0.4442462623119354,0.44740232825279236,0.34509123707444717,0.05619705305838762,0.04288647990219718,0.040785253410665,6.1658735275268555,0.08328641206026077,2.55708384513855,0.444244384765625,-1.3496797034414696,-2.1382046694647263,-3.0616401505660704,-3.383571978691049,-3.463021426773552,0.7220474488525337,-0.18642076042489028,-2.0614309310913086,4.57763671875e-05,0.1806640625,256
defactify,1,2,159115,0.975775754898226,0.9901440591871998,JPEG,0.0033721923828125,58.00868225097656,3.6159660816192627,256,1.1979472637176514,0.6668076515197754,0.3032808303833008,0.2832051044332052,-0.05200081524845919,0.1223729854926529,0.09380319675843371,2.1744956970214844,0.057418107986450195,5.799990177154541,0.2693023681640625,-0.6894932153743012,-1.0917243967826318,-1.6568275742438514,-2.129215686366499,-2.2500076391580395,0.969590607137353,-0.17972056203763492,-1.3339802026748657,0.00140380859375,0.1204681396484375,256
defactify,1,3,59293,0.9803126562079965,0.9813023339949709,JPEG,0.087677001953125,34.68889617919922,9.193916320800781,256,1.2905824184417725,0.12157434970140457,0.9629040956497192,0.2257700512799017,0.031705804183821275,0.04773519630211139,0.006882183832415915,39.82030487060547,1.1909029483795166,4.560625076293945,0.56756591796875,-0.8722873364836765,-1.3198449937458365,-1.7917997445431597,-2.174736208764325,-2.2562375498568876,0.6215342262461379,-0.1325536455968944,-1.1462677717208862,0.052495320638020836,0.15869140625,256
defactify,1,3,123728,0.9679226828579269,0.9717317552185407,JPEG,0.0110015869140625,42.774017333984375,5.900219917297363,256,1.0877318382263184,0.36185434460639954,0.7660371661186218,-0.15855768545679946,-0.0895853559332028,-0.005601371336497587,0.010155744468798003,13.957862854003906,0.4812442660331726,5.413772106170654,0.3714141845703125,-1.3887151298568998,-2.023103016273259,-2.46250521560611,-2.705391814872365,-2.8076252356629015,0.6328566584116748,-0.11873050804888959,-1.6188116073608398,0.017110188802083332,0.2834320068359375,256
defactify,0,0,20335,0.9645748589445905,0.9666005258544164,JPEG,0.1445465087890625,13.440187454223633,10.133720397949219,256,2.025073289871216,0.33140212297439575,1.0895076990127563,0.0011408859384530407,-0.012755472796359532,-0.007347910924327277,-0.006094103355803586,443.8543701171875,-14.5178804397583,1.9773825407028198,0.71881103515625,-1.3589926081907304,-2.1896304331169523,-2.9659668601956253,-3.1661390097985844,-3.261780494167915,0.6821591742782691,-0.1578663707853614,-2.1175894737243652,0.0002899169921875,0.045257568359375,256
defactify,1,1,60342,0.9965779240060135,0.9965755247838872,JPEG,0.2451171875,59.332916259765625,5.4316558837890625,256,1.2014434337615967,0.0,0.7814186215400696,0.2666919549940139,0.1787262321454352,0.238095155277265,0.14321786127318117,13.520879745483398,-0.9851409792900085,6.318487167358398,0.598541259765625,-0.21711407152832063,-1.145913134385217,-1.7696379978429544,-2.0074340474754004,-2.104821774778106,0.4527027683867635,-0.12165837984542666,-0.9958710074424744,0.0003763834635416667,0.059722900390625,256
defactify,1,4,17357,0.9779192109813182,0.968874341145814,JPEG,0.02459716796875,65.68360900878906,4.408613204956055,256,1.0265451669692993,0.19897553324699402,0.40537190437316895,0.06362483875548124,-0.0061293408452082945,-0.04319844089110047,-0.004514825439537514,6.120238304138184,-0.17135736346244812,11.235457420349121,0.3048248291015625,-1.060737291363763,-1.5883559786087709,-1.7603196373395482,-1.8409120382411688,-1.916420672358389,0.2255502914230174,-0.04550506447857518,-0.5614027380943298,0.0034993489583333335,0.5481719970703125,256
defactify,1,3,103180,0.9996147223306964,0.9999337426317697,JPEG,0.1041259765625,41.918800354003906,5.308413982391357,256,1.0813478231430054,0.09211190789937973,0.8747378587722778,-0.09134413605852912,-0.037978874335271424,0.06047897944540526,0.04968168302236633,5.676128387451172,0.19156686961650848,7.549131870269775,0.4378204345703125,-1.0715089447044788,-1.111843916610554,-1.4598184994335845,-1.689714252530024,-1.7641238864330129,0.5322442500738926,-0.10128245230053115,-1.0653032064437866,0.0045623779296875,0.006805419921875,256
defactify,1,1,35804,0.9691748089903868,0.9451724772951956,JPEG,0.2684326171875,14.753011703491211,13.019408226013184,256,1.5316840410232544,0.248098686337471,1.348305106163025,0.13697059745024717,0.2858331866726753,0.20180965639044668,0.14474299870850144,66.6279296875,0.19139868021011353,2.118027448654175,0.767822265625,-1.6707573820402493,-2.6251328417200215,-2.8573632359082612,-3.059744745540568,-3.138120196646576,0.47027302158216155,-0.08284196359683467,-1.6468080282211304,0.0,0.065460205078125,256
defactify,1,2,66024,0.963015908733944,0.9769385079741424,JPEG,0.13067626953125,24.22462272644043,7.081179141998291,256,1.1166468858718872,0.0741715058684349,0.6924923658370972,-0.037430268478028196,0.04892410183228356,0.09424124324716021,0.07641935192986377,11.80224323272705,-0.24459542334079742,3.2200543880462646,0.5800933837890625,-1.5090310030526943,-2.246988127156845,-2.662809145250602,-2.8885788876897616,-2.9157950063132336,0.47610417361729596,-0.10375678979904332,-2.16194486618042,0.005198160807291667,0.05389404296875,256
defactify,1,2,129944,0.9616381629446501,0.945523163057015,JPEG,0.0257720947265625,30.94491195678711,5.840768814086914,256,1.513353943824768,0.21945276856422424,0.6813899874687195,0.30305225525470536,-0.030827669936601618,0.0002881620848296061,-0.013248672483163165,12.835855484008789,0.49172070622444153,2.8264458179473877,0.4720458984375,-1.610118230498136,-2.232966685106268,-2.9118166016138343,-3.293695520671297,-3.4008511282875693,0.8498286126577801,-0.1781109984211022,-2.393277406692505,5.0862630208333336e-05,0.1260528564453125,256
defactify,1,1,43961,0.9872915028288765,0.9911004943053203,JPEG,0.281402587890625,12.351911544799805,14.03136157989502,256,1.5980994701385498,0.32732659578323364,1.7470463514328003,0.08175351626756616,0.028584524740043363,0.07396750320726443,0.0340730508575484,95.69197082519531,1.1976617574691772,1.7073360681533813,0.767425537109375,-1.7617599802225463,-2.8584221874847264,-3.3052125472764757,-3.4690896229828825,-3.528458314499809,0.35184510655655465,-0.08750877537950869,-1.8875139951705933,5.086263020833333e-06,0.0145721435546875,256
defactify,1,2,69313,0.9142402606106625,0.9710288622286175,JPEG,0.1825103759765625,11.696464538574219,9.104893684387207,256,1.3017619848251343,0.29868045449256897,1.148567795753479,-0.04890587905838266,-0.06479499004286558,0.024415484954464002,0.022848423682177932,123.00416564941406,-0.3284326493740082,1.2856626510620117,0.7799224853515625,-1.3594538471390418,-2.361276312579193,-3.1812231328453593,-3.3098940312201814,-3.3461173925189454,0.47643315098483274,-0.1387622245346979,-2.2187793254852295,1.0172526041666666e-05,0.032012939453125,256
defactify,1,5,18292,0.9333537882644842,0.9394885585013405,JPEG,0.052032470703125,40.730682373046875,5.451691627502441,256,0.9085757732391357,0.2651890516281128,0.5743213295936584,0.42876102022004403,0.2299891256706577,0.2178374477379949,0.31721295302477676,18.64781379699707,-0.940768301486969,2.890503168106079,0.5477752685546875,-1.2137381501152866,-2.0360643808627827,-3.1120069361909968,-3.4556071328233084,-3.530858981686692,0.823182608953335,-0.2180382333493057,-2.2564096450805664,3.0517578125e-05,0.2298736572265625,256
defactify,1,5,16876,0.8725819778317497,0.8094804396714379,JPEG,0.0634918212890625,24.36181640625,7.9290995597839355,256,1.0366588830947876,0.21427692472934723,0.9229878187179565,0.26255142194456216,0.05840386636444961,-0.0033804944283101135,0.003973101034497433,25.784709930419922,-0.21016398072242737,1.5144836902618408,0.7169647216796875,-1.6428168332515591,-2.857852968267248,-3.5872016946780496,-3.850922898855833,-3.955127887172271,0.7059902770517725,-0.1591703206428276,-2.709066152572632,0.0016377766927083333,0.1774444580078125,256
defactify,1,4,13466,0.9867520395797006,0.9909929005949383,JPEG,0.0205230712890625,58.70673370361328,5.360316753387451,256,1.0067598819732666,0.2706453502178192,0.4788792133331299,0.34721041593730173,0.31872179069523876,0.21553830663509116,0.1266801084350935,16.84389877319336,0.5226715207099915,8.704826354980469,0.3576812744140625,-1.3556020678035523,-1.7937731640388703,-2.07783295330864,-2.347743826336335,-2.4033478687118404,0.47844239679376965,-0.08402887003228564,-0.8653988242149353,0.044342041015625,0.1580047607421875,256
defactify,1,5,17121,0.870682430664387,0.8721154523507683,JPEG,0.0420684814453125,32.459564208984375,5.920184135437012,256,0.9949292540550232,0.21482688188552856,0.6921383738517761,0.3177137835808118,0.19163099269915387,0.10850377964917517,0.04664324561103655,16.98334312438965,0.7959563732147217,1.8488444089889526,0.6351318359375,-1.4550523243009028,-2.797425299838392,-3.5398149974211517,-3.859113028151995,-3.921196502157253,0.7616775546862664,-0.17258180760815214,-2.7226171493530273,0.0047454833984375,0.21026611328125,256
defactify,1,4,12478,0.947796665651664,0.9708772174588002,JPEG,0.0165252685546875,53.12861633300781,6.274556636810303,256,0.9415231347084045,0.13503757119178772,0.558811366558075,0.22049773383176,-0.05157092544442323,-0.01373315536753664,0.005604433631361911,18.11069107055664,0.4309372901916504,4.952935695648193,0.5052947998046875,-1.1994674541993406,-2.1730375551727192,-2.626728909947607,-2.874453668363465,-2.956644994112562,0.5225413123699099,-0.11167029658236054,-1.9342799186706543,0.017852783203125,0.327850341796875,256
defactify,1,4,12312,0.9854978142722012,0.985084095290044,JPEG,0.01800537109375,49.592529296875,5.2922234535217285,256,0.9897348284721375,0.2471756637096405,0.5470681190490723,0.11013228567275685,0.08981025516646914,0.12164247560740583,0.03841931570825138,16.583770751953125,-0.02155771665275097,6.683678150177002,0.3900146484375,-1.1139833633934577,-1.6698623097275815,-2.1143288284755304,-2.252365463826549,-2.4015268686008175,0.45627460375015527,-0.10344959592711118,-1.4409316778182983,0.0006612141927083334,0.1912384033203125,256
defactify,1,1,65062,0.9602181086154532,0.8724970231445855,JPEG,0.1423492431640625,29.237504959106445,13.40743637084961,256,0.8366024494171143,0.08215861022472382,1.087943434715271,0.20493378471498047,0.31362358971961074,0.2655292671024518,0.18973204765160145,28.248498916625977,-1.164987325668335,3.4683732986450195,0.537628173828125,-1.3724025367760984,-2.254914936615773,-2.567301847273195,-2.773687837821031,-2.8977250577871043,0.45818777703652813,-0.09752539506591196,-2.0783562660217285,0.011891682942708334,0.10797119140625,256
defactify,1,5,17798,0.9441200156012954,0.9382548235177471,JPEG,0.066131591796875,34.724937438964844,4.903428554534912,256,1.0977946519851685,0.13784821331501007,0.6585731506347656,0.20019985604173146,-0.08039891294252445,-0.02848176632722261,0.003057453901499574,10.583089828491211,-0.14879512786865234,2.7515769004821777,0.56878662109375,-1.045216534591674,-2.0064335073977206,-2.850167306856479,-3.219589427670022,-3.323961701845266,0.8103725744399437,-0.18548223964374266,-1.8162086009979248,0.00015767415364583334,0.170379638671875,256
defactify,1,3,69936,0.9809213386278138,0.9881671538821606,JPEG,0.3975372314453125,21.21772003173828,8.005681037902832,256,1.3458757400512695,0.0,1.2471230030059814,0.31330824404502916,0.13308181393341784,0.1588915331320823,0.1038338442442682,52.46969985961914,-1.7679693698883057,3.395338773727417,0.6320648193359375,-1.1757570360997551,-1.8319143182260058,-2.536663702817001,-2.889872533103463,-2.957218817142806,0.816607902281163,-0.17223501763723092,-1.5602980852127075,0.00018310546875,0.0543670654296875,256
defactify,1,1,37975,0.8853360747722928,0.9075353211922182,JPEG,0.361907958984375,15.509197235107422,12.072436332702637,256,1.5614714622497559,0.0,1.2679836750030518,0.12930066868421639,0.027527650979001696,-0.0190247854492356,-0.0036576449676587806,39.682254791259766,1.0750343799591064,2.2067489624023438,0.7154083251953125,-1.3026253013169589,-2.0863283010995177,-2.60522669469809,-2.877881174310609,-2.9737195277493065,0.6567553584044106,-0.12879008433286968,-2.2656567096710205,0.021870930989583332,0.1180877685546875,256
defactify,0,0,48385,0.9929055716724917,0.9933484894539938,JPEG,0.054931640625,54.264190673828125,5.836104869842529,256,1.2905552387237549,0.14955340325832367,0.647580087184906,0.25379192480575685,0.21330859590930962,0.16253777003659303,0.10825722474893326,13.04806137084961,-0.12051000446081161,10.03625774383545,0.3386688232421875,-0.9050573261550259,-1.2115812136777429,-1.5186934095118687,-1.6191160332409495,-1.7058866945447022,0.30271588156184137,-0.057601793495825684,-1.0807212591171265,0.010294596354166666,0.176025390625,256
defactify,1,1,62832,0.9963891903001053,0.9970701714622592,JPEG,0.036773681640625,32.034175872802734,4.957457542419434,256,1.2387309074401855,0.2087155431509018,0.8117421269416809,0.1350356078083612,-0.155100133426391,-0.00499597464638979,-0.02219491555508067,8.489989280700684,-0.0427735261619091,6.083996772766113,0.39154052734375,-0.5750594140429213,-0.7907100950788033,-1.2622658640373947,-1.5814048091542974,-1.6824336536186184,0.7488347561383311,-0.13404173806312383,-0.7583773136138916,0.0009969075520833333,0.075714111328125,256
defactify,0,0,28046,0.9897733345091579,0.9951423094994368,JPEG,0.084716796875,36.428794860839844,7.27026891708374,256,1.3738113641738892,0.21483539044857025,1.058592677116394,0.23683713249533278,0.15409630994483145,0.16115488763410732,0.1177600825656041,16.576318740844727,0.1831142157316208,7.2477617263793945,0.4871063232421875,-1.3021919810335625,-1.6905100383969982,-2.0730022842450406,-2.3466370282265068,-2.469253182361931,0.6068978360014965,-0.1128146940318417,-1.5442874431610107,0.0007883707682291666,0.129425048828125,256
defactify,1,5,17796,0.9474947973822497,0.9552970577893513,JPEG,0.024810791015625,28.803775787353516,6.217584609985352,256,0.987540602684021,0.37520986795425415,0.6882026195526123,0.35352162669708337,0.06391370676785625,0.006351535134018664,0.029467147762821475,18.09258460998535,0.2409641146659851,1.948771595954895,0.555816650390625,-1.406299474906631,-2.6526545883901456,-3.411954725973823,-3.7356732902314738,-3.7737712397643994,0.6317329781196337,-0.15871703012748922,-2.272526264190674,1.0172526041666666e-05,0.06390380859375,256
defactify,1,2,73242,0.8841829303207821,0.9421048192741159,JPEG,0.5046234130859375,21.872329711914062,9.938997268676758,256,1.8291574716567993,0.0,1.047903299331665,0.7629433961089684,0.7362618941684247,0.6581217414339032,0.5559825875132361,36.908748626708984,0.6149665713310242,2.7809338569641113,0.7793426513671875,-1.5914774099576885,-2.1898858249370203,-2.9775757289018197,-3.319702780059159,-3.4855053408812724,0.6861805854092138,-0.17273839492865403,-2.166457414627075,1.52587890625e-05,0.0968475341796875,256
defactify,1,5,5289,0.9187517323237597,0.8921457742695894,JPEG,0.7497711181640625,6.124499320983887,17.87053108215332,256,1.1113332509994507,0.0,2.2393112182617188,0.26374102646560627,0.01651176849213469,0.0007260987756891184,-0.006405726352564783,90.92359161376953,-2.7371435165405273,1.0980725288391113,0.9201202392578125,-1.319496394630467,-2.323455377242561,-3.1827496104869537,-3.612778959126362,-3.5967692500145407,0.7119104360991466,-0.1841249386748168,-2.0034120082855225,0.00013224283854166666,0.0493621826171875,256
defactify,1,4,15249,0.9908980932676593,0.9918808617037128,JPEG,0.0408782958984375,72.31632995605469,4.548594951629639,256,1.0278090238571167,0.1739785373210907,0.4572142958641052,0.0889770134898029,0.032497828982566944,0.06584342670942758,0.03352753733847891,8.558370590209961,0.8388216495513916,9.931015014648438,0.3385009765625,-0.9990097298336229,-1.5814348484583638,-1.9444198709485825,-2.1486747982124372,-2.220250893096412,0.4607596332026036,-0.0890270477911391,-0.7801089882850647,0.010472615559895834,0.194793701171875,256
defactify,1,1,61792,0.9881170954721148,0.985057506426917,JPEG,0.2191162109375,45.72219467163086,6.71287727355957,256,1.2516945600509644,0.02142283506691456,0.8400894403457642,0.3099120979506919,0.3134576018725551,0.2622858585933215,0.1828888715142858,19.239364624023438,1.3335552215576172,6.0019612312316895,0.5552520751953125,-1.3132081176710289,-1.9843085465303112,-2.337432094890932,-2.380326430415887,-2.5038833407859515,0.32969843271055144,-0.06794598491598634,-1.2577111721038818,0.005635579427083333,0.1121063232421875,256
defactify,1,3,48826,0.7424821088853103,0.8705604388102787,JPEG,0.3579254150390625,18.899330139160156,9.23090648651123,256,1.272936463356018,0.0,1.1414079666137695,0.11880337226365209,-0.1194815968951957,-0.0027160479898353544,0.0034277525886428103,56.05699157714844,-1.3616970777511597,1.3614250421524048,0.7861328125,-1.6854482365556454,-2.90143915805809,-3.768367279776162,-4.022747105369491,-4.110339530600588,0.7596882409904282,-0.1743558648374397,-2.960273265838623,0.012563069661458334,0.182373046875,256
defactify,1,1,66771,0.9668379102870541,0.9792969534436278,JPEG,0.0197906494140625,34.343711853027344,5.36070442199707,256,1.2093805074691772,0.3929472863674164,0.39855265617370605,0.06900052601010032,-0.02282047835681574,-0.032576171744741984,0.03410371532216499,59.7608642578125,1.7349433898925781,3.1909332275390625,0.6158599853515625,-1.316177217447125,-2.117867898345965,-2.4796546522528446,-2.6147592715706445,-2.715319161110429,0.4088735120523008,-0.08418311275987303,-1.1164261102676392,0.0006306966145833334,0.0602874755859375,256
defactify,0,0,19157,0.9228453210199881,0.9472330518429922,JPEG,0.2147216796875,20.010618209838867,7.358310222625732,256,1.4795197248458862,0.08248639106750488,0.903971791267395,0.039386599332432576,-0.13269717503833864,-0.017592208817269424,0.005511912248477504,81.91861724853516,1.3917547464370728,2.0372838973999023,0.7463836669921875,-1.530574699141103,-2.217891687768998,-2.6696412406155137,-2.9303138947906833,-3.030415629452291,0.6968992036087105,-0.12690332764362464,-1.9686501026153564,0.0038553873697916665,0.15203857421875,256
defactify,1,1,87488,0.9814874525932856,0.9878256798613597,JPEG,0.0069427490234375,75.2764663696289,4.485551357269287,256,1.4493882656097412,0.4257718026638031,0.41201046109199524,0.67838881497465,0.5545724523955058,0.5288974691311744,0.44559038944186047,7.925559043884277,-0.5385058522224426,5.38737678527832,0.4335784912109375,-0.9063765666479684,-1.7229918862958744,-2.659325422058039,-3.087948756049146,-3.1503154230642334,0.8724674195155888,-0.21086887978467625,-1.6859043836593628,0.0060882568359375,0.1598663330078125,256
defactify,0,0,23233,0.9848957660842378,0.9935173446037785,JPEG,0.2813262939453125,24.173242568969727,10.921165466308594,256,0.6525787115097046,0.15088815987110138,1.0798614025115967,0.95304434033315,0.9322027288777953,0.8969305702426864,0.8196886522018634,55.04703903198242,0.19775915145874023,4.0256476402282715,0.7729339599609375,-1.3543229199287223,-1.7985493016337077,-2.573979991545932,-2.635605003176302,-2.515676886994754,0.31856933493317463,-0.100364443416626,-1.177850365638733,0.0014190673828125,0.0400848388671875,256
defactify,1,3,158080,0.9902716233838399,0.9912490094531835,JPEG,0.036529541015625,74.47090148925781,4.9408979415893555,256,1.0802159309387207,0.13912254571914673,0.5694484710693359,0.11534336274224705,-0.061320544403599665,0.01973128668546179,0.005038906395887809,9.076048851013184,0.6510167121887207,7.772737979888916,0.387420654296875,-1.3231475402266728,-2.095896899337495,-2.662343659502662,-2.9147906520739193,-3.0124635733101393,0.6727851588948175,-0.1353915790883157,-1.468749761581421,0.068817138671875,0.179962158203125,256
defactify,1,1,56185,0.9772866618368495,0.9786487475531849,JPEG,0.1840362548828125,20.315359115600586,8.887248992919922,256,1.0999714136123657,0.11751586198806763,1.0072414875030518,0.10060264490872343,0.16903285028701379,0.13606591788277594,0.06795165584657913,28.99280548095703,-1.2298699617385864,4.396592617034912,0.6800079345703125,-1.3603071360684078,-1.8158695892287922,-2.163860823573591,-2.2685561774902263,-2.2110999270091014,0.17915268109304705,-0.06374007422415191,-1.2104202508926392,0.008417765299479166,0.1454010009765625,256
defactify,1,3,48135,0.3864078237008612,0.3605928696097339,JPEG,0.189300537109375,12.96802043914795,4.9448466300964355,256,1.7265267372131348,0.0,0.9566171765327454,0.2085643236589439,0.13092433406755147,0.117117599833436,0.022922134733754394,16.009098052978516,0.33491215109825134,0.4470252990722656,0.8779144287109375,-2.8247504795183067,-3.537820344378912,-4.021534213237979,-4.209067866280675,-4.151718833738582,0.4297412589520486,-0.10809531760495887,-3.229808807373047,0.08646647135416667,0.1265411376953125,256
defactify,1,4,9747,0.9771560317592731,0.9731422279934189,JPEG,0.253753662109375,39.64814376831055,7.570761203765869,256,0.9969250559806824,0.0,0.838101327419281,-0.1782571468737182,-0.1009540324398882,0.015661362855450438,0.023091173432460102,28.502511978149414,-0.8265385627746582,6.879321098327637,0.606048583984375,-1.3938654346352148,-2.1054268452510714,-2.4144496530786848,-2.596308005806222,-2.6991600022694193,0.38295401596202083,-0.07910030657468081,-1.3001564741134644,0.0,0.2976837158203125,256
defactify,1,3,79440,0.6625628351073725,0.9417890894316963,JPEG,0.4907379150390625,24.886474609375,15.397688865661621,256,1.312075138092041,0.0,1.2577756643295288,-0.019189106608833023,-0.1541187755673592,0.03710841642882272,0.007662135797898472,31.328044891357422,-0.014967297203838825,2.3992044925689697,0.786285400390625,-1.4701262227800616,-2.4500282907760047,-3.4634006529555927,-3.662823495766067,-3.666978742366031,0.7028422688229652,-0.1824339148286167,-2.379143476486206,0.0291900634765625,0.1440277099609375,256
defactify,1,4,7287,0.9574466859557049,0.9519714820028357,JPEG,0.085113525390625,26.5655517578125,7.890557765960693,256,0.7709351778030396,0.15198123455047607,0.8769973516464233,0.47797546331850893,0.21953631649233585,0.0836053251747034,0.005131833060867058,53.94224548339844,-1.3857851028442383,2.61177134513855,0.657989501953125,-1.3128517670224058,-2.1491011578690973,-2.7362389425245057,-2.879782815641467,-3.016285851502503,0.5126391933308732,-0.11915959092508499,-1.7845008373260498,0.0012919108072916667,0.124908447265625,256
defactify,1,3,118603,0.9920948309976623,0.9900746393082408,JPEG,0.043304443359375,26.69330596923828,6.306242942810059,256,1.0010735988616943,0.6006906628608704,0.9523560404777527,0.15176500096866175,0.34077071374296447,0.20797649530730317,0.21570235666253654,11.555876731872559,-0.024067053571343422,4.722963333129883,0.4121551513671875,-1.0695870740096707,-1.2642659747265235,-1.7879515225925315,-1.9425634526158078,-2.027589561891192,0.6389260642073209,-0.12679101284463912,-1.1812750101089478,0.007349650065104167,0.03985595703125,256
defactify,1,3,105781,0.9855585586821544,0.9880694140813927,JPEG,0.021209716796875,58.31855773925781,5.79055643081665,256,1.214833378791809,0.22691388428211212,0.5741246342658997,0.26469394190433154,0.10403425365940637,0.22803905853137768,0.11946224958088862,12.305397033691406,-0.004040554631501436,5.537383556365967,0.411224365234375,-0.8060870208651769,-1.8379474023091227,-2.597057763980323,-2.841944098590689,-2.997323622500663,0.8894808548130868,-0.17282858483021232,-1.9229861497879028,0.00811767578125,0.159942626953125,256
defactify,1,5,21203,0.8921882336885012,0.8276200547868605,JPEG,0.053375244140625,33.242820739746094,5.7866716384887695,256,1.054244875907898,0.24733811616897583,0.7154611349105835,0.1954789624670429,0.021826110620651994,0.05674435675787983,0.02751048544326465,25.708433151245117,-0.0780358836054802,1.711521029472351,0.6658935546875,-1.9565051076407194,-2.7541673967946325,-3.6871681303993684,-3.9282536351381228,-4.0772383462691995,0.7101413765193936,-0.17893189357940406,-3.1285500526428223,0.0022430419921875,0.2323760986328125,256
defactify,1,5,16588,0.9273518674914831,0.9064658240484991,JPEG,0.132537841796875,23.70657730102539,7.5875773429870605,256,0.9721847176551819,0.10635961592197418,0.9130893349647522,0.2457459256215275,0.21111885056443944,0.1048996442061787,0.08558650620239981,22.598440170288086,0.5242908596992493,1.637324571609497,0.7027435302734375,-1.4268680001052676,-2.6298951347308392,-3.3824485941769957,-3.717489704832616,-3.7448712320256936,0.7036812540621673,-0.16835183435663784,-2.7778961658477783,0.0009765625,0.108734130859375,256
defactify,0,0,31403,0.9605779158443267,0.9653107677682339,JPEG,0.1119842529296875,40.94576644897461,8.317468643188477,256,0.8813556432723999,0.08990680426359177,0.862250804901123,0.29076309293720287,0.2893486608679494,0.20621856994892926,0.17796520653743936,31.655792236328125,0.4448779225349426,5.665507793426514,0.53778076171875,-1.3577880754927083,-2.17546029020915,-2.6731357883094002,-2.9215844755074647,-2.991930015417303,0.5768872316816154,-0.12371544980106422,-1.6548163890838623,0.009012858072916666,0.23199462890625,256
defactify,1,3,154640,0.9916877801565548,0.9920651195157415,JPEG,0.018707275390625,66.42800903320312,4.279384613037109,256,0.9981608390808105,0.14057183265686035,0.4615725874900818,0.07846961728469704,0.05830276619422725,0.05453433584039539,0.04721638221186828,4.448246002197266,-0.05654248222708702,9.841876029968262,0.2891693115234375,-1.1529588903023384,-1.6329423322482883,-1.9619346134783786,-2.1837944488611774,-2.2244333906394944,0.4216777831744709,-0.08645881767936434,-0.9113353490829468,0.003448486328125,0.2250518798828125,256
defactify,1,2,68266,0.9691569561655824,0.9607079727400408,JPEG,0.26190185546875,24.48516845703125,10.212630271911621,256,0.9215339422225952,0.0,1.0905705690383911,0.09610370296150572,0.17511728126440465,0.18636547433888445,0.09912714412790967,30.399364471435547,-2.2008216381073,2.8763272762298584,0.6982269287109375,-1.6310386807771895,-2.3200175790559436,-2.9974328951061064,-3.1477294938394804,-3.224869042398165,0.535941855348181,-0.12566321959143192,-1.5119469165802002,0.0007120768229166666,0.0594329833984375,256
defactify,1,5,9049,0.744557025503454,0.5344943310567617,JPEG,0.21923828125,12.088509559631348,9.581329345703125,256,0.9337767362594604,0.2827170193195343,1.226721167564392,0.27346741988766476,0.11023645284509036,0.019525124727213215,-0.006911915614891073,58.9101448059082,1.57646644115448,1.0055022239685059,0.8269500732421875,-1.5095425065539025,-2.617705558605021,-3.4453677615283578,-3.681708263211425,-3.7125722261266305,0.6568234505049309,-0.15993169937401241,-2.0907516479492188,0.031697591145833336,0.1568756103515625,256
defactify,1,4,11274,0.9730003976730481,0.9798308907548862,JPEG,0.029388427734375,39.05126953125,5.606403827667236,256,1.0027477741241455,0.24071049690246582,0.6096912622451782,0.10147185508376348,-0.060620184885206395,0.040859069017823255,0.03646953514307159,16.598928451538086,0.2079004943370819,6.153701305389404,0.44183349609375,-1.423044169851294,-1.898369492862531,-1.9667470879053734,-2.093111241625728,-2.1744061947749147,0.18528951576144426,-0.03184895564467097,-0.8652151226997375,0.0031992594401041665,0.2022705078125,256
defactify,1,5,18843,0.837043368973222,0.8281385803327144,JPEG,0.050811767578125,28.79531478881836,5.249540328979492,256,0.9909999370574951,0.2871691882610321,0.577089250087738,0.37053327064472,0.13457682526386833,0.03651483002909975,0.010607823394712917,21.38908576965332,1.2744965553283691,1.6655980348587036,0.6483001708984375,-1.4965707529765622,-2.681708329984472,-3.47971288250006,-3.6902000644861745,-3.8472158881946665,0.8061115715252933,-0.16778703550362853,-2.4109959602355957,0.0028839111328125,0.1965179443359375,256
defactify,1,2,76262,0.8922790582579283,0.8951506976481849,JPEG,0.044342041015625,26.7578125,5.0465006828308105,256,1.3171312808990479,0.18251244723796844,0.6083462238311768,0.2697664600834235,-0.00997800800259266,0.10107220289093453,0.0617766981423171,15.048868179321289,-0.28904181718826294,1.4660460948944092,0.67584228515625,-1.952461340757961,-3.0714215180582416,-3.9408829603135187,-4.138623833769947,-4.255238923731509,0.7418843137699236,-0.1684606891628017,-2.5004208087921143,0.0002492268880208333,0.1051483154296875,256
defactify,1,5,21815,0.8950432428081878,0.8953896091686288,JPEG,0.0344390869140625,25.87481117248535,5.003678798675537,256,1.0838942527770996,0.26469194889068604,0.6688739061355591,0.32202158274515696,0.04693923468038924,0.009494672537269381,0.032267693227491505,9.586797714233398,0.5028596520423889,1.9955238103866577,0.5406951904296875,-1.251486124582815,-2.3033443055357656,-3.105295815265193,-3.300908478055806,-3.3970869462347726,0.5978723450609631,-0.1506868179382059,-2.7090883255004883,0.004170735677083333,0.180511474609375,256
defactify,1,1,53578,0.9888502566779569,0.9905113144452503,JPEG,0.0415496826171875,27.59733009338379,11.487727165222168,256,1.0547775030136108,0.6311926245689392,1.1939789056777954,0.04180727718315864,0.11025987907324807,-0.0011412498250302277,0.0012593956991121542,37.02957534790039,1.365201473236084,3.8506877422332764,0.4378814697265625,-1.3544263245575587,-1.985839356962555,-2.590921295749175,-2.6649329775318105,-2.6779533750386957,0.44663556721294473,-0.10736537970034572,-1.4819425344467163,0.0038350423177083335,0.046630859375,256
defactify,0,0,20007,0.9785666201985296,0.9906286680199105,JPEG,0.1913604736328125,34.80744171142578,8.28271198272705,256,1.0127851963043213,0.0,0.950414776802063,0.22375776685822218,0.10229213651141866,0.12848873809811248,0.07557711461021004,37.38811111450195,-0.03993390500545502,5.437060356140137,0.5467071533203125,-1.3286470440997737,-1.8737455788962603,-2.2239854554711282,-2.621131952132642,-2.6522402172392985,0.6854696486055794,-0.1252262005536128,-2.1034088134765625,0.011698404947916666,0.129119873046875,256
defactify,1,3,128732,0.9937826583175122,0.994697560366351,JPEG,0.44561767578125,25.291889190673828,9.55589485168457,256,1.0543997287750244,0.0,1.5737566947937012,-0.056907127397362534,-0.04941700230348699,0.003590092241723168,-0.007993721958516053,20.873811721801758,0.19414053857326508,6.306863307952881,0.695281982421875,-1.3737782366913214,-2.0491515665431734,-2.365203360732452,-2.5023864720781006,-2.596046960313096,0.41797850528153013,-0.08173379037239906,-2.061115026473999,0.005396525065104167,0.07928466796875,256
defactify,1,4,15358,0.9787488940508997,0.9905419491334326,JPEG,0.0068511962890625,67.17837524414062,4.727166175842285,256,0.9940450191497803,0.22579142451286316,0.4959641396999359,0.11340421100222851,0.056576226733902876,-0.008823689889969278,0.006633259308851915,9.296606063842773,0.5997211933135986,9.789393424987793,0.337158203125,-1.0568871892028229,-1.5269141731895308,-1.9449720046006824,-2.092985066671962,-2.1312373365984154,0.3359540837536752,-0.08570596891750104,-0.7987189888954163,0.035695393880208336,0.258758544921875,256
defactify,1,5,15140,0.9060951870740265,0.9175961152444047,JPEG,0.053558349609375,26.160442352294922,6.505551815032959,256,0.9994655251502991,0.2618213891983032,0.8220827579498291,0.2928669392099677,0.035425781170928594,-0.002101257135092058,0.008154347415204755,17.60401725769043,0.2758328318595886,1.9558961391448975,0.636993408203125,-1.1931434801916856,-2.3276950606253948,-3.0581846048833707,-3.3749117623700498,-3.4408058088495013,0.7475373332574939,-0.1634736712079436,-2.4217441082000732,0.00017801920572916666,0.1476898193359375,256
defactify,1,4,12702,0.9458187867226082,0.9608125186565439,JPEG,0.0193939208984375,50.49976348876953,5.30998420715332,256,0.8885972499847412,0.2934931814670563,0.511117160320282,0.19763563720229305,0.059686626428272285,0.06592968676600115,0.04566290412584989,14.069923400878906,-0.40652427077293396,5.913961887359619,0.4193572998046875,-1.3170983876703248,-1.8450552790971022,-2.2957683903059705,-2.515008476590036,-2.5672215909513607,0.49079867609969074,-0.1113055096184282,-1.2515716552734375,0.010274251302083334,0.3423309326171875,256
defactify,1,2,90255,0.9820433205068196,0.9855931148638682,JPEG,0.0216217041015625,28.950237274169922,6.007264614105225,256,1.5413087606430054,0.3602522611618042,0.7983725666999817,0.38250960757798647,0.2336818884717692,0.22297771297303975,0.15004927711860383,17.987186431884766,-0.32347214221954346,3.210698366165161,0.47772216796875,-1.4596880324340926,-2.150522076091053,-2.718633425519074,-3.0012741916401335,-3.1535220370502772,0.6885125207889651,-0.14273741960111333,-1.645419955253601,0.00042724609375,0.085784912109375,256
defactify,1,3,215782,0.9935672864207095,0.9911957567333404,JPEG,0.0050811767578125,58.420997619628906,6.093983173370361,256,1.0653283596038818,0.27029621601104736,0.633847177028656,-0.014604246124802784,-0.02165752528498071,0.017771636777713623,0.007453408260290382,5.708006858825684,0.16198717057704926,8.837947845458984,0.253753662109375,-1.336187218262583,-1.7253487709883428,-1.9575562176169017,-2.071096165887389,-2.054536165740446,0.21410143572914997,-0.052662204710339694,-0.7824877500534058,0.008168538411458334,0.1713714599609375,256
defactify,1,5,25323,0.9100103542826066,0.9273343658158615,JPEG,0.007049560546875,47.84995651245117,4.103695869445801,256,1.0020155906677246,0.3790207803249359,0.4658227264881134,0.40022647704385095,0.13751950328655607,0.011255205867141039,0.008292115414559376,7.572410583496094,0.3307569921016693,2.5045700073242188,0.49298095703125,-1.5187324470645516,-2.778888374092154,-3.550199847562058,-3.871400221676132,-3.9098940106662647,0.7435770457687187,-0.16801121451892623,-2.38720703125,0.0022430419921875,0.24407958984375,256
defactify,1,2,142281,0.9735569997800398,0.979430904173539,JPEG,0.0618133544921875,48.46215057373047,4.663615703582764,256,1.089669942855835,0.07432772219181061,0.5549153685569763,0.058417340147468744,-0.06661745865919604,0.07435680353576664,0.03481783657660026,9.070302963256836,0.1976831704378128,4.8099565505981445,0.4467315673828125,-1.042091313685778,-1.7432768330155248,-2.613338943821499,-2.864851072570217,-3.050915982448675,0.7481090091133797,-0.1663760025591637,-1.5708376169204712,0.0006917317708333334,0.129180908203125,256
defactify,1,3,101361,0.9492224911952089,0.9676978753655201,JPEG,0.279937744140625,36.206825256347656,11.932960510253906,256,1.00734281539917,0.0,1.1353256702423096,0.2935885142347402,0.22376275512249152,0.22045640925135257,0.19943922194215039,68.43864440917969,-1.7933772802352905,3.4746196269989014,0.7139434814453125,-0.9356063076339387,-1.907943688046669,-2.742557634369451,-3.0230303839632686,-3.092380608435434,0.8754814013957031,-0.18373342149592997,-2.4681529998779297,0.036321004231770836,0.1320953369140625,256
defactify,1,1,64191,0.9235021837518766,0.9344204955160184,JPEG,0.1239776611328125,27.01596450805664,7.13763427734375,256,1.2449966669082642,0.12103928625583649,0.8327512145042419,-0.01841342379537675,-0.04669972742890643,-0.00010588662204839985,0.04390649536413688,15.783546447753906,-0.4738498032093048,2.156498432159424,0.635223388671875,-1.0056254623104248,-2.3542552499921774,-3.096439461760742,-3.3751842371250547,-3.4937410124011423,0.5430240144017384,-0.14783938563615526,-2.3273024559020996,0.006647745768229167,0.188995361328125,256
defactify,1,4,8168,0.967505740497067,0.9722492754603135,JPEG,0.070953369140625,28.104171752929688,9.75097370147705,256,0.8643772006034851,0.18517440557479858,0.900899350643158,0.0771873222717046,-0.024958514559139784,0.047555339902926576,0.053940937256985975,35.714107513427734,-1.1598832607269287,3.4930131435394287,0.5921478271484375,-0.9342901183318464,-1.6992084841804047,-2.4037399562318784,-2.67331976553349,-2.7860477911389054,0.5510522274599863,-0.14112361220126116,-1.5496559143066406,0.00019327799479166666,0.1521453857421875,256
defactify,1,1,111475,0.9852366665769405,0.9758796937941324,JPEG,0.008148193359375,80.41572570800781,4.128594398498535,256,0.9979239702224731,0.52977055311203,0.27639856934547424,-0.05466240194145739,-0.26934796206463285,-0.005159862749743949,0.024992782220443065,6.3107452392578125,-0.6145263314247131,8.862360954284668,0.3498077392578125,-0.3806742470488027,-0.8080615353321035,-1.4921175074000805,-1.738798174853331,-1.8481229739077039,0.6990530046424324,-0.15690329295715957,-0.8126533627510071,0.0129547119140625,0.2153167724609375,256
defactify,1,5,22794,0.9309043554201927,0.9205834968458736,JPEG,0.0188140869140625,43.75196838378906,4.365889072418213,256,1.0563277006149292,0.25016677379608154,0.5915132164955139,0.27663441846370623,0.08283791272445187,0.0722756593458659,0.09818895481884804,8.516839981079102,0.038878049701452255,2.8018805980682373,0.5070037841796875,-1.0101383102033443,-1.9616813202749048,-2.762650946817514,-3.1225125570238195,-3.217559793217128,0.6851584146323537,-0.17109853542383632,-2.198917865753174,0.0028432210286458335,0.2024993896484375,256
defactify,1,5,13745,0.7734178863324505,0.7256401937967263,JPEG,0.093597412109375,20.407814025878906,8.02341365814209,256,1.0011658668518066,0.19158200919628143,0.930006742477417,0.24846290841787008,0.1202935619984315,0.039530119845819896,0.024138604714980725,33.59535598754883,0.5301560163497925,1.2106125354766846,0.7480010986328125,-1.6037630141137615,-2.868620897831292,-3.5261568327074704,-3.81938312548509,-3.9206128777721365,0.7426115783027529,-0.15547231715142892,-2.664294958114624,0.008631388346354166,0.17919921875,256
defactify,1,4,9540,0.9571559372582957,0.9743854087025937,JPEG,0.055511474609375,37.14762878417969,7.049261093139648,256,0.9900510311126709,0.14524684846401215,0.7162272930145264,0.2246966754133042,0.24338097394785327,0.16895646498025305,0.09637947563800775,32.325950622558594,-0.4673007130622864,4.803835868835449,0.54522705078125,-1.2933609603385952,-1.7651849427564574,-2.2734015894469763,-2.432259276160136,-2.390988035296428,0.3348406445975787,-0.09176246195656895,-0.9923161864280701,0.004180908203125,0.1987762451171875,256
defactify,1,1,42545,0.9062171972915144,0.8950448227859241,JPEG,0.399627685546875,6.283548355102539,15.406168937683105,256,3.4017255306243896,0.42885157465934753,2.4358949661254883,0.49919040369080414,0.25857901450791204,0.06800223602986222,-0.030463071910448242,63.29046630859375,0.8345704078674316,0.7638509273529053,0.845855712890625,-0.891077253675018,-1.3786740455386348,-2.073164541106191,-2.0458181549552767,-2.0655168640097292,0.3651422802436497,-0.09829861306171697,-1.5281219482421875,0.0,0.03692626953125,256
defactify,1,3,72472,0.9863437947339836,0.9858489220454938,JPEG,0.25799560546875,33.44346618652344,11.02534008026123,256,0.9970847964286804,0.10072776675224304,1.1045279502868652,-0.17292552557108445,-0.14989951700492804,-0.013425826635799372,0.019020738524604893,28.114574432373047,-1.0395690202713013,6.651050090789795,0.6222686767578125,-1.256747639756318,-1.6922517786749909,-2.0353599926490364,-2.2830342330346767,-2.4296563459336378,0.576669176847787,-0.10654730403572969,-1.8403924703598022,0.0211334228515625,0.1451873779296875,256
defactify,1,1,76895,0.97409508642487,0.9738931424812844,JPEG,0.0548858642578125,49.975067138671875,5.807680606842041,256,1.1897047758102417,0.06333856284618378,0.5945616364479065,0.27382550881173995,0.025089850133773954,0.1313629378758466,0.053473809366353715,10.464417457580566,0.125259131193161,5.407122611999512,0.3911895751953125,-1.4067346034901638,-1.8699334140091155,-2.519891915244026,-2.934202840309812,-3.095763641047702,0.9140681253632348,-0.17796063705152174,-1.5668836832046509,0.002777099609375,0.1596221923828125,256
defactify,1,3,30673,0.9621411744400523,0.9647669948828139,JPEG,0.526458740234375,17.415922164916992,15.428430557250977,256,1.5732308626174927,0.0,1.487966775894165,0.40965885730668206,0.09192556412610357,-0.018874449457004623,-0.03478041389052087,57.4688606262207,0.11637570708990097,2.0142173767089844,0.808349609375,-1.6198505182545535,-2.564388468727719,-3.438143092544631,-3.720974178647511,-3.8855687848993723,0.8199496042276735,-0.18459016937238654,-2.8405401706695557,0.004938761393229167,0.053497314453125,256
defactify,1,3,253200,0.990396379159026,0.987328563766197,JPEG,0.021636962890625,65.3258285522461,4.425182819366455,256,1.0207326412200928,0.24097168445587158,0.5324072241783142,0.08572730933332906,0.05644675645778729,-0.013608104943091491,-0.023422036148284607,3.806288242340088,0.26562297344207764,12.048422813415527,0.2353363037109375,-1.2975093960362996,-1.7073348206819734,-1.6775344507975714,-2.0750487134826736,-2.1251337178384215,0.3236145031653477,-0.0535638035225403,-0.8919147849082947,0.021357218424479168,0.3098602294921875,256
defactify,1,1,93859,0.9999716898843672,1.0,JPEG,0.0507354736328125,64.57920837402344,5.512609958648682,256,1.1854093074798584,0.11675064265727997,0.6301969885826111,0.38436998525463206,0.11711172855356092,0.1701005616133851,0.13408679666562068,13.273624420166016,0.10335183888673782,4.5251264572143555,0.48455810546875,-0.6972632865819426,-2.1055096964806213,-3.0437622112917637,-3.410706935881298,-3.5597270444431146,0.9052687963960944,-0.2013455046941252,-2.2856879234313965,0.06707763671875,0.002899169921875,256
defactify,1,3,68891,0.982359744216974,0.9785282392156471,JPEG,0.3570709228515625,24.533008575439453,11.82002067565918,256,1.3553509712219238,0.0,1.474075436592102,0.18146137777664084,0.0782311667323834,0.10547696939152333,0.050203088134385516,31.348899841308594,-0.04641790688037872,5.076870918273926,0.7057342529296875,-0.9407686574116072,-1.3907363781049495,-1.811950880977248,-1.9846635148791618,-2.0666939575085523,0.5156383770846604,-0.09984045283611681,-1.1502386331558228,0.007985432942708334,0.09429931640625,256
defactify,1,1,94904,0.9872993436658737,0.9769257879704736,JPEG,0.004638671875,87.26187133789062,3.9422237873077393,256,1.1046005487442017,0.3965185880661011,0.344232439994812,0.04206250569033891,-0.12406459255409374,0.0776197132687249,0.027536314988882437,6.264350891113281,-0.07657381147146225,7.873441696166992,0.3272552490234375,-0.6642194061915259,-1.5275966076865641,-2.1976010693121353,-2.518487054531221,-2.611064580121904,0.7205975010475489,-0.15554735888950733,-1.2534559965133667,0.012583414713541666,0.3780670166015625,256
defactify,1,2,105354,0.9682835211129965,0.9846433339751743,JPEG,0.1624755859375,24.93907356262207,7.303730487823486,256,1.366137146949768,0.05175475403666496,0.7904618978500366,0.3218141422508238,0.11076461791190872,0.1273467054125487,0.06177023311858301,19.13393211364746,-0.554560661315918,2.6623077392578125,0.6394805908203125,-1.478078707642564,-2.1995932971447516,-2.75213926271046,-3.131738113086726,-3.220321424991865,0.7431822128173566,-0.14912138096646446,-1.9492124319076538,5.086263020833333e-06,0.0665740966796875,256
defactify,1,4,10142,0.9899174498557578,0.9920913615366032,JPEG,0.0455474853515625,43.05664825439453,6.551743030548096,256,0.9292590022087097,0.1284627616405487,0.6616606712341309,-0.10301508165591153,0.09441768851282649,0.007606870605004058,0.03926217898694129,23.83699607849121,-0.5351699590682983,6.259922027587891,0.5181427001953125,-1.0943921215397925,-1.814489323289795,-2.243086415729403,-2.3563431025895083,-2.4755983249401528,0.4860620099703139,-0.08589183947553335,-1.3812223672866821,0.0031890869140625,0.1384735107421875,256
defactify,1,4,12550,0.9911652502041837,0.9904280015179706,JPEG,0.011474609375,57.804744720458984,4.97174596786499,256,0.8629485964775085,0.2800663113594055,0.41948872804641724,0.06255074105209353,0.01953317035352553,-0.005023629535075329,-0.005810316045964727,16.77141571044922,-1.368064284324646,7.266830921173096,0.3979339599609375,-1.3320918122264445,-1.785501871314917,-2.322853600379653,-2.5201813855434416,-2.599747259158608,0.620683984416285,-0.12062365937738742,-1.3531960248947144,0.0014088948567708333,0.156158447265625,256
defactify,0,0,23900,0.9912008317961756,0.9858965183020592,JPEG,0.022674560546875,28.564132690429688,10.022221565246582,256,1.6791836023330688,0.6810783743858337,1.2335984706878662,0.27858446052773855,0.04515384737507929,0.14434381440893201,0.029922500907955084,38.77981185913086,-0.05028541758656502,4.440698623657227,0.39178466796875,-0.9244284440581838,-1.6366544826153016,-2.2359916131984505,-2.400845289308384,-2.510234773484635,0.7465442712356536,-0.14126801056647847,-1.2673135995864868,0.0006764729817708334,0.0569000244140625,256
defactify,0,0,48392,0.9887234232568587,0.9939765263904503,JPEG,0.01287841796875,47.61754608154297,5.475332260131836,256,0.9824634790420532,0.19999168813228607,0.5494511723518372,0.04678374109933344,0.015889035363734354,-0.05367945581866357,-0.0024473052882021122,9.813399314880371,0.16370007395744324,9.536108016967773,0.2778472900390625,-1.0146730599710958,-1.3737881376148549,-1.4763910979852923,-1.6477345334065658,-1.7141664000822345,0.3068021134310239,-0.05054428839179321,-0.517393946647644,0.013010660807291666,0.1560211181640625,256
defactify,1,3,53639,0.9822101418085757,0.9568084093657244,JPEG,0.1379852294921875,43.306846618652344,7.091993808746338,256,1.3979744911193848,0.0,0.7358352541923523,0.25275183828993286,0.1294924663766751,0.11433148066001313,0.0718117369196232,25.98990821838379,-1.055203914642334,5.111381530761719,0.5493011474609375,-1.2695935895048454,-1.9347023979916065,-2.3748605375713856,-2.6224596180643314,-2.677265207572095,0.3940962047662424,-0.10413480281733593,-1.457915186882019,0.0007120768229166666,0.1910552978515625,256
defactify,1,3,35607,0.9644928809683103,0.962055467965454,JPEG,0.286651611328125,22.30845069885254,14.222920417785645,256,1.611611247062683,0.0,1.252955675125122,0.39275062963144675,0.025698444564785167,-0.08577593973476269,0.01633067330340817,64.59503173828125,1.1129164695739746,2.444833993911743,0.7468414306640625,-1.559295807505329,-2.453563400953003,-3.0131229616183166,-3.306049497469929,-3.4812773760768314,0.7533985676567321,-0.14513079531882028,-2.3596088886260986,0.018564860026041668,0.0804901123046875,256
defactify,1,5,19240,0.8485992238737572,0.852028788775488,JPEG,0.0645751953125,37.26514434814453,4.350314140319824,256,0.9962069392204285,0.23250451683998108,0.5262011885643005,0.37716920951910476,0.17453077953105428,0.05738380714056685,0.04180699183870678,11.576904296875,0.9253259301185608,2.055285692214966,0.557708740234375,-1.482565523491524,-2.7519276230428806,-3.469858243379699,-3.824799527437415,-3.8294229653871,0.7066417385437127,-0.1626961576331409,-2.4494500160217285,0.0017445882161458333,0.21917724609375,256
defactify,1,4,13396,0.9699082971623835,0.9680910575640241,JPEG,0.0148162841796875,61.92359924316406,5.063289165496826,256,1.0531686544418335,0.31946858763694763,0.4683452248573303,-0.05611141794694546,-0.12606501735946457,0.09426437758442963,0.04475795889236087,14.017391204833984,-0.16921736299991608,6.857753753662109,0.4444732666015625,-1.5402726298101364,-1.8588327465359837,-2.459413078364812,-2.7621996778102416,-2.8954188208809493,0.6313943397367687,-0.13899026211852997,-1.4412355422973633,0.0027414957682291665,0.4194488525390625,256
defactify,1,1,110076,0.9575813899328398,0.9205636706355377,JPEG,0.0029144287109375,66.65936279296875,3.734975576400757,256,1.1275994777679443,0.2944762706756592,0.3453379273414612,0.1745806891049197,-0.10824115596155064,-0.007399430173544696,0.0011691081058354735,5.55674934387207,0.0035202919971197844,3.9807448387145996,0.3754730224609375,-1.4100929657678893,-2.396007707665537,-3.0982642844677297,-3.499152755963035,-3.6186900272550657,0.8948992652619276,-0.1829494014727697,-1.9053068161010742,0.0038248697916666665,0.2904815673828125,256
defactify,1,2,146831,0.9796660366530363,0.9502280577829761,JPEG,0.1030731201171875,29.42868995666504,6.899653434753418,256,1.2896519899368286,0.10463576763868332,0.6995517015457153,0.3351322301477548,0.21022072827913799,0.16126289726202117,0.06953738602427828,22.1889705657959,2.027703046798706,4.130091190338135,0.5309295654296875,-0.5304426896702692,-1.4502076006005895,-1.7952185471334916,-2.0542491654038626,-2.125852425771657,0.5060965632377918,-0.09660624770041805,-0.9855622053146362,0.003875732421875,0.12213134765625,256
defactify,0,0,15282,0.9680883357804105,0.9754546080856485,JPEG,0.247955322265625,11.43211555480957,14.69851303100586,256,3.0000996589660645,0.0,1.4841276407241821,0.7378791653246081,0.6481146020986113,0.5382279808039496,0.3446501979398468,146.10215759277344,2.702699899673462,1.5111935138702393,0.8357696533203125,-1.4872613285681258,-2.321790608028871,-2.9004973156532525,-2.9556033610387633,-3.0617298753396973,0.6088108768668876,-0.12047209818744528,-2.426562547683716,0.0,0.02520751953125,256
defactify,0,0,24514,0.9899561736593978,0.9935439876277086,JPEG,0.043182373046875,40.355247497558594,4.856201171875,256,1.0898720026016235,0.1278323084115982,0.5122615694999695,0.19405908231902874,0.10583106863012359,0.15746414347278212,0.027183395012379014,12.365713119506836,-0.22533132135868073,4.361747741699219,0.4622802734375,-1.1005861177835712,-1.715176874784592,-2.244262948333459,-2.5685613311514475,-2.6226504947380667,0.811008242224986,-0.1525121101090469,-1.3098143339157104,0.0342254638671875,0.037139892578125,256
defactify,1,3,244249,0.9811004470169843,0.9677612662730002,JPEG,0.0977630615234375,49.388370513916016,5.674771785736084,256,1.3140150308609009,0.05409790948033333,0.6368153691291809,0.3736784756664531,0.08996936151890703,-0.1663914128098017,-0.053739039648468274,9.182557106018066,0.236591637134552,8.06351375579834,0.4443817138671875,-0.9972868337245808,-0.17048923903521018,-1.5523143599069504,-1.7574486237424827,-1.7016324444775508,0.48508701260223486,-0.19347209265466186,-0.7205169796943665,0.039530436197916664,0.2677001953125,256
defactify,1,1,108761,0.9908484936779339,0.9831834226195875,JPEG,0.0058135986328125,83.10430145263672,4.199559211730957,256,1.2479335069656372,0.5126635432243347,0.41030675172805786,0.5691834591225694,0.44785614360874204,0.4958061229503296,0.3901337844162359,5.2759904861450195,-0.16322000324726105,7.751095294952393,0.3357696533203125,-1.2392688377857928,-2.0865761679502777,-2.7764234497911184,-3.04324773389507,-3.1193353121982375,0.648447034047023,-0.15060995935388583,-1.3230948448181152,0.0011189778645833333,0.2094573974609375,256
defactify,1,5,19006,0.9507041860081102,0.9568791213570844,JPEG,0.0959625244140625,38.584075927734375,6.151844024658203,256,1.0361539125442505,0.0852915570139885,0.8305009603500366,0.34259409832882765,0.10715473918485369,-0.008098051689574351,0.01230908346503133,16.712993621826172,0.0849987268447876,2.7261393070220947,0.634429931640625,-1.31599355728508,-2.5955847728383805,-3.3044328755145402,-3.6265116899098526,-3.676398026637253,0.7571937697685449,-0.15818475326913048,-2.4888980388641357,0.0003763834635416667,0.135101318359375,256
defactify,1,2,97366,0.9909054071083704,0.9944538287696048,JPEG,0.00946044921875,62.75648498535156,4.079558372497559,256,1.1110930442810059,0.5026368498802185,0.45376378297805786,0.15956518800880076,-0.12388584291604188,0.01986158206541752,0.0018876069877199237,3.8528409004211426,0.3621219992637634,7.7130513191223145,0.24224853515625,-1.0615928702790267,-1.5339414641505469,-1.8433938382021084,-2.2105371414872748,-2.347610000831284,0.7032033422007622,-0.1207039251689542,-1.1363563537597656,0.004384358723958333,0.0904388427734375,256
defactify,1,1,65167,0.9947378579946532,0.995558969935174,JPEG,0.0064544677734375,25.49478530883789,4.6510114669799805,256,1.5980615615844727,0.8354592323303223,0.8921786546707153,0.28222998389374376,-0.11311162595823879,0.031627114568116795,0.010191624297071933,5.002147674560547,0.24709464609622955,3.0687367916107178,0.3012237548828125,-0.8773041699074504,-0.9453847256198982,-1.6563295541122338,-1.98019636123347,-2.070212669499271,0.9038008740204093,-0.17773582748624459,-0.7978174686431885,0.0022226969401041665,0.0328369140625,256
defactify,1,3,47042,0.9800633173491571,0.9767291511963185,JPEG,0.2649993896484375,32.831111907958984,9.539525985717773,256,1.2099989652633667,0.0,0.9924953579902649,-0.023406136262003163,-0.12332429096106899,-0.025487421407264732,-0.002001104885325085,20.196300506591797,0.4636448621749878,4.1009039878845215,0.64306640625,-1.5539954938270046,-2.170604133575085,-2.6248147046048524,-2.793589991190739,-2.900466349291924,0.5311630850831923,-0.10444340166839124,-1.8880037069320679,0.0160369873046875,0.0908203125,256
defactify,1,2,70688,0.9861498587364796,0.9849428006007905,JPEG,0.37835693359375,23.297800064086914,9.66528606414795,256,1.5643895864486694,0.0,1.0603816509246826,0.44775396438471093,0.32554101351859777,0.27983162854337484,0.231092254748435,45.49040603637695,-2.2266883850097656,2.9215970039367676,0.7107391357421875,-1.432788390808887,-2.213728444669182,-2.8831544014350614,-3.069827756398583,-3.210553587668894,0.6263913518935844,-0.13950849404417245,-2.40377140045166,2.0345052083333332e-05,0.0353240966796875,256
defactify,1,1,86235,0.9683221929476865,0.9861690244116995,JPEG,0.0523223876953125,52.33766555786133,5.262378215789795,256,1.1907744407653809,0.08485470712184906,0.5755587816238403,0.18185232553953254,-0.10499285186427472,-0.00501978472535393,-0.011975643306310457,5.816461563110352,0.26345154643058777,4.927918910980225,0.3831329345703125,-1.2867885971110162,-1.9995505359873489,-2.7915366022671675,-3.0926465264655043,-3.272725726450343,0.9327497319260578,-0.18495945375793782,-1.973729133605957,0.000335693359375,0.167694091796875,256
defactify,1,1,58749,0.988561185152859,0.9728002343970199,JPEG,0.01214599609375,30.950408935546875,7.725422382354736,256,1.4395687580108643,0.6546105146408081,1.0175390243530273,0.20779162744611676,0.09891113599427784,0.1055837271445938,0.0633440944715956,25.38265037536621,0.7286930084228516,4.460026264190674,0.3623504638671875,-0.943233308319769,-1.6130161551645754,-2.218501143891147,-2.340029279607485,-2.3705043633103546,0.570108486587471,-0.12111623857458828,-0.946666419506073,0.004267374674479167,0.10107421875,256
defactify,1,3,62283,0.9908313956862622,0.9958212450383847,JPEG,0.170623779296875,33.61922836303711,8.073689460754395,256,1.193649172782898,0.2694890797138214,1.0850104093551636,0.005320309587148719,-0.10670352507229613,0.02679991922672488,-0.019162571050650903,19.073392868041992,-0.04905122146010399,6.762825012207031,0.60369873046875,-0.8631005225337596,-1.2306958139883957,-1.7196987030901587,-1.8964084081794796,-1.9835967517764326,0.6060619559374025,-0.11426469272970143,-0.92805415391922,0.001800537109375,0.0991668701171875,256
defactify,1,1,48527,0.983251017803507,0.9827763614685698,JPEG,0.0945587158203125,26.379825592041016,6.812382221221924,256,1.431646704673767,0.2884599268436432,1.020553708076477,0.3022401508469824,-0.1401082920929616,-0.014548845623386616,-0.01655535017181253,11.723845481872559,-0.10175252705812454,2.733126640319824,0.5461273193359375,-1.2029301755018293,-1.8320677707900384,-2.832248742020713,-3.1713717592564414,-3.2347678445324,0.8850927473379073,-0.20755148379599003,-2.467622756958008,0.007944742838541666,0.0461883544921875,256
defactify,1,1,28380,0.994096620190995,0.9998577374819365,JPEG,0.106109619140625,11.963048934936523,8.868183135986328,256,1.9839379787445068,0.39044371247291565,0.9555757641792297,0.3345970066825717,0.03965918151124163,0.06317432673338004,0.017939385924501672,37.427093505859375,-1.7753349542617798,1.6209862232208252,0.6526947021484375,-1.2178580470442313,-1.760079160123933,-2.2224739653096446,-2.547240280446365,-2.698074631143866,0.752197336227372,-0.14035976606052314,-1.9643292427062988,0.0,0.0036773681640625,256
defactify,0,0,16336,0.9963751516872368,0.9902272690753064,JPEG,0.399444580078125,32.67637252807617,9.483990669250488,256,0.9255654811859131,0.3629778027534485,1.2072322368621826,-0.08830636150483585,0.017582878397949846,0.016195504873255585,0.00582265745573618,18.329574584960938,-0.3080100119113922,7.760402679443359,0.712860107421875,-1.0064202940988913,-1.3273233762980503,-1.6445070266113628,-1.8297434123074723,-1.9080719173404326,0.49145210991633714,-0.08891083871505162,-0.9958704710006714,0.005345662434895833,0.105010986328125,256
defactify,1,3,77303,0.8169712598854144,0.7964940585280023,JPEG,0.1482086181640625,22.217300415039062,7.771996974945068,256,1.4077832698822021,0.0743851587176323,0.9199401140213013,0.2559321141033749,-0.0028339593170526043,0.01854176252948283,-0.006872530033611716,36.919837951660156,1.093495488166809,1.3045369386672974,0.767059326171875,-2.0954453825632537,-3.3961153859180486,-4.210356269692953,-4.331259234863076,-4.400283615840897,0.5277885979124441,-0.14260511754898236,-2.882197380065918,0.005767822265625,0.243621826171875,256
defactify,1,5,24266,0.9241376780646336,0.8698481157560985,JPEG,0.027740478515625,49.67582702636719,4.408628940582275,256,1.0973409414291382,0.12652823328971863,0.5893393754959106,0.18227649696160997,-0.02911894973942388,-0.0020175066509188046,0.009017895812351549,8.945454597473145,0.11126281321048737,2.996882438659668,0.50860595703125,-1.1249104894054245,-2.3256198822626724,-3.176653706699928,-3.522970837509929,-3.616012777661968,0.8645494346524236,-0.19962544789719586,-2.236279010772705,0.029978434244791668,0.3919677734375,256
defactify,1,4,13815,0.9866502176658469,0.9893684212075268,JPEG,0.006622314453125,57.216148376464844,5.469115257263184,256,0.9900788068771362,0.3567408621311188,0.4989114999771118,0.060311691155428046,0.000988652292114204,0.027376786123977103,0.005124962786896462,12.788651466369629,0.6817077994346619,7.1696953773498535,0.3599090576171875,-1.2464775683118274,-1.92076763779819,-2.3169583322645284,-2.481598349743484,-2.5630300148556797,0.45963677551331106,-0.09547641130809369,-1.2450522184371948,0.00115966796875,0.1767425537109375,256
defactify,1,2,99153,0.9788401216600408,0.9790891531152434,JPEG,0.1501922607421875,40.558231353759766,4.556755065917969,256,1.101172685623169,0.03174526244401932,0.6670527458190918,0.05389677451828012,-0.1437654068491341,-0.005310325763617237,0.0013974206953584877,7.176363945007324,0.21124720573425293,3.9290735721588135,0.4774627685546875,-1.4114364820667058,-2.2462759667241343,-2.6665133645134294,-3.0202183831092295,-3.117915662259281,0.7511249211897839,-0.1367354390911594,-2.000147581100464,0.0032602945963541665,0.0925750732421875,256
defactify,1,4,12589,0.9790132073081573,0.9735225205340314,JPEG,0.02008056640625,52.58068084716797,6.067051410675049,256,0.972848653793335,0.1456754207611084,0.6461954712867737,0.15311102263115484,0.04457020654582376,0.04946644431391512,0.02308340294895446,19.18214225769043,1.3132909536361694,6.4836530685424805,0.4478912353515625,-1.2643022622502071,-1.827797168395021,-2.291156173071859,-2.466624357691276,-2.5473234639065083,0.48756911775540956,-0.10156342406950165,-1.0801141262054443,0.0023447672526041665,0.299224853515625,256
defactify,1,4,13516,0.981010013449257,0.9786261512146148,JPEG,0.025054931640625,58.985008239746094,5.500763893127441,256,0.9214009642601013,0.2012503743171692,0.45567086338996887,0.11536074716255348,-0.036241153182996436,-0.018857826349125358,-0.00846888568147455,15.032384872436523,-0.0007300106808543205,6.944201469421387,0.4442901611328125,-1.3812246096046632,-2.0899146069096766,-2.4509548867482334,-2.6339735121573886,-2.755678516099887,0.4841336611583067,-0.09606143053382994,-1.3697264194488525,0.0028228759765625,0.2996826171875,256
defactify,1,1,105099,0.9847276049813986,0.969505910902033,JPEG,0.0071868896484375,65.5308837890625,4.430705547332764,256,1.0943632125854492,0.28936830163002014,0.40695127844810486,0.08444446184814239,0.11294389121338415,0.08357188166929086,0.04574055883912985,6.686712265014648,0.4519377052783966,8.36505126953125,0.2785797119140625,-1.0440656797060335,-1.717305928755625,-1.9371020957253666,-2.065310409212141,-2.1282307947693537,0.30382400673213805,-0.057858073440029543,-0.754636287689209,0.001220703125,0.343780517578125,256
defactify,1,3,139894,0.9145650811716752,0.9713285392901542,JPEG,0.007965087890625,43.00623321533203,6.740738391876221,256,1.3222194910049438,0.30234748125076294,0.7349759340286255,0.2897416216168986,0.044012445730826015,0.04241888524238032,0.016357588964998573,8.49972915649414,0.13176807761192322,5.283474445343018,0.342864990234375,-1.3437530619482274,-2.058685816249376,-2.5416807635470056,-2.8683948830543606,-2.9348413536351483,0.628853087081958,-0.12776992464429082,-1.4389959573745728,0.023768107096354168,0.3475799560546875,256
defactify,1,4,14958,0.9919570203837307,0.9910136699580038,JPEG,0.0070648193359375,66.86746215820312,4.415350437164307,256,0.8765474557876587,0.2353488653898239,0.39855796098709106,0.007286144326119701,0.018994201989489014,-0.027207692052885965,0.0026494651161913,8.429728507995605,-0.3091582953929901,9.045942306518555,0.31781005859375,-1.22481788064833,-1.7144920526877563,-2.0901959084413555,-2.212743895865689,-2.3587085588312684,0.42841081250105173,-0.0792061706154916,-0.9686049818992615,0.003962198893229167,0.1872711181640625,256
defactify,1,4,11626,0.9799623140280446,0.9720418915119244,JPEG,0.0276947021484375,48.96461486816406,5.945908546447754,256,0.8617686033248901,0.1557217836380005,0.559558629989624,0.10169729765842359,0.13578772923757085,0.12661703556468967,0.1053754495536812,29.737060546875,0.03595118969678879,5.51248836517334,0.490203857421875,-1.2682936787963266,-2.102728026517042,-2.5089635324004114,-2.7072788707665874,-2.813393634919797,0.5518833572188173,-0.10459111484076133,-1.3890963792800903,0.0010426839192708333,0.220855712890625,256
defactify,1,4,8526,0.988866971837424,0.9880487937080077,JPEG,0.053955078125,30.0615234375,5.868252277374268,256,0.6824578642845154,0.2645127773284912,0.5426749587059021,0.48975986443180813,0.37736297557995285,0.228311170632207,0.006644030295528572,26.409700393676758,-2.7333180904388428,4.494744777679443,0.578582763671875,-1.3745898653987147,-2.083279889429681,-2.3545603858797364,-2.751572767183866,-2.70274520881339,0.8768440255763963,-0.12121519670655101,-1.5033670663833618,0.0,0.0828094482421875,256
defactify,1,3,36617,0.9923271252513857,0.9909719175032276,JPEG,0.3971710205078125,32.83918380737305,10.354013442993164,256,1.1864084005355835,0.0,1.2439043521881104,-0.07833901369287581,-0.1538183482936184,-0.010617987267467517,-0.018326600874066793,28.82691192626953,0.05790828540921211,5.078232288360596,0.7222747802734375,-1.246461828332568,-1.990032791480476,-2.5461437347208786,-2.827547955531333,-2.9738912612293094,0.6462845670238817,-0.14102576764499594,-1.9251234531402588,0.005025227864583333,0.061859130859375,256
defactify,1,1,71851,0.9069978808369153,0.7552641476684163,JPEG,0.1734161376953125,31.619260787963867,7.914538860321045,256,1.4721652269363403,0.05272706225514412,1.018434762954712,0.4066049115152731,0.08880634084807305,0.14008680361770134,0.06597365505420726,12.78776741027832,0.6438342332839966,2.7573626041412354,0.5293426513671875,-0.8840563271447515,-2.0201985304977326,-2.998888087976737,-3.379469581393085,-3.4255964741653955,0.8305061905467959,-0.20953821837237097,-2.3164310455322266,0.06534322102864583,0.174224853515625,256
defactify,1,4,9105,0.9393662481315824,0.9740545224682295,JPEG,0.0353851318359375,33.23888397216797,6.59611701965332,256,0.9785412549972534,0.15756918489933014,0.6960461735725403,-0.12677958037807469,-0.06161934812563629,0.0021919976278702066,0.007282394414533662,20.584985733032227,0.749096155166626,3.7728679180145264,0.56707763671875,-1.3772908983983223,-2.15431754429048,-2.5249973681592826,-2.6672610714172746,-2.756138034051121,0.3653634543517583,-0.08114481620293121,-1.8525499105453491,0.00445556640625,0.2156982421875,256
defactify,0,0,23001,0.9822365193622603,0.9839250001300701,JPEG,0.1229095458984375,17.766033172607422,6.961884498596191,256,0.84527987241745,0.23075222969055176,0.8137734532356262,0.11787808162573318,-0.031765297603565536,0.04088200775618107,0.0066517948879640755,36.345542907714844,0.7513960599899292,2.6746065616607666,0.62335205078125,-1.2442325813450665,-1.8535422378313653,-2.4556225569307513,-2.785509185328861,-2.857913023739769,0.726939009374246,-0.1519377983438094,-1.7972499132156372,0.0008748372395833334,0.03619384765625,256
defactify,1,2,121750,0.9688137230134994,0.9808106335637611,JPEG,0.0179595947265625,31.199081420898438,5.169557571411133,256,1.2820216417312622,0.45742902159690857,0.693013072013855,0.23113861097933222,-0.04071961144982415,0.09494533731037785,0.04121214155835466,16.552276611328125,0.5754296779632568,3.1718757152557373,0.389923095703125,-1.3331125867967533,-1.9818050057499326,-2.7534106834799683,-3.0741410154167896,-3.119824300531561,0.7622827236905048,-0.17257628399569094,-1.6764328479766846,0.0004526774088541667,0.0831146240234375,256
defactify,1,2,88276,0.9768267864564398,0.9794159108313458,JPEG,0.25531005859375,21.132770538330078,6.225737571716309,256,1.9914394617080688,0.0,0.8031489253044128,0.7320346393758439,0.6104549086967372,0.4639675580653858,0.3100438614579211,19.891706466674805,-1.0255502462387085,3.280573606491089,0.586212158203125,-1.0580284070599797,-1.7878689607847509,-2.2170262938879297,-2.5731599392276374,-2.7279873998105,0.7545749976670768,-0.13500142052320502,-1.4055347442626953,0.0007171630859375,0.0735931396484375,256
defactify,1,4,11546,0.9538034884455991,0.9480615172565598,JPEG,0.021820068359375,38.20368957519531,5.854186534881592,256,0.9681461453437805,0.2503015398979187,0.5013955235481262,0.163397399338008,-0.13850202115737978,0.011911980461375397,0.009965655613209052,16.982555389404297,0.9025272727012634,4.482468605041504,0.5027618408203125,-1.1642583215456126,-1.7102761685210126,-2.111133836027294,-2.2783752376445783,-2.397980809128769,0.45107572361044834,-0.09197445438386109,-1.5452953577041626,0.0006459554036458334,0.2891845703125,256
defactify,1,4,15374,0.9850204764556147,0.9878361797261461,JPEG,0.012237548828125,62.360679626464844,4.4592604637146,256,0.9970381259918213,0.29184862971305847,0.4331042766571045,-0.06972619260982109,-0.023846774403860765,0.0037692113200487095,0.042071687968266366,6.865993499755859,0.005900913383811712,10.057605743408203,0.326385498046875,-1.1237806340432073,-1.4605567506716612,-1.6069499772968099,-1.724742586183285,-1.7892446895792515,0.25143898416343813,-0.047217889276689295,-0.6141900420188904,0.023188273111979168,0.2730560302734375,256
defactify,1,2,66513,0.988652145788739,0.9823891975683113,JPEG,0.61126708984375,11.810812950134277,20.32036018371582,256,0.5755663514137268,0.0,1.6441291570663452,0.16172422271513107,0.35808108728527727,0.285820981914089,0.21718332978724394,227.5562744140625,-5.8110785484313965,1.6273301839828491,0.902008056640625,-1.9178905352803195,-2.4797239649892,-3.169468165860432,-3.428000893076827,-3.4215378917952317,0.6059532525428728,-0.14466311389421185,-3.592334747314453,1.52587890625e-05,0.0115966796875,256
defactify,1,2,106009,0.990420808529083,0.992454067180302,JPEG,0.0262603759765625,78.85459899902344,4.649746894836426,256,1.073176383972168,0.1661515235900879,0.46084821224212646,-0.022591543617253688,-0.1672230877590249,-0.01826326282548256,0.008784142008906624,13.568059921264648,0.648439884185791,5.240469455718994,0.4108428955078125,-1.2137717505136276,-2.194587488302939,-2.931611876967712,-3.131812368394492,-3.286793943263218,0.750658640765411,-0.15900756746987632,-1.8193238973617554,0.0158843994140625,0.05963134765625,256
defactify,1,2,76896,0.9813480046226833,0.9787117908317381,JPEG,0.0535888671875,29.729290008544922,6.5012922286987305,256,1.4581801891326904,0.1682690978050232,0.7068436741828918,0.31220543385650423,0.05307353890270505,0.00718103492490678,-0.004275362734756591,17.35484504699707,-0.5808367133140564,3.3119726181030273,0.5781097412109375,-1.4023170336218218,-2.02612066352723,-2.489877740208188,-2.722063063944014,-2.8150786291260044,0.5809890230296748,-0.11434150259529682,-1.5349655151367188,1.52587890625e-05,0.065032958984375,256
defactify,1,1,103760,0.961143823045538,0.9647762266843575,JPEG,0.0253143310546875,38.14822769165039,5.837184429168701,256,1.184579610824585,0.22477120161056519,0.6569937467575073,0.11192459291627666,-0.14067318267286474,0.05285741277983229,0.005388698530209097,9.561670303344727,-0.2072337567806244,3.587557315826416,0.4754638671875,-1.2803069962827616,-1.9511523788548049,-2.5974003267504067,-3.0139340085360606,-3.1734782954850758,0.9538464469529337,-0.18021745989480323,-2.0280635356903076,0.0025787353515625,0.219268798828125,256
defactify,0,0,26163,0.943100218845575,0.9643378635994738,JPEG,0.065521240234375,34.78668975830078,6.949338436126709,256,1.2548370361328125,0.12772688269615173,0.7478510141372681,0.30506784017366667,0.08629582182409339,0.10444868162767072,0.02705101032699306,22.56057357788086,0.5973867774009705,3.0584771633148193,0.56231689453125,-1.4613681956631934,-2.357937401032478,-3.0225991034740547,-3.3790755286285616,-3.469182960722897,0.8368562019526751,-0.16740648756168136,-2.063852071762085,0.01275634765625,0.14752197265625,256
defactify,1,2,150285,0.9866127615993466,0.9893534976320145,JPEG,0.013031005859375,47.48211669921875,4.766228675842285,256,1.2541162967681885,0.15655416250228882,0.5739164352416992,0.2945822852820906,0.061098365157262476,0.13081102990625837,0.04896322572985885,8.329172134399414,-0.07102018594741821,5.05516242980957,0.374847412109375,-1.5341503163404857,-2.1923226058374965,-2.80331227094353,-3.131434270073018,-3.22195297927453,0.8308465701230583,-0.15698559862324618,-1.647623896598816,0.0003814697265625,0.0928192138671875,256
defactify,1,4,9985,0.9868199210245437,0.9831974029102503,JPEG,0.02984619140625,43.934471130371094,6.992130756378174,256,1.075252652168274,0.19737079739570618,0.6779561638832092,0.07952680621706394,0.001609355222567116,0.03616382386801732,0.006330560283774348,92.23558807373047,-5.686732292175293,4.925616264343262,0.56951904296875,-1.1366801939340068,-1.8625637683823033,-2.343118120349253,-2.511515022138261,-2.618221157421705,0.4249316427095824,-0.09798336068041802,-1.445763349533081,0.0014241536458333333,0.1664581298828125,256
defactify,1,4,11273,0.9939890769085631,0.9904256845130534,JPEG,0.021697998046875,49.451927185058594,6.471013069152832,256,0.8846913576126099,0.2016875296831131,0.5635806322097778,0.22772370219505303,0.1595660137443927,0.20036846640141143,0.15514221616873553,23.94143295288086,-0.9995902180671692,7.645490646362305,0.480560302734375,-1.025310283175016,-1.4301750219205198,-1.9681256109425123,-2.1968258624925827,-2.3477516876856894,0.6636222181511098,-0.13199016868764377,-1.7068707942962646,0.002197265625,0.1699981689453125,256
defactify,0,0,34845,0.9521700712273831,0.9599225578873107,JPEG,0.0135650634765625,49.44965744018555,4.974526405334473,256,1.2859982252120972,0.30436158180236816,0.5257279872894287,0.18570256393287593,-0.04266734234084246,0.014271125607975487,0.008126634998283937,25.739046096801758,0.7157357931137085,3.07424259185791,0.4730224609375,-1.0787869939257737,-2.3135475727452155,-2.8416235577812694,-3.245539075301614,-3.338587401294996,0.7195547499745878,-0.14530625731354602,-1.9739140272140503,0.016082763671875,0.162994384765625,256
defactify,1,1,77911,0.8645311442665364,0.9384015993797752,JPEG,0.0436248779296875,24.66693115234375,6.572249889373779,256,1.4613335132598877,0.2675445079803467,0.8972788453102112,0.2401477206090262,0.04440631837541449,0.03316363756130696,0.01206197151518728,24.306949615478516,0.7806558609008789,2.875542402267456,0.5289306640625,-1.4429365006195907,-1.9426638348707685,-2.547629948841326,-2.7775072911625864,-2.7975359757862277,0.5675895060857448,-0.1316796114868455,-1.9489253759384155,0.08461507161458333,0.1732177734375,256
defactify,1,5,15795,0.9407823055531402,0.9257462332273445,JPEG,0.0989532470703125,33.393367767333984,5.332922458648682,256,1.0245026350021362,0.06475796550512314,0.701128363609314,0.5058649688097288,0.17872646385714572,-0.08065754258996831,-0.04092573006196306,11.188514709472656,0.5022615790367126,2.1124329566955566,0.5832977294921875,-1.60768840244498,-2.7443051384360855,-3.521490130811709,-3.8290991433748482,-3.9054733344107486,0.7511508625515066,-0.17079174360742166,-2.2169456481933594,1.0172526041666666e-05,0.10137939453125,256
defactify,1,4,12883,0.9694650373840265,0.9631388527105278,JPEG,0.012115478515625,61.15964889526367,5.493696689605713,256,0.9441118836402893,0.23952196538448334,0.48386892676353455,0.2032403678407126,0.13847614236925385,0.1506752248803702,0.0702057247134153,33.18571853637695,0.8997488617897034,5.210493564605713,0.474517822265625,-1.2975152439278617,-2.1716695684127476,-2.7319248647064205,-2.9411130575595994,-3.067879296132906,0.6004418324747354,-0.12914082364025514,-1.635290503501892,0.004908243815104167,0.3253326416015625,256
defactify,1,1,55758,0.9894137437091653,0.9929710134233452,JPEG,0.13983154296875,38.106231689453125,7.877100944519043,256,1.29080331325531,0.058157432824373245,0.8354742527008057,0.36996622599335294,0.356514510026203,0.16409350734104283,0.014369310671538935,19.119165420532227,-0.8995622992515564,6.37147855758667,0.5465240478515625,-1.2249841044791658,-1.844488486564229,-1.9726599833814706,-2.098741840803614,-2.198672262603969,0.29857874765659353,-0.04464153370571774,-1.1303861141204834,0.00665283203125,0.1086883544921875,256
defactify,1,4,12191,0.9873175864024217,0.9765157800905147,JPEG,0.1712188720703125,58.30540466308594,5.968502998352051,256,0.9134770631790161,0.02835250273346901,0.687494158744812,0.15459271247972609,0.12315450266617296,0.1505272939405946,0.10479250248587443,13.78219985961914,-0.4716314673423767,9.24737548828125,0.4837646484375,-0.8825783810628858,-1.4168112637303638,-1.6450412947647974,-1.874550543076686,-1.9548075843294672,0.3596749486818185,-0.07389641031214852,-0.9063053727149963,0.0028940836588541665,0.24847412109375,256
defactify,1,3,76713,0.9828153571992899,0.9775370719463397,JPEG,0.4839630126953125,16.510665893554688,10.63469123840332,256,1.1033992767333984,0.0,1.551082968711853,-0.26830230075949923,-0.10180724133551314,-0.020336950296500546,0.009342825059255452,49.100189208984375,0.5994796752929688,2.974679470062256,0.7713165283203125,-1.4750277716761593,-1.951951300118794,-2.1782624625995295,-2.546822298896556,-2.6142459385980805,0.5670357022085479,-0.10032723136652412,-2.4714159965515137,0.0075531005859375,0.1009063720703125,256
defactify,0,0,33504,0.9774955761930518,0.9743222658633742,JPEG,0.0479583740234375,32.915992736816406,5.331264972686768,256,0.9188352227210999,0.17202824354171753,0.7905072569847107,0.051562890777726605,0.03532881692527478,0.04420296993638103,0.029344495941196636,40.045955657958984,0.8578067421913147,4.328228950500488,0.4697418212890625,-1.5559573987295776,-2.316641804638742,-2.814155717886355,-2.9769895535492754,-3.02747217114098,0.4839999190478288,-0.10533218337873936,-2.186253786087036,0.008494059244791666,0.21954345703125,256
defactify,1,2,100083,0.9758865180282777,0.9405957311462074,JPEG,0.0400238037109375,28.432830810546875,10.65705394744873,256,1.7169760465621948,0.25389084219932556,1.104203224182129,0.5826228042302762,0.492171067219663,0.43033621323556914,0.2965295387390581,21.065309524536133,-0.4338238835334778,2.5840377807617188,0.5397796630859375,-1.431940415202348,-2.3213593403187396,-3.037685054131484,-3.2805503485383944,-3.263067355748137,0.6972196239084267,-0.15608106858106366,-2.2534234523773193,0.00015767415364583334,0.0631103515625,256
defactify,1,4,16700,0.983463984613566,0.9903655543647768,JPEG,0.0215606689453125,73.97389221191406,4.141109466552734,256,1.0375007390975952,0.42256873846054077,0.36102133989334106,-0.10679164795585801,-0.024804122068336504,-0.022224572217045484,0.018624802460490284,7.241667747497559,0.16350224614143372,9.692089080810547,0.3077850341796875,-1.3120332541650148,-1.935755008278841,-2.2740934169732796,-2.4759869124386658,-2.5753605881622237,0.47921793291468884,-0.09198422966102925,-1.1888189315795898,0.005757649739583333,0.2513427734375,256
defactify,0,0,45774,0.9717871468654938,0.9776051402209116,JPEG,0.00958251953125,41.992881774902344,4.329819679260254,256,1.4777048826217651,0.3822792172431946,0.488500714302063,0.35798572093688324,-0.006254245280984218,0.030806217065959457,0.009182630651790282,9.621938705444336,0.34466373920440674,4.8112473487854,0.3721771240234375,-0.9101120259866873,-1.42861885723178,-1.9364562983122928,-2.287432509254927,-2.422366558145418,0.7067767822614144,-0.14247108635411299,-1.1535975933074951,5.0862630208333336e-05,0.22998046875,256
defactify,1,4,22979,0.9896482847631274,0.9812956919280045,JPEG,0.020599365234375,68.24566650390625,4.728487014770508,256,0.9684627056121826,0.3447733521461487,0.39643511176109314,0.05372159018572518,0.014814054213581838,0.03157543355198481,-0.0037173328398335936,9.3722562789917,0.740795910358429,9.504870414733887,0.31866455078125,-1.1567249185804709,-1.787888626007054,-2.0622916550937607,-2.2066883488235343,-2.2999114967738645,0.4125481163022586,-0.07657831338851559,-1.0164071321487427,0.006800333658854167,0.2601165771484375,256
defactify,1,3,159222,0.9799048238695173,0.9484787011682269,JPEG,0.1034698486328125,43.91584014892578,7.306291580200195,256,1.3729366064071655,0.07870308309793472,0.8349418044090271,0.30315819078882716,0.18997254414009146,0.21036833156823675,0.10317207297988276,31.42074203491211,-0.7220235466957092,4.6514506340026855,0.604583740234375,-1.572428373871814,-2.362165414466987,-3.0590767370022833,-3.3390206024175653,-3.4065822666914354,0.6383842307598382,-0.14752222150826097,-1.9299455881118774,0.020594278971354168,0.251678466796875,256
defactify,1,3,91537,0.8273478487334279,0.6837220254052034,JPEG,0.297698974609375,8.815848350524902,8.358250617980957,256,1.6221811771392822,0.0,1.549924373626709,-0.0067384517668966125,-0.03223948907683378,0.03328556325508304,-0.009415220247521163,1070.646240234375,19.892290115356445,1.142316460609436,0.8391876220703125,-1.5945280654997562,-2.555087822569037,-3.2801058595247805,-3.3901507046044714,-3.399512487252165,0.3722271513053026,-0.11840083187045927,-2.1237599849700928,0.06386311848958333,0.0803070068359375,256
defactify,1,4,12588,0.9663306659518787,0.9616214761912204,JPEG,0.018951416015625,52.11114501953125,5.984813213348389,256,0.9812458157539368,0.20099540054798126,0.5965643525123596,0.19311595108913743,0.08891313388812054,0.11694567824894157,0.09062224073596488,19.17909812927246,-0.05998356640338898,5.586678504943848,0.479217529296875,-1.3276439835248475,-2.076493890411693,-2.5760847335159553,-2.7750365678633413,-2.9153684125295776,0.5257910122012159,-0.11485478781179109,-1.4701573848724365,0.0055389404296875,0.4136505126953125,256
defactify,1,3,146689,0.9860142846541229,0.9819849583172794,JPEG,0.3176116943359375,24.42627716064453,11.790579795837402,256,2.0693068504333496,0.0,1.2871205806732178,0.512391149080308,0.41803984070849837,0.2201462966791822,0.15913877751065802,17.328271865844727,0.12450440973043442,5.056015968322754,0.5821380615234375,-1.444721850528759,-1.9943219052630026,-2.344861101071478,-2.4678383530796006,-2.5381322690497443,0.3467126936682874,-0.07483865209247492,-1.4402540922164917,0.010203043619791666,0.0731048583984375,256
defactify,0,0,7901,0.9688261921261152,0.9609813016074987,JPEG,0.777008056640625,6.187798500061035,24.08911895751953,256,1.6165803670883179,0.0,2.416212320327759,0.23309682946791616,-0.2087064946699427,0.004265037620225459,0.03766620994017527,162.5328369140625,-1.159942865371704,2.023714065551758,0.923370361328125,-0.6264745154702585,-1.2841510597056178,-1.7416258456169897,-2.020675519676735,-2.1830179132868617,0.6404756611659845,-0.1232861200432206,-1.1925441026687622,0.0003509521484375,0.0373077392578125,256
defactify,1,2,99397,0.9612925099463394,0.9577322243219488,JPEG,0.563568115234375,14.309503555297852,13.349289894104004,256,1.5802593231201172,0.0,1.5088564157485962,0.47042833307255416,0.22300049607928507,0.21715354733485562,0.15108758434032135,32.20597457885742,0.9749035835266113,2.056486129760742,0.7765350341796875,-1.4895384477511877,-2.3430490982204555,-3.0030534299195386,-3.3699070591305187,-3.503731976011177,0.7544460755663076,-0.15941621279235654,-2.230458974838257,5.5948893229166664e-05,0.052001953125,256
defactify,1,3,131568,0.9480622359418374,0.9363391532144296,JPEG,0.110443115234375,48.776100158691406,6.293654918670654,256,1.1627024412155151,0.039770711213350296,0.7452211380004883,0.06934816936554757,-0.07703271121941953,0.09943640959360059,0.018069873670998774,16.802391052246094,1.2626720666885376,4.094256401062012,0.558624267578125,-1.1871740601224774,-2.061419920444262,-2.862596228794465,-3.0676031079654607,-3.259645453509627,0.7547324741398,-0.1632317972690372,-1.9966175556182861,0.029917399088541668,0.3284149169921875,256
defactify,1,5,22670,0.9043210060465768,0.9300521923795146,JPEG,0.0143280029296875,41.44538116455078,4.414546489715576,256,1.0493884086608887,0.2940269410610199,0.536748468875885,0.318503992689366,0.06282024211915764,0.008391585260651233,0.01480191919579858,9.66303539276123,-0.04197046160697937,2.663987636566162,0.49884033203125,-1.31733083760923,-2.4908208724520486,-3.2433949834020472,-3.597733087143088,-3.663458062101851,0.7722235574906016,-0.17276995989352026,-2.3821916580200195,0.0015818277994791667,0.2850189208984375,256
defactify,1,1,63478,0.9961535178814925,0.9958829769126806,JPEG,0.12786865234375,39.695072174072266,6.296947479248047,256,1.1301963329315186,0.0,0.8236286044120789,0.056494042937434034,0.12121892254607951,0.11404070528729353,0.09904472602347617,9.500590324401855,-0.3589254915714264,8.55489730834961,0.3618927001953125,-0.9091136342948589,-1.354922961007242,-1.461837664651818,-1.502267805562215,-1.5280466012813125,0.11901777152463744,-0.02417413454889564,-0.3941810727119446,0.0012257893880208333,0.0890655517578125,256
defactify,1,3,125098,0.9963577376330545,0.9984581601560786,JPEG,0.1413116455078125,20.65862464904785,8.286312103271484,256,1.2790864706039429,0.19164589047431946,0.929891049861908,0.05890923599031036,-0.026661767152264877,0.11349955019450172,-0.00849374440544976,45.005863189697266,1.3808040618896484,2.7975094318389893,0.6737213134765625,-1.192662566621701,-1.8764737146987454,-2.486834040575687,-2.725583567751203,-2.840121904975925,0.537864065884289,-0.13397830973608066,-1.940562129020691,0.07541910807291667,0.0073699951171875,256
defactify,1,5,16748,0.9569941895107656,0.9720161851481987,JPEG,0.0648956298828125,33.99888610839844,4.892707824707031,256,1.060896635055542,0.10062393546104431,0.6550455093383789,0.34942344785812757,0.06033807264802859,0.01470297613117457,0.02433946315969616,10.347713470458984,-0.19985103607177734,2.392075538635254,0.5385589599609375,-1.1104544110891936,-2.1498964282363158,-2.9123799785480085,-3.2104118525691856,-3.3038833968385948,0.7755962445940554,-0.1705416726347987,-1.7683637142181396,0.0,0.05615234375,256
defactify,1,1,96429,0.9992325036736817,0.9998787552493218,JPEG,0.0017242431640625,84.45796203613281,4.290744304656982,256,1.1291738748550415,0.5029590725898743,0.5128782391548157,0.3248625110771377,0.012046852191838969,0.0769816831945965,0.05793955808987973,3.4783053398132324,0.14145919680595398,5.898684501647949,0.319305419921875,-0.18681741188729628,-1.6104589503708215,-2.3182583376248207,-2.72164709371988,-2.908230565984544,0.9685673447351588,-0.18880013304776994,-1.9092426300048828,0.0008951822916666666,0.00592041015625,256
defactify,1,4,14877,0.9716944527978187,0.9573629350314993,JPEG,0.0226287841796875,69.95842742919922,5.2364912033081055,256,0.967854917049408,0.23437656462192535,0.4455853998661041,0.24070873470876608,0.20282753928530606,0.2466988163517608,0.15670076272543154,15.036689758300781,-1.550238013267517,8.204521179199219,0.37548828125,-1.1961345122109073,-1.7146732675427216,-2.262374450462822,-2.6029400399320286,-2.6532167126757322,0.5624608435774867,-0.13829087074638927,-1.2305190563201904,0.023127237955729168,0.4431915283203125,256
defactify,1,4,14785,0.997977740167812,0.996497236191084,JPEG,0.004547119140625,63.97254180908203,4.457547664642334,256,0.9608650207519531,0.3830382823944092,0.40404078364372253,0.2388738787133383,0.2082499921506598,0.13039966340881393,0.07787445213634452,9.39663314819336,0.506881594657898,11.363138198852539,0.2793731689453125,-1.1409827418142129,-1.4823744651301096,-1.7666917060932628,-1.8809724287344451,-1.975822998391597,0.3257165400793882,-0.06450071228182777,-1.0988274812698364,0.009099324544270834,0.122528076171875,256
defactify,0,0,40239,0.9163457461706057,0.9649465363869423,JPEG,0.0436859130859375,30.034957885742188,9.176278114318848,256,1.0885311365127563,0.256632000207901,0.8958998918533325,-0.06957214287560043,-0.09266112145208702,0.0062961701503207726,0.007967202592472182,51.34475326538086,2.2024471759796143,4.1614298820495605,0.5002593994140625,-1.0506980722152406,-1.837687583670471,-2.2553661203645623,-2.50367861295228,-2.64765900787821,0.660619656863596,-0.11590366855419752,-1.1659539937973022,0.07979838053385417,0.1937408447265625,256
defactify,1,2,67594,0.9818572088546139,0.9699838941273208,JPEG,0.0325469970703125,39.083099365234375,6.081843376159668,256,1.245189905166626,0.19344307482242584,0.6836249828338623,0.27102446510359557,0.00076516871233722,0.04941064034620406,0.01627515957203715,19.244314193725586,1.0038483142852783,3.8894433975219727,0.488677978515625,-1.5551312531348378,-2.294226645198785,-2.8911750032427,-3.2717657243963254,-3.4287979369117725,0.7890647050579593,-0.15992162293591444,-1.9116352796554565,0.010136922200520834,0.13165283203125,256
defactify,1,4,13943,0.9931971481945151,0.9758035800593071,JPEG,0.1700897216796875,69.17925262451172,5.089752197265625,256,0.9782217144966125,0.02462005615234375,0.6041998863220215,0.21884318314306087,0.25733307931673643,0.1502238441545241,0.10953725970297488,7.06718635559082,-0.11279807984828949,12.8972749710083,0.41937255859375,-1.0769726183163968,-1.4436858490444493,-1.6736975049577136,-1.8644029508202271,-1.8836021470102846,0.274146424474643,-0.06470121214159656,-0.6117464900016785,0.007364908854166667,0.3078460693359375,256
defactify,1,4,16703,0.9600372326609322,0.9307845220537524,JPEG,0.005340576171875,62.445777893066406,4.337997913360596,256,1.0040185451507568,0.38096582889556885,0.39529791474342346,0.048661158405892156,-0.006078183038572842,0.062498463775827406,0.04321526028464428,8.26585865020752,0.6233914494514465,8.625079154968262,0.286865234375,-1.3278328363585352,-1.835116247163059,-2.1367600245615783,-2.2855163659965365,-2.3692239658986693,0.3598539327419532,-0.07357929458970736,-1.0359115600585938,0.010660807291666666,0.5637969970703125,256
defactify,0,0,32990,0.9805449545355169,0.9881779768771596,JPEG,0.0234222412109375,47.07896423339844,3.674609422683716,256,1.3012301921844482,0.23624157905578613,0.45887988805770874,-0.007526970265758333,-0.03371156993517473,0.004373323782781373,0.009196622043385148,8.059725761413574,0.00619205366820097,6.219205379486084,0.3771514892578125,-1.559814689111029,-1.9235042738887422,-2.186334201467994,-2.3843791916974224,-2.4860447515468094,0.46745967711780434,-0.08359874053921565,-1.0635221004486084,0.0057525634765625,0.1136627197265625,256
defactify,1,3,86024,0.9674244923132422,0.9665097208490518,JPEG,0.169464111328125,16.409526824951172,19.3267765045166,256,1.4850833415985107,0.16143469512462616,1.8195581436157227,0.17892580664530477,0.040672940809150473,0.07303884523370935,0.0016053340665386601,260.00732421875,9.517457962036133,2.5656774044036865,0.7159576416015625,-1.225006282761166,-1.79733266746807,-2.4479352860057917,-2.64491231268023,-2.7301906297788587,0.5896844949886297,-0.1361434645167957,-1.629785418510437,0.06292724609375,0.0362091064453125,256
defactify,1,3,128251,0.995613550411107,0.99627941359425,JPEG,0.0101165771484375,72.21302795410156,4.597508430480957,256,1.3390921354293823,0.30750155448913574,0.3978237211704254,0.6386225875194911,0.4349743818361958,0.25871714637309445,0.21198149517540613,7.637014389038086,-0.07364057749509811,10.824934005737305,0.289337158203125,-0.966588253084967,-1.23081126859989,-1.5542017720861905,-1.6738110115681817,-1.7037749283108399,0.3422758330755924,-0.07523700265978893,-0.8195139169692993,0.045033772786458336,0.08673095703125,256
defactify,1,1,93204,0.9849392928378969,0.9938578578372684,JPEG,0.0058441162109375,52.9409294128418,4.043366432189941,256,1.1043871641159058,0.3825373649597168,0.49287116527557373,0.026157671731513964,-0.03846137900361726,0.0005808182429777608,-0.0017825466036754918,4.158141136169434,0.22886474430561066,7.024672031402588,0.256988525390625,-0.47135754426487875,-1.1763976112173893,-1.552837733318789,-1.8185048099309782,-1.9349878263298255,0.565935880911705,-0.10683794913475156,-1.189333438873291,0.010213216145833334,0.1497955322265625,256
defactify,1,1,47113,0.8782647423266311,0.9247317807731316,JPEG,0.5394744873046875,24.937705993652344,9.474584579467773,256,1.1480416059494019,0.0,1.2443482875823975,0.0610253723917296,-0.1668703052924079,-0.010286487976099523,0.000620178097742428,27.858224868774414,-0.3130575120449066,2.4619405269622803,0.7671051025390625,-1.4901945224875552,-2.563712831751257,-3.247975981778314,-3.6331518366550846,-3.745903046861298,0.8702093353002152,-0.17500917168380098,-2.5030293464660645,0.0287933349609375,0.1793975830078125,256
defactify,1,1,47846,0.9934967539739656,0.9937999573308341,JPEG,0.1071929931640625,28.08267593383789,8.824392318725586,256,1.612723708152771,0.2057378739118576,0.9907181859016418,0.3264541028561767,0.37177785055005313,0.17966765927974168,0.006430760903091079,19.355072021484375,-0.23939386010169983,4.4781060218811035,0.60052490234375,-1.4018817735011435,-2.5629170394621497,-2.636167401871984,-2.762996784664278,-2.6831415426465473,-0.019401402146450586,-0.02060406478515699,-1.146574854850769,0.0013783772786458333,0.060211181640625,256
defactify,1,5,20895,0.9065220668408824,0.875618268092942,JPEG,0.04730224609375,41.48917770385742,5.186612606048584,256,1.0407944917678833,0.09442213177680969,0.6032772660255432,0.44700558855603195,0.23700503578432747,0.15340663320100945,0.10444796153377081,14.753057479858398,0.15659718215465546,2.321737289428711,0.5862884521484375,-1.3563245417856518,-2.5764526556976914,-3.410707269875725,-3.7686939848070296,-3.8696373353737643,0.862299457133223,-0.1857537962332124,-2.3348302841186523,0.0019785563151041665,0.2690582275390625,256
defactify,1,5,16988,0.9089188781698208,0.9058613455311999,JPEG,0.0437164306640625,25.846492767333984,5.889675140380859,256,1.0655920505523682,0.16742046177387238,0.7493529915809631,0.2086580092508829,-0.02948551390433627,-0.018820855522092825,0.015200120660529746,19.44817352294922,0.10684137046337128,1.6829255819320679,0.62176513671875,-1.597738749806691,-2.879042130414068,-3.6525052750850353,-3.857524567069034,-3.916137877299051,0.6027966736014401,-0.15438805347862297,-2.511584758758545,0.0007120768229166666,0.1044921875,256
defactify,1,1,74387,0.9441825436231047,0.9519207898004262,JPEG,0.1327972412109375,39.138431549072266,5.71089506149292,256,1.4205362796783447,0.14488738775253296,0.6709093451499939,0.4616526488277106,0.2912062817212977,0.33832230430316473,0.2714735107162848,18.404329299926758,1.6446808576583862,3.245887517929077,0.5235137939453125,-1.346263202567732,-2.2827139444590605,-2.883100342259813,-3.171220181045239,-3.2497055122230236,0.6166556711638878,-0.139747223392101,-2.0168282985687256,0.0003712972005208333,0.1128082275390625,256
defactify,1,2,97521,0.9929741897721723,0.9909221831567206,JPEG,0.072967529296875,36.15360641479492,6.699282169342041,256,1.2680283784866333,0.1180824339389801,0.8213433027267456,0.280372004659813,-0.007262859328374323,0.03045623820024573,-0.006851109439970647,19.185697555541992,0.7116444706916809,4.266279697418213,0.521209716796875,-1.5153656707696275,-2.170461527047319,-2.622145805180602,-2.9440671394870055,-3.002544588933948,0.5631081547351373,-0.12196840543306245,-1.6001551151275635,0.0018412272135416667,0.0694580078125,256
defactify,1,2,115194,0.9914553827513075,0.9896419111788354,JPEG,0.1412200927734375,28.898303985595703,7.43630838394165,256,1.261376976966858,0.11283053457736969,0.9112001657485962,0.11641087365278274,0.08902760645283325,0.11755145741566173,0.08395952767299437,22.2996883392334,-0.36624178290367126,3.496824264526367,0.6050567626953125,-1.3088550288678364,-1.966111993534855,-2.530637407465126,-2.758845151088133,-2.8002046697941863,0.5834412078094777,-0.12587060521551932,-1.7703380584716797,0.0,0.0433349609375,256
defactify,0,0,36104,0.9710789740239268,0.9750075979946138,JPEG,0.0465850830078125,37.72404861450195,6.555821895599365,256,1.1812381744384766,0.19319072365760803,0.7150793671607971,0.24332968107150188,0.14202332686908228,0.125663372335977,0.09289575779042906,26.036361694335938,0.7491457462310791,4.910121440887451,0.4992828369140625,-1.1979685852193676,-1.8472793281254516,-2.297003951980603,-2.5739100693310917,-2.74844209847386,0.6571384341489965,-0.12471757135187865,-1.4668296575546265,0.016871134440104168,0.1760711669921875,256
defactify,1,2,90168,0.9797692435003729,0.9756987037365311,JPEG,0.03363037109375,39.489990234375,5.572183132171631,256,1.2168223857879639,0.16522684693336487,0.6237756013870239,0.2485049976425403,0.08740541343772128,0.08684643042769984,0.03971485136141043,19.156755447387695,0.5976716876029968,3.4657678604125977,0.519775390625,-1.0416431648186304,-1.995085352421544,-2.7758310559167274,-3.073808236056136,-3.1728997312870266,0.8086593979371015,-0.17498362158849046,-1.8779597282409668,0.007731119791666667,0.1084747314453125,256
defactify,1,2,71928,0.9602887356497766,0.9601003216843612,JPEG,0.0315704345703125,25.992473602294922,9.048973083496094,256,1.6016080379486084,0.28927135467529297,1.002786636352539,0.2878631472339076,0.007464069482405447,-0.031026985436210283,0.00196766403381664,32.01122283935547,-0.3424113988876343,2.5818018913269043,0.5736083984375,-1.535171314396191,-2.23622170141262,-2.8203274430397487,-3.1162417914652147,-3.2100139626027593,0.686618368686446,-0.1400365301987419,-2.3496463298797607,0.0057373046875,0.104827880859375,256
defactify,1,2,131156,0.9783143268601845,0.9795392766035109,JPEG,0.01739501953125,47.748748779296875,4.890451908111572,256,1.2820733785629272,0.16107068955898285,0.5081408619880676,0.3355525971316737,0.07242690919176227,0.13174235333227508,0.10151306371373266,7.991816520690918,-0.03970137611031532,4.343492031097412,0.4102783203125,-1.1230713871331188,-1.910790615578546,-2.5596875578450833,-2.9783471705477975,-3.054085914731197,0.8236580303068228,-0.17271841319496714,-2.0054848194122314,0.00020345052083333334,0.1416778564453125,256
defactify,1,1,74507,0.9871577313244194,0.9859352078292728,JPEG,0.0218505859375,53.41870880126953,4.6721391677856445,256,1.2031272649765015,0.13623318076133728,0.5273237824440002,0.21180488701512298,0.2230818683741979,0.16313880888000562,0.11012466989318215,9.957283973693848,0.2618906497955322,6.883933067321777,0.3563690185546875,-1.311017272358126,-1.9788575426399637,-2.329364157620386,-2.433538050534371,-2.453993321595963,0.26782229603662433,-0.06799518951260813,-0.9485982656478882,0.004313151041666667,0.17950439453125,256
defactify,0,0,44894,0.9617990589230455,0.978224019166327,JPEG,0.018585205078125,48.94447708129883,5.804794788360596,256,1.3406708240509033,0.1673998236656189,0.590077817440033,0.442055046615784,0.30379059041148615,0.2475820540354343,0.13084340344587947,14.176532745361328,0.5066410899162292,6.741116523742676,0.4008331298828125,-1.0298548476186689,-1.3948756194297172,-1.9176412291420792,-2.114837205793143,-2.2409052255290574,0.47631149894301217,-0.1115206038444685,-1.017657995223999,0.0006001790364583334,0.2875518798828125,256
defactify,0,0,57854,0.9893408380604994,0.9799769877352539,JPEG,0.016845703125,75.15023040771484,4.336603164672852,256,1.1304364204406738,0.10727804154157639,0.45565780997276306,0.10023003920762634,-0.038451570040336946,-0.004038821612089632,-0.0017200279556162466,5.736223220825195,0.23004251718521118,9.834794998168945,0.29931640625,-1.0826533214697394,-1.6550941855826027,-2.1005555056867635,-2.354844650051806,-2.443320380576651,0.585636850221749,-0.11859998194103621,-1.3350085020065308,0.0009714762369791666,0.2812957763671875,256
defactify,1,2,76418,0.9668427890935944,0.9636115640203696,JPEG,0.121795654296875,22.61528205871582,5.620021820068359,256,1.350559115409851,0.1761719286441803,0.8688527345657349,0.14542327158810175,-0.12301027977621012,0.00014260124409684139,0.0017192516845105554,12.068068504333496,0.03608504310250282,2.498955249786377,0.6405792236328125,-1.6327371917359121,-2.252504350074326,-2.8989829512176897,-3.26077649960754,-3.3468361661589032,0.8146344694305965,-0.16063662296018974,-2.44889235496521,0.0022837320963541665,0.0867919921875,256
defactify,0,0,43265,0.9950892761884899,0.9973276311824867,JPEG,0.03497314453125,65.81275177001953,4.649653911590576,256,0.9707696437835693,0.31758227944374084,0.40832674503326416,-0.14549327754479854,0.0313197335465657,-0.00479175910711146,0.0651197325850204,7.882966995239258,0.23137196898460388,10.384958267211914,0.3403778076171875,-0.8354363836001291,-1.0923898386386002,-1.4622053637651735,-1.7168272240148301,-1.6133663788347619,0.25473010709145427,-0.07115767646169707,-0.4314456880092621,0.0023040771484375,0.0924224853515625,256
defactify,1,3,80009,0.9805701406640028,0.9751479769078074,JPEG,0.0585784912109375,28.06761932373047,6.560087203979492,256,1.6431025266647339,0.1510569155216217,0.6700358390808105,0.3967962607834585,0.3084862168696952,0.2812625715445561,0.21156910366882312,34.729183197021484,-0.6210314035415649,3.835442066192627,0.5711822509765625,-1.1762408940802738,-2.4226812468840784,-3.010263036128787,-3.202985936524792,-3.283288945906646,0.7140848826701882,-0.1418036737931591,-1.9090996980667114,8.138020833333333e-05,0.1051788330078125,256
defactify,0,0,33382,0.9855707963691819,0.984689620652448,JPEG,0.044403076171875,40.34598922729492,7.442887306213379,256,1.6177266836166382,0.2518922984600067,0.7337254881858826,0.5299331729224892,0.3156899024613824,0.06902117986101905,-0.08809331198015384,26.613107681274414,2.0297648906707764,5.70239782333374,0.4725494384765625,-1.00647139319205,-1.6345499435368147,-1.9464825074506455,-2.1681652777831237,-2.3521183304933597,0.6472958978097214,-0.10088186155362686,-1.2030242681503296,0.0031840006510416665,0.169769287109375,256
defactify,1,2,56585,0.9745632689950878,0.9830631068481218,JPEG,0.1535186767578125,22.73594856262207,8.445073127746582,256,1.6246401071548462,0.22349873185157776,1.030064582824707,0.2757407123380294,0.16717463183598175,0.19564976418255559,0.11896570181309547,30.533008575439453,-0.8240328431129456,3.184969663619995,0.7149505615234375,-1.171918606696722,-1.8762273331369936,-2.2952171270053805,-2.645531148606146,-2.7725543094196174,0.6979783507465092,-0.12984580527607203,-1.6381189823150635,0.0005137125651041666,0.0993804931640625,256
defactify,1,3,105386,0.9873196977823335,0.9878356127942236,JPEG,0.1303558349609375,36.16520309448242,7.852876663208008,256,1.086207628250122,0.04816746339201927,0.9136583805084229,-0.17660299189417467,-0.11467429408950985,0.016067615802248456,0.0031600376517200426,18.2580623626709,0.4781375825405121,5.400945663452148,0.535614013671875,-1.219167562325513,-1.7096688750872477,-2.1143014529446296,-2.3526673898639716,-2.3933864788436994,0.5199490607252306,-0.10328259367775357,-1.4918217658996582,0.0325164794921875,0.167633056640625,256
defactify,0,0,39149,0.9976000286930097,0.9992333950712547,JPEG,0.111053466796875,73.71731567382812,4.93743896484375,256,0.9950505495071411,0.0389578714966774,0.6834972500801086,-0.10390994535894393,-0.03599929832942131,-0.007983109954035493,0.004961893555081458,5.928213119506836,0.11516863852739334,15.986214637756348,0.4524383544921875,-1.1744833403648318,-1.5694471266723244,-1.7378313571120794,-1.8033914447402797,-1.8720889689043618,0.2587846232058064,-0.043695399292963406,-0.5568997263908386,0.009114583333333334,0.1031494140625,256
defactify,1,5,17182,0.8263605177183138,0.8605085487168845,JPEG,0.0303802490234375,27.3604736328125,6.244385242462158,256,1.0192400217056274,0.305046409368515,0.7960461378097534,0.29558973030994795,0.014787544836018142,-0.03304909920630802,0.006045292355790501,14.328535079956055,0.03993656858801842,1.8539788722991943,0.5994873046875,-1.4269295919583476,-2.4899792618952477,-3.2614297727157435,-3.4866168976074072,-3.5334742131962957,0.6116672097096969,-0.15345027400676484,-2.7196390628814697,0.047292073567708336,0.3304290771484375,256
defactify,1,3,86769,0.9937533325926022,0.9960936475944023,JPEG,0.1105499267578125,49.673885345458984,5.781925678253174,256,1.3463926315307617,0.0,0.6887136101722717,0.4573283753248077,0.104403070493128,0.021956990652547255,0.039565047979739386,11.858597755432129,0.6398589611053467,6.167848587036133,0.5287933349609375,-1.525650753700016,-1.9658022811178508,-2.542347374739858,-2.647853165424542,-2.7029805637568574,0.3297283098499717,-0.10120196816105498,-1.7379170656204224,0.004842122395833333,0.06463623046875,256
defactify,0,0,19691,0.9766105561184798,0.9631174331010335,JPEG,0.1217041015625,31.72723388671875,8.983890533447266,256,1.3128905296325684,0.1319911628961563,0.8452984094619751,0.2634090302429146,0.2894112322494048,0.2464172285982181,0.1798454124901632,48.38579177856445,1.5190316438674927,4.799870491027832,0.6757965087890625,-1.3850607148339629,-1.9732833290485443,-2.479254091862762,-2.7338704360694788,-2.727219778559416,0.3939009214851916,-0.10953336011421791,-1.6426072120666504,0.027150472005208332,0.2503662109375,256
defactify,0,0,45580,0.9802812865181731,0.9804479263018003,JPEG,0.06689453125,36.73790740966797,8.091026306152344,256,1.4476181268692017,0.16142693161964417,0.9211891889572144,0.46307621920583597,0.20237122532456236,-0.05743142346196238,-0.08579870938958062,19.83099937438965,-0.6511900424957275,5.280059337615967,0.4818267822265625,-1.3609778277417837,-1.943431284980086,-2.3286898468213426,-2.5229460952939755,-2.6181573281262027,0.44164405607863166,-0.09390803976086375,-2.09539532661438,0.08175150553385417,0.1224822998046875,256
defactify,1,3,147594,0.9710535421439082,0.9653389622264255,JPEG,0.1970977783203125,53.018497467041016,7.814361095428467,256,1.2573399543762207,0.0,0.793376624584198,0.26138699570106866,0.11527949554582693,0.059413770410246335,0.01718006502565709,19.784093856811523,0.9536953568458557,5.620443344116211,0.5705413818359375,-1.495028756814147,-2.420996950728205,-3.04993509451592,-3.290234391898619,-3.313038533293118,0.5732841744120707,-0.13297704348582992,-1.960950255393982,0.08484395345052083,0.304168701171875,256
defactify,1,1,55671,0.9886276590291034,0.9920949558510328,JPEG,0.02252197265625,21.94532012939453,3.0547080039978027,256,1.6570866107940674,0.6464311480522156,0.3125147521495819,0.2768069253474935,-0.016875363617142147,0.01568593028918399,0.0034588042101706394,3.7909374237060547,-0.17473585903644562,3.319542169570923,0.3074798583984375,0.0604582290097877,0.2068782381045855,-0.17387860842516467,-0.5259415825801534,-0.6222172237382733,0.716572229059163,-0.1283858700506972,-0.49014031887054443,0.0029347737630208335,0.028778076171875,256
defactify,0,0,82135,0.9978822757147239,0.9929096433038976,JPEG,0.0002593994140625,149.8071746826172,2.374925136566162,256,0.9870345592498779,0.2481563240289688,0.3535817265510559,0.13419161974509924,0.1488411943202296,0.1310861871131836,0.07036954867109646,0.6029965877532959,0.0025236813817173243,26.49931526184082,0.134246826171875,-2.29264770068045,-1.5317591734293243,-1.8337283862785343,-1.3608330468207157,-1.1466817407511485,0.7830141758619806,-0.03768156793374873,-0.4180857837200165,0.026611328125,0.3060760498046875,256
defactify,1,1,72637,0.990661540538263,0.9894148483714644,JPEG,0.1629180908203125,22.407066345214844,8.96583080291748,256,1.2773083448410034,0.20327410101890564,1.075857162475586,0.025111760177151967,0.03249226245094904,-0.02218891489543863,-0.02746468719202602,27.7960262298584,-1.4957867860794067,4.310693740844727,0.6795806884765625,-1.51096962767397,-2.0168614515562497,-2.1503037981433852,-2.1816084004998713,-2.306320510536038,0.38194014352642647,-0.04538665217412646,-2.062763214111328,0.0,0.0748443603515625,256
defactify,1,3,214025,0.9862783351839476,0.9960293194364775,JPEG,0.1501007080078125,44.45451354980469,5.802669048309326,256,0.9257923364639282,0.05787958204746246,0.8801881074905396,-0.18028568179231355,-0.08943360974712981,-0.02520587795241191,0.0011616909482757751,6.816015243530273,0.13513246178627014,8.862160682678223,0.51690673828125,-1.2862169719920669,-1.5851943858334279,-1.7974705584370012,-1.9785681959425725,-2.0050975997581526,0.20807824355351823,-0.0550932107506743,-1.102372169494629,0.1516265869140625,0.14044189453125,256
defactify,1,4,15326,0.9706087932000139,0.9345376803750792,JPEG,0.0191192626953125,67.33319091796875,5.005159378051758,256,0.9978845119476318,0.25928741693496704,0.4239580035209656,0.10653314592789481,-0.0933556152178642,0.005635485236049876,-0.0004997398644379145,14.504497528076172,-0.3494367003440857,7.122028827667236,0.3975830078125,-1.300927183291833,-1.8904341548039518,-2.455636216275301,-2.743994191662507,-2.9133465070001527,0.5573958474283724,-0.12241003670303616,-1.4802674055099487,0.018498738606770832,0.50457763671875,256
defactify,1,4,12140,0.9880245280503651,0.9853893128375584,JPEG,0.026092529296875,49.416378021240234,5.85058069229126,256,0.9986474514007568,0.17275787889957428,0.6578391790390015,-0.012806125695695962,-0.06304994721705352,-0.041957033507995206,-0.02159226730980322,15.954662322998047,0.8585712313652039,6.832733154296875,0.4428863525390625,-1.2020017187721788,-1.9507271747244657,-2.2848534866724135,-2.494055862309553,-2.5948072364615475,0.44310769291230834,-0.08697215993414649,-1.3953050374984741,0.03021240234375,0.2138671875,256
defactify,1,1,94137,0.8209078239459917,0.9573724807306363,JPEG,0.095550537109375,32.65459442138672,7.666772365570068,256,1.2656519412994385,0.08208203315734863,0.7783517837524414,0.249382071748271,0.008329285173239531,0.1008071077654909,0.04532600563859768,19.653778076171875,-0.20477929711341858,2.7984650135040283,0.6018218994140625,-1.3914671599699835,-2.2209496130254083,-3.117689361346688,-3.5298848414420334,-3.561913619576197,0.8972737424457229,-0.20184053981936154,-2.539255142211914,0.084228515625,0.204498291015625,256
defactify,1,4,19668,0.9677812718146424,0.9870491329563118,JPEG,0.0057830810546875,87.4578857421875,4.184401512145996,256,0.9988884329795837,0.47335681319236755,0.32426998019218445,0.30866083525050214,-0.016053129906465975,-0.16867958939138378,0.04218091136575943,5.858468055725098,0.7058878540992737,12.465229034423828,0.26702880859375,-1.2140606297738383,-1.6254483968083777,-1.9643628022173312,-2.177508193596692,-2.298034900885363,0.519726334665962,-0.08727079043075336,-0.8629209399223328,0.0213775634765625,0.4228363037109375,256
defactify,1,2,125431,0.9480354637895575,0.9533794089977702,JPEG,0.0572967529296875,26.389995574951172,3.650351047515869,256,1.3578217029571533,0.1673538088798523,0.5642454028129578,0.2847730413223494,-0.04376264203462223,-0.0341533092281135,0.014901821337180455,6.094254493713379,0.13729161024093628,1.7853769063949585,0.5130462646484375,-0.7970973139529214,-1.8927009056659383,-2.810008233045603,-2.9866978374813256,-3.034974264792184,0.6398911401353127,-0.16836027068026788,-1.979810357093811,0.0,0.045135498046875,256
defactify,1,1,132238,0.9883195520697425,0.9964063029936413,JPEG,0.0055999755859375,74.40087890625,3.507840156555176,256,1.0928146839141846,0.5885702967643738,0.29657840728759766,0.20775475229988952,-0.03353070122939978,-0.014740330408301826,0.005268260784821912,2.3029184341430664,0.18254348635673523,10.828973770141602,0.2100830078125,-1.0359831549943568,-1.5238721994476325,-1.703189001103162,-1.8597037029202523,-1.922024991313915,0.2916582933501948,-0.05416347351639007,-0.5573736429214478,0.0041351318359375,0.2220306396484375,256
defactify,1,3,80214,0.9518600116351028,0.9666186143620107,JPEG,0.08746337890625,25.86646270751953,10.343442916870117,256,1.4840642213821411,0.30341291427612305,1.1181291341781616,0.33248902042577666,0.023427483902086616,-0.03919596856672161,-0.005102450879302675,59.34615707397461,2.3284358978271484,2.540245532989502,0.7481231689453125,-1.5879941896290592,-2.681128841729705,-3.308928461581621,-3.4824100403085234,-3.5513860882696964,0.6242848276419899,-0.13257533574000038,-2.397576332092285,0.0111236572265625,0.1294403076171875,256
defactify,1,3,77687,0.9793523156569733,0.9883463085405979,JPEG,0.0523681640625,27.988801956176758,8.39175796508789,256,1.9672294855117798,0.4162157475948334,0.9668108224868774,0.537821598783782,0.3009432318391887,0.2389149289020841,0.12048982944031489,38.675167083740234,-2.386570692062378,4.019776821136475,0.5272064208984375,-0.6272036879649701,-1.6935844030636646,-2.033064123012154,-2.271281940874914,-2.424478019395255,0.6152995874229559,-0.10642853344897586,-1.4697567224502563,0.00011189778645833333,0.073944091796875,256
defactify,0,0,21329,0.9792159119546968,0.9791164299622285,JPEG,0.192840576171875,18.488752365112305,9.084463119506836,256,0.9433717727661133,0.21773217618465424,1.0398247241973877,0.1106753410248733,0.032279935177928556,0.048733813161165325,0.03224468609347439,49.267337799072266,-2.513857126235962,3.6045167446136475,0.67547607421875,-1.0902738182836629,-1.621616629416872,-2.202718146458511,-2.4546208150591253,-2.6011719416490795,0.6840723999513258,-0.13559012828758363,-1.6260980367660522,0.00017801920572916666,0.07745361328125,256
defactify,1,1,102776,0.9759523277257064,0.9883281942360974,JPEG,0.0061187744140625,36.35009765625,5.856276512145996,256,1.2205556631088257,0.3846924602985382,0.6800110936164856,0.1397883013282731,-0.02122681341063235,0.018114045974323003,0.010374600042203433,12.324036598205566,0.6126353144645691,4.4407639503479,0.3708343505859375,-1.2173615725677625,-1.9904116615142051,-2.4579479625416942,-2.588865032547994,-2.7560026409342226,0.5426676912822792,-0.10349052034830088,-1.477927803993225,2.5431315104166668e-05,0.1141815185546875,256
defactify,0,0,19113,0.5977489819907112,0.7923111458306118,JPEG,0.3000335693359375,11.980112075805664,9.427897453308105,256,1.8869383335113525,0.13219237327575684,1.2953078746795654,0.262571625193815,0.044742107405758944,0.08594707765076527,0.01449319028542387,54.96729278564453,1.107958436012268,1.0481728315353394,0.8336181640625,-1.4801706825122363,-2.1864350333519615,-3.1088016608702826,-3.2749946991382077,-3.3672160083686418,0.6895700074578146,-0.17186570651632307,-2.9585680961608887,0.1605224609375,0.126251220703125,256
defactify,0,0,43310,0.9999999999999998,0.9999999999999998,JPEG,0.009307861328125,70.92267608642578,5.194952487945557,256,1.300836443901062,0.20909491181373596,0.5436512231826782,0.4501440246928772,0.32019827384912747,0.2876563513610317,0.18245100030713296,13.221559524536133,-0.015120645053684711,8.909398078918457,0.3247833251953125,-1.3552235921319404,-1.9974055344098147,-2.326784461688697,-2.528672932043225,-2.647105531419176,0.4815346455397105,-0.0893606407325752,-1.2281129360198975,0.007354736328125,0.0022125244140625,256
defactify,1,3,35755,0.9729831762944798,0.9635954789182974,JPEG,0.739532470703125,12.99593734741211,20.529830932617188,256,1.262628436088562,0.0,2.045308828353882,0.18887930442479633,-0.0030953908962902794,0.014318591931451448,-0.011221141046009343,66.46521759033203,1.2906951904296875,2.638951539993286,0.8757476806640625,-0.9207329827250073,-1.9467378714375387,-2.281336571330046,-2.580118109990086,-2.7550329473295534,0.6619589428453097,-0.10952967317866567,-1.6943708658218384,0.005406697591145833,0.0763702392578125,256
defactify,0,0,30492,0.977509105881762,0.9812801403146758,JPEG,0.106292724609375,47.00206756591797,6.0880656242370605,256,1.3278275728225708,0.031990330666303635,0.6516558527946472,0.3021081308727755,0.020334861348543135,0.044364099474688744,0.0009686611523414845,22.334632873535156,1.8090660572052002,3.896794080734253,0.5618133544921875,-1.3290548060619596,-2.1985738988415813,-3.034174044752379,-3.3421140554007076,-3.5172515783385228,0.9235554711406149,-0.19051064494855932,-2.1358609199523926,0.004908243815104167,0.111846923828125,256
defactify,0,0,41893,0.9840287956264033,0.9871428916678965,JPEG,0.055633544921875,67.83916473388672,5.658394813537598,256,1.3481534719467163,0.09777429699897766,0.5689893960952759,0.21304728824918734,0.224249338910812,0.11883776758535712,0.041893914580303435,10.632946014404297,0.590470552444458,11.071329116821289,0.358367919921875,-1.1375674353179166,-1.6701061153235672,-1.9875903552850458,-2.1201338078557033,-2.214978568433561,0.41021560148132163,-0.07635791666129253,-0.8636753559112549,0.043568929036458336,0.2749481201171875,256
defactify,1,4,12518,0.9881129645652607,0.986595538483243,JPEG,0.041229248046875,55.88746643066406,6.288236618041992,256,0.9416484236717224,0.1723979115486145,0.5619748830795288,0.11690390545099208,0.07252361976417974,0.1436167323879146,0.11002586657717103,25.021560668945312,-0.9539780020713806,6.4982523918151855,0.4378662109375,-1.1938564403773073,-2.0364496962593064,-2.425668989292636,-2.7276135979198015,-2.8037223885546174,0.5975715758914948,-0.11662354167148768,-1.406683087348938,0.0010172526041666667,0.18487548828125,256
defactify,0,0,27940,0.9775272961285607,0.9831252842044528,JPEG,0.0435638427734375,52.26659393310547,6.9521636962890625,256,0.9870849847793579,0.15067076683044434,0.6784494519233704,0.16271068250908266,-0.040794332550739894,0.012555564796297889,0.05251123888975085,20.427204132080078,1.5567766427993774,7.664427757263184,0.42071533203125,-1.4469847201148909,-2.0196476195352844,-2.4799049829090922,-2.672893616748058,-2.7278968729099553,0.4680815597139505,-0.09600214360606132,-1.4640920162200928,0.0162353515625,0.2458038330078125,256
defactify,1,2,96786,0.9160987011286426,0.9514277685474748,JPEG,0.126708984375,21.534034729003906,6.246521472930908,256,1.3869520425796509,0.10166358202695847,0.7587515711784363,0.2382535629699955,-0.09738786972318794,0.03259817108163393,0.003801988755194211,16.21516227722168,-0.013865409418940544,2.442106246948242,0.5832061767578125,-1.1805086956844617,-1.8416500451378557,-2.530453552489403,-2.894205585053723,-2.984986881400368,0.8591961467679905,-0.1714325833440474,-2.069140911102295,0.002288818359375,0.116912841796875,256
defactify,1,1,65358,0.9736865511482627,0.9808700980966013,JPEG,0.0177001953125,32.5875129699707,6.577249050140381,256,1.3240909576416016,0.3498172461986542,0.8043453693389893,0.16938358857887464,0.09660422083498281,0.06062096886579409,0.022311091956134673,13.394767761230469,0.45357492566108704,3.809779644012451,0.4070587158203125,-1.613064150785572,-2.474574626025075,-2.937990633075122,-3.1377147356203103,-3.1943594398634003,0.4655263684388986,-0.10473195521916415,-2.0425093173980713,0.0101165771484375,0.098114013671875,256
defactify,1,1,59542,0.9951040532747223,0.9965263943632748,JPEG,0.1160125732421875,32.460052490234375,8.419394493103027,256,1.2804665565490723,0.0999760702252388,0.8255933523178101,0.3670185701263756,-0.020073056464905658,-0.13833229150317516,0.006127871128935549,27.310895919799805,1.2555787563323975,3.4453647136688232,0.6414947509765625,-1.4471479452951694,-2.125640047109055,-2.927121575211909,-3.1499453586585027,-3.3159123029501627,0.8431177652452639,-0.17179453261485622,-1.7149204015731812,0.0005391438802083334,0.019989013671875,256
defactify,1,5,22870,0.8952317066612804,0.931512837356822,JPEG,0.057708740234375,51.83064651489258,4.004754543304443,256,1.0300233364105225,0.06675863265991211,0.5537152290344238,0.38092929913765317,0.16860155781853065,0.06477639032972977,0.048116249819915476,9.059986114501953,-0.4254921078681946,2.564129590988159,0.55767822265625,-1.2964964848765277,-2.7035088279368704,-3.4175018454052655,-3.695000042531717,-3.781383741086395,0.7233506030008305,-0.15674703691381195,-2.2193422317504883,0.004282633463541667,0.228057861328125,256
defactify,1,5,19658,0.9291058378805158,0.9266348726904263,JPEG,0.0367279052734375,36.38673782348633,4.705962657928467,256,1.051763653755188,0.24208876490592957,0.5383073687553406,0.359034265593376,0.09093197741070895,0.010384898782193109,0.011069781008432025,10.875661849975586,0.23079083859920502,2.4680962562561035,0.5440826416015625,-1.1595344915376762,-2.303904444835786,-3.076114669624668,-3.5125606356846566,-3.571993162468946,0.8402545028810406,-0.18526849677637075,-2.1806588172912598,0.0027058919270833335,0.18328857421875,256
defactify,1,5,17374,0.9098946760503235,0.9255548299645933,JPEG,0.0837554931640625,26.83543586730957,6.072250843048096,256,0.9626869559288025,0.10921463370323181,0.7246200442314148,0.3414820097230141,0.17853230366122697,0.11899872038451442,0.06001282690849766,19.783958435058594,0.6928582191467285,1.8284721374511719,0.6613006591796875,-1.4247967668744579,-2.512522828743675,-3.257697664366959,-3.5975163432249913,-3.7072127630901246,0.7115419804551895,-0.16988462401720464,-2.5940237045288086,0.0022837320963541665,0.147705078125,256
defactify,1,1,66443,0.9699838200249068,0.9674256145846983,JPEG,0.0595245361328125,39.902557373046875,5.771043300628662,256,1.361249327659607,0.10348566621541977,0.6370403170585632,0.22261330321526432,0.09818431261192263,0.02663673584013457,0.011084740096714363,10.649702072143555,0.17234644293785095,4.892520427703857,0.4570159912109375,-1.3648028072087133,-2.103970111610569,-2.3747393636506686,-2.5430483043458176,-2.5876766497513497,0.33729101424977337,-0.0727126471144814,-1.3381973505020142,0.0035552978515625,0.267120361328125,256
defactify,1,5,16171,0.9408347335126844,0.9425655507254844,JPEG,0.023162841796875,40.620506286621094,4.5589919090271,256,1.042704701423645,0.19599099457263947,0.5351468920707703,0.4022092183982361,0.17293455400346258,0.0908236762717896,0.0869022616531783,15.66571044921875,0.6633338928222656,2.1919050216674805,0.543975830078125,-1.2785409294483578,-2.527697360643673,-3.3054448369611587,-3.5434854545430072,-3.619146481304967,0.7728547404143056,-0.1625602377807225,-2.5509748458862305,0.0003509521484375,0.1197052001953125,256
defactify,1,4,11912,0.9846422997897417,0.9850606373710159,JPEG,0.027618408203125,57.839996337890625,6.211422920227051,256,0.8485625386238098,0.16899651288986206,0.6335205435752869,0.4259762237325638,0.30568253820486796,0.19164328731745078,0.04145874916941427,26.20452117919922,1.2137484550476074,7.062655925750732,0.433319091796875,-1.1764922215594744,-1.7622234575030333,-2.384858253007179,-2.3494752197948827,-2.4600359072487414,0.4339554389742233,-0.11066833085599027,-1.3098102807998657,0.004831949869791667,0.18170166015625,256
defactify,1,4,9204,0.9941067341865705,0.9948507013803808,JPEG,0.039031982421875,41.16209030151367,6.22007417678833,256,1.084446668624878,0.14443114399909973,0.6431646347045898,-0.2732096416100899,-0.00031113706667521224,0.041768168117750144,-0.07931466488193042,17.72494888305664,0.0035082357935607433,6.389424800872803,0.5645904541015625,-1.4067928458032446,-2.010993275792762,-2.4380420517957804,-2.475893419816763,-2.5982866248463727,0.3320365527973266,-0.07325354162863157,-1.6074665784835815,0.0020548502604166665,0.0778656005859375,256
defactify,1,1,47132,0.9354565667548285,0.9754768564654657,JPEG,0.151123046875,15.785545349121094,15.1104736328125,256,1.6005362272262573,0.5128316283226013,1.693379521369934,0.23160482461363086,-0.07793166796742566,0.03516274397164365,0.002601077690157695,69.67835998535156,0.4749109148979187,2.318098783493042,0.6512298583984375,-1.5086019412455567,-2.0081565949444826,-2.676540579842963,-2.9599777877640276,-3.078242638710782,0.7346231602590927,-0.15417782068560745,-2.4781622886657715,0.037745157877604164,0.0570526123046875,256
defactify,1,3,178799,0.9954107991590645,0.9973143108085242,JPEG,0.0179901123046875,59.991703033447266,5.651477336883545,256,1.0761816501617432,0.2177744060754776,0.598347008228302,0.06623813140258286,0.04843865782067665,0.08566874415403866,0.06966900946247805,9.090832710266113,-0.4774945378303528,11.003473281860352,0.273590087890625,-1.3439286726901791,-1.582289790240969,-2.051904106535912,-2.2523281281853302,-2.306851545026942,0.356448516512363,-0.09107418250830393,-0.996925413608551,0.012400309244791666,0.107757568359375,256
defactify,1,1,57618,0.9429436617048238,0.9222964608315145,JPEG,0.0890350341796875,23.35836410522461,7.672553062438965,256,1.4009859561920166,0.10602773725986481,0.8680680990219116,0.14506568797784267,-0.013369427868493593,0.010787807698764385,0.011221378387707441,22.13686752319336,0.07813321053981781,2.098923921585083,0.6279296875,-1.8154393722044064,-2.7498451171476814,-3.330093906196259,-3.702405605134932,-3.7625483833049373,0.7791212707292705,-0.15618371253219493,-2.7520334720611572,0.0006866455078125,0.1484375,256
defactify,1,3,25926,0.9762754103745852,0.977410257080688,JPEG,0.400970458984375,26.65650177001953,10.064066886901855,256,1.3290772438049316,0.0,1.1396894454956055,0.1943167974497196,-0.037503261379273095,-0.04060097492950606,-0.029180359082572042,30.542560577392578,-0.8195218443870544,4.120596408843994,0.6956787109375,-1.3678904483901286,-1.9360503822203503,-2.5077218115712485,-2.725133947865931,-2.866568824501586,0.6520477520290795,-0.13418095651056774,-1.498090147972107,0.0032246907552083335,0.1157073974609375,256
defactify,1,5,18323,0.9852645520751936,0.979642149444001,JPEG,0.2708892822265625,56.866661071777344,5.044031143188477,256,1.1651039123535156,0.0,0.8058030009269714,0.28046393897445954,0.04680843402364362,0.04009610564890327,0.04262829724303285,13.555034637451172,0.4912254512310028,3.502354621887207,0.6325225830078125,-1.0943009455636954,-2.342513833021096,-3.2521589368773824,-3.6107976828557895,-3.7023978258092045,1.01188429175094,-0.20628963719632792,-2.2402350902557373,0.0030568440755208335,0.0630645751953125,256
defactify,1,1,96511,0.9756131892556291,0.9778011232055214,JPEG,0.0516815185546875,61.194705963134766,4.168702602386475,256,1.1234779357910156,0.1347760558128357,0.470497190952301,-0.03977205685136675,-0.11542819545318077,0.01920005619414733,0.005491410480771005,6.918719291687012,0.06853607296943665,7.8589043617248535,0.3483734130859375,-0.8731333591790449,-1.3690837096662571,-1.7496968849633348,-1.9821638880677002,-2.069405610636867,0.5792843859010874,-0.10452384088509573,-1.0722787380218506,0.013575236002604166,0.29705810546875,256
defactify,0,0,28647,0.9950023456862753,0.9954276951715434,JPEG,0.158447265625,40.49427795410156,5.5615949630737305,256,1.2047398090362549,0.037835340946912766,0.7083801031112671,0.2627531791801097,0.03935394129644536,0.020127761150789753,-0.006960977154398877,16.689149856567383,-2.4486825466156006,7.691025733947754,0.442291259765625,-1.4065195743354604,-1.6198236825601597,-1.0744467188390505,-1.8097880600219796,-1.8184929503725948,0.7278900893185911,-0.03951509085899316,-0.9922575950622559,0.015711466471354168,0.0974884033203125,256
defactify,1,4,16367,0.9875878042735242,0.9851620507637548,JPEG,0.0189056396484375,68.16324615478516,4.383774757385254,256,1.0495489835739136,0.2580656409263611,0.38974258303642273,0.025376277555846014,0.06493628066272347,-0.010289667416557265,-0.003385551849252399,7.061297416687012,-0.27363792061805725,10.590229988098145,0.2991485595703125,-1.094879549311515,-1.608687257625662,-1.735659633484687,-1.8314689254081147,-1.9058127692782527,0.24156426060709446,-0.04350069523361742,-0.6477358937263489,0.0033925374348958335,0.3343353271484375,256
defactify,1,3,164813,0.8734711175395088,0.9438610720589538,JPEG,0.0821075439453125,49.30763244628906,6.872142791748047,256,1.6649906635284424,0.10097892582416534,0.73647141456604,0.37001030892623127,0.17683912614373667,-0.04814291294414602,-0.05169826668074171,20.691131591796875,0.9000883102416992,5.2268900871276855,0.55645751953125,-1.285913716208035,-1.9712142374714379,-2.6544783660898545,-2.9040871071429537,-2.9721696273830656,0.5891247493129708,-0.14075446814237602,-2.139097213745117,0.0583038330078125,0.283843994140625,256
defactify,1,1,109326,0.9460817856905539,0.953331120069467,JPEG,0.0605316162109375,49.79512023925781,6.582494735717773,256,1.1397186517715454,0.15163859724998474,0.5823488831520081,0.13113547530196,0.07279014116428249,0.0635771248702615,0.04495785483162786,14.878961563110352,-0.03131025284528732,5.516824245452881,0.455291748046875,-1.2596720015749314,-2.1283355617218067,-2.7262043534160885,-2.8556168756028066,-2.9278374295372718,0.4372943856578386,-0.11173190245194989,-1.7108038663864136,0.058156331380208336,0.3708038330078125,256
defactify,0,0,49846,0.9842415391625441,0.9833861332806185,JPEG,0.0210113525390625,51.63829040527344,4.9872355461120605,256,1.0303634405136108,0.38580864667892456,0.47001567482948303,0.11294230406131003,0.09685727548648415,0.14089825767970396,0.0904389527193893,15.919485092163086,0.7319010496139526,6.5579938888549805,0.3447723388671875,-0.864040079494659,-1.4603847249814361,-2.0559644990526245,-2.2709214544105016,-2.325779450993581,0.4873909464769852,-0.1221151990075746,-0.8419038653373718,0.0114288330078125,0.1296234130859375,256
defactify,1,3,74957,0.9120451600015393,0.8460441366203935,JPEG,0.6122589111328125,9.609247207641602,23.507564544677734,256,1.2745410203933716,0.0,2.7253096103668213,-0.04250719592110948,-0.1484707350238103,-0.027318442685024827,0.007909023798786866,269.1736755371094,5.272663593292236,1.4730035066604614,0.9338226318359375,-1.0033080674400896,-2.0787732605730422,-2.618887787945284,-2.553394423749713,-2.360987386822253,-0.00672359281454149,-0.055104489394868846,-1.8181949853897095,0.0051116943359375,0.0745391845703125,256
defactify,1,4,14997,0.9908901452435815,0.9827350791013936,JPEG,0.007598876953125,72.80290222167969,4.203481674194336,256,1.0876840353012085,0.22358162701129913,0.4882810115814209,-0.10378771809175076,-0.08986878609803071,0.024993572472264764,-0.028009949315295046,7.515896797180176,-0.3009447455406189,10.811999320983887,0.2877960205078125,-0.9309473977509395,-1.4226821299855308,-1.5735160330414732,-1.7525087100135748,-1.9064392890397315,0.35682951401393925,-0.08198636530521095,-0.6738152503967285,0.009328206380208334,0.1723175048828125,256
defactify,1,3,62572,0.8685976384298615,0.8723416520969861,JPEG,0.0270233154296875,20.40665626525879,6.417882919311523,256,1.8380012512207031,0.43524423241615295,0.9118022918701172,0.19317320410600028,-0.05249158925243934,0.08151108743532479,0.04472322977081342,19.1342830657959,0.14486263692378998,1.6909387111663818,0.5623321533203125,-1.3159911688170958,-2.094357718448734,-2.7424047873585096,-3.057400567067325,-3.1757582823248587,0.795892091989364,-0.1589953251936072,-2.4576492309570312,0.032012939453125,0.132598876953125,256
defactify,1,5,24746,0.9102514254124009,0.9202144144040995,JPEG,0.008148193359375,45.193695068359375,4.04929780960083,256,1.0980228185653687,0.4681019186973572,0.4462871253490448,0.3194663341852606,0.07466692766294539,0.03163147930495619,0.03111375559355112,6.91728401184082,0.3609178364276886,2.7659637928009033,0.4605255126953125,-1.2172016895417919,-2.3342790237196054,-3.074350342356051,-3.565093912555083,-3.6359784772858488,0.8602586679965301,-0.1968167818055028,-2.2223422527313232,0.0023905436197916665,0.213287353515625,256
defactify,1,1,87716,0.990644900230405,0.9862445166865075,JPEG,0.0343475341796875,59.176963806152344,4.672883033752441,256,1.1442375183105469,0.18649832904338837,0.48555487394332886,0.1932216435260334,0.07496125688092926,-0.02135645186950245,0.007482644837047756,9.780673027038574,0.23568975925445557,6.252418518066406,0.4001617431640625,-1.1904763515517995,-2.0585307173465086,-2.393897378504927,-2.549976270346683,-2.593859717188053,0.31859807567698173,-0.07523839140610926,-1.093023657798767,0.0038960774739583335,0.159088134765625,256
defactify,1,4,13464,0.9806181299374249,0.9768769537337566,JPEG,0.005859375,53.15752410888672,5.031574726104736,256,0.9005352258682251,0.40400388836860657,0.4685717225074768,0.1250804882431178,0.01456159646854457,-0.03587219639340429,-0.02979327348346706,13.098064422607422,0.500541627407074,6.794793605804443,0.355072021484375,-1.3212022256196905,-1.744726915722305,-2.189627077484352,-2.4065114116784416,-2.4061108599626007,0.5037652345098458,-0.10889328220678521,-1.0353962182998657,0.0007069905598958334,0.3269500732421875,256
defactify,1,3,116237,0.986167424476509,0.9207748765696105,JPEG,0.2086334228515625,40.242645263671875,8.697382926940918,256,1.107274055480957,0.0,0.9498355388641357,0.25745218892686333,0.2400645941007355,0.1164761654203797,0.01098138740150555,8.837368965148926,0.3573094606399536,5.8731770515441895,0.505096435546875,-1.577454271380832,-2.563265648076441,-2.9832190791730584,-3.2823481832564365,-3.3612986536987597,0.6879276116241773,-0.10067296031182141,-1.5095267295837402,0.019068400065104168,0.15447998046875,256
defactify,0,0,45445,0.9889843372744841,0.9923835005630272,JPEG,0.0463409423828125,62.62748718261719,5.817633628845215,256,1.203770399093628,0.15110653638839722,0.574585497379303,0.2695071816325444,0.23315076207673505,0.11744674779458682,0.11674599579796349,14.066362380981445,-0.31056058406829834,8.141458511352539,0.4000701904296875,-1.4723256588710187,-1.7632630079520242,-2.4216402821273997,-2.4626872109372977,-2.7399783747110105,0.6948353562219189,-0.12900013085619694,-1.8668475151062012,0.04052734375,0.160003662109375,256
defactify,1,4,12328,0.9900200974195227,0.9883967109315961,JPEG,0.0565338134765625,55.0201530456543,5.517868518829346,256,1.0092363357543945,0.0769534781575203,0.5863110423088074,0.08099297235303461,0.07591185394712091,0.15445403658552426,0.12159896563674823,9.190966606140137,0.48684918880462646,8.396069526672363,0.43701171875,-0.7867647061772463,-1.0545930572928484,-1.5877557110500096,-1.699006405593968,-1.8147897749659467,0.42117727624060475,-0.09521580040352565,-0.7851247191429138,0.004872639973958333,0.2104949951171875,256
defactify,1,1,37311,0.9959045072989899,0.995556628476965,JPEG,0.1240234375,19.834259033203125,9.353652000427246,256,1.3219647407531738,0.29086583852767944,0.9872668385505676,0.1926376648115863,0.20148055289055858,0.0049540625291867426,-0.05689292679373722,39.64393997192383,-0.9058180451393127,4.260403156280518,0.604766845703125,-1.1836774745155996,-1.7002780607944903,-2.160129668112859,-2.1893322299784295,-2.186519113605484,0.21871966435718626,-0.06624319001829654,-1.2682563066482544,0.0,0.0297698974609375,256
defactify,1,5,21366,0.8895439788546614,0.9086398730960892,JPEG,0.0173187255859375,33.148460388183594,4.353237628936768,256,0.9841119647026062,0.26145461201667786,0.5077146887779236,0.317036364510275,0.069941502761975,0.01999254921033834,0.003527933920945528,12.897072792053223,0.6184976696968079,2.1782681941986084,0.5443572998046875,-1.330998318416441,-2.524878524278826,-3.3461765592263184,-3.6181902342061143,-3.6558621785454646,0.7306536793424954,-0.170596635627902,-2.591517448425293,0.0246429443359375,0.140106201171875,256
defactify,1,2,129178,0.9923803500871787,0.9914958266122865,JPEG,0.045928955078125,44.87520980834961,4.09989595413208,256,1.136247992515564,0.07911776006221771,0.4492838680744171,0.028213012942756535,0.0022612166434790256,0.022481011079738038,0.022732802305038127,5.61882209777832,-0.07810438424348831,4.827057838439941,0.3659515380859375,-1.1566749823186901,-1.9331712588584882,-2.3512107162293354,-2.571116373547131,-2.6671305885955094,0.5193830387660157,-0.110524838615976,-1.521957516670227,0.0,0.0513458251953125,256
defactify,1,3,69482,0.9020725578118555,0.8982619793817544,JPEG,0.0973663330078125,32.104393005371094,5.858877658843994,256,1.3660861253738403,0.05497061088681221,0.6929787397384644,0.2793010829239809,-0.03386151936353335,-0.0056548182011043275,-0.007546557905637939,22.54561424255371,0.45289355516433716,2.8570716381073,0.5266265869140625,-1.8598640015029568,-2.539916544012791,-3.096283826407082,-3.4107676558175903,-3.55263410510251,0.7717004683597626,-0.14952606740025817,-2.3450093269348145,0.038187662760416664,0.284698486328125,256
defactify,1,3,42981,0.8104434063680291,0.8437086285301582,JPEG,0.4416961669921875,4.598147392272949,16.172870635986328,256,3.784677743911743,0.0,1.6921132802963257,0.5147623620269827,0.2775496773846018,0.0891633030743535,0.06458990366879806,182.4755401611328,-0.16678613424301147,0.6017696261405945,0.91876220703125,-1.1228719351311645,-2.152375472639469,-2.8023007200286156,-2.7751754506017132,-2.6488160043644835,0.05077370981263174,-0.0742420239223957,-1.2651216983795166,0.0,0.0079498291015625,256
defactify,0,0,47925,0.9817959858460398,0.9879084035111892,JPEG,0.0041351318359375,63.51871871948242,5.064208984375,256,1.2432925701141357,0.37467628717422485,0.6180833578109741,0.20726501323285962,0.013797328514583115,0.05723273982594568,0.02173814445537527,8.118292808532715,0.2037150263786316,7.137906551361084,0.2900848388671875,-1.1339824889296874,-1.810737280977201,-2.2838664637166426,-2.586282139523255,-2.7289659149408303,0.765205246372588,-0.13595959661854184,-1.3362540006637573,0.009653727213541666,0.18408203125,256
defactify,1,2,97615,0.9780262434626096,0.9801797129038585,JPEG,0.1199951171875,27.843395233154297,6.9133405685424805,256,1.4774644374847412,0.0893808901309967,0.9104657173156738,0.5137459690153533,0.3698255851290536,0.3413377144499208,0.18784046745316726,15.938623428344727,1.0339937210083008,3.381535053253174,0.5677032470703125,-1.78696142981605,-2.1601633717433844,-2.620588227602253,-2.9173700863726815,-2.9621612837020237,0.6666540404748904,-0.1259617891238782,-1.8028359413146973,0.00020853678385416666,0.09564208984375,256
defactify,0,0,24600,0.9769288641694917,0.9772132853393415,JPEG,0.174041748046875,27.95325469970703,8.423999786376953,256,1.755263328552246,0.06556925922632217,0.7997258305549622,0.5210616681134791,0.3247769041466639,0.22176170206978366,0.15132954206599042,39.5246696472168,0.574178159236908,3.995152711868286,0.6313934326171875,-1.4149565519018372,-1.9823670889309701,-2.4642300751797848,-2.7365219415452433,-2.8525914352544426,0.6631636570083241,-0.13098085768787238,-1.5073167085647583,5.086263020833333e-06,0.1231231689453125,256
defactify,1,2,82383,0.9696694910008823,0.9651397508270713,JPEG,0.0770263671875,22.57461929321289,7.01273250579834,256,1.5924981832504272,0.21834103763103485,0.8131805062294006,0.18267362201725423,-0.06317885955229807,0.026231538600729114,0.009259800383559055,23.25567054748535,-0.1647176593542099,2.4189162254333496,0.575225830078125,-1.5028690960353712,-2.1507078912820417,-2.8614701616050757,-3.1446746574300315,-3.122872880363624,0.587252075257056,-0.15203123994914908,-1.8732690811157227,0.0004018147786458333,0.0889129638671875,256
defactify,0,0,49902,0.9925627381073813,0.9851178300860547,JPEG,0.02386474609375,70.79679870605469,4.039710998535156,256,1.216845154762268,0.11204278469085693,0.4542541801929474,0.13391680536448441,0.1813108138370787,0.09830171662169837,0.05548526588070485,6.430960655212402,0.044948309659957886,11.001535415649414,0.314300537109375,-0.9453743141461413,-1.4388602725719126,-1.6612483343151832,-1.875732613389328,-1.9044065011670686,0.36886341347853424,-0.06865319465830698,-0.7041111588478088,0.004206339518229167,0.1713409423828125,256
defactify,1,5,17813,0.936545632451653,0.9078738519764077,JPEG,0.13421630859375,33.07754135131836,6.704117298126221,256,1.0923969745635986,0.062399398535490036,0.8220909237861633,0.33687212810612244,0.12737972366103495,0.10491489919780742,0.0934070275942316,19.223018646240234,-0.2780398428440094,2.4857351779937744,0.589874267578125,-1.3767879698381904,-2.5548431376858396,-3.360446874132032,-3.647854010875464,-3.7568063607108035,0.8191681934980206,-0.17706709092737005,-2.657850742340088,0.0015614827473958333,0.18548583984375,256
defactify,1,3,44254,0.9302966650602518,1.0,JPEG,0.592529296875,2.4028756618499756,8.323356628417969,256,5.261055946350098,0.0,1.5201716423034668,0.37841671304499336,0.21703087581625222,0.0777148726812217,0.013491232376021157,217.62872314453125,6.350452423095703,0.3353230059146881,0.9522857666015625,-1.1586240749715335,-2.0998424536445515,-2.925776144461793,-2.8524678995536696,-2.8571527436076676,0.24078489403565495,-0.10404110271515676,-1.4782602787017822,0.0,0.001251220703125,256
defactify,1,2,65425,0.9750136450045297,0.9796099545115049,JPEG,0.1831512451171875,13.808481216430664,8.830782890319824,256,1.559719204902649,0.1475871503353119,0.9292339086532593,0.2520538447743803,0.1885960531102193,0.18699728082228875,0.1362577025646446,42.35210418701172,-2.1000616550445557,1.8098374605178833,0.7225799560546875,-1.2340232255738925,-2.0800577246317022,-2.5265516857593644,-2.8382507740247833,-3.014344131647084,0.720181454339726,-0.13187284327770468,-1.8268873691558838,0.0,0.015594482421875,256
defactify,0,0,41884,1.0,1.0,JPEG,0.0487823486328125,71.70348358154297,5.2322235107421875,256,1.073243260383606,0.1643459051847458,0.5074294805526733,0.04479486393544411,0.0737541577524956,0.04957238880523701,0.06543920481193087,10.542143821716309,-0.10601687431335449,10.0302152633667,0.351165771484375,-1.5349566824141592,-2.0268193933089247,-2.4129056444436454,-2.64296346516649,-2.664519629356593,0.46750788830199586,-0.09855770124200765,-1.1337651014328003,0.018798828125,0.002288818359375,256
defactify,1,5,24771,0.8944168728622133,0.8228998069736526,JPEG,0.00970458984375,50.92798614501953,3.876481056213379,256,1.1397444009780884,0.28668951988220215,0.4031112790107727,0.3643766851029054,0.14970866002139174,0.11787726906088364,0.08269672327976305,7.236337661743164,0.1326964646577835,3.0287091732025146,0.4851226806640625,-1.0889972085827555,-2.2056487296765352,-3.0533361422557803,-3.421253643435274,-3.509879198982696,0.831944585316279,-0.18847279986862786,-1.937671184539795,0.015599568684895834,0.470489501953125,256
defactify,1,1,91303,0.9604869230534736,0.984965662066375,JPEG,0.0130615234375,52.03156280517578,5.68294620513916,256,1.0793893337249756,0.35971200466156006,0.6843340992927551,0.17651400362060835,0.0059195093075705965,0.07043106810808938,0.044522681297539994,6.970955848693848,-0.7208753824234009,4.166585922241211,0.3795013427734375,-1.4969103266957076,-2.3802476745734547,-3.2242969866709608,-3.577207345579504,-3.6550439843812077,0.8723186810744057,-0.19219951990302855,-2.251537799835205,0.0146484375,0.1181793212890625,256
defactify,1,1,66749,0.9371875845903692,0.992470944982826,JPEG,0.319091796875,16.390743255615234,13.041158676147461,256,1.7064712047576904,0.0,1.436273455619812,0.2871411320132772,-0.1709770960531659,-0.11181619624144273,0.02800724622623174,41.63201141357422,-1.705094814300537,3.5708730220794678,0.7483978271484375,-1.7978709222974212,-2.3003385923148407,-2.5355324123062886,-2.6544200045198743,-2.8517879001298683,0.49268046787221387,-0.0792889077122089,-1.2475292682647705,0.0023905436197916665,0.0782012939453125,256
defactify,1,3,68368,0.9790124422112738,0.9928732325425175,JPEG,0.1312255859375,18.21231460571289,17.347774505615234,256,1.7417970895767212,0.374999076128006,1.8881491422653198,0.14822241672413247,0.20510633184173624,0.07864721710033391,0.1769195775790016,90.07829284667969,-2.4806406497955322,3.7218575477600098,0.517120361328125,-1.4621391645418447,-2.306059401805393,-2.6756476422188147,-2.936268624256372,-3.070919590632511,0.8569666021095195,-0.11752508047583855,-2.1312177181243896,0.021113077799479168,0.053863525390625,256
defactify,1,5,21199,0.9048199145072875,0.9186950713041262,JPEG,0.0092315673828125,39.2454719543457,3.7950942516326904,256,1.068586826324463,0.3566272556781769,0.42327168583869934,0.2509333631250274,0.009124636525635114,-0.03270266355894676,0.0013703651826068833,7.773602485656738,0.030204012989997864,2.2244739532470703,0.5360107421875,-1.4585570433317132,-2.6064352021374395,-3.4031596753139777,-3.6125267198361124,-3.670881340767756,0.5967878600083676,-0.15511128077283712,-2.349238634109497,0.0006306966145833334,0.1915740966796875,256
defactify,1,4,9134,0.9776317552753365,0.9786127020536051,JPEG,0.0335235595703125,34.95924377441406,6.610727310180664,256,0.9558543562889099,0.24124756455421448,0.5371062159538269,0.1716844272532982,0.25931224208477516,0.20134079046952824,0.15178314743455246,20.82569122314453,0.6074470281600952,4.218024730682373,0.5374603271484375,-1.3356490604235285,-2.027190585524359,-2.436259122183725,-2.6801101119603157,-2.67636054280847,0.3615832193295976,-0.10175964915367618,-1.4287198781967163,0.0017598470052083333,0.1024627685546875,256
defactify,0,0,64248,0.9802971570702294,0.9926885370394732,JPEG,0.0091400146484375,87.09597778320312,3.6166796684265137,256,1.0516351461410522,0.3907691240310669,0.3349124789237976,-0.40059848446750057,0.043468316834252965,-0.13554279046654136,-0.032695871348009574,4.167593002319336,-0.04958437755703926,14.776981353759766,0.2665252685546875,-0.777621262245769,-1.653978814766229,-1.730129692229113,-2.1891970525033138,-2.407670944823998,0.6474678007031853,-0.08980663184426713,-1.313781499862671,0.0696258544921875,0.3080596923828125,256
defactify,1,3,324883,0.9524621725930943,0.9975608599830734,JPEG,0.0002899169921875,162.66033935546875,2.2278871536254883,256,1.064308524131775,0.9155556559562683,0.05035390704870224,0.11010685973380857,-0.09256779573045294,-0.021411794516803685,-0.010418574178215345,0.8261828422546387,0.5243411660194397,19.502546310424805,0.1700286865234375,-0.29316752762835385,-0.631488167637209,-1.207019331506224,-1.403964955726373,-1.5201700451717732,0.5948784693402969,-0.12897050740210847,-0.524732768535614,0.093475341796875,0.2122344970703125,256
defactify,1,5,16101,0.9611081788139163,0.9561384847111054,JPEG,0.0802459716796875,31.187469482421875,6.466498851776123,256,1.03954017162323,0.1594109684228897,0.8680961728096008,0.37306521829480155,0.1626021876455145,0.14085776779958076,0.06205358418272814,18.4859619140625,-0.09670327603816986,2.149085521697998,0.6640777587890625,-1.2276999654970524,-2.501318469025297,-3.303812763827203,-3.546444867427603,-3.6709708558059773,0.7017374684621491,-0.16020334601890035,-2.5104422569274902,5.086263020833333e-06,0.0807342529296875,256
defactify,0,0,21965,0.9872560341260235,0.9879916352980109,JPEG,0.1067657470703125,50.599117279052734,7.103947162628174,256,0.925830602645874,0.07386952638626099,0.7483648657798767,-0.15447130062723788,0.003107054968787111,-0.07298791149496497,0.017003163635099836,39.597991943359375,-0.3478640913963318,8.8621244430542,0.4923095703125,-0.934874865653426,-1.8763461082304849,-2.4809629344421342,-2.7239357394959978,-2.739616802602071,0.31473850962892147,-0.11311017342257676,-1.495224118232727,0.0019734700520833335,0.157440185546875,256
defactify,1,1,65289,0.9401383939990567,0.9517458126295841,JPEG,0.04901123046875,36.50050735473633,6.2748308181762695,256,1.2405059337615967,0.15939177572727203,0.7109442353248596,0.2678786497083409,0.016595437168594348,0.05886837709664745,0.019663079074947232,16.029619216918945,-0.2300967574119568,2.413602590560913,0.55975341796875,-1.7030785429489779,-2.731854128374419,-3.536036639560349,-3.851115745054593,-3.952133080538707,0.9266138699979241,-0.1873457527885828,-2.6529855728149414,0.0027821858723958335,0.17877197265625,256
defactify,1,2,40712,0.9329300592921994,0.9756943454708276,JPEG,0.1623382568359375,24.659778594970703,10.623828887939453,256,1.4681819677352905,0.19032616913318634,1.1383136510849,0.09021214812670694,-0.11293829148134542,-0.032253655621167124,0.016650886211377044,58.88031768798828,2.0173885822296143,3.4594852924346924,0.6968994140625,-1.642419504242567,-2.4680288438697975,-3.0120749818267036,-3.248646713308446,-3.3965628185645427,0.6419818527836636,-0.12954182585454665,-2.430750608444214,0.020762125651041668,0.1525726318359375,256
defactify,1,3,94734,0.9698747725923121,0.9231008220153856,JPEG,0.158233642578125,39.72000503540039,8.319241523742676,256,1.4364569187164307,0.034946560859680176,0.7897441983222961,0.38838546309954936,0.20208849488580008,0.06776901481069852,-0.015032592966911845,28.798505783081055,-0.2735322117805481,3.614959478378296,0.6578826904296875,-1.0404220306266474,-2.139549429286838,-2.7255598115606343,-2.9694360052431135,-3.01043165278831,0.5592320870919334,-0.13403597011643556,-1.8022295236587524,0.027303059895833332,0.18853759765625,256
defactify,1,5,25275,0.94145280505272,0.9474711244550336,JPEG,0.03302001953125,60.38667297363281,4.370881080627441,256,1.0758254528045654,0.10476607829332352,0.513213038444519,0.37764249426684515,0.15719842839519343,0.10775531471452349,0.06693411326906612,9.116185188293457,0.051816511899232864,3.330822706222534,0.5183563232421875,-1.3265071054920092,-2.5069402128740617,-3.3818375322398913,-3.782334122197925,-3.8579161096434786,0.8773154057056702,-0.19784854558996912,-2.308241128921509,0.0036112467447916665,0.2280426025390625,256
defactify,1,2,41509,0.9997933661450138,1.0,JPEG,0.7673492431640625,2.283836603164673,18.350399017333984,256,5.845732688903809,0.0,2.019453525543213,0.7978690889053138,0.8089141089535662,0.7363815419112647,0.6225628181138696,143.08541870117188,-1.0613797903060913,1.1686409711837769,0.94171142578125,-0.8308924697471114,-1.4553524023882463,-1.964141522895618,-1.9721485981181481,-1.9959242429385617,0.19062103554019671,-0.07519419087490793,-1.3268142938613892,0.0,0.0009613037109375,256
defactify,1,5,22143,0.939634796109903,0.9368552357191327,JPEG,0.0415802001953125,40.270233154296875,4.453715801239014,256,0.9701390266418457,0.14085988700389862,0.49733057618141174,0.25794763324866354,0.09213194931709295,0.053402973970733535,0.06848928858181506,10.05126667022705,0.28354158997535706,2.194763660430908,0.565277099609375,-1.5003586354812937,-2.810882833994703,-3.5775898926928784,-3.8762252260274472,-3.994927602153048,0.6962988751264794,-0.16932961758677334,-2.2577600479125977,0.0009918212890625,0.156890869140625,256
defactify,1,4,14738,0.986427569548337,0.9921662518916617,JPEG,0.0260467529296875,39.45970153808594,7.069609642028809,256,0.9447725415229797,0.201354518532753,0.6070276498794556,0.023192721328977345,0.07800132769844076,0.07727042462755787,0.03786533385029024,24.48936653137207,-1.3908672332763672,5.411722660064697,0.513458251953125,-1.3536933518070802,-1.9196362807188931,-2.299797087972289,-2.5727378237881506,-2.5715132859742953,0.3970520508888331,-0.09735253268772184,-1.0632001161575317,0.0020395914713541665,0.07098388671875,256
defactify,1,2,138322,0.9683548642646728,0.9728168136379259,JPEG,0.0048675537109375,54.006858825683594,4.52932071685791,256,1.1939935684204102,0.307155966758728,0.4498133957386017,0.16323450502636166,0.014482318470201459,0.07970876600650477,0.03201200878246413,9.927436828613281,0.7556503415107727,4.0071821212768555,0.375701904296875,-1.0415230194852496,-1.9402905836797197,-2.659852849680335,-2.9113965021467756,-2.9982317940296115,0.8183593879762716,-0.1570049846663198,-1.7469428777694702,0.003992716471354167,0.1188812255859375,256
defactify,1,3,70905,0.9749931475003888,0.9829517000755809,JPEG,0.1955413818359375,21.135440826416016,10.701297760009766,256,1.8337211608886719,0.12110479921102524,1.0780742168426514,0.4017053227567428,0.28364715396560375,0.12034991598303481,-0.03738062303156777,40.11615753173828,-0.5049894452095032,3.6107802391052246,0.657867431640625,-0.9012493802818851,-1.5553393441721752,-2.0020935317164676,-2.3649405050410524,-2.5335157164670195,0.673396245370558,-0.1513979061309192,-2.1566171646118164,0.005925496419270833,0.0564117431640625,256
defactify,1,4,10633,0.9881720275915801,0.9828580832522724,JPEG,0.02813720703125,38.852210998535156,7.13416051864624,256,0.960655152797699,0.21570457518100739,0.679924726486206,0.13132714929096492,-0.007406613823883061,0.06464340971107181,0.03952017489427371,22.804079055786133,0.9333365559577942,5.786288261413574,0.4871826171875,-1.4107718209180575,-1.9993115314527694,-2.3426460719053877,-2.559116848426666,-2.615289667643461,0.42015974825587854,-0.08937155544681714,-1.2667940855026245,0.00140380859375,0.1461181640625,256
defactify,0,0,17628,0.9622184476110428,0.9617197432112258,JPEG,0.1040496826171875,26.301652908325195,9.506595611572266,256,0.9410445690155029,0.24067647755146027,0.9296364188194275,0.31952529663748,0.3570283657989067,0.2592105558148744,0.18449119715910628,43.59367752075195,0.09057357162237167,4.036655426025391,0.6579437255859375,-1.1186692283453077,-1.5698385375759365,-2.1656948988364846,-2.5236745775112412,-2.4730967258066805,0.44014957053485926,-0.1241338740477063,-1.726027488708496,0.0037587483723958335,0.111480712890625,256
defactify,1,1,55104,0.9759865193229358,0.9500168107145531,JPEG,0.0676727294921875,21.118736267089844,9.841649055480957,256,1.3975805044174194,0.5983559489250183,1.2480067014694214,0.08947379392018555,-0.08283505358603953,-0.014959680112880387,0.005828346656734228,69.01838684082031,2.642638683319092,2.5486538410186768,0.562835693359375,-1.2183086151529219,-2.0890407133214763,-2.751804830980351,-2.9986276674373835,-3.1052163286069216,0.7944271582179887,-0.16267115254316697,-1.9119449853897095,0.005335489908854167,0.0752716064453125,256
defactify,1,3,68837,0.9811775728573281,0.9794162756017468,JPEG,0.462371826171875,12.393636703491211,14.0806245803833,256,1.6391708850860596,0.0,1.5643117427825928,0.4450239122515806,0.33191369766528345,0.2752941693741385,0.1817355465583801,74.11833953857422,0.2061595916748047,2.4704442024230957,0.7920684814453125,-1.3293762040169161,-1.7693214026062094,-2.4578058531471925,-2.6246147596488143,-2.6959374280349557,0.6039295039091828,-0.13557213772243504,-2.1545889377593994,0.000579833984375,0.071136474609375,256
defactify,1,2,137519,0.9900376582881447,0.9961105624816223,JPEG,0.2317962646484375,31.157501220703125,9.265620231628418,256,1.2186291217803955,0.0625784769654274,1.2245301008224487,0.3244284917591045,0.11028536905329725,0.13958125550364187,-0.014162356454151148,13.993961334228516,0.4667436182498932,4.095501899719238,0.5162506103515625,-0.719025022146317,-1.5986598467386068,-2.2809399397903727,-2.6522555110193533,-2.770561509547383,0.8804517821598763,-0.17405465503346396,-2.296675443649292,3.0517578125e-05,0.0316925048828125,256
defactify,1,1,95148,0.971932249671562,0.9826513155519039,JPEG,0.0436248779296875,54.47822952270508,5.311691761016846,256,1.2187713384628296,0.08106103539466858,0.6772837042808533,0.3037082416539532,0.19332814741602292,0.134247389574711,0.07256074947306802,11.977513313293457,0.6807261109352112,5.560815334320068,0.4485626220703125,-1.431128218729218,-2.2539447426310852,-2.6758050726533833,-2.948771360234546,-2.9727780392814775,0.5545632729731889,-0.11414810374932192,-1.2921358346939087,0.0006357828776041666,0.2038116455078125,256
defactify,1,4,12608,0.9918239721493662,0.991515799393631,JPEG,0.0179443359375,56.83873748779297,5.159670829772949,256,1.0274015665054321,0.16413043439388275,0.4527648985385895,0.01652995100054074,0.06675793392600916,0.10295495097030077,0.12146660412262729,13.318317413330078,-1.0558195114135742,8.237153053283691,0.4003753662109375,-1.280661651428482,-1.6153551210683563,-1.9269666108158283,-2.3016213504104757,-2.23896546102186,0.4283310382519687,-0.09679265898693011,-1.1525001525878906,0.0013987223307291667,0.1805419921875,256
defactify,1,4,12209,0.9906300015118945,0.9921153176686206,JPEG,0.00933837890625,57.81562423706055,5.650660514831543,256,0.9409419298171997,0.24915561079978943,0.5486679077148438,0.15117123314472827,0.0696470724496107,0.04806302528718176,0.016212137031301966,16.06887435913086,-0.2671796679496765,7.336649417877197,0.4346160888671875,-1.281991961213854,-1.8490076434967735,-2.2643252486272596,-2.461730097702075,-2.566490740707107,0.48055268031257903,-0.09965685075406905,-1.3171703815460205,0.0095977783203125,0.1406402587890625,256
defactify,1,1,55201,0.9766897782626288,0.9765162077753446,JPEG,0.180267333984375,44.22312545776367,7.326483726501465,256,1.194931149482727,0.05093720927834511,0.7927312254905701,0.35942108278483204,0.34557400613494355,0.26191167605396765,0.169310336651759,23.947519302368164,-0.3736399710178375,4.313498497009277,0.6274566650390625,-1.2135317603705138,-2.2110782398969793,-2.5868058900027995,-2.7999681045873253,-2.868081404680262,0.40040841554149686,-0.09105478664281147,-1.6429523229599,0.06628926595052083,0.1245574951171875,256
defactify,1,5,21851,0.9196963288480349,0.9267662755002151,JPEG,0.0435638427734375,34.397071838378906,5.2474470138549805,256,1.0765600204467773,0.21358689665794373,0.629677414894104,0.2913670268936624,0.021872234416735505,-0.02000546909896205,0.01409742550462883,11.461610794067383,0.059458207339048386,2.66088604927063,0.5361785888671875,-1.3070106769718999,-2.296762467312025,-3.14047613024207,-3.4302350488038753,-3.5536360462496503,0.759077318780526,-0.17678224625949548,-2.276613473892212,0.004262288411458333,0.237396240234375,256
defactify,1,1,67868,0.9824187410515685,0.9857429164915442,JPEG,0.036376953125,42.29032516479492,6.893415451049805,256,1.6110774278640747,0.1498217135667801,0.6562758088111877,0.5078075639801033,0.2813522233253955,0.04146844888039382,-0.039620700769271565,21.368282318115234,-1.1481233835220337,5.195436954498291,0.449951171875,-1.0691059915220142,-1.9274585730726228,-2.3282007673964475,-2.60433179813785,-2.6645772584187863,0.6242085128232278,-0.11397538796639993,-1.5360058546066284,0.00152587890625,0.138519287109375,256
defactify,1,1,70198,0.9721120527065522,0.9393605098674912,JPEG,0.0276336669921875,43.60926055908203,6.881718635559082,256,1.3545668125152588,0.1961730420589447,0.6236515045166016,0.5336106191614594,0.3702265219273765,0.23935470965687006,0.06746989062578183,29.86098861694336,-0.21514299511909485,4.212445259094238,0.4835205078125,-1.339933550243475,-2.2337945136390855,-3.080296844939981,-3.345684652249841,-3.434275382885321,0.7613731078515364,-0.17289037002385324,-2.3943936824798584,0.02374267578125,0.2291259765625,256
defactify,1,3,144202,0.948009705596656,0.9441944160972024,JPEG,0.1129302978515625,39.92249298095703,5.900341987609863,256,1.2339229583740234,0.06729946285486221,0.7396647334098816,0.22032656819997518,0.2906203448898237,0.23405306400025652,0.19890382021027445,17.533889770507812,0.9659646153450012,5.715551376342773,0.5633392333984375,-1.2055854780028792,-1.645740478666065,-1.908305313944484,-2.0030479118166395,-2.2339119261128575,0.3558567813645608,-0.07444134454627144,-1.2020764350891113,0.0461273193359375,0.3208465576171875,256
defactify,1,4,11164,0.992693082103692,0.9901990161170481,JPEG,0.0530242919921875,51.204376220703125,8.307257652282715,256,0.9708336591720581,0.0991775393486023,0.7021905779838562,0.08374051233584943,-0.0032838861766360827,0.024495853935992462,0.0106975752982218,34.24398422241211,-2.7320291996002197,6.308373928070068,0.5646820068359375,-1.3400068750879912,-2.2485969549525873,-2.7829317371177167,-2.929967379328736,-3.048117961926999,0.5767112402998809,-0.11723878287465955,-1.9503947496414185,0.0031280517578125,0.1326141357421875,256
defactify,1,1,71176,0.977290095226255,0.9767037214547026,JPEG,0.0085601806640625,30.810302734375,4.575458526611328,256,1.3929452896118164,0.46101319789886475,0.6105793118476868,0.24797642497968392,0.09144262678137738,0.11308881705952596,0.05167553300532183,5.378013610839844,-0.06976573914289474,3.4355969429016113,0.35150146484375,-1.3434587323943372,-1.768137578276474,-2.2103004441248215,-2.5820477380449933,-2.698463003600782,0.787573980094824,-0.14069106286345417,-1.5824774503707886,0.00022379557291666666,0.0951690673828125,256
defactify,1,5,19213,0.8983420853185612,0.8889194312391118,JPEG,0.04595947265625,38.89540100097656,5.399340629577637,256,1.168241024017334,0.14269615709781647,0.5869145393371582,0.2825180292476598,0.10421708834822799,0.08882793044781623,0.10744340501080767,17.908504486083984,-0.016725707799196243,2.3933804035186768,0.5638580322265625,-1.2112524245739076,-2.279262205452806,-3.2606708323151743,-3.618063992742522,-3.671253860578374,0.8366090922539176,-0.2015688618870284,-2.4404590129852295,0.008941650390625,0.227081298828125,256
defactify,1,1,51598,0.9146062325005581,0.927593140227409,JPEG,0.1282196044921875,19.773052215576172,10.317181587219238,256,1.1968839168548584,0.27739790081977844,1.1016836166381836,-0.03857807878731375,-0.016539478447317974,-0.015102117692774399,-0.006543200461693254,51.989864349365234,0.31768667697906494,2.6889584064483643,0.7525482177734375,-1.610692611048865,-2.3118899246192717,-2.6251545433542507,-2.8199378592349316,-2.8762948989508716,0.4123609534256909,-0.08345764888684468,-1.9380828142166138,0.024566650390625,0.219970703125,256
defactify,1,4,13059,0.9790246130936796,0.9793517662866881,JPEG,0.0125885009765625,53.09629821777344,4.584542751312256,256,1.041057825088501,0.27965110540390015,0.4309231638908386,-0.000507288588967853,-0.042425217497335146,0.024213988587559715,-0.0271660703966095,11.838275909423828,0.8996578454971313,6.120087146759033,0.45269775390625,-1.1965126574707776,-1.6191057408384042,-2.044468996472136,-2.2494939374042584,-2.2621438886145757,0.39590439684298406,-0.08901600514645008,-1.3109039068222046,0.0003916422526041667,0.2684326171875,256
defactify,1,1,79085,0.9961880328591289,0.9997765272403248,JPEG,0.0314788818359375,61.7459602355957,4.587054252624512,256,1.148801326751709,0.07734676450490952,0.5687790513038635,0.38479536142949233,0.09440030046685385,0.015335338687718192,0.009608068401202752,10.71846866607666,0.7158403992652893,3.130115032196045,0.5001068115234375,-1.5318063604151417,-2.9473435984567606,-3.8905546985812487,-4.119721511507793,-4.166936712899529,0.7006079711083233,-0.17785300253788544,-2.6492581367492676,0.0614776611328125,0.00579833984375,256
defactify,1,3,43105,0.9691803041397876,0.9600409162117008,JPEG,0.305267333984375,26.94771957397461,10.017949104309082,256,1.4662883281707764,0.0,1.1677134037017822,0.4177067348326956,0.13731111116734024,-0.006597130495421563,0.019448135670217862,34.09957504272461,-0.767774224281311,3.658010244369507,0.6673736572265625,-1.154616366165393,-1.9049684360249772,-2.5167144661673264,-2.731872689682004,-2.8350547219046485,0.6564523563372084,-0.13542776968897807,-1.8466057777404785,0.036783854166666664,0.1541900634765625,256
defactify,1,1,50875,0.9998309546539977,0.9999999999999998,JPEG,0.1630706787109375,43.88972473144531,7.2759222984313965,256,1.3166378736495972,0.03833692893385887,0.8585990071296692,0.049136949088058914,-0.17410719531557597,0.017567942402898853,-0.005628618040474517,9.088848114013672,0.03610846772789955,4.435997486114502,0.543060302734375,-1.2446491340293209,-2.047855082785926,-2.7813286662977452,-3.2288891929206596,-3.3829466716067396,1.0229971639196966,-0.19806496680431832,-2.102776288986206,0.0031890869140625,0.00335693359375,256
defactify,1,3,68059,0.9530939527192954,0.9696276724610994,JPEG,0.612762451171875,16.36811065673828,14.160187721252441,256,1.1485482454299927,0.0,1.636439561843872,-0.10370939512776757,-0.11247377175083056,0.014211163415202397,-0.004724948764606367,36.92562484741211,0.7295002341270447,2.445876359939575,0.78729248046875,-1.4008403160293579,-2.230213555847887,-2.7349601920025046,-3.115230079724384,-3.199128780980029,0.8188910117761372,-0.15534900615792338,-2.390866756439209,0.004079182942708333,0.0843658447265625,256
defactify,1,2,51169,0.9736809523329949,0.992234242719845,JPEG,0.3521575927734375,20.720609664916992,9.761423110961914,256,1.3594191074371338,0.0,1.1837069988250732,0.1199301886992347,-0.11213683146778171,-0.015338573586102234,0.010615259215866493,36.71095657348633,0.4586345851421356,3.1666903495788574,0.6788330078125,-1.3966803027439596,-2.034350816085724,-2.6104319528386384,-2.870570762353175,-2.9952785510906175,0.7028839167382133,-0.1389343075739005,-1.911617398262024,0.0009256998697916666,0.0604705810546875,256
defactify,1,3,131682,0.9905921559798664,0.9907591417282211,JPEG,0.3626556396484375,31.273462295532227,10.74329948425293,256,1.341902256011963,0.0,1.2473453283309937,0.3241442615340263,0.2298254340062311,0.15128818361150986,0.11995470329910285,29.697254180908203,0.9089375734329224,4.898745059967041,0.6585845947265625,-1.2560001068883455,-1.9790434474104188,-2.444530961565447,-2.553238328255114,-2.58757875193551,0.26135620373744395,-0.08765391093635236,-1.2014518976211548,0.11206563313802083,0.07794189453125,256
defactify,1,1,33945,0.9874196241162825,0.9944608958008478,JPEG,0.147674560546875,9.263910293579102,8.4752197265625,256,1.7726370096206665,0.5764716863632202,0.9555116295814514,0.08727548884973128,0.20548690017917365,0.08947671832525615,0.012840681956556412,77.33660888671875,-1.523271083831787,1.8716018199920654,0.7337188720703125,-1.176361398320382,-1.7946672331608475,-2.3013329574669608,-2.3830115402664047,-2.5202830595085928,0.5146156833284579,-0.10383186836998151,-1.9948639869689941,0.0,0.010833740234375,256
defactify,1,4,12555,0.9899127568336469,0.9900483970742469,JPEG,0.020111083984375,50.340110778808594,5.030165195465088,256,0.9966567754745483,0.27802085876464844,0.4848901927471161,0.2538686631489815,0.20603891994832108,0.18140332545777182,0.0978201244876245,14.820112228393555,1.1534016132354736,7.718323230743408,0.3732147216796875,-1.2638028434167294,-1.852009596069907,-2.077048475569695,-2.2814003073500624,-2.3043297677931047,0.3379822038054261,-0.06824717718278207,-0.946587860584259,0.0039011637369791665,0.1727142333984375,256
defactify,1,4,10211,0.9856900518540394,0.9829336060644104,JPEG,0.014617919921875,42.299720764160156,6.292691230773926,256,0.9193202257156372,0.3229362666606903,0.5984147191047668,0.15766580042763034,-0.01741238282323293,0.027081328044369742,0.01127047652491308,32.7579345703125,0.09858541935682297,5.22981071472168,0.586456298828125,-1.1666500000932674,-1.86570686653645,-2.1594283426430447,-2.289987434987496,-2.3827439934306414,0.4115589895887517,-0.08152313071628096,-1.2673218250274658,0.017628987630208332,0.2213134765625,256
defactify,1,2,57714,0.9734764669769189,0.9730241332986965,JPEG,0.279449462890625,8.571752548217773,9.933432579040527,256,2.4275848865509033,0.0,1.4870128631591797,0.19381491479390978,0.21333306187846962,0.14780815572324513,0.10476120548972903,48.57615280151367,1.0801986455917358,1.306843876838684,0.7850341796875,-1.3288910847196114,-1.9570442456822592,-2.2700107466988104,-2.5580768767384745,-2.503264456552869,0.4027209848839588,-0.08610985487164353,-1.7944051027297974,0.0,0.021270751953125,256
defactify,1,4,11424,0.9891511369770413,0.9913067516752017,JPEG,0.027069091796875,48.15909957885742,6.487856864929199,256,1.0032557249069214,0.21074655652046204,0.6375580430030823,0.05579856639370533,0.1148615608876165,0.12554759207071572,0.10415803102107034,15.257678985595703,-0.685630202293396,7.599382400512695,0.44244384765625,-0.9303081778976416,-1.4349371619125932,-1.8263487939958454,-2.0091463269336245,-2.0684375031164413,0.4246998596585234,-0.09342988055538023,-0.9259175062179565,0.004175821940104167,0.143096923828125,256
defactify,1,5,18533,0.8263144332454492,0.8481536786820991,JPEG,0.044769287109375,37.847015380859375,5.316990375518799,256,1.0775930881500244,0.16124428808689117,0.6236621141433716,0.23694858222565,0.051296063216845676,0.024657371352339693,0.003700343675338229,15.698942184448242,-0.12776093184947968,2.079951524734497,0.5990753173828125,-1.5864526992626367,-2.9249966413836965,-3.6178520730411865,-3.939314227844788,-3.984488616593972,0.7325712524890671,-0.16040644095375592,-2.4700984954833984,0.0026601155598958335,0.282073974609375,256
defactify,1,5,13043,0.8994819332340885,0.9210246631802381,JPEG,0.12957763671875,14.328720092773438,8.426328659057617,256,0.8906016945838928,0.2660253643989563,0.9464452266693115,0.38657521113187715,0.26334352163883706,0.17117002151489893,0.11045843790346584,31.666873931884766,-0.09945330768823624,1.0166010856628418,0.79034423828125,-1.269832234977467,-2.3373053865434406,-2.9679279082332775,-3.4507882872208637,-3.5356835089470473,0.8231038120893772,-0.15285835153461302,-2.3951022624969482,0.0,0.030609130859375,256
defactify,1,5,25856,0.9999119595499513,1.0,JPEG,0.0999298095703125,62.833030700683594,4.00914192199707,256,1.0903124809265137,0.033416688442230225,0.5358710289001465,0.28193192624349617,-0.030451391899023808,-0.03513312431134793,0.009199273027611931,5.585026741027832,-0.027437716722488403,4.224720001220703,0.4424591064453125,-1.1773055028509951,-2.2778415310661027,-3.1282512139246297,-3.4455233969085164,-3.570103192265867,0.8598947038243381,-0.18777859656907328,-2.2795825004577637,0.000244140625,0.0025482177734375,256
defactify,0,0,23706,0.9723499913482585,0.9764814364534308,JPEG,0.1393890380859375,31.76422119140625,7.802979469299316,256,1.3668400049209595,0.08428139984607697,0.8721190690994263,0.2932273325585319,0.18052777125429464,0.1815015700351473,0.11364250178614019,37.67790603637695,-0.9342176914215088,4.414428234100342,0.598663330078125,-1.1813068398392268,-1.837865666210111,-2.4828928064535445,-2.666925513126725,-2.7676543051063387,0.5924599576069056,-0.13128819011736728,-1.7761588096618652,0.033482869466145836,0.1774444580078125,256
defactify,1,3,90268,0.8374170207378782,0.7613677346321756,JPEG,0.088531494140625,20.06795310974121,7.525572299957275,256,1.590985655784607,0.19409146904945374,0.8729427456855774,0.31726281733403866,-0.0057917566401296675,0.03786167350214779,0.036377282664893686,36.29973602294922,-0.0649091973900795,1.4960834980010986,0.71087646484375,-1.849017243057932,-3.200207223587798,-3.8472659284542665,-4.076642950524707,-4.137892853795827,0.6014325822991875,-0.14147261729743524,-2.84616756439209,0.010920206705729166,0.229400634765625,256
defactify,1,3,129449,0.9486243313147619,0.9691243287468206,JPEG,0.020355224609375,56.66445541381836,4.949065208435059,256,1.1541938781738281,0.24097703397274017,0.5540468692779541,0.016352178033165573,-0.13639030536849123,0.00407659131600939,0.0013676145047765177,11.081027030944824,0.2662825584411621,5.160726070404053,0.42724609375,-1.4641299428551369,-2.2383092821866013,-2.7958606532560735,-3.0897117331716517,-3.1744905583913274,0.635020052855995,-0.13611384013972228,-1.7692193984985352,0.0332489013671875,0.307037353515625,256
defactify,1,5,18052,0.8215546822901703,0.8742295733445805,JPEG,0.1658782958984375,30.380884170532227,4.939070224761963,256,0.9917460083961487,0.038550473749637604,0.6901460289955139,0.2051138792848894,-0.018135583722445538,0.01983744522090832,0.01717311267776476,11.836872100830078,-0.4449341595172882,2.0286149978637695,0.6027984619140625,-1.3745294330205047,-2.5483124841488882,-3.3980899807788694,-3.6698736896840574,-3.755394503610553,0.6987069720608297,-0.16983865366607853,-2.2631731033325195,6.612141927083333e-05,0.188018798828125,256
defactify,1,1,51854,0.9929122354096493,0.9962061997378712,JPEG,0.0139923095703125,77.84062957763672,4.41618537902832,256,1.0449705123901367,0.19318245351314545,0.46498915553092957,0.036244776035065394,-0.056558869007212714,0.016072490163976026,0.012231560257942234,6.219675064086914,0.23251786828041077,10.734502792358398,0.346221923828125,-1.4169521272421521,-2.0256094610804407,-2.21365501367056,-2.394808621642669,-2.4737147193798146,0.40871922381224035,-0.06672836169570313,-0.876388430595398,0.014333089192708334,0.1498870849609375,256
defactify,1,5,20217,0.9322962822413828,0.9358787085854738,JPEG,0.0399627685546875,30.34128189086914,4.715285301208496,256,1.036662220954895,0.37727025151252747,0.5131121873855591,0.28354402894448283,0.07982461617413406,0.060707962811526815,0.05083771966651518,9.630569458007812,-0.029351819306612015,2.1349105834960938,0.5157318115234375,-1.350283530287264,-2.175970545136659,-3.0162979737100786,-3.408536595233988,-3.4951802091655564,0.7372916028934293,-0.18506788817571918,-2.402444839477539,0.0,0.1122589111328125,256
defactify,1,2,96156,0.997646815492928,0.9987153694669555,JPEG,0.050933837890625,47.124366760253906,3.7758545875549316,256,1.1487395763397217,0.08030392974615097,0.5600694417953491,0.19000810252743713,-0.14629034737799068,-0.00040629819041819074,0.022908284973689262,4.191278457641602,0.08148021250963211,5.605345249176025,0.3560333251953125,-0.8440187859661243,-1.2697528270120095,-1.7403148255053118,-2.178526067706712,-2.3210076185445088,0.8454103815315559,-0.15789929036602401,-1.4492682218551636,0.00014241536458333334,0.0286865234375,256
defactify,1,2,73783,0.9958463525068808,0.996983914493972,JPEG,0.1468048095703125,15.212791442871094,8.217031478881836,256,1.5790855884552002,0.3596590459346771,0.9543585181236267,0.3834136799294755,0.27489003001092716,0.2630358067464127,0.14471530087550097,27.932727813720703,-1.5779222249984741,2.285423994064331,0.6584930419921875,-1.2691925620276354,-1.9180885375589662,-2.4356716904891433,-2.629976252619178,-2.786240163935652,0.6327153960961382,-0.11983542701745814,-1.7717478275299072,9.1552734375e-05,0.0130767822265625,256
defactify,1,5,17555,0.8496136958980631,0.867606906931409,JPEG,0.1581268310546875,23.220672607421875,6.848470687866211,256,0.9832138419151306,0.0904020369052887,0.8173362612724304,0.25656045492593044,0.025225539719600964,-0.022690189017947292,0.011688025938399337,12.30339241027832,0.5505562424659729,1.6058377027511597,0.66015625,-1.3908267701146002,-2.6395563490897747,-3.4443260801978903,-3.7384618550927446,-3.771471745777083,0.6236183680151659,-0.16366710270911572,-2.702296257019043,0.0004628499348958333,0.119232177734375,256
defactify,1,5,29440,0.9387317971793949,0.9523283087479427,JPEG,0.002044677734375,51.51626968383789,2.9135773181915283,256,1.0583676099777222,0.5854004621505737,0.2683948278427124,0.3146600546761233,0.03447827608600131,0.007506670899833488,0.061026602657917206,3.971573829650879,0.11186482012271881,3.0906312465667725,0.3990020751953125,-1.5499670533234013,-2.663964775706308,-3.434225551747998,-3.7980159920485983,-3.8440926120143066,0.7196162611299819,-0.17435387453475665,-2.17857027053833,0.0080413818359375,0.1494293212890625,256
defactify,1,1,71126,0.9683480874780943,0.9675714546740543,JPEG,0.01885986328125,34.90445327758789,7.082338809967041,256,1.2292447090148926,0.28859370946884155,0.8504531383514404,0.07926138327470755,-0.010769876463071872,0.04015163582948676,0.026078355533446028,10.336037635803223,-0.4840843379497528,3.7759339809417725,0.4587249755859375,-1.5757295994730693,-1.9737539032558615,-2.5779007645963343,-2.905582657454346,-2.9436541181350195,0.5904973943155758,-0.13348766353912547,-1.6667298078536987,0.0005950927734375,0.176300048828125,256
defactify,0,0,40982,1.0,1.0,JPEG,0.016632080078125,77.54963684082031,3.6159887313842773,256,1.001136302947998,0.3098026216030121,0.3578595817089081,0.928482239208617,0.923312899435911,0.9014701825733401,0.8519144342955024,0.9931943416595459,0.033544864505529404,26.28647804260254,0.2331390380859375,-0.5157490540478653,-1.8776228444816168,-1.7193587729988975,-2.078703329878979,-2.159999475892291,0.3101795564151102,0.020602608725901247,-1.6301078796386719,0.0392303466796875,0.002166748046875,256
defactify,1,5,15479,0.8060430156608819,0.8322382889985224,JPEG,0.0488128662109375,29.84115982055664,4.79301118850708,256,1.0781967639923096,0.12973718345165253,0.6014665365219116,0.18783619862548387,0.0019368529421611566,-0.021278412054706774,0.012718622684784455,14.866657257080078,0.0037254649214446545,1.4864262342453003,0.6744384765625,-1.3148657920333884,-2.786041011915583,-3.474059723635823,-3.7415511991781853,-3.8012652922901826,0.6002194302812174,-0.14429591850306808,-2.596536636352539,0.002685546875,0.2744598388671875,256
defactify,1,3,101714,0.9435092035432556,0.9610200306359498,JPEG,0.1526641845703125,34.64097595214844,8.043831825256348,256,1.2344468832015991,0.20286054909229279,1.0575040578842163,-0.056089822519573625,-0.11975346532315534,0.029932893586274743,0.00949198019117818,40.88488006591797,1.9331284761428833,3.457667589187622,0.671356201171875,-1.6150853511380907,-2.550133647162588,-3.186018062330392,-3.440715361255619,-3.577198747835988,0.696366981012206,-0.1470524701085797,-1.9716317653656006,0.024297078450520832,0.2320098876953125,256
defactify,1,1,50731,0.99990520952195,0.9999604778181588,JPEG,0.49609375,30.011363983154297,6.274502754211426,256,0.938804030418396,0.0,1.1756073236465454,-0.42458857485262685,0.0003861014443566542,-0.05131125985481591,0.00544502263797648,6.618106842041016,0.3076801598072052,9.970630645751953,0.6582489013671875,-1.0999890257288616,-1.5088458872888042,-1.4507017170836818,-1.4550424401827886,-1.509590790897943,4.2543372291703463e-07,0.006617165962446851,-0.600821316242218,0.0021616617838541665,0.004913330078125,256
defactify,1,3,174459,0.9968804302646571,0.996109049634497,JPEG,0.006561279296875,81.04136657714844,4.881018161773682,256,0.976355254650116,0.09136795252561569,0.5706388354301453,-0.09462501978994318,-0.024887350718031317,-0.00628175032755277,0.00547556388848483,6.653417587280273,0.7319818139076233,12.605626106262207,0.2486724853515625,-1.2528893930878953,-1.846753506480617,-2.101995186630038,-2.245649378587374,-2.3149968882909047,0.35299313671415256,-0.06685489377711987,-0.7070075273513794,0.013315836588541666,0.1655426025390625,256
defactify,0,0,27585,0.9817179182526711,0.9764490802919488,JPEG,0.226715087890625,22.12331771850586,12.75107479095459,256,1.3274600505828857,0.14681774377822876,1.0958434343338013,-0.17356634629660642,0.20172260998904462,0.01111911396400293,0.08898812536126237,13.107812881469727,-0.059848591685295105,3.420747995376587,0.6441497802734375,-1.5185928467600007,-2.4401525801300084,-2.9379252671518366,-3.085930548020423,-3.230223740477472,0.610450904615317,-0.12201402289505472,-1.7831233739852905,0.00010172526041666667,0.06109619140625,256
defactify,1,3,106070,0.9574719919766127,0.9445466145326762,JPEG,0.078857421875,38.33588790893555,6.697604179382324,256,1.3061902523040771,0.1452321857213974,0.8328977823257446,0.09634400103951068,-0.08490964456829962,0.0024553119941713416,-0.003628563247282459,16.690370559692383,0.8778959512710571,3.528183698654175,0.543212890625,-1.2462148088109855,-2.1725218800634236,-2.8517867861485975,-3.16366528922864,-3.311835505485332,0.7775793127100803,-0.16104345467989464,-2.1172103881835938,0.08029683430989583,0.20843505859375,256
defactify,0,0,23202,0.9505458049454617,0.9808764306132507,JPEG,0.034515380859375,34.353939056396484,5.063114166259766,256,0.9890691041946411,0.2531973719596863,0.5608066320419312,0.32209862558084357,0.02177280911480214,0.020970938810690818,-0.00995835230821552,35.59671401977539,1.93159019947052,3.0172879695892334,0.5455780029296875,-1.0576552995177346,-1.7175099521374024,-2.2578607292314326,-2.5458151151888737,-2.7068593889216057,0.7646947965461086,-0.1426666155725626,-1.523755669593811,0.016810099283854168,0.0963592529296875,256
defactify,1,1,83745,0.9816443506932176,0.9897756788247899,JPEG,0.21771240234375,27.28591537475586,7.846922874450684,256,1.1106841564178467,0.0709826648235321,0.933906078338623,-0.06073579867474117,0.012062350222162673,-0.06482311307839794,0.013105695587304591,19.61220932006836,-0.8163327574729919,6.47590970993042,0.594573974609375,-1.1963581906960519,-1.829252267843044,-2.0916260594483775,-2.2282214623696417,-2.255721190033089,0.22511540007279862,-0.05640910520848488,-1.394681453704834,0.0027262369791666665,0.1432952880859375,256
defactify,1,5,23137,0.8709172435836914,0.8359550828092707,JPEG,0.0319976806640625,46.15210723876953,4.407210826873779,256,0.99238121509552,0.22295121848583221,0.48222965002059937,0.35824435019708867,0.24617830177895683,0.22155305126152408,0.16196210192306396,10.95757007598877,-0.1625092774629593,2.3572998046875,0.5745086669921875,-1.2929398497397626,-2.541437850630653,-3.283496129619282,-3.704245720041868,-3.817575531752719,0.8487462139857067,-0.18039590178453282,-2.462808609008789,0.004069010416666667,0.2754364013671875,256
defactify,1,4,15670,0.9845580366086975,0.9881696158850515,JPEG,0.00640869140625,75.29795837402344,4.059599876403809,256,0.9604580998420715,0.4108491539955139,0.32895123958587646,0.04578682958657617,0.043225937422512004,0.08756447668467085,0.05771102786330135,6.628050804138184,-0.2088363915681839,8.663341522216797,0.3026275634765625,-1.31968553692072,-1.8540713827790043,-2.2771223158747373,-2.4275615157943884,-2.5163193421187726,0.38587490178720696,-0.08915032790472104,-1.0101195573806763,0.005126953125,0.2701416015625,256
defactify,1,2,109716,0.9682849243053457,0.975789916860174,JPEG,0.0230865478515625,39.59024429321289,5.187411308288574,256,1.2282884120941162,0.2012610286474228,0.5812848210334778,0.3022804293458424,0.1167854333599411,0.14682075335562192,0.08398178359260783,10.383564949035645,0.1435634046792984,2.4483394622802734,0.5255584716796875,-1.9139942290356862,-2.8693554423486045,-3.8537879550679177,-4.173718338894109,-4.347759637626761,0.9355123479415397,-0.21147667019373884,-2.6325933933258057,4.0690104166666664e-05,0.0394134521484375,256
defactify,1,1,93914,0.9828398430495817,0.9873263235406664,JPEG,0.051300048828125,47.134490966796875,6.299263954162598,256,1.041725516319275,0.12218519300222397,0.6944725513458252,0.08014224235820562,-0.021937688933451705,-0.006967485308023409,-0.011255043595345167,15.156488418579102,0.6079921126365662,5.9379377365112305,0.421630859375,-1.0784901808013707,-1.869734499096598,-2.106376765747928,-2.2996546927771364,-2.3908846459194404,0.3420603762796679,-0.07014634486806776,-1.4124218225479126,0.0013529459635416667,0.1676788330078125,256
defactify,1,1,102789,0.9503080693653028,0.9687887342096818,JPEG,0.0453338623046875,73.7967758178711,5.416595458984375,256,1.0377163887023926,0.2895686626434326,0.44450852274894714,0.2891853923686264,0.11024692028842693,0.031368816169631594,0.030807873985200757,20.115253448486328,0.2203644961118698,6.046841621398926,0.4884033203125,-1.2356665619096985,-2.075906081991059,-2.769496598232144,-2.8982168236220938,-3.040910894845357,0.6893207883685966,-0.1445175868682138,-1.9398821592330933,0.07890828450520833,0.31329345703125,256
defactify,1,3,82629,0.9768305327351585,0.9708215565866436,JPEG,0.013153076171875,34.31505584716797,6.320058822631836,256,1.182550311088562,0.3126056492328644,0.6917450428009033,0.0735916920199723,0.05523673860154676,0.06994656959457936,-0.0038250992746486205,18.918813705444336,-0.0630098506808281,4.111275672912598,0.4090423583984375,-1.0243024963473495,-1.542222076950389,-2.521295487702269,-2.730168505426864,-2.856425542885482,0.8825229169030475,-0.19805342698230868,-1.8402786254882812,0.015828450520833332,0.169830322265625,256
defactify,1,5,18610,0.9254892323558406,0.9264446682165224,JPEG,0.0478515625,33.17943572998047,5.492441177368164,256,0.9332927465438843,0.16161541640758514,0.6373348832130432,0.33443122808223874,0.10360679128866955,0.061297566364217806,0.020597644944083636,12.5637845993042,0.1700744926929474,2.0360560417175293,0.61761474609375,-1.4481958342615409,-2.4501198004072924,-3.248083917498768,-3.5701965487889273,-3.6372411193798477,0.7631657153176494,-0.17290780587251045,-2.394145965576172,0.007741292317708333,0.1310882568359375,256
defactify,0,0,37435,0.9499338355785848,0.949606699482923,JPEG,0.0748291015625,51.58431625366211,7.044740676879883,256,1.1963104009628296,0.11590436846017838,0.7821885943412781,0.13942976640156976,0.19119587581369668,0.10898906064864904,0.057866317148663325,16.700462341308594,-0.3283251225948334,10.3049898147583,0.435943603515625,-1.137709061130935,-1.791576459914861,-2.025111150358769,-2.1475278793501227,-2.3150021576223425,0.47668651969647247,-0.07145592847033094,-0.991235077381134,0.0238800048828125,0.33447265625,256
defactify,1,1,43207,0.9527029034446758,0.9508930703424643,JPEG,0.157989501953125,16.69944953918457,9.651813507080078,256,1.3835421800613403,0.1975361704826355,1.2541449069976807,-0.04472514414991189,0.07176868582390235,0.03658498585491268,0.01577764673309391,42.01022720336914,-1.2044998407363892,2.1401443481445312,0.706146240234375,-1.3447699920673077,-2.10957170100491,-2.4596063979793037,-2.6337713064428234,-2.7276221051026557,0.41865561428646547,-0.08832589739589165,-2.1240651607513428,0.036371866861979164,0.1005859375,256
defactify,1,5,25345,0.9400323683215951,0.9460618459235528,JPEG,0.01922607421875,41.720664978027344,4.623464107513428,256,1.008374571800232,0.2622873783111572,0.5626958012580872,0.3003173064354924,-0.008347249799788618,-0.04593007906755005,0.013558002466403122,7.771097183227539,0.16902558505535126,3.036045789718628,0.45660400390625,-1.173030351752109,-2.2553969338118636,-3.1100950684779223,-3.4631506065954394,-3.5416050495922384,0.8286764890255123,-0.19122409085787795,-2.201737403869629,8.138020833333333e-05,0.2357940673828125,256
defactify,1,2,109483,0.9613777720251427,0.9661345453539273,JPEG,0.0386810302734375,26.919967651367188,5.546704292297363,256,1.6165708303451538,0.19540852308273315,0.6388599276542664,0.4066227527134507,0.19508301156411126,0.1153917376520758,0.08608549776676455,10.358807563781738,-0.11915774643421173,2.6630005836486816,0.4935760498046875,-1.2261206196922396,-1.9356477117300273,-2.5807787300692553,-2.875577159926176,-2.9937319281796517,0.6764861806523532,-0.15474222816105018,-1.7995052337646484,2.0345052083333332e-05,0.0768585205078125,256
defactify,1,2,103054,0.947901471009852,0.9506864471601458,JPEG,0.091888427734375,30.167957305908203,4.940160751342773,256,1.2688385248184204,0.0833754613995552,0.7422374486923218,0.11374541730986025,-0.08926111995148238,0.018620557625101484,0.003034291611860677,12.468828201293945,0.24519935250282288,2.3556766510009766,0.626495361328125,-1.404270958513064,-2.352480047426961,-3.008343086952304,-3.252850895716474,-3.3739394691705167,0.6875226478689997,-0.1486044918267586,-2.658456325531006,7.120768229166667e-05,0.0943145751953125,256
defactify,1,5,20310,0.9424986393343984,0.9497096142114695,JPEG,0.019195556640625,36.43566131591797,4.43717098236084,256,1.12970769405365,0.28844234347343445,0.5942307114601135,0.20243439840249638,-0.03352756632298359,-0.0055091028128291504,-0.002536230278023925,7.016727447509766,-0.23028874397277832,2.518505573272705,0.4977264404296875,-1.0654865182055646,-1.9837618256863188,-2.705189680212868,-3.070741863284959,-3.1695472185848512,0.9027339526640379,-0.1777996950543137,-2.2602341175079346,0.00015767415364583334,0.126434326171875,256
defactify,1,5,18113,0.9023536366913723,0.8951632285422156,JPEG,0.0229034423828125,25.58651351928711,7.168169975280762,256,0.9837806224822998,0.3156324028968811,0.7729670405387878,0.3452487469450212,0.1346122827333072,0.040131388810451654,0.002776843397863096,28.573020935058594,-0.2516811788082123,1.6567119359970093,0.62896728515625,-1.5285236331756513,-2.75728019501879,-3.446554683896223,-3.7833326299406416,-3.832753700103429,0.705243345423554,-0.15738193115203825,-2.4861598014831543,0.0,0.0864105224609375,256
defactify,1,5,19907,0.9394424271912154,0.930432163272227,JPEG,0.020416259765625,28.371158599853516,5.494020462036133,256,0.9609371423721313,0.33128654956817627,0.7415040135383606,0.3334656551536231,0.0596246276234252,1.0570489028376684e-05,-0.0038157839838532373,8.079195022583008,0.034700408577919006,1.9344078302383423,0.5005645751953125,-1.4913268815672813,-2.6879080381690272,-3.4599265096361718,-3.702037520243417,-3.766308431035042,0.6765106776199241,-0.16076605554096493,-2.5393810272216797,0.0,0.12249755859375,256
defactify,1,4,13625,0.989544123997341,0.9918687306234778,JPEG,0.006439208984375,52.444496154785156,4.580047130584717,256,1.038696050643921,0.47486403584480286,0.39215755462646484,-0.060363182281457546,0.040957657321064656,0.05559210474031329,0.021741350894632572,7.522180557250977,0.03180379047989845,7.590488910675049,0.323272705078125,-1.327344936097222,-2.0071044810624024,-2.3516864162707813,-2.4373188121009974,-2.471787115249474,0.3111735547925081,-0.06810403680700965,-1.0765615701675415,0.0048370361328125,0.1655426025390625,256
defactify,1,3,82303,0.9740097298561816,0.9718911789498377,JPEG,0.308349609375,15.98867130279541,14.253016471862793,256,1.3721959590911865,0.0,1.416474461555481,0.08107944898082588,-0.11948822916832444,-0.03963060641990525,0.004700217417153575,78.53339385986328,-0.9010578393936157,3.130723714828491,0.8232269287109375,-1.4858795777801435,-2.2201600134150787,-2.603135166683553,-2.924504100252962,-2.99061999652937,0.5238041445888504,-0.11278549951216864,-2.0049893856048584,0.0010477701822916667,0.1054534912109375,256
defactify,1,2,125230,0.9866869227916414,0.9701750114806925,JPEG,0.0128631591796875,35.73207092285156,4.561642646789551,256,0.9523295760154724,0.1904224455356598,0.4447202682495117,-0.14670534320978046,-0.11271344255953918,0.002837009116659492,0.011730724194136257,9.044768333435059,-1.552791953086853,4.5579681396484375,0.3398590087890625,-0.8293003758698108,-1.1614031041118187,-1.7205023859424635,-2.026241264606403,-2.0255008973948474,0.6287898716219242,-0.13176267140722087,-1.1189144849777222,0.00091552734375,0.090179443359375,256
defactify,1,1,91095,0.8696338537351891,0.9881585459681708,JPEG,0.202117919921875,46.1862907409668,6.561281681060791,256,0.9874319434165955,0.0,0.6303134560585022,0.12990671080171917,0.22235109562351182,0.14465008602824492,0.09049217328349515,11.66525650024414,0.0022790252696722746,7.252063274383545,0.5175018310546875,-1.3186560425959541,-1.9843197278048814,-2.6840905894709826,-2.8221235349413565,-2.876469444917264,0.5450864442104004,-0.1326659456015506,-1.7397528886795044,0.059112548828125,0.2522430419921875,256
defactify,1,3,142540,0.9954562250597431,0.9968104242847594,JPEG,0.1049957275390625,43.63501739501953,7.743265151977539,256,1.2983155250549316,0.053587689995765686,0.7944865822792053,0.28692853302723054,0.1034853355793364,0.01139098410115049,0.024410056852734945,29.32387924194336,1.3389123678207397,6.307003974914551,0.552001953125,-1.0619621874674268,-1.4414148827566668,-2.249252068822611,-2.453230101141017,-2.4614517322874434,0.5578523915285691,-0.14629215624729117,-1.3637042045593262,0.07092793782552083,0.071441650390625,256
defactify,1,4,15713,0.992245302622487,0.9911835648985714,JPEG,0.01336669921875,72.66024017333984,4.382912635803223,256,1.0287045240402222,0.14607958495616913,0.39413273334503174,0.0583486442468139,-0.10030573110580436,0.01269463226918283,0.0060206720895811285,8.050287246704102,0.6794835925102234,9.32629680633545,0.3121337890625,-1.078416751710641,-1.6821121380453885,-1.9773026042293678,-2.0516967698516515,-2.142133293459728,0.3026532896571297,-0.06094402159958307,-0.802790105342865,0.00701904296875,0.196533203125,256
defactify,1,3,130363,0.9959668648682565,0.9969087101057639,JPEG,0.068206787109375,33.71772766113281,6.851078987121582,256,1.0237846374511719,0.1632215827703476,0.8934252858161926,-0.07288258711532997,0.002281770731547073,-0.0012418285881536928,0.022276473623512198,11.133790969848633,0.04868173226714134,6.385596752166748,0.396759033203125,-1.093795909947758,-1.482642821644605,-1.6319018973999073,-1.8497115550499732,-1.9688257680951313,0.4429656481096549,-0.0721617951056148,-1.0870558023452759,0.0027313232421875,0.0582427978515625,256
defactify,1,4,13282,0.991215999495145,0.9878216740628748,JPEG,0.0080718994140625,56.41344451904297,5.608452796936035,256,1.04236900806427,0.2949724495410919,0.5343542695045471,-0.06514963298392115,-0.05616765684693709,0.05969695026808555,-0.00793568852868297,13.340007781982422,0.7014108896255493,7.90796422958374,0.3831939697265625,-1.1307602096436886,-1.7311076255510311,-2.188135838805721,-2.3232155038708946,-2.4337875279097867,0.3945459377970213,-0.09724244060544338,-0.9171901345252991,0.0038604736328125,0.220703125,256
defactify,0,0,15169,0.9906335204232963,0.983808165814635,JPEG,0.2325439453125,27.425561904907227,10.792850494384766,256,0.9058957099914551,0.08204426616430283,0.9455227255821228,0.23469630495960328,0.19258354657232632,0.24888945106759305,0.1981321756963285,50.79103469848633,-0.8413503170013428,4.025407791137695,0.65643310546875,-1.1527232353701446,-1.812643494821196,-2.3274590610809724,-2.6405199711280716,-2.6120600309342095,0.3811077990103655,-0.11823518434012435,-1.4374186992645264,0.0008697509765625,0.0425262451171875,256
defactify,1,4,9387,0.9566874858123505,0.9642127640575419,JPEG,0.079010009765625,32.77667236328125,7.171356201171875,256,0.9317580461502075,0.1154404953122139,0.7610000967979431,0.14984961281906545,0.06244544368458007,0.056521120818991584,0.016521722957811374,23.594316482543945,-0.5607262849807739,3.7127087116241455,0.561737060546875,-1.3124685690735687,-2.02821299367531,-2.5177435068019376,-2.722901208394548,-2.781800001551291,0.5289690843951282,-0.11010808971039976,-1.6711862087249756,0.0020751953125,0.1608428955078125,256
defactify,0,0,19604,0.8971291863741379,0.9506616633230754,JPEG,0.1118927001953125,19.799867630004883,6.759801387786865,256,1.6107455492019653,0.1600961685180664,0.7901937961578369,0.22678426730698487,0.08740755620621178,0.06499056431701683,0.0010636672151066503,23.40203857421875,-0.09197099506855011,1.8118908405303955,0.7038421630859375,-1.5526141404061828,-2.4446340018099386,-3.009334658046251,-3.2812812989777758,-3.4447859030477437,0.6763757330752052,-0.1325341722239793,-2.4125025272369385,0.007970174153645834,0.1036376953125,256
defactify,1,3,79248,0.9832340306414074,0.9864886617082568,JPEG,0.2781219482421875,15.594871520996094,10.252059936523438,256,1.368301510810852,0.0,1.1671476364135742,0.0035224844164230547,0.26442248968860915,0.05176186385448456,0.04439794141026997,22.133981704711914,-0.03362797573208809,3.021587371826172,0.723236083984375,-2.1231206418651913,-2.564760928124177,-2.3848195641439265,-2.9726208177143185,-3.178111817994912,1.0800583417328236,-0.11568081007453472,-2.2935590744018555,0.0,0.03857421875,256
defactify,1,5,14314,0.9269118418122153,0.9281781316251145,JPEG,0.1785125732421875,18.049232482910156,8.252649307250977,256,0.8967643976211548,0.1711173802614212,0.9958612322807312,0.43374255799538713,0.3047299571002995,0.21675980016201418,0.16248704786575877,23.174123764038086,-0.9235338568687439,1.3777121305465698,0.7539215087890625,-1.4039961552189038,-2.4202307095097515,-3.2093375635750476,-3.5697420501566954,-3.4655648915995485,0.5946023508164959,-0.16553288307194614,-2.5148942470550537,0.0,0.0543060302734375,256
defactify,0,0,46658,0.8078330181300756,0.9217563478920568,JPEG,0.07806396484375,26.110126495361328,7.962433338165283,256,1.6100109815597534,0.1887010782957077,0.8781920671463013,0.270028621951716,0.015819713831509173,0.011795858917754542,0.008421851448170842,60.973262786865234,1.6528468132019043,2.071582078933716,0.5879974365234375,-1.639837459590412,-2.606505777943542,-3.239650528612488,-3.582872620543843,-3.7007695781188277,0.8017600264837377,-0.16255511243421494,-2.9017393589019775,0.027384440104166668,0.2620849609375,256
defactify,1,5,17069,0.9193395181355607,0.9234622579805111,JPEG,0.0641632080078125,25.379364013671875,6.655721187591553,256,0.979357123374939,0.24325497448444366,0.7675033807754517,0.45453078078727555,0.26326393005224297,0.17610318135611144,0.107100205996802,14.84176254272461,0.007682183291763067,1.7926026582717896,0.6407318115234375,-1.148058572019563,-2.206418195380187,-3.154445662337057,-3.4017053821762087,-3.589822803656247,1.0498010288155726,-0.207766189884054,-2.425431728363037,0.0006764729817708334,0.0795745849609375,256
defactify,1,5,20815,0.9411589929872928,0.9306849646349418,JPEG,0.081573486328125,34.11103057861328,5.514219760894775,256,1.2981051206588745,0.13635650277137756,0.774908721446991,0.2806289085235256,0.0627549177734339,0.006399719535985231,0.01399806134690254,13.668533325195312,1.1214491128921509,2.1204259395599365,0.5737457275390625,-1.785661374846197,-3.0683881738685477,-3.784633585076101,-4.142766882912445,-4.108517679217828,0.6460160590495878,-0.1665854962462519,-2.550753593444824,1.0172526041666666e-05,0.1269073486328125,256
defactify,0,0,26002,0.9891785302066614,0.988447377673393,JPEG,0.045684814453125,24.295522689819336,7.6561737060546875,256,1.3429392576217651,0.4243488311767578,0.9728102087974548,-0.3284541337766252,0.0688076962438632,0.009678607421253007,0.16042087348064119,45.3880615234375,1.8558640480041504,4.735280513763428,0.57061767578125,-1.3206352207853271,-1.7660386893331879,-2.197765698374064,-2.423842295393915,-2.5701464624765213,0.589987200157422,-0.11540682768000195,-1.489241361618042,0.0004628499348958333,0.1103363037109375,256
defactify,1,4,10268,0.9803064006573342,0.9788726629645539,JPEG,0.0374908447265625,42.18863296508789,7.09695291519165,256,0.9638797640800476,0.14579977095127106,0.7023212909698486,0.06884406000917079,-0.13801660145260639,-0.0007919235490359667,0.013323414712700044,23.328798294067383,0.5437994599342346,4.447051048278809,0.5617523193359375,-1.5083116405961237,-2.1726041375268696,-2.711940165617576,-2.9821516602942975,-3.0799846623901326,0.6541699355900175,-0.13692659424483208,-1.7050904035568237,0.004542032877604167,0.1772918701171875,256
defactify,1,5,23388,0.8977528498207497,0.9154409892382842,JPEG,0.04290771484375,30.606597900390625,5.879368782043457,256,1.0459730625152588,0.2457893043756485,0.8202334642410278,0.3338307214625163,0.02496716139405797,-0.04084022369261712,0.009486581899502721,13.64332389831543,-0.4304991662502289,2.6511268615722656,0.54534912109375,-1.329650732700986,-2.425971801197611,-3.2213169657091605,-3.4670710933316515,-3.5159296652719876,0.6517077231398734,-0.15721203843060544,-2.244100332260132,0.0007578531901041666,0.260711669921875,256
defactify,0,0,33197,0.9779691767317116,0.9791807282481965,JPEG,0.1229705810546875,31.49709701538086,7.492350101470947,256,1.3363980054855347,0.17307189106941223,0.9185512661933899,0.1431656428283879,-0.017601413398479534,0.024941129794411935,0.015824626279622007,29.26665496826172,0.5131306052207947,5.196811676025391,0.5535888671875,-1.2368025765695077,-1.819132261185965,-2.3212460595711395,-2.559458965936561,-2.6146938050817967,0.582652353039574,-0.12287174865192976,-1.6288607120513916,0.008845011393229166,0.1897430419921875,256
defactify,1,1,70586,1.0,1.0,JPEG,0.019561767578125,42.74449157714844,5.710048675537109,256,1.2743974924087524,0.3139483630657196,0.5681298971176147,0.20944236455085988,-0.02808748689661055,0.07004492693484406,0.028019803400968327,8.719788551330566,0.03742501512169838,3.56942081451416,0.3954315185546875,-1.352904805080147,-2.165760347328744,-2.8961985005830515,-3.325193951344267,-3.4166047158930537,0.9576770570590076,-0.19388158277523226,-2.1006412506103516,6.103515625e-05,0.0021209716796875,256
defactify,1,1,80515,0.9683847903352295,0.9798561337792152,JPEG,0.0051116943359375,42.55699920654297,5.41901969909668,256,1.2650073766708374,0.4400118589401245,0.613808810710907,0.0906939118151763,0.07630877186045036,0.07075426953537849,0.03792129042481908,8.876150131225586,0.26688581705093384,4.13306188583374,0.346221923828125,-1.3161535058113722,-2.157898706520572,-2.569729501472847,-2.831267337724766,-2.9428996705439747,0.5558400703316373,-0.1123752295065952,-1.7508105039596558,0.00811767578125,0.147705078125,256
defactify,1,4,15969,0.9857244396056922,0.975041567883027,JPEG,0.0072784423828125,64.20909118652344,4.745145797729492,256,1.01485013961792,0.3460395634174347,0.4169269800186157,-0.05520522563879062,-0.08290044046925855,0.0015746020577093863,0.012460682295053909,9.194265365600586,0.6255860924720764,8.491795539855957,0.3191070556640625,-1.4142647800440624,-1.743101186769322,-2.103648406768654,-2.3351231914483987,-2.437674175480921,0.45288345275121866,-0.09162823299050336,-1.252516746520996,0.019694010416666668,0.299713134765625,256
defactify,1,1,11782,-0.17032221068883024,-0.04325803503443967,JPEG,0.900665283203125,0.4150066673755646,10.223040580749512,256,35.04814147949219,0.0,1.8712573051452637,0.16884354117928857,0.11468737471606212,0.01007924277308741,0.032419182389679356,160.3133087158203,-0.9706397652626038,0.08717148751020432,0.99285888671875,-1.5853795520099543,-2.378451213148135,-2.7882685202972795,-2.6754316768639264,-2.737937800291533,0.27542878417542216,-0.05989730343973062,-1.7888025045394897,0.0,0.001739501953125,256
defactify,1,2,56594,0.9910968481489321,0.9975954608937999,JPEG,0.0655364990234375,35.970680236816406,5.838352680206299,256,1.2448302507400513,0.20001637935638428,0.7104226350784302,0.1928480684369457,0.015838539425976874,0.13151878064110994,0.11324774933197863,10.520830154418945,-0.08299759030342102,4.348533630371094,0.439910888671875,-0.7521155634251873,-1.6279695423550198,-2.2026894982742133,-2.4576006795681558,-2.519939167708559,0.5491600240951655,-0.13044970841646916,-1.5620617866516113,0.0005340576171875,0.025177001953125,256
defactify,1,2,52522,0.9566682239905198,0.9594198372847109,JPEG,0.09796142578125,20.651538848876953,9.751666069030762,256,1.6496961116790771,0.28595417737960815,1.0337562561035156,0.14545704839206386,-0.011376321292975557,0.08021420174582611,0.018549903807254416,40.913543701171875,0.00353646301664412,2.476408004760742,0.6864166259765625,-1.4199039028975182,-2.0328944939031777,-2.698586885594442,-2.9009728825732273,-3.007183809079418,0.6671548234306925,-0.14039239905584405,-2.0744171142578125,0.0004475911458333333,0.1068115234375,256
defactify,1,5,19928,0.8867234064778832,0.9313826956211784,JPEG,0.018157958984375,28.448535919189453,5.844998836517334,256,0.972704291343689,0.4082866609096527,0.792249858379364,0.292199761004899,0.045135432660300935,0.00823088934249046,0.016853279153174434,13.647356033325195,0.49460679292678833,1.7836958169937134,0.5506439208984375,-1.4266761939741146,-2.93931884183454,-3.5606652416415043,-3.867637003689935,-3.856319840295141,0.5239507945430306,-0.1334668240289113,-2.4173998832702637,0.00020853678385416666,0.0966796875,256
defactify,0,0,40647,0.9443115595185554,0.9841453191736718,JPEG,0.00244140625,61.17454528808594,4.839905738830566,256,0.968928337097168,0.6930590271949768,0.47703608870506287,0.16500718457729524,-0.12475770596990501,0.003772608217406102,-0.001987987125596598,4.9766387939453125,0.230057492852211,4.740111351013184,0.321746826171875,-1.2858539576981611,-2.056913384960324,-2.7402660156135505,-3.1519543173921925,-3.1893449646360246,0.6975020648024852,-0.16676937566932504,-1.5985021591186523,0.030171712239583332,0.11175537109375,256
defactify,1,2,68255,0.9624308341976004,0.9619977285239046,JPEG,0.1918182373046875,13.06889820098877,9.876513481140137,256,2.964266061782837,0.45228272676467896,1.086215615272522,0.7186592039850961,0.6648613633162658,0.5234006849367724,0.3366073247094196,144.4401092529297,3.3177216053009033,1.9414185285568237,0.802459716796875,-1.1503987518128111,-1.9151341503424986,-2.4400614525177975,-2.4237502501568136,-2.478235349522463,0.31350178770941994,-0.0807277016402503,-1.1914788484573364,0.00014241536458333334,0.0317535400390625,256
defactify,1,4,13085,0.9888534973103625,0.9855731484349085,JPEG,0.177520751953125,60.80176544189453,6.048118591308594,256,0.9720882773399353,0.02340022288262844,0.5905645489692688,-0.007562875118080476,0.08889509196074974,0.10333751370894337,0.08540503012823843,14.709049224853516,-0.780053436756134,9.822240829467773,0.4381561279296875,-1.177593823177845,-1.6798819960422229,-1.9868464360517262,-2.124616922386002,-2.2151746572349538,0.33674583705596994,-0.07076075610490028,-0.8229067325592041,0.0003916422526041667,0.2604217529296875,256
defactify,1,4,10564,0.987437537744802,0.9846733280622468,JPEG,0.0870208740234375,38.81768035888672,8.373543739318848,256,0.8880030512809753,0.14118297398090363,0.7794978022575378,0.2645518943623121,0.17620074366933947,0.12071646181306861,0.06432079350526097,21.72910499572754,0.14269091188907623,5.981427192687988,0.5424041748046875,-1.4603364730575699,-2.0955132191275823,-2.5321662345597096,-2.655628570184204,-2.778477178125934,0.5011494183618836,-0.0954026762083695,-1.5891460180282593,0.0017751057942708333,0.1251373291015625,256
defactify,1,4,15710,0.9901199521115609,0.986674774105654,JPEG,0.0179901123046875,67.65016174316406,4.937149524688721,256,1.0546765327453613,0.2874321937561035,0.44770437479019165,0.05322926416735998,0.11588294438093705,0.114092453023346,0.11605046990141721,8.23747730255127,-0.0687907263636589,10.466424942016602,0.303131103515625,-1.0903351934484196,-1.4601267412007681,-1.786003965411429,-1.8776941396840483,-1.9033222732307369,0.26446241944675464,-0.06539552778976551,-0.6974070072174072,0.003962198893229167,0.2278594970703125,256
defactify,0,0,17541,0.9754692809045785,0.9691181747068146,JPEG,0.13909912109375,42.839107513427734,6.893444061279297,256,0.9805710911750793,0.0500166080892086,0.719931423664093,0.38903393050733365,0.21108098005228632,0.1878644572195872,0.09212918841066908,28.994279861450195,0.3908459544181824,4.715436935424805,0.57635498046875,-1.1600514448139885,-1.844739028293887,-2.440838283417885,-2.6328067308629866,-2.7746463794703837,0.6445919743467154,-0.1351742256248043,-1.5717374086380005,0.02008056640625,0.1832122802734375,256
defactify,0,0,40269,0.9799768824367165,0.9884780742480057,JPEG,0.1130828857421875,39.19840621948242,6.374574661254883,256,0.9500721096992493,0.08175263553857803,0.7827114462852478,0.11172515465788119,-0.03938415504585684,-0.01472163850206867,0.013054474121710919,13.669609069824219,0.3130621612071991,6.268768310546875,0.493499755859375,-0.995514836261159,-1.4455417152127215,-1.7588841195259342,-1.9624261967475745,-2.0962361608845157,0.5143661969081235,-0.09441671009085142,-1.4173933267593384,0.015070597330729166,0.1673583984375,256
defactify,1,2,112137,0.9841581696304886,0.9822426494701996,JPEG,0.0313720703125,35.833778381347656,5.384916305541992,256,1.3482863903045654,0.14775770902633667,0.7478882670402527,0.34466483963085415,0.14939765257857215,0.16531161473479505,0.09044246890282205,14.25859260559082,0.5419797301292419,3.7211337089538574,0.492950439453125,-0.9681848493888037,-1.814105045214495,-2.3505242251270797,-2.782121709966118,-2.8719284432929024,0.7917365198754069,-0.1594585180172485,-1.686583399772644,4.0690104166666664e-05,0.0828094482421875,256
defactify,1,5,27431,0.9411142342387542,0.89750032825258,JPEG,0.0066070556640625,46.07249069213867,4.0964274406433105,256,1.0779281854629517,0.35829704999923706,0.5167381167411804,0.3221835607116775,0.009853344222869183,-0.023907247876904614,-0.007633650337812475,8.060723304748535,0.8111590147018433,3.4183361530303955,0.4048309326171875,-0.9469409366362678,-2.024493728924501,-2.7415317935601147,-3.0758388797515313,-3.1674471346872277,0.8545299861522224,-0.17473732697594369,-1.6027417182922363,0.0008646647135416666,0.2692718505859375,256
defactify,0,0,18128,0.8954653950724051,0.86460139546045,JPEG,0.139923095703125,24.01565933227539,7.913640022277832,256,1.423208475112915,0.09275536984205246,0.9243788123130798,0.21653209472053137,0.02449561358922574,0.08207347469050029,0.05082255355615636,55.7628059387207,2.415480375289917,2.0033507347106934,0.7202606201171875,-1.5834935645756536,-2.496531302977182,-3.2847708273766836,-3.67113976638342,-3.737190777594914,0.8763288052899547,-0.18481595994543157,-2.3675453662872314,0.0001983642578125,0.3035888671875,256
defactify,0,0,69832,0.9704951142881083,0.9877521072434775,JPEG,0.00946044921875,71.00830841064453,4.463833332061768,256,1.1465306282043457,0.2154908925294876,0.42968055605888367,0.16842790914331612,-0.04207305611046256,0.008893221003679308,0.02022385222931894,5.6243743896484375,0.1268073469400406,11.704174041748047,0.2835845947265625,-1.0236297159935344,-1.4695899559680692,-1.717251258505768,-1.9048183040299422,-2.011258115053236,0.43745839150311117,-0.07425435117282908,-0.9535231590270996,0.015574137369791666,0.438995361328125,256
defactify,1,4,9975,0.9604545745991461,0.9097365676844544,JPEG,0.1652374267578125,31.706371307373047,7.764651775360107,256,0.9399661421775818,0.05998937785625458,0.7678039073944092,0.2543665386386189,0.1551880135805102,0.15523215851929867,0.15205557589139235,43.197147369384766,-1.6634066104888916,4.023031711578369,0.5894927978515625,-1.2543969730190039,-1.9554226710549445,-2.199502187934562,-2.3735075303782915,-2.605122399378417,0.5643033841744298,-0.09387721469709383,-1.247604489326477,0.06526692708333333,0.2119140625,256
defactify,1,2,77857,0.8616517632779486,0.8964035473307961,JPEG,0.34912109375,11.61815071105957,7.819033145904541,256,1.7332593202590942,0.0,1.3362209796905518,0.17409233312069763,0.04047444009739575,0.0393864667475141,0.027011921675362503,64.84315490722656,-0.41222691535949707,0.8871952891349792,0.865966796875,-2.2255182975305114,-3.1058307943691617,-3.8048439272813153,-3.8542239503185436,-3.6891923862194016,0.12855239949740094,-0.09189926613902587,-2.298872709274292,0.0001373291015625,0.068603515625,256
defactify,0,0,17789,0.9731567614722011,0.9414733775672617,JPEG,0.04937744140625,27.86071014404297,7.019779682159424,256,0.8923693895339966,0.4196398854255676,0.9643288850784302,0.16761053066133505,0.02398091501394748,0.04049464787721792,0.004978370824972485,32.589027404785156,0.05144274979829788,4.112887859344482,0.4416351318359375,-0.782614246564342,-1.1810084331108301,-1.674905180851363,-1.935807738003172,-2.0333840006150155,0.6430771671711915,-0.12666152902591493,-1.2833303213119507,0.0013326009114583333,0.174713134765625,256
defactify,0,0,31899,0.9999999999999999,0.9999999999999999,JPEG,0.185943603515625,37.525245666503906,8.91239070892334,256,1.1871027946472168,0.059326913207769394,0.957973062992096,0.15337051622370224,0.11738748070105695,0.07717584639822171,0.05749140776004861,33.678951263427734,1.9185506105422974,6.589110851287842,0.6076812744140625,-1.0038839716882375,-1.5591875521290115,-2.1479854818047075,-2.2741182723694227,-2.3228124991097916,0.5094132114804575,-0.11172571123601167,-1.0890499353408813,0.002655029296875,0.0022430419921875,256
defactify,1,2,49690,0.9774406684473624,0.9886069975267573,JPEG,0.57086181640625,13.964117050170898,13.185983657836914,256,1.392235517501831,0.0,1.576646089553833,0.15743473711975978,0.10659225868506493,0.07230318285261988,0.023601189296332623,84.84538269042969,0.3112938404083252,2.2138566970825195,0.80767822265625,-1.3115405857608762,-1.9976301761543374,-2.6267248604097304,-2.8830059582704237,-2.989034236178334,0.7079361901345296,-0.14329390923451815,-1.8519341945648193,3.0517578125e-05,0.0306396484375,256
defactify,1,2,85286,0.9829953349847571,0.985028611000176,JPEG,0.105377197265625,32.48345184326172,5.214156627655029,256,1.225777506828308,0.09223444759845734,0.6788395047187805,0.21776025078676223,0.11328574457479289,0.15625833020016622,0.13324128118978878,11.234075546264648,-0.4269922971725464,3.8824479579925537,0.5336151123046875,-1.1045068244626872,-1.6759617789688237,-2.2206573888743346,-2.6031955616572677,-2.7676457213398766,0.7996942744931532,-0.15645339872271244,-1.6619588136672974,0.00012715657552083334,0.0912933349609375,256
defactify,0,0,48049,0.9788483059298475,0.9710504053657321,JPEG,0.01715087890625,45.70183181762695,7.791809558868408,256,1.3591560125350952,0.33897703886032104,0.8076767325401306,0.2913536727588234,0.042860934945639646,0.009012594291302162,0.004917996298808441,23.940887451171875,0.1782815307378769,6.630940914154053,0.3984375,-1.2107468702338275,-1.5459254490968695,-1.8483986007593174,-2.1443902696700725,-2.2522147019002894,0.6439080588551285,-0.11414171664772892,-1.155544400215149,0.011510213216145834,0.2724609375,256
defactify,0,0,32659,0.9691197506753009,0.9754221834941247,JPEG,0.17779541015625,31.864273071289062,8.195549964904785,256,1.5207206010818481,0.050096023827791214,0.9503990411758423,0.5049943023991261,0.3229467004677915,0.08086000812124539,-0.10669792728654565,24.185009002685547,-0.19947312772274017,3.7298150062561035,0.6097412109375,-1.5321770884049437,-2.3441887540261854,-2.9794673256270334,-3.28613160411692,-3.3664257054566056,0.7389142409313685,-0.15079699824161927,-2.0966956615448,0.001678466796875,0.147674560546875,256
defactify,0,0,35970,0.9843013693510195,0.9794364188885601,JPEG,0.044677734375,37.798194885253906,5.620949745178223,256,0.9504660964012146,0.22331087291240692,0.6132274866104126,0.3661952563012103,0.009679906353866742,0.029391512988694163,-0.018308683359731938,16.57987403869629,0.9441100358963013,6.336529731750488,0.445465087890625,-1.0391910565696767,-1.5340600085440252,-1.9582649764512308,-2.188838687636304,-2.2775748245335246,0.6319111452680142,-0.11207892509193695,-1.3159648180007935,0.008371988932291666,0.17657470703125,256
defactify,0,0,62389,0.9824203591786168,0.9940525352710731,JPEG,0.0154571533203125,84.93336486816406,4.379213809967041,256,1.0939252376556396,0.18532761931419373,0.45280349254608154,0.1816145431128528,0.12751718636136347,0.09376970696527756,0.09309731018018697,7.748504638671875,0.4075717628002167,12.062021255493164,0.2818145751953125,-1.0717336412105007,-1.4618702499820664,-1.9679953499316403,-2.183559453558283,-2.3047069824638937,0.6129086768713066,-0.12170804050885921,-1.1837146282196045,0.0525054931640625,0.23858642578125,256
defactify,0,0,19448,0.9684289079954821,0.9835151264440478,JPEG,0.087646484375,29.328460693359375,6.658214569091797,256,1.2908935546875,0.13329996168613434,0.7457108497619629,0.2629096519693761,0.08601218450716601,0.05737505782114008,-0.011787918197046731,43.12997817993164,1.7523002624511719,3.9610140323638916,0.577484130859375,-1.2720815230567277,-1.8614419752684377,-2.2737050837876813,-2.5487276782016277,-2.59926195843183,0.6075606976480126,-0.11738408500167445,-1.4447269439697266,0.0030161539713541665,0.13446044921875,256
defactify,1,2,104001,0.9810715408751765,0.9760298201318145,JPEG,0.359161376953125,15.809295654296875,12.338568687438965,256,1.2691295146942139,0.0,1.5411996841430664,0.44441540642751753,0.49601626421946576,0.43542775472772716,0.3519597881437419,75.8750991821289,4.794233798980713,1.7921407222747803,0.7600555419921875,-1.3718715328985223,-2.402961822114519,-3.08764913961362,-3.3804289758536337,-3.6302324771546157,0.9474103794884643,-0.17199180377837978,-2.9024345874786377,1.52587890625e-05,0.017181396484375,256
defactify,1,5,23357,0.8952892779211472,0.91960416648287,JPEG,0.0249176025390625,42.487342834472656,4.585381984710693,256,1.1012017726898193,0.3289579749107361,0.5547155737876892,0.20968507774943732,-0.02659910357498017,-0.021739154774754767,0.010456265286505298,9.687662124633789,0.23090434074401855,2.6217010021209717,0.5294342041015625,-1.520605937964861,-2.7363386112635526,-3.4950079658178677,-3.7842645935648687,-3.882952607532345,0.7737990314088012,-0.16912160749354346,-2.474503755569458,0.013946533203125,0.2886199951171875,256
defactify,1,5,18297,0.953020060774738,0.9321278128383177,JPEG,0.0627899169921875,34.09385681152344,5.6432785987854,256,1.1720383167266846,0.15809886157512665,0.7195336222648621,0.1907576359518831,-0.06906043750452398,-0.04039100235147582,0.020263589254506352,17.85228729248047,1.1658686399459839,2.4413623809814453,0.5786285400390625,-0.9144551496426923,-2.013501562806259,-2.812441050388517,-3.1243080402462686,-3.2258023397174407,0.7445207534908036,-0.17401396756596157,-2.081108808517456,2.5431315104166668e-05,0.1269683837890625,256
defactify,1,5,15983,0.9881407196968747,0.9939044878457008,JPEG,0.0319976806640625,27.424579620361328,6.074222564697266,256,1.0456900596618652,0.3099082410335541,0.7282671928405762,0.35623486431869406,0.12333949143069288,0.050554982787019705,0.042908261816869075,19.725046157836914,1.452103614807129,1.8945451974868774,0.6073150634765625,-1.3843925195845497,-2.4323198978334535,-3.232203113376322,-3.5208553844687653,-3.548114513537138,0.6872142731994941,-0.16469142241355209,-1.9819968938827515,0.0,0.014923095703125,256
defactify,1,5,18687,0.9060513739669273,0.8121534438507279,JPEG,0.0917205810546875,27.020864486694336,6.018998146057129,256,1.1502858400344849,0.15867017209529877,0.6598978042602539,0.24445265948825795,-0.0018775214351984008,-0.029808736021427362,0.03189927692508874,21.544090270996094,0.845851480960846,1.7449805736541748,0.693511962890625,-1.514038146651293,-2.843349841107014,-3.607972469348976,-3.962861842639339,-3.933559184614202,0.4926050457100093,-0.15043594387031411,-2.4908344745635986,0.014394124348958334,0.152069091796875,256
defactify,1,2,88856,0.9998867132703643,0.999903378280189,JPEG,0.03887939453125,42.59217834472656,4.626418590545654,256,1.1081019639968872,0.13722319900989532,0.652194082736969,0.011928698681588842,-0.06632047059176294,0.15763979559057328,0.049000775844522046,8.766550064086914,-0.6531781554222107,8.447569847106934,0.539794921875,-1.4470248633065665,-1.3416878940255286,-1.790920250808579,-2.001181504659037,-1.8967092310807763,0.4862462436181625,-0.11379850410573353,-0.28317704796791077,0.004063924153645833,0.006561279296875,256
defactify,1,2,107197,0.9420224194801453,0.9483182997627211,JPEG,0.043548583984375,33.608253479003906,5.983004570007324,256,1.350865125656128,0.12280374765396118,0.7814755439758301,0.22329360273945018,-0.14004466223055964,-0.0009601021580689684,0.0009905733918005252,13.809947967529297,-0.36010080575942993,2.5795204639434814,0.5656280517578125,-1.3088949238736483,-2.301063681486604,-3.0307375009557926,-3.4451595313771657,-3.5534254720014182,0.9235599215135242,-0.19264662187079787,-2.2068252563476562,0.0034434000651041665,0.1295928955078125,256
defactify,0,0,26905,0.9658475231118416,0.9675062650330215,JPEG,0.0360107421875,31.689685821533203,6.424596786499023,256,1.2809842824935913,0.24330955743789673,0.654994547367096,-0.13428116673279167,-0.0783401457840781,0.003603158633562691,0.007986447299491477,28.03531265258789,1.0137995481491089,4.995052814483643,0.4701995849609375,-1.5938783649628352,-2.203425938303976,-2.6660991819342286,-2.8796727251305914,-2.9796782161109174,0.5759806112405679,-0.11389977650682047,-1.7787634134292603,0.036549886067708336,0.24041748046875,256
defactify,1,2,118359,0.9874501004099432,0.9828281720381862,JPEG,0.0157623291015625,39.16688919067383,4.9319024085998535,256,1.2393839359283447,0.3171851336956024,0.5208569169044495,0.1436337656463966,-0.09677833968997526,0.039839339991493784,0.014691863922874498,13.421403884887695,1.1523852348327637,4.140248775482178,0.426422119140625,-0.9301245221458565,-1.5797081949765692,-2.180522012708657,-2.5433464907653027,-2.6697891430907283,0.7762859047270867,-0.15426947818745615,-1.4367225170135498,0.0023295084635416665,0.087310791015625,256
defactify,0,0,37413,0.9787945103780866,0.9702304008314347,JPEG,0.031890869140625,40.91284942626953,6.334902286529541,256,1.4226073026657104,0.2547883689403534,0.7262477874755859,0.43933253145880347,0.15670122979255968,0.059231094647468036,0.015118091420348298,28.892127990722656,1.2564854621887207,4.8799662590026855,0.4413299560546875,-1.2705327487966187,-1.8172026073625993,-2.708722643505583,-2.9751704439529423,-3.097852015190356,0.8935668621244881,-0.18644639622917852,-1.9337233304977417,0.0003000895182291667,0.1549072265625,256
defactify,1,5,26254,0.9181047893096712,0.908816665959423,JPEG,0.0100555419921875,59.369110107421875,3.5331480503082275,256,1.0872268676757812,0.39079225063323975,0.3815901577472687,0.23260763180358351,0.04599288923052177,0.01375006118741174,0.021623210751531508,7.231130599975586,0.15547098219394684,3.425092935562134,0.462799072265625,-1.1722618367886781,-2.2348555031513753,-3.090051143916355,-3.4631839461092513,-3.5646628848006436,0.8960511345134057,-0.19196836224893565,-2.0807905197143555,0.015126546223958334,0.3169097900390625,256
defactify,1,2,92685,0.9750245435356281,0.9826548579892689,JPEG,0.075531005859375,38.94226837158203,5.716183662414551,256,1.2841509580612183,0.10129456967115402,0.7418376207351685,0.2736861598322399,0.013439493109236231,0.02909428203196881,-0.0005824234051264201,15.487409591674805,0.5623893141746521,4.791281700134277,0.5066680908203125,-1.1130097405962553,-1.840282826928477,-2.252379053291218,-2.5872444434092268,-2.7183659867077727,0.6937578272343936,-0.12946797914531563,-1.317783236503601,0.001434326171875,0.1707916259765625,256
defactify,0,0,23806,0.9637491566494804,0.974791447140211,JPEG,0.07611083984375,42.530662536621094,4.762492656707764,256,1.2629728317260742,0.07930690050125122,0.6234657168388367,0.0655872783112407,-0.08184212579423301,-0.0007336438463936022,-0.006573869617862465,11.730854988098145,0.2419215887784958,4.709549427032471,0.4590301513671875,-1.4037753598901652,-2.0087143356855606,-2.3246316170839254,-2.684219170294157,-2.7730817702701627,0.6639922939538003,-0.11511604859015657,-1.4371153116226196,0.007364908854166667,0.1566925048828125,256
defactify,1,5,22226,0.9343766635306295,0.9137422017315151,JPEG,0.0360565185546875,43.93206787109375,3.8596091270446777,256,1.0420254468917847,0.11077114939689636,0.4507639408111572,0.10713921518944887,-0.21558509965850153,-0.10250669568311421,0.03112578970181996,7.827702522277832,-0.10693109780550003,2.7581493854522705,0.4977264404296875,-0.8061914741316096,-2.2914094512360528,-3.083036949776713,-3.309733479238017,-3.374281736575152,0.6945114434217663,-0.16161001149728507,-2.0339486598968506,0.00011698404947916667,0.2133331298828125,256
defactify,1,2,160897,0.9851102315811232,0.9891169927241499,JPEG,0.042327880859375,42.88960266113281,3.2889153957366943,256,1.2698390483856201,0.4076242446899414,0.4462534487247467,0.2602176253382599,-0.10530055611412169,0.03209957727447654,0.005372416821403127,3.5721559524536133,0.09916605800390244,5.429472923278809,0.295867919921875,-1.2161067634860023,-1.5676495098004946,-2.0350899818435186,-2.4515573403382875,-2.6116638406189754,0.8755862486670294,-0.15563311693413048,-1.632737159729004,5.086263020833333e-06,0.084381103515625,256
defactify,1,2,59838,0.969378698430798,0.9820757587266358,JPEG,0.078125,16.812576293945312,4.215901851654053,256,1.7770307064056396,0.2572878897190094,0.8382034301757812,0.4209336799997613,0.02914059752800808,-0.008205364252793786,0.0072606662720371105,8.872522354125977,-0.02448531612753868,1.8678562641143799,0.60516357421875,-1.0581990648546622,-1.4896768393921729,-2.2760532469211574,-2.587546248139181,-2.685569425004677,0.8611730876607071,-0.1787834553805388,-2.3030283451080322,1.0172526041666666e-05,0.037139892578125,256
defactify,1,2,108333,0.9968224041408558,0.9967931558021458,JPEG,0.0107421875,35.36183166503906,3.4087729454040527,256,1.2932376861572266,0.2694556415081024,0.42724335193634033,0.19166956171566363,-0.14290618008438954,0.015032704086874253,-0.005080345622042243,4.447386264801025,0.0759497582912445,5.631213665008545,0.3187408447265625,-1.4690041211437128,-1.4228228901525428,-1.61307101356409,-2.024886977460307,-2.18477171727634,0.7705611394794643,-0.1180949701100499,-1.1998541355133057,0.0,0.045684814453125,256
defactify,1,2,69906,0.9921751368037058,0.9902675032498945,JPEG,0.241241455078125,8.951078414916992,11.171836853027344,256,1.5753799676895142,0.43969082832336426,1.2419846057891846,-0.0441947550470073,0.1343135813540975,0.02716151674911225,0.015629456898165965,53.15010070800781,-3.0491983890533447,1.3671756982803345,0.8614044189453125,-1.4006714541134677,-2.2231670295133084,-2.4689600954768682,-2.674472408216369,-2.776624888515679,0.33857115698112317,-0.06714909956522645,-1.6198794841766357,0.0,0.0091400146484375,256
defactify,1,5,20852,0.9681959446290638,0.9676265618505718,JPEG,0.078704833984375,37.23600387573242,5.201775074005127,256,1.1496611833572388,0.12369582056999207,0.8620917201042175,0.21739252408962714,-0.0563272312410567,-0.05075025651378711,-0.003529909785660981,10.14208984375,0.2323436439037323,3.0423531532287598,0.52081298828125,-0.8413706142106623,-2.010598665856822,-2.8113657640113674,-3.106345874678725,-3.201803636243338,0.8369415829217113,-0.1764926041745973,-2.131870746612549,0.0009562174479166666,0.08984375,256
defactify,0,0,30121,0.9842634472922291,0.992459878961156,JPEG,0.136871337890625,35.89033508300781,7.247959136962891,256,1.1753385066986084,0.07286864519119263,0.9131485223770142,-0.10511658271398687,-0.15381607692811652,-0.05160785286147615,-0.015622767938196001,26.346267700195312,0.5091590285301208,8.470292091369629,0.5178375244140625,-1.2166367835308822,-1.5184174046819106,-1.334625455083862,-1.38080448666045,-1.62656304499194,0.2438808486782209,-0.004203475163266764,-0.5974370837211609,0.006800333658854167,0.2155609130859375,256
defactify,0,0,39316,0.9872684059416018,0.993551559493338,JPEG,0.1871337890625,42.76669692993164,6.034235954284668,256,1.161910057067871,0.0,0.7156007289886475,-0.11915049958377615,0.02416508848745016,0.02221724480723457,0.02032259505401098,10.379775047302246,0.12972581386566162,7.658326625823975,0.44635009765625,-1.0343012820136686,-1.3642721320981241,-1.9225038280794573,-2.141118276024347,-2.22341357617956,0.4719785798007514,-0.10867093920396093,-1.4870920181274414,0.0014292399088541667,0.1785125732421875,256
defactify,0,0,75316,0.9477647573920459,0.9878694532455232,JPEG,0.001373291015625,73.83241271972656,3.4147982597351074,256,1.1260279417037964,0.448351114988327,0.3795333802700043,0.09639839736369522,-0.08137910440010744,-0.004906774584408514,-0.00783861569995927,4.107600688934326,0.4594278633594513,10.051304817199707,0.215087890625,-0.7992574646337047,-1.1592227693252353,-1.5413866331703057,-1.8414011197188351,-1.9537249887353347,0.6323756895301598,-0.11788989874463811,-1.099237322807312,0.056844075520833336,0.3080596923828125,256
defactify,0,0,57592,0.9880568772941279,0.9964117377669268,JPEG,0.0041046142578125,58.43534851074219,4.9291090965271,256,1.2493717670440674,0.39956626296043396,0.5445664525032043,0.11624013436500948,0.047138090611856524,0.07612338162954994,0.04448398757531078,8.401373863220215,0.6433246731758118,9.026119232177734,0.2523651123046875,-0.9215557735367703,-1.3261356556076782,-1.6144343581297633,-1.867728351354943,-1.9686853610322848,0.5275913613653183,-0.09492651285981205,-0.851836621761322,0.019683837890625,0.11175537109375,256
defactify,0,0,26123,0.9818655690844409,0.9785074989403509,JPEG,0.3223724365234375,34.860992431640625,8.09074592590332,256,1.4863901138305664,0.0,1.0385700464248657,0.28805143785893944,0.21741265422482403,0.144011660608726,0.12022489052144843,26.755216598510742,0.21893349289894104,5.426904201507568,0.6496124267578125,-0.8279692761248372,-1.6047165197599753,-2.010995813828808,-2.4221030586080747,-2.5156668072294917,0.768919172539583,-0.13625905010494424,-1.0811477899551392,0.00152587890625,0.1373443603515625,256
defactify,0,0,43017,0.9648076738608483,0.995447195776396,JPEG,0.08978271484375,57.64088439941406,3.994946241378784,256,0.930158793926239,0.04516848176717758,0.4911993443965912,0.04534074847764481,-0.025454165589888042,0.011824167675681809,0.003690054961717596,4.2950825691223145,0.26381057500839233,8.21139144897461,0.3082122802734375,-1.044380101859602,-1.3456095827548635,-1.6506098598686227,-1.9107889601498327,-2.0340417554742123,0.5552033036315027,-0.09741521854378014,-0.7176216840744019,0.029383341471354168,0.1501617431640625,256
defactify,0,0,17895,0.728712692789738,0.8146869394654658,JPEG,0.0355682373046875,25.38139533996582,7.579068660736084,256,0.8913283348083496,0.27270835638046265,0.8971155881881714,0.4561382850125937,0.2845455340576293,0.17938897831101547,0.06251883216855847,23.20578956604004,0.8940446376800537,2.039594888687134,0.5335540771484375,-1.6214395267934556,-2.462535093815096,-3.1093307090327604,-3.40410850005056,-3.485445390244128,0.7418421753884292,-0.15346636796033367,-2.489346981048584,0.045018513997395836,0.3069610595703125,256
defactify,0,0,32930,0.9745678573074319,0.984111244854869,JPEG,0.081207275390625,47.21354293823242,8.644925117492676,256,1.5444929599761963,0.05396409332752228,0.8373692035675049,0.602490552227997,0.4745702934213655,0.3438612787994404,0.14786831767494052,35.02783966064453,-0.6375947594642639,7.192073345184326,0.463836669921875,-1.148752029597051,-1.6943986303148462,-2.297534099034375,-2.512728259641916,-2.638732822414986,0.5623836446928383,-0.12386468513312586,-1.400437593460083,0.0031840006510416665,0.1932830810546875,256
defactify,0,0,28724,0.9668595561566877,0.9601126805852103,JPEG,0.4649810791015625,32.84644317626953,9.424854278564453,256,1.1671850681304932,0.0,1.1499568223953247,-0.016137700576314227,-0.13075701375683285,-0.0020997748605437933,-0.014691385398018108,32.55119705200195,0.11296320706605911,5.835917949676514,0.706298828125,-1.2729200239758427,-1.843019176728255,-2.3601925949122595,-2.7104014481607006,-2.8525357625888494,0.7407056895230673,-0.14454050505244864,-1.747097373008728,0.009521484375,0.245513916015625,256
defactify,1,5,20529,0.9282451392143894,0.916604407184471,JPEG,0.0295867919921875,39.62733459472656,4.290361404418945,256,1.0794168710708618,0.11755918711423874,0.5204417705535889,0.36267847769987094,0.14477973566409003,0.051174858609306914,0.04530617669506397,18.58254051208496,0.4015778601169586,1.9960997104644775,0.5880126953125,-1.273944124203208,-2.5237401781914857,-3.370438497174142,-3.6333466983772897,-3.7316443121768312,0.7333198051558165,-0.17321051543016097,-2.4325308799743652,1.0172526041666666e-05,0.146240234375,256
defactify,0,0,24648,0.9556610966622242,0.9609241888503088,JPEG,0.02490234375,33.019859313964844,7.059179306030273,256,1.4915621280670166,0.25748148560523987,0.7252907156944275,0.30656534292610915,0.20329070168421545,0.18743722141839736,0.09467800061679156,31.98037338256836,-1.030777096748352,3.6453914642333984,0.5452728271484375,-1.3164153251134554,-1.948607514071731,-2.4411427123089906,-2.644867809345908,-2.692076236266799,0.5169948157815094,-0.10968979330100027,-1.424056887626648,0.0031585693359375,0.2723846435546875,256
defactify,0,0,30280,0.9163132448628643,0.9433765312272758,JPEG,0.106475830078125,33.47651672363281,6.832869529724121,256,1.2268707752227783,0.07133669406175613,0.6212444305419922,-0.021075405012941268,-0.0753958647676737,0.08008414142015446,-0.02410721120866767,24.450035095214844,1.3171943426132202,5.332677841186523,0.5397796630859375,-1.0456979809596536,-1.7582796570127668,-2.3035559491398123,-2.665065616800222,-2.8191447743693763,0.9173956066547104,-0.16745456590766933,-1.8203186988830566,0.014409383138020834,0.2448883056640625,256
defactify,1,5,21022,0.9523958996243611,0.9519673647354594,JPEG,0.1074066162109375,36.32289505004883,5.6732916831970215,256,0.9876711368560791,0.09223634749650955,0.7255457043647766,0.30698250385195774,0.039205957515535406,-0.02110618669285487,0.004579985253971719,16.68507194519043,1.9584941864013672,2.9724810123443604,0.519622802734375,-1.3365168189101775,-2.3523671869466574,-3.185115850679172,-3.495527425656844,-3.5681507078983286,0.7405858612525158,-0.17223281761656223,-2.1604394912719727,0.0005340576171875,0.1723785400390625,256
defactify,0,0,8186,0.9934922472478427,0.9970626400869704,JPEG,0.69085693359375,15.743255615234375,23.96702003479004,256,1.5147614479064941,0.0,2.016868829727173,0.4137656853047635,0.16774576318141576,0.02109527874485506,-0.02920650353346114,112.80191040039062,2.5740084648132324,3.6425580978393555,0.8740386962890625,-1.375921421664354,-2.1202950162244525,-2.5308253350037972,-2.7079152163851363,-2.796972925717978,0.4955940930112295,-0.10086304532131778,-1.7231870889663696,0.0021260579427083335,0.031585693359375,256
defactify,1,5,19408,0.8852360481000546,0.8992831763457539,JPEG,0.0561676025390625,27.597545623779297,4.435863494873047,256,0.9796311855316162,0.19018888473510742,0.6765756607055664,0.36639162325475794,0.1278904301240605,0.04684170255945799,0.03584103229808065,9.027832984924316,0.48750409483909607,1.8693729639053345,0.5499267578125,-1.3407219083345607,-2.4018679109825793,-3.213748118546121,-3.4780315952848513,-3.5379610298558886,0.6218185845014439,-0.1588114317402697,-2.5111641883850098,0.0003102620442708333,0.1897735595703125,256
defactify,0,0,34404,0.9419233550505408,0.9568123691599402,JPEG,0.0704345703125,28.660249710083008,7.363774299621582,256,0.9078985452651978,0.20871059596538544,0.7084497213363647,0.09585730512256095,-0.02964029870250146,-0.005655560470221947,-0.0023701238082613637,19.823415756225586,-0.3465425670146942,3.6147918701171875,0.49908447265625,-1.37029159942188,-1.9608294013898897,-2.2798266170396886,-2.6301823196785374,-2.6829433033922143,0.5949696810237395,-0.10913467503154631,-1.3509162664413452,0.0013580322265625,0.2392578125,256
defactify,1,5,15777,0.958183014858683,0.9541165461409871,JPEG,0.2102508544921875,27.092281341552734,4.992119789123535,256,1.0625851154327393,0.048138152807950974,0.7816054224967957,0.2370089894294628,-0.07672528809011481,-0.0508372486147003,-0.004990678592329715,9.867865562438965,0.08039895445108414,2.480018377304077,0.5797271728515625,-0.8109133383385174,-1.8812390226121352,-2.6968467516097263,-2.9607159915359595,-2.9851267214116706,0.691822898099264,-0.16700688643125347,-1.544348955154419,0.0017547607421875,0.0829315185546875,256
defactify,0,0,40141,0.9979225936235709,0.9944041846641223,JPEG,0.0196075439453125,84.55740356445312,2.779665231704712,256,2.2885477542877197,0.27455127239227295,0.3088589906692505,0.9212624814676587,0.8836119188713359,0.8412833939869071,0.7615627800762125,2.3536462783813477,-0.7693089246749878,6.937321186065674,0.4618377685546875,1.9919762406038313,-1.2791645785741217,-1.072258844983522,0.41168154905938525,-1.0864362342570884,-0.26684773384804483,0.004092996637828725,-1.304445505142212,0.0003865559895833333,0.0412139892578125,256
defactify,1,5,12659,0.9193331683619722,0.9499831206983729,JPEG,0.0951690673828125,23.862655639648438,7.710792541503906,256,1.285140872001648,0.18477335572242737,1.0100255012512207,0.5403048861094523,0.3112542881962576,0.13006375717531585,-0.000402960180836295,67.74412536621094,1.3718830347061157,1.2065691947937012,0.80670166015625,-2.0616165687353663,-3.385663788592173,-4.015081571913527,-4.1071784845402,-4.205254509477674,0.4037017589803771,-0.10778884696922963,-2.517256021499634,0.006556193033854167,0.046112060546875,256
defactify,0,0,46240,0.9735443158334873,0.9807815173997263,JPEG,0.369903564453125,31.444923400878906,10.822881698608398,256,1.3210186958312988,0.3646703064441681,1.3196358680725098,0.15569706540558492,0.13280048070607367,0.07577116106843026,-0.048373044738147825,22.102630615234375,-0.5658275485038757,7.462564468383789,0.68157958984375,-0.8344664115101548,-1.4645151144513413,-1.7065078923390393,-1.8631642757128795,-2.0175613930439296,0.35100813913769713,-0.06742551618267421,-0.847091794013977,0.008310953776041666,0.178466796875,256
defactify,1,5,16955,0.9558189992855733,0.9445765383258692,JPEG,0.075347900390625,28.29330062866211,8.545926094055176,256,1.002492070198059,0.2212725728750229,1.0326346158981323,0.32437955186952044,0.027159918592257856,-0.04133327258213676,-0.020800110604093137,20.256603240966797,0.7713897228240967,2.1650032997131348,0.5787200927734375,-1.1286784097746239,-1.9560625188250018,-2.767830820795406,-3.011804239784056,-3.0670109649331123,0.6353310156143146,-0.15975416756298697,-2.6093690395355225,1.52587890625e-05,0.0920867919921875,256
defactify,0,0,42587,0.9950085776262095,0.9976527376328199,JPEG,0.1154937744140625,40.135841369628906,8.126140594482422,256,1.1360660791397095,0.06633098423480988,0.934409499168396,-0.17918480930296218,-0.09240088799910781,0.004795477969708733,-0.014534575342621824,28.270065307617188,-1.9198806285858154,7.5324788093566895,0.4954986572265625,-1.0750476495658106,-1.6069351268965262,-1.9951504556871278,-2.182054668127657,-2.2047101124405124,0.4499819887461003,-0.08854434817443699,-1.4290021657943726,0.0028635660807291665,0.07171630859375,256
defactify,0,0,39026,0.985259893948226,0.9917606879120904,JPEG,0.061248779296875,58.69682312011719,7.145201683044434,256,1.2732542753219604,0.059353236109018326,0.7365103960037231,0.34213562672151343,0.302539946253115,0.2074705085194441,0.08563637496810202,19.089155197143555,0.4627947211265564,9.046186447143555,0.4643707275390625,-1.2713453449918717,-1.7417848876737994,-2.1778859314416064,-2.3386783273254172,-2.477043533234382,0.49825356863094505,-0.09975183735511181,-1.1149506568908691,0.009877522786458334,0.154266357421875,256
defactify,1,5,20401,0.9245201183789226,0.919533725141326,JPEG,0.0308380126953125,40.580963134765625,5.158944606781006,256,1.0448389053344727,0.157286137342453,0.5652197599411011,0.3982209037370069,0.18067040363100265,0.01304414696934128,-0.024308534538509605,14.928293228149414,0.18679536879062653,2.100637435913086,0.6150665283203125,-1.2437067799044534,-2.6510802079774445,-3.34382648214134,-3.7376551282508332,-3.7941825500006923,0.820750601516135,-0.17080288367918509,-2.3270158767700195,0.0023295084635416665,0.1611328125,256
defactify,0,0,19084,0.9649652800239635,0.9840680607594278,JPEG,0.4793548583984375,15.599990844726562,10.314603805541992,256,2.05355167388916,0.0,1.3661361932754517,0.4974667567367481,0.36532525414693595,0.21756766297036895,0.08751310306553794,137.08363342285156,5.745738506317139,2.554682731628418,0.748779296875,-1.0582390903172785,-1.5867767226599812,-2.24412399937777,-2.5274314769273323,-2.5944264201133977,0.7207720890180793,-0.1543090552150568,-2.0087954998016357,0.0,0.0585479736328125,256
defactify,0,0,21863,0.9801783870886226,0.9857027516122281,JPEG,0.13287353515625,38.15978240966797,6.867577075958252,256,0.8919038772583008,0.09355991333723068,0.7760915756225586,0.43414755321086435,0.2653380781620554,0.2568757029299493,0.16580074141141224,32.64186477661133,-1.1959642171859741,5.551823139190674,0.5232086181640625,-1.1517357915290454,-1.5054778979467747,-2.1184031117559172,-2.357963758918711,-2.44317589118495,0.7691808179858706,-0.15168888643785938,-1.4545303583145142,0.0002288818359375,0.1705780029296875,256
defactify,1,5,18511,0.8685794176872884,0.9090910458583353,JPEG,0.0208587646484375,32.7889518737793,4.305524826049805,256,1.062038779258728,0.3350820541381836,0.5483227968215942,0.21786223390682755,-0.06219345325738344,-0.046002496255725125,0.008895383425857573,9.585622787475586,0.24867215752601624,2.2619078159332275,0.5128173828125,-1.266066598914044,-2.426920317656979,-3.2269699129116267,-3.550302483907477,-3.5860617264999846,0.6896200963683752,-0.16669125714053176,-2.221597194671631,0.0010477701822916667,0.195892333984375,256
defactify,0,0,25773,0.9799441456914927,0.9913850907217706,JPEG,0.026580810546875,32.86996078491211,6.537784099578857,256,1.5599361658096313,0.2393588274717331,0.6586098670959473,0.390026302746429,0.31261820909421906,0.18654511561740605,0.04309057106628441,25.737226486206055,0.15150146186351776,5.122280597686768,0.435272216796875,-1.0284835943857873,-1.3340911583894828,-1.7842417073748553,-2.015512469655114,-2.0798582682841253,0.4389517891361372,-0.0984478500421397,-0.9876349568367004,0.005421956380208333,0.0956878662109375,256
defactify,0,0,33408,0.9282374855116603,0.9142740325770877,JPEG,0.0830841064453125,14.83494758605957,6.196440696716309,256,0.9727568626403809,0.30176272988319397,0.9112816452980042,0.30763093963237537,-0.01049704346968194,-0.028148644125890517,0.006154438250246447,30.619251251220703,0.10125584900379181,1.2532176971435547,0.6862640380859375,-1.5036955268055134,-2.511623637259291,-3.2453782003612894,-3.468148199533995,-3.536207480493838,0.6441456744620075,-0.14978467129148673,-2.12591290473938,0.0,0.0466156005859375,256
defactify,0,0,49280,0.9956513912723686,0.997213465113315,JPEG,0.013641357421875,77.58638000488281,4.544917583465576,256,1.1300538778305054,0.13114267587661743,0.5142951011657715,0.13152962305947916,0.05437766623123774,0.049349496730324835,0.016123009796825905,7.838752746582031,1.003502607345581,11.806303977966309,0.304840087890625,-1.0919686566104847,-1.528407866664879,-1.9091128895519693,-2.0936843825778526,-2.1501888170256898,0.4310955127326963,-0.08793694861520557,-0.6064549684524536,0.010365804036458334,0.143280029296875,256
defactify,1,5,18821,0.8945445369076312,0.9010280899237243,JPEG,0.024261474609375,28.5439395904541,4.136351585388184,256,1.0288324356079102,0.3052477240562439,0.5530372858047485,0.2638065690359309,-0.009309141273505753,-0.006263552240642274,-0.006790231645682296,7.9102935791015625,0.289457768201828,2.047593832015991,0.511322021484375,-1.2054414924220795,-2.169921858171599,-3.0751007018825227,-3.282210574097383,-3.354866994580034,0.7053683949039078,-0.1725360767659276,-1.9641916751861572,0.004282633463541667,0.172119140625,256
defactify,1,5,15701,0.8495974848189533,0.8398456676933607,JPEG,0.0456085205078125,21.737241744995117,5.358211040496826,256,1.0141891241073608,0.23056526482105255,0.6200241446495056,0.430170819772239,0.21026745757039203,0.05920432749923836,0.030051355336739864,25.9088077545166,-0.1643797755241394,1.1770501136779785,0.734893798828125,-1.4944000071904648,-2.5259158489252878,-3.41800861626412,-3.5492903021236524,-3.7122752661453267,0.6682551367424936,-0.15804034151358598,-2.693882465362549,0.0018107096354166667,0.1300811767578125,256
defactify,0,0,26758,0.9801232150328275,0.9870802064500832,JPEG,0.0580291748046875,45.14271545410156,5.83636474609375,256,0.9408354163169861,0.1173306256532669,0.5609357953071594,0.36050635965821615,0.2790816711786907,0.14705039560825967,0.027507550219252584,16.764509201049805,1.3750898838043213,7.731025218963623,0.410369873046875,-0.901190780926231,-1.1677393878405065,-1.482853703285496,-1.7025305908687116,-1.7941772594091088,0.4460100378076399,-0.08917192447771632,-0.9875730872154236,0.013397216796875,0.2084808349609375,256
defactify,1,5,21943,0.8696494811921514,0.8859413119976515,JPEG,0.02508544921875,38.251182556152344,4.586518287658691,256,1.0029875040054321,0.21020138263702393,0.5377852916717529,0.4264715086702994,0.18993571324943087,0.06955907424939678,0.03183757213018479,13.104602813720703,0.5508747100830078,1.9474174976348877,0.5995025634765625,-1.5378613264816101,-2.8864799742918077,-3.6383561831319016,-3.864222076276218,-3.9658782079713575,0.6473237755775827,-0.1531405605195762,-2.5155866146087646,0.021087646484375,0.2877655029296875,256
defactify,0,0,31895,0.9928889445545831,0.9610990097080203,JPEG,0.1287689208984375,55.347503662109375,7.188073635101318,256,1.2236734628677368,0.125845268368721,0.8074656128883362,0.4446253583184162,0.41744434426735183,0.30462621756060027,0.06921425190685072,18.62053680419922,-0.001712777535431087,10.004494667053223,0.46539306640625,-1.1055166378642278,-1.4274298572820703,-1.826853050025682,-2.1123311292900713,-2.271635461803683,0.6866086108239937,-0.12441015211090224,-1.104157567024231,0.010197957356770834,0.168060302734375,256
defactify,0,0,44024,0.9880189672242425,0.9898310651940152,JPEG,0.029296875,59.819068908691406,3.9294023513793945,256,1.159822940826416,0.3416053056716919,0.41447922587394714,-0.23854650780610154,-0.08358646251428764,0.06376743843481146,-0.03598256230526712,7.439384460449219,-0.39699673652648926,9.606307983398438,0.338226318359375,-1.1596729680896338,-1.0575879137731627,-1.7592853339441117,-1.6948768642946064,-2.002432918466109,0.4011337265594106,-0.11074186668698488,-1.142026424407959,0.01031494140625,0.2105865478515625,256
defactify,0,0,38751,0.9796521187297828,0.988383003234315,JPEG,0.0088958740234375,45.19615936279297,6.553196907043457,256,1.3906347751617432,0.3439522087574005,0.7126569151878357,0.39916537057607565,0.28126728196616374,0.2824715495289454,0.19173661691475222,22.930116653442383,1.4463515281677246,5.893118858337402,0.346099853515625,-1.0391549932992623,-1.5841243070244548,-2.0858714987637157,-2.3347166916060917,-2.4751575088077944,0.7574723662101235,-0.13755669440139234,-1.3900476694107056,0.014500935872395834,0.1403350830078125,256
defactify,0,0,50996,1.0,1.0,JPEG,0.0121612548828125,89.08964538574219,4.042196750640869,256,1.0360593795776367,0.14480139315128326,0.5163601636886597,-0.03940336979826747,-0.04256010844340378,0.007628412873711584,0.005543386261480861,5.589929580688477,0.2759550213813782,14.206836700439453,0.28973388671875,-0.8965406121249719,-1.3946561589488162,-1.6892089261502923,-1.8481517394877205,-1.9493028263633452,0.4301105365028812,-0.08004676503944039,-0.6975787281990051,0.026885986328125,0.002288818359375,256
defactify,0,0,19533,0.9851117062613,0.9867058113714063,JPEG,0.33416748046875,11.320780754089355,12.489533424377441,256,1.5292869806289673,0.27734991908073425,1.227951169013977,0.19413853623133695,-0.0351031586608421,-0.03656269659311771,0.00173751187407956,72.38597869873047,-2.3221259117126465,2.0590295791625977,0.813262939453125,-1.1883835186144873,-1.7663036764498896,-2.180554113820717,-2.626189032540805,-2.7341420359980533,0.6834599112764441,-0.13595149122059313,-1.673113465309143,0.00014750162760416666,0.0302734375,256
defactify,0,0,44572,0.9828484803346718,0.9691097194787086,JPEG,0.03131103515625,57.97016906738281,5.255007743835449,256,1.3059613704681396,0.16382357478141785,0.5557454228401184,0.3677190709056836,-0.20944136457568038,-0.112245745196437,0.02286274822327517,10.839322090148926,0.9636549353599548,7.094644546508789,0.37908935546875,-1.294330040288175,-1.949139805503516,-2.550559523821204,-2.738899364619968,-2.8736549036054164,0.5569585806649462,-0.1288931526482095,-1.4264962673187256,0.0027567545572916665,0.23297119140625,256
defactify,0,0,20830,0.9922557704523322,0.9971929192020422,JPEG,0.23748779296875,15.25346565246582,9.660983085632324,256,1.777137041091919,0.22338737547397614,0.8732038736343384,0.2632373059777729,0.06502598451543641,-0.1255202692875352,0.08038700672818004,54.67142868041992,-2.4255616664886475,3.0787010192871094,0.7526702880859375,-1.1060164347187555,-1.7082230208137723,-2.1350045520277607,-2.3521876768653325,-2.407889574684848,0.46360927004686925,-0.10176911868295113,-1.2941852807998657,1.0172526041666666e-05,0.0190887451171875,256
defactify,0,0,63676,0.9868628539507878,0.9940058455411148,JPEG,0.027130126953125,86.39479064941406,5.104933738708496,256,1.1896641254425049,0.14107368886470795,0.5218667984008789,0.36976955058413347,0.4218458519530724,0.22700684198171192,0.18441470767649726,10.13254165649414,0.9540156126022339,14.34631061553955,0.3354949951171875,-1.3999266559188612,-1.4829903860595088,-2.1096635278893334,-2.0764719716973374,-2.0292513229021054,0.2106084566649482,-0.07092781773418128,-0.7303425669670105,0.031707763671875,0.2584075927734375,256
defactify,0,0,53917,0.9930297245431101,0.9931852868931283,JPEG,0.0085601806640625,58.54991912841797,5.150433540344238,256,1.1910368204116821,0.2602514326572418,0.5707151293754578,0.11711376132233306,0.02252023474853306,-0.08424851745521418,0.007982380663846786,11.553056716918945,0.6885456442832947,9.952046394348145,0.286163330078125,-0.793877741577897,-1.2840099214236105,-1.4428555022030558,-1.5158580000381532,-1.619591188355714,0.30691191660041284,-0.055331788836922816,-0.6329622268676758,0.009119669596354166,0.2150421142578125,256
defactify,0,0,27538,0.9886271246481149,0.9913788182318599,JPEG,0.210693359375,36.790916442871094,6.555929660797119,256,1.871801733970642,0.04581332206726074,0.8459192514419556,0.6778562607190672,0.4977152329748563,0.28771617598083127,0.12216732205594805,12.108709335327148,0.042759835720062256,4.818449020385742,0.5446929931640625,-0.928392142924527,-1.5071085477384019,-2.107125648822511,-2.304900875162387,-2.372737165224592,0.6745919789538917,-0.1313810902756637,-1.44447660446167,0.0015106201171875,0.06427001953125,256
defactify,0,0,30492,0.9833544087938317,0.9878062432875635,JPEG,0.0857086181640625,22.985443115234375,9.657609939575195,256,1.3559664487838745,0.3112857937812805,1.046441674232483,0.040057191400717805,-0.08644488294447422,-0.10678123179511159,0.0393972853434377,40.97852325439453,-0.3668385446071625,3.031158447265625,0.666717529296875,-1.7056793165735913,-2.4106596490972105,-2.896566108052471,-3.1336675599884902,-3.2309789643537785,0.5994925980572292,-0.12065941134305957,-1.9416424036026,0.0003611246744791667,0.0636444091796875,256
defactify,0,0,52215,0.9813906211102421,0.9745908019534307,JPEG,0.0055694580078125,61.95857238769531,4.990970134735107,256,1.2096284627914429,0.30805671215057373,0.45435163378715515,0.320670398980195,-0.013510957213642543,-0.01256678442875593,0.03812663499624029,10.581318855285645,0.5991223454475403,7.988216400146484,0.358001708984375,-1.1480670690820851,-1.7404580722225855,-2.2839321384336992,-2.515189168538142,-2.591972891938581,0.6830716303501285,-0.13202561454702624,-1.3174034357070923,0.0064849853515625,0.3665618896484375,256
defactify,0,0,46663,0.9798121197992867,0.9831721476187794,JPEG,0.0333404541015625,45.43574523925781,6.80624532699585,256,1.4406629800796509,0.18986350297927856,0.7321339845657349,0.22131299604335333,0.2317375557746753,-0.019207911366372767,0.05610079334292892,21.52505874633789,-0.3021981716156006,5.056681156158447,0.452911376953125,-1.1538503307335386,-2.098531597235608,-2.4493948505561907,-2.755391499775225,-2.85696788287302,0.71028200430335,-0.12139479006099428,-1.3536715507507324,0.0006103515625,0.1046905517578125,256
defactify,0,0,39643,0.9719956270124163,0.9832768988595001,JPEG,0.002777099609375,49.4570198059082,3.7653768062591553,256,1.3563541173934937,0.6286515593528748,0.42138633131980896,0.2253555865445244,-0.08019217333740326,0.02509729353581344,0.008221683153497295,4.512253284454346,0.07705113291740417,4.909392356872559,0.3085784912109375,-0.8194197982376838,-1.4236715883415831,-2.061953269709229,-2.4053349253160796,-2.514409508216424,0.9168024233192904,-0.17412971705754707,-1.077750325202942,5.086263020833333e-06,0.13665771484375,256
defactify,0,0,20969,0.9744443923339815,0.9798845968619015,JPEG,0.4191131591796875,19.50105857849121,16.337326049804688,256,1.3387553691864014,0.0,1.572925329208374,0.03674929754508212,-0.1392076677523163,0.00010505464585829886,0.011719971649099324,53.07551193237305,2.078711986541748,2.5845301151275635,0.739654541015625,-1.3852596764489302,-2.1602975621288847,-2.705451276179007,-3.0226238457315464,-3.2154335968851218,0.7762377364929849,-0.14901573475574614,-2.47351336479187,0.011255900065104166,0.0508575439453125,256
defactify,0,0,42979,0.978584520717284,0.9859613941848689,JPEG,0.0244293212890625,69.35945129394531,4.686289310455322,256,0.8956303000450134,0.5318924188613892,0.35748574137687683,0.1736415288064609,0.1912850181176632,0.07189631510193731,0.22829237840616765,12.64681625366211,0.04358719661831856,9.170292854309082,0.33062744140625,-0.9946795540940379,-1.7457530344497503,-2.217777666748728,-2.4466897985913203,-2.327602283306315,0.5247360668075665,-0.10779592095064852,-1.2813255786895752,0.020416259765625,0.205810546875,256
defactify,0,0,23142,0.9800558887424093,0.9693424586304497,JPEG,0.3365631103515625,41.764488220214844,7.187540054321289,256,1.0443178415298462,0.03249748423695564,0.9689785242080688,0.14037078967864164,0.10523670822071961,0.10918346793310808,0.035332075329603675,19.876657485961914,0.7547030448913574,7.594029426574707,0.6008453369140625,-1.0569945555723725,-1.6434807632582498,-1.9613653613123638,-2.168411975859775,-2.2398304887377387,0.37932080877886865,-0.08399924591020111,-1.0004249811172485,0.026031494140625,0.2332305908203125,256
defactify,0,0,43437,0.9895500830866341,0.9826433878770814,JPEG,0.037628173828125,58.09872055053711,4.878172397613525,256,1.3596889972686768,0.15946707129478455,0.5286089777946472,0.36645755129937074,0.271302207115574,0.23532126542939077,0.14744714238456233,11.294533729553223,0.007134061772376299,7.9151482582092285,0.34375,-1.008732623264689,-1.4402592727946741,-2.0144153960247113,-2.244452841095111,-2.335394702256666,0.7093424579896608,-0.1377267549618455,-1.0481525659561157,0.004145304361979167,0.18695068359375,256
defactify,0,0,26149,0.9900896036346415,0.9947730089281073,JPEG,0.285858154296875,25.957229614257812,13.560768127441406,256,1.4894797801971436,0.35324299335479736,1.36459481716156,0.3646429398607303,0.29585146830476033,0.21193501514676824,-0.03332391062658212,60.96649169921875,1.12332284450531,5.941826343536377,0.7529144287109375,-1.5744074164134982,-2.1343829954672096,-2.4955864507872585,-2.8957105163899506,-3.057461056374451,0.8094261794132063,-0.1375806774850761,-2.266505002975464,0.019134521484375,0.09185791015625,256
defactify,0,0,12586,0.9583392149068805,0.9077058868732634,JPEG,0.5569915771484375,20.127464294433594,12.023781776428223,256,1.5922490358352661,0.0,1.244684100151062,0.49342720667625106,0.30654625785597206,0.23193576076822162,0.14281581366864604,59.337974548339844,-0.37417393922805786,3.1210739612579346,0.7858428955078125,-1.5009847251903565,-2.0717326938762817,-2.78266543202667,-3.035043635938761,-3.165607075689384,0.6888370775207537,-0.15402969503854794,-1.539252758026123,0.0004984537760416666,0.12457275390625,256
defactify,0,0,18146,0.9558084476730937,0.9869319340857368,JPEG,0.0163116455078125,20.19873809814453,4.102301597595215,256,0.8042576313018799,0.5527182221412659,0.6393979787826538,0.38601496253274736,0.13153926513345032,0.13016092939088336,0.038565528437453166,16.443666458129883,0.4532642960548401,2.230663776397705,0.431854248046875,-0.5629074687309972,-1.0236153856770809,-1.8764586057072732,-2.142647167170331,-2.1809095784736057,0.7354066844977094,-0.17502228931639086,-1.1377774477005005,0.0014292399088541667,0.032562255859375,256
defactify,0,0,6190,0.91968334699483,0.9358792199124094,JPEG,0.910491943359375,2.0789575576782227,26.736501693725586,256,2.41276478767395,0.0,4.405872821807861,0.5785172537052755,0.23712558607515932,-0.049629355218276335,0.007123361246668982,306.8987121582031,8.195268630981445,0.7960249185562134,0.9750213623046875,-1.2995047036038674,-2.2483542162973906,-2.7732677127336016,-3.027612055211442,-3.170678432303222,0.6845933137288025,-0.12933081603515917,-1.5600792169570923,0.0,0.024688720703125,256
defactify,0,0,57504,0.9800832815594,0.9988799010004357,JPEG,0.0127105712890625,95.0843276977539,3.0135507583618164,256,1.0699937343597412,0.491583913564682,0.2891515791416168,0.002816231301292424,-0.05055403986501639,0.0026532811544271004,0.004189446177634227,1.894083023071289,0.3290383815765381,16.252784729003906,0.17791748046875,-0.6456933768427229,-0.9754545301413851,-1.0558204047807402,-1.2061521501560604,-1.3064020805316012,0.2997666420261611,-0.04379931506230258,-0.2695096433162689,0.0381317138671875,0.1792449951171875,256
defactify,0,0,23041,0.9858640302605791,0.9888507692164812,JPEG,0.0318603515625,46.040077209472656,7.114330768585205,256,0.8955979347229004,0.1804666966199875,0.7819209694862366,0.1757652317181914,0.09522327389307751,0.04994638948423869,0.04548763246235551,22.367931365966797,0.7573184967041016,8.518009185791016,0.4113006591796875,-0.9687423902062902,-1.4261024180332287,-1.8708001655080313,-2.016057706618657,-2.0803135861468363,0.4433079204398034,-0.1036687020067461,-0.8503491282463074,0.032892862955729164,0.1951904296875,256
defactify,0,0,18998,0.9954271562640017,0.9953533076199793,JPEG,0.2305145263671875,28.423124313354492,9.828659057617188,256,1.0858395099639893,0.1284625083208084,1.0646083354949951,-0.07716182788351651,0.04650394347619845,0.1139528426336805,0.0014500267092088996,42.294776916503906,0.11787517368793488,6.343247890472412,0.654296875,-1.02228473469554,-1.3683545637203656,-1.8639926034357481,-2.0026298036302537,-2.0232634608429274,0.36418517402346673,-0.09646315515195861,-1.105699896812439,0.0035044352213541665,0.05584716796875,256
defactify,0,0,54781,0.9837577385909148,0.9921885136690777,JPEG,0.0103759765625,71.36444091796875,3.8879144191741943,256,1.0497103929519653,0.6852468848228455,0.3650332987308502,-0.12846038423419592,0.037423932790877884,0.0233839873654891,0.0015271877034641597,2.810807704925537,0.12041010707616806,10.892467498779297,0.1929473876953125,-1.0489657006481004,-1.5831631259212662,-1.7525008944360714,-1.9190566889410547,-1.9969189123073132,0.36392713983640235,-0.06282995864979835,-0.5909095406532288,0.004892985026041667,0.2099456787109375,256
defactify,0,0,18331,0.980227861688255,0.9939649555817893,JPEG,0.101043701171875,27.531455993652344,5.789460182189941,256,0.9306793808937073,0.1738215535879135,0.6134425401687622,0.2539934143058585,0.3275112855948722,0.28872092719330483,0.23016046455294484,12.152788162231445,-0.14352315664291382,4.888157844543457,0.4106903076171875,-1.1572465221582373,-1.4887713001903595,-1.4094588708961817,-1.7919010223233514,-1.702600546387675,0.5897242530610525,-0.03822400787699525,-0.8272066116333008,0.0001220703125,0.076873779296875,256
defactify,0,0,67054,0.9894502888468195,0.9907451591993344,JPEG,0.0091400146484375,90.3306655883789,4.219855308532715,256,1.1655322313308716,0.38008418679237366,0.383541077375412,0.2434882944140389,0.04656678771365451,0.10567058987492423,0.023001305441362644,5.961846351623535,0.6010106205940247,12.75890064239502,0.2820892333984375,-1.0843807107499988,-1.5406047461192802,-1.8567646222686474,-2.1462851089396073,-2.144303088036815,0.3378913474746019,-0.08230616454014644,-0.933883547782898,0.04595947265625,0.2444915771484375,256
defactify,0,0,29899,0.9951780033447418,0.9953582868761537,JPEG,0.079986572265625,51.60648727416992,6.588985919952393,256,1.2876853942871094,0.04983047768473625,0.6567017436027527,0.14577062644894717,0.29008517040683096,0.19458559508935386,0.09501092220499484,17.64945411682129,0.6062105894088745,8.219060897827148,0.4840240478515625,-1.1901115206730886,-1.7966476619673593,-2.1392116586050456,-2.426176690154791,-2.4560017805991397,0.49141445272137574,-0.10792559608984306,-1.097767949104309,0.0010986328125,0.10107421875,256
defactify,0,0,36239,0.9703427941719954,0.83386478782216,JPEG,0.15447998046875,45.886192321777344,8.892525672912598,256,1.0343458652496338,0.0664076954126358,0.9148833751678467,0.05799263587240687,0.03528772800876677,0.05348265145202345,0.0669671431183821,35.8125114440918,-0.38583120703697205,4.41383695602417,0.543975830078125,-1.2326091104540522,-2.0895524853370606,-2.548249498597076,-2.793568660738517,-2.9494919822565047,0.6559463309500924,-0.1276538193796623,-1.6483322381973267,0.037897745768229164,0.1789703369140625,256
defactify,0,0,26723,0.9900226015672985,0.9842059598963502,JPEG,0.30206298828125,36.17741012573242,10.350956916809082,256,1.2052042484283447,0.048995956778526306,1.0718597173690796,0.2001066690717852,-0.049337017535145876,-0.05530214065575507,0.020083871969130068,24.017776489257812,0.2405724972486496,6.483120441436768,0.5919036865234375,-1.3184528900251795,-1.6065908891772356,-2.1381489924315797,-2.3586812250942257,-2.374088763740022,0.6690304938720839,-0.13307587547394897,-1.4958525896072388,0.0090179443359375,0.114288330078125,256
defactify,0,0,23485,0.9867691795672252,0.9878628845060349,JPEG,0.265228271484375,18.151620864868164,12.12062931060791,256,1.6713051795959473,0.12171606719493866,1.3663665056228638,0.4177036387131872,0.288507517544384,0.2405430806665059,0.18850904041505923,61.659454345703125,-0.2760673761367798,4.381497383117676,0.726776123046875,-1.0617670950860916,-1.587768656495661,-1.7715474888117946,-1.8962989068391325,-1.865090959175995,0.2970795886676809,-0.05507461959110766,-0.4868776202201843,0.0015818277994791667,0.07330322265625,256
defactify,0,0,40463,0.990235067767449,0.9910196133772007,JPEG,0.005462646484375,45.14973449707031,5.257091522216797,256,1.4079574346542358,0.3004533648490906,0.5841952562332153,0.12038731637157654,0.0054455762469035746,0.0360922569429902,0.010497687777275319,15.48341178894043,0.9001697897911072,5.400527477264404,0.3301849365234375,-1.0463036968745953,-1.6609268307683003,-2.187463602895056,-2.500629351214032,-2.5823607423401276,0.6383501188892424,-0.13444060778649955,-1.4982787370681763,0.0015665690104166667,0.0888671875,256
defactify,0,0,52076,0.9548534088609809,0.9783408998345207,JPEG,0.01312255859375,68.95030212402344,4.87045431137085,256,1.1533011198043823,0.47230464220046997,0.45854809880256653,0.13445962713315515,0.17866232219658862,0.11050443199847348,0.11484950710313077,13.102066040039062,-0.49404993653297424,9.669173240661621,0.288604736328125,-1.060466242080663,-1.6081112851991124,-1.9495715823916564,-2.163446122667306,-2.3178053860808685,0.48317703149061675,-0.09453882370066152,-1.0674768686294556,0.023061116536458332,0.3455352783203125,256
defactify,0,0,30826,0.9859313315730271,0.9931153329556568,JPEG,0.0438385009765625,40.907493591308594,5.4802422523498535,256,1.0098299980163574,0.255059152841568,0.7673068642616272,0.04520274206669952,-0.08877819059361347,0.008430556861353843,-0.009122761766857376,17.130184173583984,0.8485572934150696,6.637373924255371,0.3768157958984375,-0.8194540832824471,-1.0746999007797866,-1.5573568954504635,-1.753535782665903,-1.8842197348155771,0.6037131692572153,-0.11891447298993832,-0.9543871879577637,0.021820068359375,0.0894012451171875,256
defactify,0,0,42847,0.9822590755402605,0.949183702318719,JPEG,0.0072021484375,49.837623596191406,5.356447219848633,256,1.2339632511138916,0.40099334716796875,0.465205579996109,0.0973818997494118,-0.053104869081314544,-0.019663166352510194,-0.020643233063362593,8.505176544189453,0.29910174012184143,6.822890281677246,0.3079376220703125,-1.324062332375406,-1.733531440198857,-1.986920565511566,-2.2329667316520574,-2.292339243974327,0.4468255633895737,-0.0813515111892415,-1.0252091884613037,0.04608154296875,0.240966796875,256
defactify,0,0,55393,0.9681396606663212,0.9688281829522613,JPEG,0.0801239013671875,30.082725524902344,6.580162525177002,256,1.2717407941818237,0.23759756982326508,0.9749996066093445,0.09066510218586059,-0.12288470791452916,0.012913704139696953,0.0130008697589441,26.088794708251953,0.4571160674095154,4.370129585266113,0.6166534423828125,-1.5210936062880451,-2.5514175817057643,-3.4563069440879994,-3.790299194072137,-3.868229737459629,0.8318032256812407,-0.1971671180384811,-2.5046536922454834,0.000457763671875,0.220184326171875,256
defactify,0,0,26438,0.9837231194229463,0.9782442833963843,JPEG,0.111480712890625,19.70258331298828,10.826074600219727,256,0.9922139644622803,0.3664821684360504,1.1849644184112549,0.17050513868768502,-0.13786184220543723,0.026434275309039756,-0.007088033917840253,30.783771514892578,-2.012587785720825,2.4245848655700684,0.5782623291015625,-1.2330314238532996,-1.9568475061853885,-2.6063943555939826,-2.9396100644927223,-3.076578739188319,0.8071834568644922,-0.16469285158427202,-2.467841625213623,0.0009816487630208333,0.0396575927734375,256
defactify,0,0,13652,0.8137392144339283,0.8470085811033355,JPEG,0.345611572265625,21.482833862304688,9.206180572509766,256,1.3090953826904297,0.0,1.1643198728561401,0.19008149244603192,0.025994200309526747,-1.8096483342137064e-05,0.007258248740214995,49.490020751953125,-0.33497899770736694,0.9024957418441772,0.842864990234375,-2.088384784988177,-3.7651546888258096,-4.467617207932637,-4.549962879176663,-4.580049648589386,0.39071661632063126,-0.11519321232281549,-3.143505573272705,0.007720947265625,0.10443115234375,256
defactify,0,0,36111,0.9843570554797008,0.9806906546934192,JPEG,0.01800537109375,42.94475555419922,5.28404426574707,256,0.9779253602027893,0.2692112624645233,0.5376393795013428,0.08768668301905021,-0.07199134687138034,-0.0149588332510922,0.00757332931259451,11.367155075073242,0.3057634234428406,6.614533424377441,0.46893310546875,-1.4357601484926015,-1.9720686762407684,-2.275565808861799,-2.5250223691897986,-2.6324463346241425,0.49335572128888305,-0.09476653800011567,-1.4117841720581055,0.005706787109375,0.1959228515625,256
defactify,0,0,29670,0.9573503048350975,0.9743667544675843,JPEG,0.0573272705078125,30.566097259521484,4.483163833618164,256,1.5805058479309082,0.13613852858543396,0.5712071657180786,0.4136199662715101,0.08899687109916139,0.04890735778998818,0.01528354745612139,12.041361808776855,0.3907856345176697,3.509387254714966,0.522705078125,-1.0090954356659791,-1.618838200138013,-1.9862997417232071,-2.2920880954462026,-2.376221593669622,0.6204029963606636,-0.1120104793647576,-1.250325083732605,0.0021260579427083335,0.16192626953125,256
defactify,0,0,19896,0.979631147429763,0.9871943166517437,JPEG,0.21826171875,17.270936965942383,8.764571189880371,256,1.478372573852539,0.17674922943115234,1.0430244207382202,0.28944671759160756,-0.043323196230270616,-0.012256414155394682,-0.02842076843137979,69.88725280761719,1.731852650642395,2.4993085861206055,0.72430419921875,-1.3756793871618251,-2.081710029879458,-2.7455517423838476,-3.102617976509137,-3.1923944064004024,0.7937213530387996,-0.16276478584098436,-1.951355218887329,5.0862630208333336e-05,0.0504913330078125,256
defactify,0,0,23166,0.9763632049041827,0.9793521842428519,JPEG,0.094573974609375,28.009117126464844,7.7279558181762695,256,1.461531162261963,0.3030121326446533,0.9433159232139587,0.4298968040330532,0.3637846509587358,0.2943342281896454,0.12954004319500823,38.589542388916016,1.7305660247802734,4.332561016082764,0.6351318359375,-1.2928039795458943,-1.792206859669844,-2.2146804577737287,-2.5029342681414377,-2.5554495260792844,0.5071454591826621,-0.11385176676459953,-1.3238900899887085,0.0003763834635416667,0.100616455078125,256
defactify,0,0,45698,0.9224462549941262,0.98149868911819,JPEG,0.03460693359375,56.18169021606445,5.939955234527588,256,1.1711150407791138,0.1370019018650055,0.5783190131187439,0.18996453344866496,0.15989267878294422,0.17129149738822835,0.09435647967364276,17.63775634765625,0.8881619572639465,7.864875316619873,0.4003143310546875,-1.2505217466030256,-1.611213635894039,-2.1228214259993683,-2.1746977480261656,-2.3783766146922938,0.4275231148669878,-0.10352397732926279,-1.0920251607894897,0.030873616536458332,0.2928619384765625,256
defactify,0,0,32392,0.9528223962815038,0.9346468444070853,JPEG,0.0459442138671875,26.32752799987793,8.715832710266113,256,1.4120502471923828,0.2449641078710556,0.8843135237693787,-0.00044241107206856924,-0.06334397007714501,0.004495243313540276,-0.007360941382471665,54.75244903564453,1.2303234338760376,3.4841883182525635,0.5642547607421875,-1.099689900036771,-1.6798552567961895,-2.34851137982747,-2.5055860976620945,-2.6430504311170067,0.6417943521023277,-0.13303216258833514,-1.631514310836792,0.004130045572916667,0.2102813720703125,256
defactify,0,0,61065,0.9934569815205243,0.9932859401091987,JPEG,0.0052947998046875,69.46585083007812,5.223357677459717,256,1.1526254415512085,0.24817490577697754,0.6100298166275024,-0.0006756634446263867,0.00913715231764491,0.03624598750292348,0.03598258241672388,8.283272743225098,0.5655538439750671,10.5155029296875,0.268890380859375,-0.829287378672956,-1.2887710732945665,-1.6727014071819744,-1.8681369444264861,-1.9045404099379404,0.39525554726462087,-0.09078957322638824,-0.6314836144447327,0.0036570231119791665,0.18585205078125,256
defactify,0,0,29548,0.9970661418187841,0.9960546842259763,JPEG,0.0591888427734375,49.102142333984375,6.721498966217041,256,1.2248756885528564,0.0745101347565651,0.7387929558753967,0.44623729833689285,0.3147915730013651,0.4056988620901188,0.28470144611811915,16.41300392150879,-0.21858255565166473,7.436318397521973,0.4558563232421875,-0.9839656584913659,-1.4838400994804468,-2.0773792012924677,-2.5717282715780705,-2.652248662998992,1.0095689065858489,-0.18517821738578985,-1.7909555435180664,0.005839029947916667,0.0491485595703125,256
defactify,0,0,34863,0.9531146595607999,0.9826721844799703,JPEG,0.0137786865234375,45.7375373840332,4.797390460968018,256,1.1464236974716187,0.27140548825263977,0.5879097580909729,-0.14161912730742246,-0.10403480087429356,0.0016741803148161505,0.013161424424721223,12.852560997009277,0.34466075897216797,5.59320592880249,0.4228973388671875,-1.3604982906644203,-1.9641277894707407,-2.4220548279233896,-2.5688168084157654,-2.6852283948837288,0.5249698174686506,-0.10303700515526593,-1.6711853742599487,0.016316731770833332,0.218719482421875,256
defactify,0,0,43576,0.9754398042600594,0.9860579274639103,JPEG,0.0153350830078125,42.998958587646484,4.413200378417969,256,1.1790040731430054,0.2848897874355316,0.637773334980011,-0.16610230775393714,-0.08529995160484469,0.007287457028469914,0.0005485162528721595,9.051318168640137,0.023352712392807007,6.709263324737549,0.40057373046875,-0.9631517178656219,-1.4166010159377667,-1.890138472529431,-2.205667979447756,-2.3400352467232883,0.6950548383993977,-0.13086878276368094,-1.4215279817581177,0.0036570231119791665,0.2506256103515625,256
defactify,0,0,32983,0.9885542618293506,0.9839930383069135,JPEG,0.088775634765625,52.74561309814453,6.74031400680542,256,1.4814993143081665,0.07346774637699127,0.6890603303909302,0.2999874663998328,0.20120801735503055,0.22195600286996087,0.10855204963968333,19.22421646118164,-0.38247960805892944,7.91551399230957,0.478515625,-1.2830276198259876,-1.7161848639004198,-2.514716978017546,-2.707198090282846,-2.8115810443392624,0.5949952645053269,-0.15266219854442667,-1.7185492515563965,0.0021565755208333335,0.1764984130859375,256
defactify,0,0,17068,0.898017753125521,0.9538170512296584,JPEG,0.068145751953125,23.487855911254883,7.813202857971191,256,2.2275304794311523,0.30531206727027893,0.8034905195236206,0.5429039581806607,0.40126410663755946,0.24454682937774344,0.08771894802960754,65.2143783569336,2.049316644668579,2.743731737136841,0.615570068359375,-1.3172851187831105,-2.0629438210629987,-2.602670091591624,-2.8499764193737995,-2.929483094942584,0.5741546794848107,-0.12808304540882878,-2.391782283782959,0.004450480143229167,0.1484527587890625,256
defactify,0,0,28884,0.9740189824729508,0.9800890929448168,JPEG,0.1128387451171875,34.462547302246094,7.600025177001953,256,0.9084373116493225,0.08760266751050949,0.8739161491394043,-0.04813826504997013,-0.06957485263943956,-0.015803976105086867,-0.020636448400129053,9.128985404968262,-0.2839452028274536,5.663004398345947,0.4505157470703125,-1.2875706669026306,-1.6853799611412024,-2.031546883763448,-2.159551269664804,-2.284370118276894,0.5031965380343806,-0.08498920193339524,-1.4893561601638794,0.0018666585286458333,0.1957550048828125,256
defactify,0,0,32756,0.9902855728576434,0.9917907736262731,JPEG,0.0231170654296875,61.1530876159668,5.803891658782959,256,0.9775336980819702,0.17734555900096893,0.650265097618103,0.23762965254635487,0.1884893712425939,0.1056016087704059,0.002637101989173608,9.436248779296875,0.33873507380485535,9.465669631958008,0.3654632568359375,-1.21544374756966,-1.8798246016813716,-2.264088671434946,-2.4681925111790317,-2.5787203670959498,0.6345550741798833,-0.11117072969806821,-1.1456369161605835,0.0022125244140625,0.2281494140625,256
defactify,0,0,32604,0.9847895106193224,0.9884382635630033,JPEG,0.007781982421875,52.45233154296875,5.7864837646484375,256,0.9939002990722656,0.47524479031562805,0.6989374756813049,0.19868871050746856,-0.015269606748008306,0.030238606549608107,0.00913095424519611,16.10505485534668,1.0318514108657837,6.940065383911133,0.29931640625,-1.3061146712310059,-1.8731970337765285,-2.2703084499302983,-2.601275776692706,-2.727481369247964,0.6513154013455464,-0.12373414542273294,-1.2603073120117188,0.0050048828125,0.175262451171875,256
defactify,0,0,44750,0.9860737343987125,0.9953725949164725,JPEG,0.0768280029296875,50.47772979736328,5.309368133544922,256,1.2094343900680542,0.06417123228311539,0.6977954506874084,0.17357665232954936,0.0933271619565989,0.14210995391247314,0.0870866172348046,10.355987548828125,-0.14043311774730682,8.043630599975586,0.365966796875,-1.110831401342021,-1.555425555956531,-1.9000936298589792,-2.1362471521382957,-2.2365184174473134,0.5411790356774766,-0.10090573741407248,-1.4691609144210815,0.004180908203125,0.15997314453125,256
defactify,0,0,17361,0.9222031275692756,0.964417235642473,JPEG,0.39398193359375,10.87012004852295,13.776076316833496,256,1.839005947113037,0.29421931505203247,1.4463876485824585,0.2849982935989985,0.10177596206770319,0.0446227604331252,-0.09197009478376957,77.91901397705078,-0.9040040373802185,1.9481724500656128,0.8067169189453125,-1.3537229311470194,-1.9101590361965988,-2.397275769519232,-2.6354932431148566,-2.7001239648899267,0.5635762667813706,-0.115539882910878,-1.5235246419906616,0.008977254231770834,0.051971435546875,256
defactify,0,0,36904,0.9807975968552625,0.9821310910628837,JPEG,0.1598663330078125,48.8914794921875,4.617841720581055,256,0.9853472113609314,0.036688756197690964,0.6980270147323608,0.04650532362646387,-0.06606442932667471,0.004976192607362849,-0.002144895636151229,5.793967247009277,-0.09571768343448639,6.991547107696533,0.4089508056640625,-0.9226948523961358,-1.482349015296987,-1.8822112905904298,-2.0975634501449845,-2.253503365417939,0.6059286179583276,-0.10997367231672936,-0.8714328408241272,0.002044677734375,0.185577392578125,256
defactify,0,0,45061,0.9689736082324295,0.9358056699128817,JPEG,0.0130767822265625,35.90840530395508,5.862151145935059,256,1.3872257471084595,0.3595670759677887,0.5992013216018677,0.06927757728475756,-0.06788733598541609,-0.005606462124338829,-0.02037317244136384,27.79135513305664,-0.03183441981673241,4.571977615356445,0.435455322265625,-1.4276377217648477,-1.9706725169012875,-2.3463001914144765,-2.624143422942546,-2.684083271565875,0.5891464415049761,-0.11139031959529908,-1.1245534420013428,0.0030161539713541665,0.28021240234375,256
defactify,0,0,59074,0.9898003550316424,0.9929127823112707,JPEG,0.01446533203125,74.49380493164062,3.331481456756592,256,1.157328724861145,0.43160033226013184,0.3566209673881531,0.26010059485206766,0.24259255646669883,0.2067862561841272,0.29207160178427044,4.1015825271606445,-0.26412704586982727,9.499442100524902,0.2837677001953125,-1.0988035964480654,-1.7435469270552995,-2.0273518202563654,-2.2596926744247448,-2.3301508941781384,0.5114381190961597,-0.08730146314783069,-0.841802179813385,0.0019989013671875,0.1935577392578125,256
defactify,0,0,60001,0.9617597859345155,0.9554388593769452,JPEG,0.02142333984375,69.35173034667969,5.217020034790039,256,1.173867106437683,0.08139493316411972,0.637965202331543,0.12689293016114966,0.005414593451740431,0.027802813915242378,0.007247119585461992,13.8585205078125,0.8792974948883057,9.271001815795898,0.33685302734375,-0.9640761332780423,-1.7983190001263631,-2.0919313650356113,-2.414245920072397,-2.562236622517853,0.7703628426533911,-0.11548193718561742,-1.2702293395996094,0.016932169596354168,0.355255126953125,256
defactify,0,0,31262,0.888533372854525,0.9504912395134072,JPEG,0.169708251953125,34.56719207763672,7.232973575592041,256,1.074927806854248,0.0412740521132946,0.7163504362106323,0.030489506152391897,-0.04657484265720312,0.005971555491953469,0.05031307871915675,63.55103302001953,3.7346627712249756,3.4330859184265137,0.5913543701171875,-1.3804701859655077,-2.126681676044182,-2.7074128918103835,-3.09189242529272,-3.1174077433020537,0.6727232884809027,-0.14819290045963598,-1.7688292264938354,0.003143310546875,0.13604736328125,256
defactify,0,0,14470,0.8930768844163542,0.9115344641034645,JPEG,0.248779296875,21.30885124206543,9.399943351745605,256,1.4970628023147583,0.06326954811811447,0.9982613921165466,0.30460303647320625,0.12008312111513632,0.0608766285017521,0.020172552076103197,56.75373458862305,2.1324541568756104,1.2652835845947266,0.7803192138671875,-1.64393597188523,-2.9134003401484643,-3.7377005852586986,-3.8527289043602284,-3.869269682316566,0.4434615556241397,-0.13385721959291466,-2.584130048751831,0.0015716552734375,0.0921173095703125,256
defactify,0,0,25182,0.9422269116795464,0.9521685447869264,JPEG,0.0757293701171875,15.638670921325684,7.167040824890137,256,1.630295991897583,0.36279404163360596,0.9064567685127258,0.03636107519251958,-0.07177138582896694,0.014687594680938571,0.008232608474927672,21.092939376831055,-0.11027088016271591,1.5953365564346313,0.6091461181640625,-1.2118823007862174,-1.8986293696857137,-2.7254583166370585,-3.0305218673454704,-3.0723058273783588,0.6190680995109688,-0.17007574418725502,-2.1119801998138428,0.0001678466796875,0.0410919189453125,256
defactify,0,0,39191,0.9554550375518652,0.9528879625175671,JPEG,0.081146240234375,42.3873291015625,6.656586170196533,256,1.4431164264678955,0.2408542037010193,0.7121281623840332,0.4506812868399553,0.20087121552747586,0.09407990594613992,0.05054215493814669,21.443458557128906,-0.7723978161811829,5.948990345001221,0.4242401123046875,-1.4769353242436951,-1.8450299199364686,-2.227066746527834,-2.431564667303782,-2.563374951857461,0.5564993162871588,-0.11422673265960472,-1.46355140209198,0.015421549479166666,0.2677001953125,256
defactify,0,0,46694,0.9727139601873689,0.989926516936807,JPEG,0.0084228515625,48.69034194946289,4.714898586273193,256,1.4084668159484863,0.3598712682723999,0.516127347946167,0.34748936343433445,0.22036404076269184,0.15675438247588833,0.09027299529655557,7.024868011474609,0.22569234669208527,7.469064235687256,0.271270751953125,-0.9891678460379412,-1.4421858348608012,-1.7883834034337829,-1.9825342562407196,-2.0291650574067557,0.4365288680746522,-0.08835713213160382,-0.9038047194480896,0.006022135416666667,0.2017059326171875,256
defactify,0,0,64487,0.9731019050423989,0.9878608266192508,JPEG,0.01751708984375,83.83084106445312,4.397629737854004,256,1.2028144598007202,0.3427627384662628,0.43257197737693787,0.29311525642189373,0.13600082460690457,0.10044974811813037,0.035677880398698396,7.201516151428223,0.9420593976974487,11.687478065490723,0.2593536376953125,-1.0209865795788007,-1.5049592747273675,-1.8604576165626128,-2.127114120553924,-2.203403224073374,0.5082541985327724,-0.10259020739285084,-1.0513999462127686,0.011973063151041666,0.4124298095703125,256
defactify,0,0,20059,0.961003828941892,0.9682894956276515,JPEG,0.2015380859375,21.12285041809082,12.133806228637695,256,0.9147465229034424,0.0,1.2150315046310425,0.01295472898626727,-0.08682166374487402,0.08990859098883197,0.025156598381822007,97.56058502197266,4.7778191566467285,2.800884246826172,0.64996337890625,-1.168354155611195,-1.8663316284445228,-2.582204770804278,-2.8384612167481444,-2.9188631831538085,0.6292489244654913,-0.15040563163188186,-2.1024749279022217,0.010630289713541666,0.0655975341796875,256
defactify,0,0,37566,0.9872299944469459,0.9864375370851717,JPEG,0.00811767578125,57.91967010498047,5.005258560180664,256,1.3060767650604248,0.29149162769317627,0.5137870907783508,0.2422367181977412,0.04956086190504701,0.006020110795571381,-0.007326864038650915,8.124034881591797,0.3929407596588135,7.7527360916137695,0.3253021240234375,-1.340257616619125,-1.8532997665516335,-2.251432396662965,-2.4328042477107426,-2.5666076531399655,0.5162727550247084,-0.10171842349479986,-1.2996504306793213,0.00022379557291666666,0.22076416015625,256
defactify,0,0,35866,0.9632904261031549,0.9472645383084697,JPEG,0.0416259765625,43.702049255371094,6.77313756942749,256,1.246612787246704,0.14534197747707367,0.7380119562149048,0.23447292134216707,0.03245094221338496,0.09754271635724451,0.042353069229813654,24.030826568603516,-0.2802272140979767,4.301318645477295,0.5041046142578125,-1.2657949656570304,-1.9883940664127024,-2.6549789127294394,-2.963450345133574,-3.0982609130154675,0.7960146214475632,-0.1636720387647774,-2.096496820449829,0.0012613932291666667,0.26251220703125,256
defactify,0,0,44597,0.9771353856838201,0.9738288560048214,JPEG,0.027313232421875,53.20362854003906,5.247818470001221,256,1.172542691230774,0.204220250248909,0.4681597948074341,0.18005230268751243,0.05974119403204737,0.08880236729155347,0.046245908407466625,21.513731002807617,0.5968353152275085,6.43956995010376,0.4034271240234375,-1.1625748370393785,-1.7542012430027452,-2.264749074579668,-2.6302935257450883,-2.6854563174523376,0.74133270611659,-0.14364607219370956,-1.382828712463379,0.0034942626953125,0.29931640625,256
defactify,0,0,43956,0.9870835982365594,0.9935548502419164,JPEG,0.0242767333984375,49.26842498779297,5.057617664337158,256,1.1263853311538696,0.3977392911911011,0.5455738306045532,-0.07189658389887964,0.14205798412597906,0.06002526382887541,0.05463861524971312,9.28857135772705,-0.5611724853515625,9.9677734375,0.3384857177734375,-1.0293299323541136,-1.5495540540223818,-1.622511437209365,-1.7803311053656286,-1.75080727979788,0.1888676443191626,-0.040421134045584124,-0.7449331879615784,0.002349853515625,0.2192230224609375,256
defactify,0,0,44081,0.9764655010213785,0.9846562492465663,JPEG,0.0429534912109375,47.492469787597656,5.424264430999756,256,1.2314765453338623,0.09153521806001663,0.5893052220344543,0.07070941686349577,0.03257968941705573,0.03563875016686183,-0.009105987945457802,9.273983001708984,0.3379356861114502,6.74003267288208,0.3834075927734375,-1.2293979211690065,-1.5683992751881508,-1.768055289804078,-1.8278859829050251,-1.9449672222680165,0.26908225041509315,-0.048481123725007756,-0.8673250079154968,0.0007578531901041666,0.246795654296875,256
defactify,0,0,54346,1.0,1.0,JPEG,0.00213623046875,70.23568725585938,4.51204776763916,256,1.2178094387054443,0.5342102646827698,0.4336005449295044,0.2181975790393906,0.05459119362347667,0.028686899656963718,-0.022059081968526587,7.057729721069336,0.5081984400749207,9.019519805908203,0.2450714111328125,-0.9867466005676802,-1.5920650911544456,-2.036755396636077,-2.2843631270639646,-2.380270908484926,0.6014798340692371,-0.11376711040668275,-1.106743335723877,0.012481689453125,0.002197265625,256
defactify,0,0,38302,0.99447368752479,0.9967542810652091,JPEG,0.1388702392578125,41.33757400512695,8.972099304199219,256,1.2383307218551636,0.05065419152379036,0.9208797812461853,0.09446803288918863,0.04085913255973792,0.07977455933152805,0.053110903986223076,24.92906379699707,0.11724434792995453,6.645269870758057,0.5146026611328125,-1.4301959700686266,-2.0374613212919703,-2.28029549775113,-2.505151317238419,-2.5962371824223585,0.4892974526467464,-0.08520522948155407,-1.6056747436523438,0.011957804361979166,0.080596923828125,256
defactify,0,0,39074,0.9749036103548053,0.9575843047944569,JPEG,0.021392822265625,38.41508102416992,5.950521945953369,256,1.4251829385757446,0.22762830555438995,0.6716958284378052,0.20688769500278065,0.11080947892863961,0.10275926272605278,0.061868785712166766,20.516559600830078,0.38698822259902954,5.120540142059326,0.4199676513671875,-1.1094026124012197,-1.6788717646480764,-2.1963893646262154,-2.3892722243874687,-2.5393273200542517,0.5916839398278073,-0.1283075905860785,-1.6986676454544067,0.0032958984375,0.203338623046875,256
defactify,0,0,22220,0.9689965754861646,0.9828973777609171,JPEG,0.3253173828125,24.353792190551758,11.311164855957031,256,1.5349406003952026,0.0,1.2659950256347656,0.2610913052419193,0.15563723471814767,0.12237695466639438,0.04533185333864332,81.60688781738281,-0.8421980142593384,4.559929847717285,0.6630859375,-1.2341311093058565,-1.8235519989151738,-2.102029090689533,-2.3936993963373423,-2.56450293150277,0.6975420986203567,-0.10644292231935472,-1.6347514390945435,0.004124959309895833,0.110382080078125,256
defactify,0,0,53327,0.9956868754513131,0.9961039005095289,JPEG,0.021026611328125,64.57426452636719,5.577546119689941,256,1.1825529336929321,0.1318851262331009,0.5515531301498413,0.2012984060660869,0.003673106081957266,0.036828146498237395,0.01064541861351981,16.0831298828125,0.27617019414901733,9.939375877380371,0.3596649169921875,-1.2524877965218417,-1.780846300738646,-2.0970289102843145,-2.2915411198591205,-2.335905729144786,0.3814704111035656,-0.08162930043447945,-1.106884479522705,0.017354329427083332,0.1472015380859375,256
defactify,0,0,57903,0.9896516143334082,0.9950297716014963,JPEG,0.0081329345703125,66.37519073486328,3.791900157928467,256,0.9755659699440002,0.3344089090824127,0.40108522772789,0.23359824226034667,0.04652059756223484,0.009598686535855263,0.0007962109811000796,4.06204891204834,-0.07912461459636688,11.4491548538208,0.280487060546875,-1.1090350418777417,-1.309098542887308,-1.4097951319208821,-1.595606130511607,-1.6329644226779854,0.2665178061934803,-0.04938387577491543,-0.594591498374939,0.007985432942708334,0.22381591796875,256
defactify,0,0,27849,0.9723576125911837,0.9778714948602594,JPEG,0.2777557373046875,30.49141502380371,10.011876106262207,256,1.2243974208831787,0.0,1.1824837923049927,0.22397432143220264,0.1797677078393568,0.15280731106793474,0.09479656170134587,33.251033782958984,3.142474412918091,7.466828346252441,0.663909912109375,-0.99321114568344,-1.3009230885289584,-1.4750511552263665,-1.764789552007846,-1.7440111061539225,0.297794319151528,-0.06953590620898156,-0.6278424859046936,0.309600830078125,0.1578521728515625,256
defactify,0,0,44604,0.9653411647766451,0.9505687302664673,JPEG,0.0604095458984375,48.811492919921875,6.377109527587891,256,1.2034616470336914,0.11821556836366653,0.6222739219665527,0.0628522533041753,0.18687546657203688,0.16504474061812446,0.10015913851091876,21.707839965820312,0.5992550253868103,8.30061149597168,0.455413818359375,-0.9166767197401269,-1.610237592757933,-1.6734338972938838,-1.762715907321141,-1.770859841980461,0.17997031895143234,-0.028356240716766644,-0.6578333377838135,0.006052652994791667,0.37066650390625,256
defactify,0,0,23168,0.9901430590441039,0.9893070677661637,JPEG,0.1207122802734375,50.51047897338867,4.725988864898682,256,0.9431945085525513,0.042074501514434814,0.5991443991661072,0.16836002202461156,0.07801821281476098,0.08439662893082846,0.07165966969710869,7.5827789306640625,-0.16178162395954132,8.384860038757324,0.426544189453125,-1.1634223059926416,-1.631162925500714,-1.9710757788655435,-2.161733819940687,-2.265920893712626,0.4951147177961701,-0.09104701966664708,-0.9099701046943665,0.0056304931640625,0.1655731201171875,256
defactify,0,0,29157,0.9684125967257595,0.9796747438512892,JPEG,0.05621337890625,52.04478073120117,7.697640419006348,256,1.1654551029205322,0.14967912435531616,0.8040034770965576,0.12747817485663904,-0.062381003853884426,0.03537962413870387,0.011024311418952902,24.606441497802734,1.7099902629852295,8.438941955566406,0.51922607421875,-0.9825919470774931,-1.6216754763921868,-2.0305027728457263,-2.2992209223313758,-2.3883552579583425,0.5797922945784268,-0.11080593715291119,-1.0404245853424072,0.10367329915364583,0.2021026611328125,256
defactify,0,0,24511,0.9911333733923497,0.9915781068717163,JPEG,0.1084442138671875,29.486385345458984,11.383888244628906,256,1.2388477325439453,0.31720563769340515,1.0913819074630737,0.15968291529136167,0.13020423155874175,0.07331115687383392,-0.016590662970245668,48.37651062011719,-2.314438819885254,5.75192403793335,0.6420135498046875,-0.9649673893455812,-1.4963090810606854,-1.923132743897388,-2.0304373100936592,-2.1487186622588466,0.4253650912054603,-0.09209850477371795,-1.1503952741622925,0.0016835530598958333,0.0945587158203125,256
defactify,0,0,83146,0.9884852403844355,0.998081773322566,JPEG,0.01611328125,98.72621154785156,3.3600471019744873,256,1.0270742177963257,0.27664726972579956,0.3636890649795532,-0.023809514050108234,-0.05106189769472316,-0.004685255871495657,0.006581482585274167,2.458743095397949,0.22817282378673553,17.790725708007812,0.185028076171875,-0.7711480377975439,-1.0329523491828985,-1.1800148746965542,-1.2538827457542965,-1.3232919812835755,0.21360518897179226,-0.0419572492470359,-0.20610319077968597,0.0230712890625,0.184844970703125,256
defactify,0,0,15908,0.9774184764953375,0.98612651562282,JPEG,0.463348388671875,22.328737258911133,15.926409721374512,256,1.4427815675735474,0.4160098135471344,1.4790384769439697,0.2831650868946672,0.16162912370878238,0.060502143942355,0.011076893754940401,48.131805419921875,-1.0482171773910522,4.621973037719727,0.7891082763671875,-1.0163654354361888,-1.552616675343284,-2.0010764725024393,-2.1430677987448847,-2.234118417309034,0.482058138197595,-0.09571453432333436,-1.1616196632385254,0.0010986328125,0.1025543212890625,256
defactify,0,0,11962,0.605569781498155,0.7318288170516553,JPEG,0.4168701171875,4.490482330322266,6.448470115661621,256,2.9045443534851074,0.3942561447620392,1.0682165622711182,0.248118620018423,0.19923524972918935,0.0812723074178835,0.03837784782352706,34.042179107666016,0.52626633644104,0.3779063820838928,0.9075775146484375,-2.339485472767226,-3.2178649695606367,-3.6699002274833834,-3.759301061776192,-3.753049348888843,0.20175606269929514,-0.07695732290347697,-2.6616649627685547,0.0,0.020050048828125,256
defactify,0,0,25215,0.9189548597511167,0.9118046467644927,JPEG,0.09686279296875,19.108545303344727,7.7763848304748535,256,1.6797378063201904,0.1794421672821045,1.0982131958007812,0.1776612068339959,-0.08997269170849423,0.028681131827737502,-0.016543097677098575,136.07177734375,4.584330081939697,2.1283891201019287,0.5928955078125,-1.617113971722354,-2.249181999316866,-2.993090370985107,-3.2695029238477087,-3.3898598381484284,0.8614301535586142,-0.1730966025470197,-2.545978546142578,0.020589192708333332,0.1291351318359375,256
defactify,0,0,15268,0.9854035069498367,0.9865750725161859,JPEG,0.2689056396484375,15.99079704284668,11.006330490112305,256,1.4920381307601929,0.14612075686454773,1.1085067987442017,0.04275074455342193,0.023913924416774614,0.0008572381225310242,0.019828847874602488,54.9022216796875,0.5571825504302979,3.3379929065704346,0.7276458740234375,-1.3464343110757442,-1.9267548619253203,-2.247091492730056,-2.5390350366052195,-2.3772370743010534,0.19013122940805882,-0.06544075771844748,-1.0046333074569702,0.0020395914713541665,0.038818359375,256
defactify,0,0,54816,0.9918453350371461,0.9920233326896426,JPEG,0.0047607421875,62.09561538696289,4.321641445159912,256,1.35957670211792,0.3593931198120117,0.4874771237373352,0.36187440123587356,0.09895696759740318,0.07589222114246705,0.021218690700894365,6.653698921203613,-0.06009428948163986,7.263233184814453,0.2773284912109375,-0.9006949553086709,-1.2875728447190165,-1.6403041047008848,-1.8591436035621287,-2.0040140391125716,0.5505787818849912,-0.10046641676415617,-0.723586916923523,0.0017140706380208333,0.1275787353515625,256
defactify,0,0,31371,0.9912986656056711,0.992776624667058,JPEG,0.1737518310546875,27.29540252685547,8.648448944091797,256,1.4723938703536987,0.0,1.0032031536102295,0.07147821877963344,-0.08320916593953975,0.00016817722973136375,-0.06626196359161872,52.834678649902344,-2.4704840183258057,5.3311028480529785,0.5890350341796875,-1.150706276762783,-1.662509617373992,-1.9175018571552611,-2.311855376212616,-2.4535324561791745,0.959944151145093,-0.12760515116491095,-1.4528512954711914,0.0020599365234375,0.063079833984375,256
defactify,0,0,45841,0.9728781501459142,0.9205056505756275,JPEG,0.0504150390625,47.96562957763672,6.072519302368164,256,1.2629321813583374,0.1347421109676361,0.6347121596336365,0.30224018528599195,0.1271853902629406,0.003329224492371354,0.02062449399531637,18.707277297973633,1.1070997714996338,6.048614025115967,0.4488372802734375,-0.9457139591320116,-1.69791420985222,-2.182969351808385,-2.4799367980696996,-2.5785229166908072,0.7052645453798245,-0.1330293739691465,-1.3514846563339233,0.019124348958333332,0.33343505859375,256
defactify,0,0,24248,0.9974586910575781,0.9974566189488674,JPEG,0.058441162109375,47.07151794433594,6.13218355178833,256,1.0036288499832153,0.12403537333011627,0.6020594835281372,0.06686100989079996,0.02594630690591017,0.020488973749151207,0.025129757271708117,12.978987693786621,-0.520578920841217,8.438405990600586,0.4197845458984375,-0.9596982117263222,-1.2666082934675806,-1.6017442373464803,-1.916665008333946,-2.0558438677647306,0.7132212115102687,-0.11711046943918418,-1.0255407094955444,0.004770914713541667,0.06109619140625,256
defactify,0,0,26704,0.9598085331169651,0.9548274316348023,JPEG,0.225372314453125,21.954118728637695,8.904438972473145,256,1.4042723178863525,0.07060396671295166,0.9530222415924072,0.2904468591163638,0.03464597983062859,0.07634523406027283,-0.0036412421347369298,62.57219696044922,0.3893241882324219,2.5395865440368652,0.7196197509765625,-1.2251541752126132,-1.9448548313259328,-2.667790554868138,-3.0603219982725927,-3.124675610133048,0.7145490461685293,-0.1640291640712492,-1.9903972148895264,0.007253011067708333,0.113372802734375,256
defactify,0,0,54640,0.9834266712676561,0.9848013946980175,JPEG,0.113372802734375,60.92675018310547,4.444274425506592,256,1.093997836112976,0.02055600844323635,0.5585983991622925,-0.18671099921156845,0.0007656254274423156,-0.011920563281630363,0.11714833414745397,6.10855770111084,0.2992444634437561,11.585777282714844,0.3560943603515625,-0.9779659169472668,-1.3372427572842671,-1.7258733182109554,-1.9598386112794284,-2.0097776778441627,0.40066229675599097,-0.08513908935261362,-0.7203437089920044,0.007965087890625,0.2970428466796875,256
defactify,0,0,34808,0.9612651945286134,0.961584121731369,JPEG,0.03472900390625,42.40418243408203,5.474476337432861,256,1.4634541273117065,0.1988816261291504,0.605323076248169,0.36328044293938416,0.2747886583891495,0.2053609448199976,0.12527866776905128,17.65467643737793,1.4845157861709595,6.239844799041748,0.4604644775390625,-1.3393632979628896,-1.912726134181968,-2.320673079890655,-2.4772318251966716,-2.603447504164482,0.47525007136978203,-0.09613608376860432,-1.3396154642105103,0.00238037109375,0.350677490234375,256
defactify,0,0,29427,0.848294384351979,0.9732790774566539,JPEG,0.316070556640625,40.67365264892578,10.247645378112793,256,0.97911137342453,0.03133753687143326,1.0358132123947144,-0.1323809373384835,-0.10941389959553612,-0.03656292693482277,0.020926980195000583,39.15852355957031,0.6903401613235474,5.0026140213012695,0.65728759765625,-1.6333110732728207,-2.336371249325648,-2.8706051261658256,-3.1047276907267927,-3.1112331242939426,0.31050392386237036,-0.10499978427688596,-1.6468944549560547,0.015192667643229166,0.242431640625,256
defactify,0,0,58745,0.9769799148941912,0.9953973230927294,JPEG,0.01123046875,71.26983642578125,4.844577312469482,256,1.122902512550354,0.23997941613197327,0.4827618896961212,0.12698399365830532,-0.02096463145353741,0.04946569753396718,0.00505412248451275,8.671601295471191,0.5723987817764282,10.04051399230957,0.3100128173828125,-1.1200640613810142,-1.5626672545698836,-1.9404304255863538,-2.0441234037896114,-2.2238631619851983,0.4516916010951739,-0.08639248653896785,-0.9657530784606934,0.0142669677734375,0.2500152587890625,256
defactify,0,0,25256,0.9929663837963189,0.9939395392184797,JPEG,0.036041259765625,64.92117309570312,5.595480918884277,256,0.9589838981628418,0.13851095736026764,0.6295119524002075,0.33823014374403976,0.16596986041008407,-0.01086293309486546,0.07510462210020223,14.671548843383789,-0.13026686012744904,9.232739448547363,0.3534088134765625,-0.8907220021502145,-1.7632782075561542,-2.201841608179631,-2.465409897137392,-2.4834417187742712,0.548485607777951,-0.10622591606621135,-0.9913298487663269,0.003957112630208333,0.1444244384765625,256
defactify,0,0,34231,0.9705742138778163,0.9766326123683896,JPEG,0.0511322021484375,37.469993591308594,7.663931846618652,256,1.4494785070419312,0.16622258722782135,0.8169453144073486,0.4575704935783547,0.12077711066107524,0.020971168675110688,0.007616123169735539,24.42703628540039,0.48372572660446167,5.194305419921875,0.524810791015625,-1.3779911624393577,-1.9578331219785428,-2.457714249960439,-2.7187724442907193,-2.70836481981054,0.497294176614707,-0.11797589913713592,-1.0663894414901733,0.028411865234375,0.23919677734375,256
defactify,0,0,38238,0.9147832295105597,0.9438701900968841,JPEG,0.05279541015625,29.058422088623047,7.771867275238037,256,1.0219296216964722,0.2071448266506195,0.8494240045547485,0.29780243662722283,-0.007784857626207995,0.009261588640969595,-0.009636463578711865,45.080753326416016,-2.5589869022369385,2.8068978786468506,0.628326416015625,-1.2921601566856218,-1.9524188108320235,-2.662882026633371,-3.0564531254865805,-3.1620544207255223,0.9174966692086564,-0.17911933133040808,-2.11016845703125,0.0023295084635416665,0.2020111083984375,256
defactify,0,0,42088,0.9702218589463313,0.972758516123856,JPEG,0.0434112548828125,66.78311157226562,5.0978851318359375,256,1.2724007368087769,0.12528391182422638,0.4997601807117462,0.179666274169666,0.14692957160391307,0.10177925647276814,0.01592338428382053,17.51180076599121,0.8013850450515747,7.68739128112793,0.430633544921875,-1.3053091451197325,-1.7415762963603907,-2.3111448616157695,-2.627262609992096,-2.723896920626496,0.6884610644394984,-0.14543949104522588,-1.1897318363189697,0.005503336588541667,0.27337646484375,256
defactify,0,0,13554,0.9705602786338806,0.9814347121530368,JPEG,0.1536865234375,18.721160888671875,13.409797668457031,256,0.8750871419906616,0.2922828197479248,1.352218508720398,0.26682417891008753,0.07078646000290563,0.1011161539543381,0.044831416905648555,59.14739990234375,-1.6001242399215698,3.015087127685547,0.7277374267578125,-1.408799011127579,-2.1973898757703036,-2.6363744329451073,-2.833286166061062,-2.9101631770619054,0.5057035165204766,-0.10323382125307205,-2.267408609390259,0.0022837320963541665,0.06097412109375,256
defactify,0,0,7871,0.9845616350833856,0.9910631152486896,JPEG,0.691558837890625,10.405050277709961,18.144716262817383,256,1.5687013864517212,0.0,1.934539794921875,0.418003779873707,0.2381166477148931,0.125010128395991,0.02061519774198703,105.73023986816406,1.5548824071884155,2.558880090713501,0.8756103515625,-1.1631284144185434,-1.6361761548962415,-2.387319295676928,-2.7871311588777994,-2.865078007281114,0.599726387430632,-0.16274738523139176,-1.7397754192352295,0.0022328694661458335,0.0368499755859375,256
defactify,0,0,34295,0.9808367815487679,0.9790971606720306,JPEG,0.0631561279296875,30.271507263183594,9.85822582244873,256,1.3080649375915527,0.18478265404701233,1.00997793674469,0.012151050059966341,0.007033262794488238,0.04567190559199616,-0.01231816207526178,50.142398834228516,-1.454958438873291,3.957043409347534,0.5753936767578125,-1.481607149893149,-2.2115953317838084,-2.7575904191947105,-3.028866204170365,-3.1263779736628594,0.6825780668756929,-0.13442927867886947,-2.1127824783325195,0.0012563069661458333,0.15545654296875,256
defactify,0,0,33063,0.9842708647160515,0.9864647526699056,JPEG,0.0100555419921875,41.61408996582031,5.989699363708496,256,1.026322841644287,0.49886977672576904,0.581969141960144,-0.08560795816696326,0.042419955936116485,0.0675058565172679,-0.015409495065712401,38.810482025146484,0.9055094122886658,5.071575164794922,0.5387725830078125,-1.4073406431831739,-2.057259891701128,-2.6339411354995788,-2.8082008570481802,-2.9273916803088724,0.6613985421201249,-0.12854773879077602,-1.52485191822052,0.0018870035807291667,0.1030731201171875,256
defactify,0,0,43924,0.9791910910353223,0.9916741467848401,JPEG,0.06195068359375,47.71125030517578,6.754785060882568,256,1.1725809574127197,0.1452469527721405,0.6548667550086975,0.2017466828430408,0.10723847551190606,0.1303577523543005,0.11598755266573965,20.296266555786133,1.146809697151184,7.255280494689941,0.4379730224609375,-1.306598239728534,-1.7607853974535557,-2.2215762652673883,-2.415757378689934,-2.575546460365218,0.7124540290709964,-0.12505208610159704,-1.2872511148452759,0.0213623046875,0.1519622802734375,256
defactify,0,0,36978,0.9274412404390243,0.9629463009897774,JPEG,0.11334228515625,30.157682418823242,8.532658576965332,256,0.9777489304542542,0.10339025408029556,0.805962324142456,0.307707654883498,0.25422472150795317,0.3507061657526865,0.2098710607910077,36.990352630615234,-2.3328847885131836,2.5994997024536133,0.6714935302734375,-1.5054116344046582,-2.362323560614609,-3.4604342189882464,-3.5355208503740387,-3.382138457490525,0.5642554907903143,-0.17989673323403862,-2.203364610671997,0.009175618489583334,0.0850982666015625,256
defactify,0,0,29814,0.9785329572761862,0.9830898165876073,JPEG,0.082061767578125,37.25331115722656,7.308431625366211,256,1.2929710149765015,0.18299399316310883,0.69134521484375,0.2571566224587428,0.12181185371348716,0.05073394253506798,-0.011497815893591645,20.389028549194336,-0.17806434631347656,4.723492622375488,0.526458740234375,-1.3369692702386846,-1.9932665032292505,-2.5659656303578506,-2.842102561666919,-2.954169289014569,0.7081395081763873,-0.13836588218217222,-1.546088695526123,0.0006510416666666666,0.151153564453125,256
defactify,0,0,29596,0.9869771072816569,0.9897672982248793,JPEG,0.5082855224609375,9.764641761779785,12.698010444641113,256,1.6059309244155884,0.0,1.9106606245040894,-0.042616689279661654,-0.05858322093391166,-0.06507771629415882,-0.11694957709900897,58.675323486328125,-0.4934924244880676,3.0599305629730225,0.8251190185546875,-1.2664647469716215,-2.033966018272383,-2.8321635922513937,-2.9458745029462605,-3.0175514659971823,0.5383572887662442,-0.14068843049908386,-2.6630351543426514,0.000213623046875,0.0465850830078125,256
defactify,0,0,23270,0.9806752600586066,0.9840666275745696,JPEG,0.190399169921875,22.021347045898438,11.170894622802734,256,1.4646637439727783,0.15232665836811066,1.2848937511444092,0.03295495810915504,0.0034436233919014174,0.019597716138700632,0.049680832508388874,44.454872131347656,1.9579111337661743,4.402676582336426,0.6243438720703125,-1.3037351292101818,-1.883507100414434,-2.267918987738697,-2.5295926874317614,-2.706403556373573,0.581271632539317,-0.11000742266162639,-1.7654048204421997,0.001129150390625,0.1153564453125,256
defactify,0,0,56851,0.9905113431481063,0.9902981664727344,JPEG,0.0731658935546875,66.96355438232422,5.644347190856934,256,1.2107638120651245,0.07677914947271347,0.5648922324180603,0.13585704014814012,0.10368531538329465,0.06893812415563733,0.03918750614199303,14.762557983398438,-0.8624399900436401,10.474886894226074,0.4012908935546875,-1.0749259471244814,-1.608833829275767,-2.018359394830198,-2.219183834598887,-2.251062762409295,0.4274956163932835,-0.09269945156721801,-0.819254457950592,0.005055745442708333,0.3055419921875,256
defactify,0,0,57435,0.987913415354371,0.9911825704190768,JPEG,0.0062713623046875,55.94792938232422,5.25924015045166,256,1.0907261371612549,0.4088798761367798,0.5411773920059204,-0.055736226400403974,-0.17667173988348361,-0.06770560861571914,0.006460719701135634,10.131522178649902,0.39321520924568176,8.979795455932617,0.263946533203125,-1.2797878422782487,-1.6457388534449144,-1.9753454392605567,-2.151626308419817,-2.2352431251197356,0.487467657257743,-0.08973893671166092,-0.5739480257034302,0.015838623046875,0.1987762451171875,256
defactify,0,0,26187,0.9892874999270573,0.9896415048216498,JPEG,0.04229736328125,40.42332458496094,6.990889549255371,256,0.9784407019615173,0.16272558271884918,0.6901631951332092,0.4570176561132797,0.07858625768890018,-0.24729303342061842,0.03650233878672021,30.780494689941406,-1.312106966972351,5.185303688049316,0.58282470703125,-0.9791553876403105,-1.6505850932833228,-2.2736482626148637,-2.549833091001929,-2.6422718556165536,0.9781097134831391,-0.17002530052357442,-1.7512388229370117,0.0097198486328125,0.1469573974609375,256
defactify,0,0,24209,0.9959269859388952,0.997397206214543,JPEG,0.1761932373046875,30.924243927001953,7.441662311553955,256,1.2677760124206543,0.14206096529960632,0.9762382507324219,-0.04247781331566524,0.013575417641117,0.042552751683422776,0.021753486003332493,25.49677848815918,0.548383355140686,6.285994529724121,0.6046905517578125,-0.8578815115203833,-1.2915639650132276,-1.5442355913701764,-1.6759298953076662,-1.7313739391604797,0.44670360280328314,-0.07114140872309335,-0.9474508166313171,0.0012969970703125,0.0506134033203125,256
defactify,0,0,20890,0.9277396685877358,0.9419092659252835,JPEG,0.0381927490234375,23.472431182861328,6.5997233390808105,256,1.766335368156433,0.277965247631073,0.9246422052383423,0.06815142301797936,-0.14139386871871834,0.051838964941816154,-0.007349356281435587,33.93561553955078,0.25665128231048584,1.8177530765533447,0.61865234375,-1.8546058966733643,-2.632189337410093,-3.20011801114049,-3.507080457890603,-3.554600172675981,0.6650696019084883,-0.1393846853408202,-2.1490890979766846,0.0008697509765625,0.0839385986328125,256
defactify,0,0,35039,0.9830040640913534,0.977935465345985,JPEG,0.0256195068359375,53.066802978515625,5.298869609832764,256,1.2794270515441895,0.2905072271823883,0.5350751876831055,0.1681838086143168,0.1305532980580847,0.06338930289150697,0.09613847618737321,15.641080856323242,0.8648692965507507,6.427365303039551,0.3866119384765625,-1.204255660503832,-1.8434945507963363,-2.2389914235899395,-2.625141817428693,-2.792987702275341,0.7067658384682503,-0.12772521100594159,-1.3705750703811646,0.0023396809895833335,0.227325439453125,256
defactify,0,0,39252,0.9999999999999999,0.9999999999999999,JPEG,0.01165771484375,47.819419860839844,5.622117519378662,256,1.142796277999878,0.33222320675849915,0.5096352100372314,0.2977800182436281,-0.018309025354475005,0.013889157979114396,0.17488732999271195,20.616670608520508,-2.592726707458496,7.660633087158203,0.3191680908203125,-1.1529192704679732,-1.4199140141326687,-1.9215683270065744,-2.393896166168757,-2.49681722267498,0.6968077573794185,-0.149182723012229,-1.4319909811019897,0.000213623046875,0.0022735595703125,256
defactify,0,0,32634,0.9643172773312394,0.9623876857109694,JPEG,0.01226806640625,44.976585388183594,5.651543617248535,256,0.9573266506195068,0.3669000566005707,0.6583293080329895,0.6827713275040066,0.4150224052199757,0.16120647571394175,0.023521682477984668,19.308284759521484,0.07419628649950027,4.509984016418457,0.4300079345703125,-1.1414438394387583,-2.0588336081768652,-2.608152985774651,-2.789043409059393,-2.789451986236342,0.45342072043476556,-0.11179607713941729,-1.6333742141723633,0.012964884440104166,0.3007965087890625,256
defactify,0,0,34317,0.9948366914861405,0.9955500477334511,JPEG,0.0534210205078125,50.80646514892578,6.510757923126221,256,1.120932936668396,0.1722075641155243,0.6318299174308777,0.004617449101556774,0.0309603604470801,0.0009290209618040253,-0.02126955332258783,16.959436416625977,1.7212070226669312,9.050448417663574,0.4019012451171875,-0.8761732879586983,-1.4099344825302849,-1.7488949225263397,-1.8812145141675458,-1.9321983793717346,0.4392026643184952,-0.07950594637353477,-0.8150745034217834,0.009358723958333334,0.1331634521484375,256
defactify,0,0,60429,0.9860610532671199,0.994018779427417,JPEG,0.0153350830078125,72.99156188964844,4.541097164154053,256,1.27645742893219,0.14285023510456085,0.5645158886909485,0.41162613274783255,-0.012936170542928921,0.006954464131451304,-0.0018663288915138202,7.664109230041504,0.4178764522075653,11.744649887084961,0.3047332763671875,-0.7330083980259801,-1.3481204399504705,-1.6543355611918438,-1.92261909473444,-2.002005470461331,0.5373754361344236,-0.0979489989479187,-0.9572239518165588,0.0028788248697916665,0.285675048828125,256
defactify,0,0,64658,0.9882879262083182,0.978965319442481,JPEG,0.0080718994140625,74.74099731445312,4.630381107330322,256,1.1164133548736572,0.3601928949356079,0.38248777389526367,0.29523072681973517,0.33883092233278395,0.22566895957556612,0.09312418189050084,7.159538269042969,0.3195347785949707,12.563997268676758,0.2686767578125,-1.168577247026965,-1.7500125846462868,-1.966195003736999,-2.051822379288395,-2.0864253357538063,0.19668848114203374,-0.04457624061743666,-0.4904361963272095,0.0077362060546875,0.342987060546875,256
defactify,0,0,30674,0.9934880817818013,0.9767115186113206,JPEG,0.11651611328125,21.996877670288086,7.68499231338501,256,0.9135718941688538,0.2597167491912842,0.876854658126831,0.41852307938627786,0.09551027872662843,0.12517430480411082,0.04867095292573115,40.10306167602539,0.5687963366508484,2.872711181640625,0.558349609375,-1.5543245942706578,-2.0800432518409444,-2.563405959635011,-2.9874593238825398,-3.035781242014073,0.734047894647893,-0.14553759444487024,-1.818186640739441,0.048970540364583336,0.0235595703125,256
defactify,0,0,28060,0.9799374941394615,0.9863950942674264,JPEG,0.0585784912109375,43.11632537841797,5.6228346824646,256,0.9128625988960266,0.09140113741159439,0.6468284726142883,0.19247145459076134,-0.028538712038631633,-0.005390871643573974,-0.002635165788157445,11.909723281860352,0.5854336619377136,4.030807018280029,0.471771240234375,-1.0629019166586353,-2.137377777999318,-3.221626446128483,-3.446329473269227,-3.5141667431517556,0.7379106310646213,-0.19693971598292423,-2.2284538745880127,0.0019683837890625,0.109344482421875,256
defactify,0,0,18013,0.9573389058739242,0.973301162888313,JPEG,0.0543975830078125,30.140674591064453,7.968348026275635,256,0.9232823252677917,0.23767313361167908,0.7441219687461853,0.3384011025497706,0.24421891402748164,0.22376386004053195,0.14708214087688498,57.076515197753906,3.6231443881988525,3.7166531085968018,0.5882720947265625,-1.280066378765115,-1.9101485787973251,-2.3742011601953816,-2.5714058655758736,-2.666345701589595,0.5589888818923523,-0.11322084902269464,-1.5913141965866089,0.0072784423828125,0.1636962890625,256
defactify,0,0,15610,0.9846563719217566,0.9922752598561435,JPEG,0.089691162109375,43.09906768798828,6.516780376434326,256,1.0076918601989746,0.11336474120616913,0.79678875207901,0.2911523464198019,0.332130005257836,0.49264336955999777,0.22833896368965875,8.562557220458984,0.29458996653556824,7.004627227783203,0.4734344482421875,-1.2321832256228502,-1.116061775149788,-1.9960539607978758,-2.038325163784589,-2.133718093973128,0.0977633096963677,-0.12366595677511319,-1.1359206438064575,0.011494954427083334,0.1179046630859375,256
defactify,0,0,34275,0.9864494170528523,0.9655364762665819,JPEG,0.0443115234375,47.38097381591797,5.546809196472168,256,1.5909972190856934,0.15989665687084198,0.5257638096809387,0.6263329212177168,0.4136714445415992,0.09188922077509777,-0.1019526419655771,15.502067565917969,1.2202149629592896,7.323666572570801,0.4224853515625,-1.3337080995342756,-1.2513040716022283,-2.1637919915591786,-2.3048130669854805,-2.466076947026413,0.8407902042930679,-0.1796532528858079,-0.8343765735626221,0.004557291666666667,0.1456451416015625,256
defactify,0,0,26746,0.9848266764398272,0.9804605579373729,JPEG,0.0301971435546875,39.19770812988281,7.759678840637207,256,1.247933030128479,0.1659473478794098,0.7078086733818054,0.021464563096163757,-0.16501775425506987,0.014717738699653262,0.010986912141782991,37.615447998046875,2.051069498062134,5.686611175537109,0.5556488037109375,-1.3877575345096398,-1.9537866403494242,-2.358323140150482,-2.489538983900232,-2.6783174038434607,0.6482848180061955,-0.11015406280586604,-1.4392644166946411,0.0401611328125,0.16766357421875,256
defactify,0,0,43441,0.9948811708228309,0.9928402923257327,JPEG,0.0038299560546875,99.64109802246094,3.790248394012451,256,0.9436420202255249,0.48342081904411316,0.32103997468948364,0.2762271270399122,0.12395400477056687,0.042480224810551706,-0.00357048778225116,4.711138725280762,0.4352245032787323,14.737948417663574,0.224395751953125,-0.6124209837038723,-1.0455185953100132,-1.369421182050857,-1.5845101334202711,-1.6824835559708538,0.5064689138870655,-0.09557719322112225,-0.5415922999382019,0.008845011393229166,0.2356719970703125,256
defactify,0,0,20126,0.9700265878490103,0.9692503218537327,JPEG,0.035369873046875,36.4352912902832,6.494518280029297,256,0.8724141120910645,0.17144185304641724,0.7014783024787903,0.33175578365277286,0.20053314036384365,0.15141670636295998,0.08160418231303283,38.798160552978516,1.5190714597702026,4.253027439117432,0.4991607666015625,-1.2779304558467857,-1.8517519755023901,-2.4147195798175334,-2.6345532475909,-2.6026644099636975,0.4657823040628619,-0.11523685240036892,-1.4175652265548706,0.0023142496744791665,0.1867523193359375,256
defactify,0,0,16551,0.9851387857106818,0.9808999754025225,JPEG,0.358001708984375,9.124683380126953,12.242110252380371,256,1.7611480951309204,0.32700756192207336,1.2477095127105713,0.3539169279579846,0.2484951314139283,0.19233260036872876,0.09524585546998623,241.37014770507812,3.1407692432403564,2.133066415786743,0.8330535888671875,-1.2824693662235331,-1.8209213983938213,-2.3971975826401613,-2.5684286117780166,-2.7308884366798436,0.6663347495349043,-0.13017491174227905,-1.8430848121643066,5.5948893229166664e-05,0.027313232421875,256
defactify,0,0,42893,0.9919448424352197,0.9969832806859822,JPEG,0.0863800048828125,53.470489501953125,5.963732719421387,256,1.1698875427246094,0.07989721745252609,0.6597665548324585,0.11474553498037324,0.004260862335324105,-0.04443389188549569,0.0735659420744092,17.32789421081543,-1.4949464797973633,8.04228687286377,0.456939697265625,-1.059442757462807,-1.69317050503187,-2.0958343687978864,-2.511869565240459,-2.587742906932231,0.7048904739954764,-0.13183307362020363,-1.831803798675537,0.0014241536458333333,0.1115875244140625,256
defactify,0,0,64573,0.9950831625385048,0.9915089372285503,JPEG,0.066802978515625,73.29449462890625,5.975707054138184,256,1.0302826166152954,0.054916493594646454,0.5939385890960693,-0.0017647410368860847,0.07942268781107838,0.06536852082946437,0.06602086148709095,9.164761543273926,0.4884210526943207,13.176304817199707,0.3442535400390625,-1.1243836565512346,-1.3769223327526454,-1.638052107915895,-1.8943081616086008,-2.019512293777808,0.3045414799926496,-0.07256755234523854,-0.8335168361663818,0.0132598876953125,0.2189178466796875,256
defactify,0,0,46638,0.988371811907144,0.9909239202090858,JPEG,0.057373046875,46.037940979003906,5.756326675415039,256,0.9875982999801636,0.1451004594564438,0.6685271859169006,-0.46500521392207406,0.10064619851144088,-0.012438411804663282,-0.003485190740617992,10.50601863861084,0.026786424219608307,8.053630828857422,0.3643646240234375,-1.2309925315108199,-1.8829962418623651,-2.0456845083042197,-2.1488656612091166,-2.281454305282975,0.4038433250856892,-0.058902510825446806,-1.202607274055481,0.0057220458984375,0.1822509765625,256
defactify,0,0,39062,0.9892101066051044,0.9821720550865329,JPEG,0.044708251953125,48.87724304199219,7.108348369598389,256,1.3372236490249634,0.12467102706432343,0.7287517189979553,0.3104475997200729,0.006094301344958041,-0.0008903993912402152,-0.024350263727715163,29.199920654296875,1.9014780521392822,6.130266189575195,0.4869537353515625,-1.1252053780702411,-1.882949155618057,-2.477788509790673,-2.7037792382890817,-2.8387670672131593,0.601558083799647,-0.13190106988812883,-1.8881415128707886,0.013890584309895834,0.1428375244140625,256
defactify,0,0,44584,0.9729658550855351,0.9789925989042654,JPEG,0.01129150390625,32.949440002441406,5.8271098136901855,256,1.360200047492981,0.32435381412506104,0.6740069389343262,0.04119232236977943,-0.0830143402697723,0.004612166742195979,0.004774770756287674,21.82975196838379,-0.6406595706939697,4.380997657775879,0.3780670166015625,-1.1348017923454723,-1.718732953306108,-2.299633902192408,-2.687026196345913,-2.7514677135957655,0.7635065293488026,-0.15859370024887426,-1.3461480140686035,0.0004170735677083333,0.1519012451171875,256
defactify,0,0,36792,0.9894291919231228,0.985580213763709,JPEG,0.023956298828125,55.538639068603516,5.402745723724365,256,1.245844841003418,0.48591217398643494,0.5006424784660339,0.23435035334855409,0.18854703308334173,0.16255953074045038,0.07388366309069756,12.630475997924805,0.4258469343185425,8.214516639709473,0.3065643310546875,-1.1515893207222287,-1.5372596215518266,-1.8292260982293547,-2.1531491094201707,-2.129919290062025,0.4809908008406083,-0.10032235409026513,-0.6544105410575867,0.0009613037109375,0.159515380859375,256
defactify,0,0,23718,0.9694200610882115,0.9645038571731167,JPEG,0.088165283203125,45.85033416748047,6.455573081970215,256,0.9316768646240234,0.0869230404496193,0.8526455760002136,0.4733119346068665,0.22860735079629174,0.1316315937886276,0.016994495155661912,21.981412887573242,0.4293859302997589,4.054419040679932,0.5720062255859375,-1.134778917594299,-1.9246336556523023,-2.853005388872803,-3.2029294299570727,-3.280120291028986,0.8423494892010082,-0.2013870003315664,-2.3582968711853027,0.0016988118489583333,0.169586181640625,256
defactify,0,0,29732,0.9006506455451001,0.941739089536899,JPEG,0.0236358642578125,25.725753784179688,5.757950305938721,256,1.824587345123291,0.40568307042121887,0.5549232959747314,0.7286351191370476,0.48687794325423644,0.19064545262684035,-0.0024022648886354637,56.61997985839844,1.5454022884368896,2.6011548042297363,0.5821685791015625,-1.282505489101256,-1.9425941128922197,-2.840088200432886,-3.1726117550484405,-3.2342431095236126,0.7454108056959461,-0.19875871568359313,-1.9798697233200073,0.017079671223958332,0.15386962890625,256
defactify,0,0,44143,0.9951348674025531,0.9970038104233584,JPEG,0.0814666748046875,51.420379638671875,6.61153507232666,256,1.22760009765625,0.07383204996585846,0.6725711226463318,0.08744901614075058,0.07726791641796975,-0.008777355303953387,0.032621795247468104,14.442232131958008,0.15716487169265747,8.4781494140625,0.42681884765625,-0.9407725947180445,-1.3652043829196971,-1.8109141633093095,-2.1120836253886743,-2.21027236193079,0.6879828693175742,-0.12723304328831256,-1.0169384479522705,0.005533854166666667,0.075592041015625,256
defactify,0,0,28313,0.9683532818986573,0.9633085054744062,JPEG,0.143310546875,30.058822631835938,8.248879432678223,256,1.2184432744979858,0.08755764365196228,0.8195282220840454,0.01959473737738352,0.04069118827657672,-0.0609591406580028,0.01634016143423343,29.26415252685547,-1.0448905229568481,2.807964324951172,0.68536376953125,-1.5357040012498135,-2.2109888898253898,-2.850725860250769,-3.1441166402845253,-3.189995493063682,0.6863106075755585,-0.14451819746579286,-2.067026138305664,0.005910237630208333,0.09112548828125,256
defactify,0,0,56538,1.0,1.0,JPEG,0.03680419921875,81.58367156982422,5.485355854034424,256,1.2690017223358154,0.11261924356222153,0.5926041603088379,0.2257271494122846,0.21669700332291206,0.15808831529209127,0.10623693680889351,11.733455657958984,0.4436168372631073,12.819724082946777,0.2888336181640625,-0.8685313866912932,-1.4078461994332558,-1.7543980236144199,-2.0335748703910994,-2.025838543865806,0.48246924505037736,-0.09645547087403805,-0.8456803560256958,0.02056884765625,0.00225830078125,256
defactify,0,0,48148,0.9980165047001438,0.9990250041466543,JPEG,0.071563720703125,57.9710693359375,5.443240165710449,256,1.0953595638275146,0.12021345645189285,0.6092624068260193,-0.20589341877570186,-0.09721635799335947,-0.004431603483322553,-0.008221223144100976,12.109326362609863,0.3671891689300537,9.920085906982422,0.435546875,-1.3103932160168803,-1.7669795946059281,-2.1367223341243156,-2.3044341420080423,-2.3466937967391894,0.4025901897147728,-0.08430831789850175,-1.1280677318572998,0.08675638834635417,0.0511474609375,256
defactify,0,0,17337,0.9929704628349236,0.9975997064850853,JPEG,0.0837249755859375,31.969009399414062,7.6933488845825195,256,0.9196333885192871,0.19308358430862427,0.7990859150886536,0.5370974114028677,0.2929222933193383,0.08553738714102802,0.025932236652116435,25.401897430419922,-0.37146708369255066,4.500912189483643,0.56982421875,-1.163687205364079,-1.7022629778936125,-2.2322164625981644,-2.5483415425491307,-2.6297727819523304,0.6909010838158052,-0.13891302360473812,-1.5935684442520142,0.014806111653645834,0.03765869140625,256
defactify,0,0,27469,0.9760081219246536,0.9821419148423018,JPEG,0.1076507568359375,24.503067016601562,7.997904300689697,256,1.2540425062179565,0.20905917882919312,0.8296756744384766,-0.06143205671875435,-0.008887094431330457,-0.0008158426667116803,0.0029915984399866715,45.741641998291016,1.315107822418213,3.206308364868164,0.5931396484375,-1.1444345949002575,-1.9586509708472848,-2.2834883624917914,-2.629290511271712,-2.893254234771268,0.606362538515385,-0.08548008424246706,-1.521439790725708,0.0003509521484375,0.0673828125,256
defactify,0,0,37183,0.9843015347104794,0.9791141104253018,JPEG,0.1154327392578125,53.01838684082031,5.770497798919678,256,1.2503907680511475,0.07754740864038467,0.6212347149848938,0.34757444013920613,0.29826082671853726,0.23469628371561765,0.08366893917818602,14.245397567749023,0.01147513184696436,7.3298726081848145,0.45098876953125,-1.2448496075460218,-1.8015494674289316,-2.3352673169408957,-2.704740470784441,-2.8052013111495384,0.820016984595437,-0.1496911688809464,-1.2883836030960083,3.5603841145833336e-05,0.1795501708984375,256
defactify,0,0,54565,0.9688530425097767,0.9713153973183237,JPEG,0.022979736328125,75.19007873535156,4.87249755859375,256,1.102191686630249,0.2460767924785614,0.4650558829307556,0.14246886847140217,0.07007720462286791,0.09364473095232383,0.060228199761962774,10.914962768554688,0.5240352749824524,10.037374496459961,0.319488525390625,-0.9290492652679978,-1.3958752256730804,-1.9208648463131741,-2.0817987728568967,-2.1026103217505554,0.5983677097796134,-0.1179706290837653,-0.9278978109359741,0.0189971923828125,0.4176177978515625,256
defactify,0,0,31182,0.9445957461508044,0.9525207811444917,JPEG,0.0275115966796875,25.174245834350586,6.447285175323486,256,1.3345016241073608,0.26654741168022156,0.7575826644897461,0.008322330888467523,-0.10848649167468787,0.039120267470676824,-0.0033144360953069976,15.095176696777344,-0.40902456641197205,2.065382719039917,0.5236053466796875,-1.5381341177415848,-2.229925700225013,-2.878702399285559,-3.2706558320764563,-3.357381729202589,0.8251538292719971,-0.18255007960186284,-2.134230375289917,0.016688028971354168,0.0927276611328125,256
defactify,0,0,27864,0.9930003965637597,0.9901448253321424,JPEG,0.169952392578125,41.91954040527344,7.658102512359619,256,1.3095686435699463,0.0,0.7597073316574097,0.1365791924419507,0.021911399694625747,0.020943714804462905,-0.007732225870377452,25.9434814453125,-1.221418857574463,5.500649452209473,0.5482177734375,-1.545088287512316,-2.1406262292547353,-2.5811172719770568,-2.9144082168246284,-2.984674838839396,0.5970987887250923,-0.12443036469804689,-1.8594403266906738,0.167236328125,0.074066162109375,256
defactify,0,0,34235,0.9288327876085629,0.955372990505986,JPEG,0.053436279296875,23.522354125976562,6.152166843414307,256,1.4176404476165771,0.19017133116722107,0.7325248718261719,0.15286259923549506,-0.034422888999355215,0.0340271229182297,-0.014304593894744652,55.565547943115234,-1.2581048011779785,2.8977606296539307,0.5738067626953125,-1.3565990750761276,-2.0965487867432797,-2.732935668601054,-2.8991241955961318,-2.9697757600694734,0.5367913932250454,-0.1269158517740978,-2.5114333629608154,0.0184173583984375,0.1506195068359375,256
defactify,0,0,48780,0.9518853142540779,0.9860369324726629,JPEG,0.0353240966796875,59.1220588684082,5.194426536560059,256,1.2483911514282227,0.29996415972709656,0.5564253330230713,0.314113256439511,0.3156301378821425,0.29981314966140665,0.2106691713252375,12.87191104888916,0.4050501585006714,8.653249740600586,0.39215087890625,-0.9445809083054311,-1.621165030694959,-2.1353455709888314,-2.476822684927958,-2.448523533528297,0.7231390303824297,-0.13712620178049312,-1.2271977663040161,0.048116048177083336,0.2342071533203125,256
defactify,0,0,46945,0.9982771483731963,0.9986284405557263,JPEG,0.028289794921875,76.19593811035156,4.939242839813232,256,1.143302321434021,0.13889887928962708,0.6561310291290283,0.13392907225667136,-0.040095666291020404,-0.008038636355404104,0.003450709636006897,7.2650909423828125,0.31962257623672485,12.121466636657715,0.32135009765625,-1.1680597104690902,-1.618348668822053,-1.9594701953653297,-2.1705152143626325,-2.250490860807667,0.456506931504884,-0.09076338840990786,-0.9361968636512756,0.0022074381510416665,0.0869293212890625,256
defactify,0,0,35958,0.9827169000906055,0.9675331326765326,JPEG,0.0299224853515625,41.33222198486328,7.379639148712158,256,1.361849069595337,0.2039654552936554,0.637382447719574,0.381550477745075,0.16017584177770902,0.125884165875943,0.04841596441553036,29.101272583007812,0.057130664587020874,5.1725358963012695,0.4558258056640625,-1.1153726501488759,-1.6900131084281522,-2.057235208196299,-2.4056754967933047,-2.4897791126139985,0.6010548804460152,-0.1169189470204245,-1.5400055646896362,0.0011647542317708333,0.239593505859375,256
defactify,0,0,71425,0.990074505565062,0.9955887617974233,JPEG,0.016845703125,63.87456512451172,4.44896936416626,256,1.0090373754501343,0.23567432165145874,0.4466898441314697,0.03889273191348528,0.004593567364320748,0.039931339656520674,0.016739425959546955,8.353440284729004,0.9206798076629639,9.150217056274414,0.30157470703125,-1.075646304680613,-1.5723894630330308,-1.8588570519696148,-2.1477888403124616,-2.214375633356135,0.5112220905850737,-0.09725475943566046,-1.0830663442611694,0.035939534505208336,0.155364990234375,256
defactify,0,0,30080,0.9752413884691853,0.9819991608975837,JPEG,0.140411376953125,34.25128173828125,7.608089447021484,256,2.088608980178833,0.07236111909151077,0.7153701782226562,0.7448490924291913,0.5607246157380114,0.3730406334661083,0.13637570832581128,50.756473541259766,2.7278013229370117,4.718570709228516,0.5538177490234375,-1.1746790704144408,-1.752321653041145,-2.0829243826703934,-2.4411204933248216,-2.394066080660566,0.46228336132825554,-0.10518590321736321,-1.503102421760559,0.0038299560546875,0.1325225830078125,256
defactify,0,0,20734,0.7696681714014337,0.848133552686269,JPEG,0.12353515625,23.920570373535156,6.42382287979126,256,0.8429434299468994,0.09579536318778992,0.9239543676376343,0.27273998939075494,0.12717333478534004,0.2310933790512492,0.17921393044204534,86.71004486083984,1.7812126874923706,1.483330249786377,0.7373199462890625,-1.9273939320760025,-2.8169670909138222,-3.5983198450947276,-3.788555185710889,-3.867013684622959,0.624386140796513,-0.1515389730191756,-3.006173610687256,0.026250203450520832,0.1670989990234375,256
defactify,0,0,40910,0.9782832939676501,0.9676806597704443,JPEG,0.0201873779296875,71.51951599121094,6.181836128234863,256,1.1782679557800293,0.1094057559967041,0.5990827083587646,0.22719161684776948,0.03162819929682266,0.07856643801297632,0.007956873093003369,18.026994705200195,0.4989801347255707,7.580836296081543,0.4142913818359375,-1.1949920645723129,-1.9939969881227757,-2.3702662487633024,-2.743349134208506,-2.818999713618589,0.6089343140579988,-0.12013471646519348,-1.3301260471343994,0.009038289388020834,0.28094482421875,256
defactify,0,0,48845,0.8987738248756362,0.9637863323501198,JPEG,0.08966064453125,55.30574417114258,5.9824910163879395,256,1.0843305587768555,0.0775941014289856,0.5944324135780334,0.23001901277037518,0.33645513726738324,0.23047205655161188,0.13614435724358667,11.764944076538086,-0.05380229651927948,9.002542495727539,0.4166412353515625,-1.082611885401449,-1.5749926483096246,-1.8651463660517322,-1.9167112431966,-2.0589806842869756,0.32961820024975985,-0.06061655913955272,-1.1167469024658203,0.034352620442708336,0.314422607421875,256
defactify,0,0,40106,0.9973427146878975,0.9986329743105288,JPEG,0.00689697265625,62.80278015136719,4.784060955047607,256,1.0137155055999756,0.3665805160999298,0.45515361428260803,0.22962382486799393,0.20892515184294524,0.14152473024176546,0.07013202315392246,7.966287612915039,0.057921793311834335,11.053163528442383,0.2464447021484375,-1.3562058626977178,-1.7736290503200705,-1.8292916499317888,-2.037121807259724,-2.1286433004633567,0.32558458493696474,-0.04819354451233176,-0.6761305928230286,0.0033213297526041665,0.078277587890625,256
defactify,0,0,68100,0.9975777483696601,0.9984216579160079,JPEG,0.001617431640625,95.75653076171875,3.233107566833496,256,1.0978025197982788,0.5366031527519226,0.2337363064289093,0.2871399906431438,0.06745778488816034,0.03995444479208231,0.0040923928047565394,2.5388216972351074,0.1617695391178131,16.01326560974121,0.1862945556640625,-0.6392798006717184,-1.0002509953370318,-1.1160815935063617,-1.3202383015384074,-1.4148683573952043,0.3458234261915498,-0.05570296148706548,-0.338111937046051,0.0032399495442708335,0.0894317626953125,256
defactify,0,0,17001,0.9470967284558328,0.9325136339815634,JPEG,0.2916259765625,14.13029670715332,11.498205184936523,256,1.6741503477096558,0.09617280215024948,1.2702758312225342,0.2264105417101478,-0.0987672564082124,-0.0003566906175888752,0.002591319312801454,87.82535552978516,-0.8617514967918396,1.8214634656906128,0.7915191650390625,-1.3601061201438505,-1.9187010954628345,-2.626459068934638,-2.958654395800272,-3.073936949388397,0.8391773081156169,-0.1702835643920775,-1.928743839263916,0.0038045247395833335,0.0951080322265625,256
defactify,0,0,28508,0.9844634161404119,0.9868538539190984,JPEG,0.0483551025390625,34.30546569824219,5.830615520477295,256,2.1567890644073486,0.12831617891788483,0.8004782795906067,0.7304320159280531,0.5462473554179906,0.36351611880347195,0.17920182826027461,10.758927345275879,0.18879906833171844,4.758852481842041,0.4665069580078125,-1.218106720483231,-1.6341508982374142,-2.093221486525871,-2.3645439881291193,-2.313456530144526,0.37765960997248893,-0.10405595153177165,-1.0817984342575073,9.663899739583333e-05,0.078704833984375,256
defactify,0,0,33217,0.9579116189605087,0.9831436908995892,JPEG,0.020416259765625,48.01129913330078,7.772926330566406,256,1.6454782485961914,0.33359599113464355,0.6885064244270325,0.39249583892307627,0.25206586016633953,0.11004594677977082,-0.009605606284301274,45.691829681396484,2.3090338706970215,6.240675926208496,0.4707794189453125,-1.0091798256693298,-1.5151390671173166,-2.0266419860082783,-2.159776167540505,-2.2721493570966578,0.47380453652694055,-0.10524266214686938,-1.3150768280029297,0.026031494140625,0.2709197998046875,256
defactify,0,0,35941,0.971601100247352,0.9364037105259826,JPEG,0.091217041015625,42.71510314941406,7.397948265075684,256,1.2812880277633667,0.10055431723594666,0.8282162547111511,0.23385827876464657,0.20735680905954446,0.12686693985940217,0.08778423756450981,21.147991180419922,0.6952406764030457,6.511287212371826,0.5130462646484375,-1.4485077807412354,-1.98418643055098,-2.40141468792884,-2.4791863046510088,-2.619188178760318,0.48900989953413543,-0.08561972567130013,-1.4708871841430664,0.021489461263020832,0.25958251953125,256
defactify,0,0,36018,0.9404267091669147,0.9439339155675963,JPEG,0.0221710205078125,35.479339599609375,6.026916027069092,256,1.4986240863800049,0.4242035746574402,0.6896271109580994,0.18033276457043815,0.040471130332750654,0.034714537407438,0.013882027594921438,40.64817428588867,0.8329359292984009,3.6254186630249023,0.4777374267578125,-1.4247529659447373,-2.026321860359924,-2.560943244161211,-2.772673125574981,-2.869995059725839,0.564302820950707,-0.12574103929242475,-1.6557073593139648,0.017364501953125,0.2294158935546875,256
defactify,0,0,10730,0.9872765278290733,0.9881652272277831,JPEG,0.4716339111328125,22.70697021484375,11.03228759765625,256,1.5437843799591064,0.0,1.176216959953308,0.3374366009424602,-0.036212937708509405,-0.04549638835936372,0.0007401711600698739,51.17997360229492,0.6397264003753662,3.0376739501953125,0.7696533203125,-1.5919830843704919,-2.259742442580836,-2.9280973181336014,-3.2710579067961536,-3.356601841630133,0.8577858560614375,-0.17222265178053411,-2.0699424743652344,0.0012410481770833333,0.054107666015625,256
defactify,0,0,33383,0.9726655272434225,0.9799990525251898,JPEG,0.0390167236328125,60.37065124511719,6.6528730392456055,256,1.1336590051651,0.16185447573661804,0.6359553337097168,0.08633290007909378,-0.07078996839218303,0.021439329484344093,0.014999019932774306,18.795618057250977,1.2934025526046753,9.371228218078613,0.4314727783203125,-1.0597639399661762,-1.685792626575509,-2.066096407127607,-2.2796066783950693,-2.4146422237051004,0.6011088911034062,-0.11321230332894307,-1.1062833070755005,0.0435333251953125,0.262725830078125,256
defactify,0,0,40110,0.987048923123061,0.9942790250265062,JPEG,0.00201416015625,89.49945068359375,3.672097682952881,256,0.9573810696601868,0.3635205626487732,0.3763841986656189,0.07404486670831822,-0.09150672679057556,-3.3311277409961796e-05,0.00048154316449918995,4.24172306060791,0.19033490121364594,13.046099662780762,0.2398529052734375,-0.981308020639327,-1.4391780378449983,-1.8374042810162248,-2.102797328543361,-2.2380493802232033,0.6239203169308754,-0.10977375405042517,-0.9593438506126404,0.009272257486979166,0.337677001953125,256
defactify,0,0,51097,0.9882648619958774,0.9856689629380122,JPEG,0.0052947998046875,63.55427551269531,4.871287822723389,256,1.472967267036438,0.36884617805480957,0.43291082978248596,0.4497929673351753,0.19504020620381116,0.18155714009546736,0.0714685741196103,16.556949615478516,1.310566782951355,7.51783561706543,0.3234405517578125,-1.1407122741651126,-1.9835366380441446,-2.530277858286343,-2.823130565076397,-2.9649343274704867,0.7365903994370404,-0.13767773215122125,-1.438393235206604,0.0016225179036458333,0.1562347412109375,256
defactify,0,0,58936,0.9762121326811417,0.9812550813811893,JPEG,0.036163330078125,64.16041564941406,5.009824275970459,256,1.0842703580856323,0.1745188981294632,0.5093293190002441,-0.041195687297344234,0.07283741449824319,0.07207982907609481,0.023967674877275216,9.32126235961914,0.28320541977882385,8.91436767578125,0.3499603271484375,-1.4215078824575311,-2.0194741561450673,-2.3338563168557656,-2.5417206602221185,-2.5641540503282387,0.4768572480797104,-0.08468975884957516,-1.2835956811904907,0.015838623046875,0.3516082763671875,256
defactify,0,0,39402,0.9346849065276718,0.9572866549510779,JPEG,0.0856170654296875,40.39643859863281,6.638463497161865,256,1.2791416645050049,0.11392425745725632,0.7119318842887878,0.12425180823932565,0.10570473030547295,0.08465029106956463,0.03994455699704865,19.05923080444336,-0.37761178612709045,6.194243907928467,0.53485107421875,-0.9567039088621252,-1.6109248958784246,-2.040395474059369,-2.1982328885681737,-2.2641514125527458,0.3628299625076421,-0.08827866080723032,-1.1991852521896362,0.0025431315104166665,0.3025665283203125,256
defactify,0,0,41772,0.9843859129305669,0.989760767494821,JPEG,0.0306549072265625,57.280757904052734,5.739871978759766,256,1.2221142053604126,0.18913759291172028,0.6516374945640564,0.15399234549847013,0.19414765324873776,0.1080846312810627,0.0502431093365316,10.209818840026855,0.6295047998428345,12.344008445739746,0.3692779541015625,-1.188863325289816,-1.6381426288069134,-1.7330484523103733,-1.7912370705878091,-1.899657624618941,0.18624876567070459,-0.031423536016694814,-0.6283729076385498,0.019017537434895832,0.2634429931640625,256
defactify,0,0,24670,0.9831874596297754,0.981185103707503,JPEG,0.1810302734375,21.688047409057617,9.014127731323242,256,1.3609504699707031,0.1714480221271515,1.0270334482192993,0.1454915732270585,0.033044488954094293,0.033372768346919324,0.002095039035813999,57.46991729736328,-1.2553266286849976,3.1412580013275146,0.67034912109375,-1.3373486255727016,-2.0141432951925173,-2.456216390456638,-2.6444921289729955,-2.750861392760143,0.5420619026034821,-0.10641494249232783,-2.099700689315796,0.0004679361979166667,0.07568359375,256
defactify,0,0,22845,0.9801758812758835,0.9847311361403263,JPEG,0.1598663330078125,42.40620422363281,7.521718978881836,256,1.0277526378631592,0.0,0.8181386590003967,-0.2070251542706149,-0.052220884997013696,0.00027105441275874863,0.0290490002744481,36.00592803955078,-0.7102354168891907,6.094925403594971,0.538970947265625,-1.3740744526170996,-1.8224440205435934,-2.3924159650199073,-2.5025290231306485,-2.7546908553618756,0.4804774990541647,-0.11684648008204655,-1.5912317037582397,0.016515096028645832,0.202362060546875,256
defactify,0,0,31618,0.9930164660041054,0.9861104825373019,JPEG,0.065155029296875,34.837677001953125,7.437017440795898,256,1.3868663311004639,0.33807289600372314,0.8823328614234924,0.052515432728522465,0.08728132540901733,0.031237664065451917,0.06189144461633516,23.40287971496582,-0.42548802495002747,6.782821178436279,0.5288543701171875,-0.9914115870825029,-1.257569090189664,-1.6273026751925155,-1.881204437348451,-1.9230251490838661,0.4319077326003935,-0.10276810042521109,-1.007205843925476,0.0007476806640625,0.1355743408203125,256
defactify,0,0,92258,0.9719094208957727,0.9924665915214085,JPEG,0.0006103515625,118.32361602783203,2.8777031898498535,256,0.9941593408584595,0.782245397567749,0.14082621037960052,-0.04625312554061764,0.0016742635964133623,0.0019560823729997713,0.01063155599743937,1.037855625152588,0.01748613268136978,21.308380126953125,0.1441650390625,-0.6633586818897239,-0.7772719972978841,-0.8047056691819536,-0.8711922442029261,-0.9331619197409688,0.13043107583255953,-0.017786876619882583,0.11597266793251038,0.045527140299479164,0.3887786865234375,256
defactify,0,0,53694,0.9926691008146253,0.988310866659041,JPEG,0.0034332275390625,78.51319885253906,4.351447105407715,256,1.0577605962753296,0.4512205123901367,0.35838380455970764,0.06287298688512132,0.04093300657119139,0.1111198895151682,0.08412725360988837,11.06385326385498,-0.14368662238121033,10.234341621398926,0.2845001220703125,-0.7993785431855738,-1.2338306851852128,-1.7432279486059006,-2.1913435187062174,-2.2849236738015835,0.9552278101855878,-0.15626156899015278,-1.2575711011886597,0.0006815592447916666,0.1970062255859375,256
defactify,0,0,28342,0.993489018248819,0.9910616220803439,JPEG,0.10394287109375,33.57902526855469,7.818131446838379,256,1.2337791919708252,0.10782825946807861,0.8675917387008667,0.1588507341031817,0.1005786591457873,0.07429328073157065,0.04114936023533853,37.444156646728516,-0.6819870471954346,5.758773326873779,0.5805816650390625,-1.2547607616369234,-1.6859044869850406,-2.1058245399963695,-2.304192365722117,-2.3840106888265,0.5021324746369187,-0.1035271219612762,-1.545943021774292,0.0080108642578125,0.0996246337890625,256
defactify,0,0,23829,0.9848419366058486,0.9905226115018556,JPEG,0.05322265625,52.990753173828125,5.958405494689941,256,1.1186864376068115,0.154929980635643,0.6300729513168335,0.34897616684546817,0.1937914366744807,0.13463953131009088,0.0956846202543473,14.712804794311523,0.044427964836359024,6.976170063018799,0.41094970703125,-0.8347079838458411,-1.519684246529799,-1.9535068456943865,-2.1798305228098203,-2.215491765788342,0.5428280192357118,-0.11122874136206405,-0.8279334306716919,0.0032501220703125,0.140411376953125,256
defactify,0,0,21695,0.9669560915808026,0.9866645227039974,JPEG,0.2792816162109375,25.373615264892578,10.763774871826172,256,1.603432297706604,0.1314326971769333,1.2403112649917603,0.5217515155022812,0.24478227688540616,0.020118292206392423,-0.07879510679851397,47.93527603149414,0.9130922555923462,4.009222030639648,0.664031982421875,-1.203657002738213,-1.9720847956907859,-2.4542578246691766,-2.534974958590718,-2.540928483312948,0.48259166979057433,-0.09188065706150937,-1.188951015472412,0.0011545817057291667,0.121612548828125,256
defactify,0,0,53347,0.9841676089165361,0.9869665202758273,JPEG,0.0040435791015625,46.28840637207031,4.896268844604492,256,1.4301164150238037,0.5324097871780396,0.5050106048583984,0.33665340296333357,0.16219541423284167,0.11229278059382747,0.05905793059253544,13.940832138061523,0.9169436097145081,7.093045711517334,0.283447265625,-0.949640168640804,-1.4113215934620875,-1.8212565159900231,-2.028181418747483,-2.198844618619333,0.629358745344601,-0.1108581220379714,-0.9526596069335938,0.004033406575520833,0.183074951171875,256
defactify,0,0,38257,0.9695974669578187,0.9672547473500964,JPEG,0.0279998779296875,61.98155975341797,5.765518665313721,256,1.1763817071914673,0.27475088834762573,0.5520688891410828,0.17931403002242827,-0.018073720780116712,0.04000636787617377,0.015566118933692294,18.1104679107666,0.9464901685714722,7.605157375335693,0.39031982421875,-1.1723888863587444,-1.6888815346862716,-2.201940204645922,-2.48483147496383,-2.59721507183382,0.6542678163648352,-0.13022875714038307,-1.342441439628601,0.08009847005208333,0.30328369140625,256
defactify,0,0,43672,0.9616877853987144,0.975240920112545,JPEG,0.0445098876953125,55.09000015258789,4.820755481719971,256,1.2892131805419922,0.291450560092926,0.4745701849460602,0.15285171517179946,0.16235665690036513,0.09532854252568171,0.05446656888699295,8.315194129943848,0.10422621667385101,9.08501148223877,0.334014892578125,-1.0055790885569547,-1.4909746801044559,-1.7102662314925476,-1.9044963627902511,-2.055178965114746,0.5311557526034374,-0.08091758124174055,-0.8606561422348022,0.03814697265625,0.3049774169921875,256
defactify,0,0,30155,0.9839910045005064,0.9837601671429934,JPEG,0.0830230712890625,45.10469055175781,7.635007858276367,256,0.9393260478973389,0.1525977998971939,0.8627912998199463,0.48021885732213393,0.4219878355638357,0.3577444984790633,0.2250364777359148,20.81697654724121,0.1691470593214035,7.713071346282959,0.4392242431640625,-0.8597171345495278,-1.477695387480292,-1.7907701118112875,-2.0664031271827623,-2.1027380361331938,0.47963052063040834,-0.0901279875314951,-0.8165766000747681,0.06879679361979167,0.1940155029296875,256
defactify,0,0,22657,0.9734074274778329,0.9801346891875306,JPEG,0.132568359375,49.40426254272461,5.486637592315674,256,0.9456032514572144,0.030145300552248955,0.6639361381530762,0.11007499272246336,-0.13676720210571436,0.03818977573148128,0.011237199878017646,12.998239517211914,0.5415114760398865,5.320239543914795,0.491943359375,-1.2214380074306712,-1.9488566561314231,-2.4986138166402343,-2.8874795352681657,-3.0429282777996445,0.8804073086711037,-0.16387866021284594,-1.6086119413375854,0.007649739583333333,0.1915283203125,256
defactify,0,0,15325,0.9771420946104038,0.982360488077053,JPEG,0.33770751953125,11.258338928222656,11.192619323730469,256,1.4277981519699097,0.0,1.2185981273651123,-0.17554786809245948,-0.002998771562128392,-0.056358921387467856,-0.01787125277998958,59.03927993774414,-0.8284249305725098,2.3856818675994873,0.8014678955078125,-1.2574881158065576,-2.0611216084496498,-2.3087546861602535,-2.5642593859883043,-2.4988985808136652,0.7409598345648138,-0.11148572231245839,-1.1440647840499878,1.0172526041666666e-05,0.03411865234375,256
defactify,0,0,29065,0.9906858871469769,0.9876685216674148,JPEG,0.1084747314453125,37.15896224975586,7.680334091186523,256,1.2732868194580078,0.0755041316151619,0.9201770424842834,0.2075193405727817,0.08622443349315291,0.07220597203078978,0.008532874197424028,24.877655029296875,1.0971269607543945,6.559177398681641,0.4894561767578125,-1.2006247268836248,-1.70593912650416,-2.0588666211973896,-2.2507111451084683,-2.3909007852632804,0.50988799001298,-0.0942170150729474,-1.1495884656906128,0.009699503580729166,0.115264892578125,256
defactify,0,0,52732,0.9944611070481744,0.9901067729592478,JPEG,0.014068603515625,85.93730926513672,4.480708122253418,256,1.1671987771987915,0.18125852942466736,0.4290960431098938,0.25909243346347666,0.01654393773208474,-0.00626650209328068,0.001261134934458601,7.547935485839844,0.3313724994659424,10.464094161987305,0.3436126708984375,-1.1595252142419028,-1.7738393382027269,-2.2203960293129734,-2.4419067617842893,-2.608878748668446,0.6340367005853516,-0.11490403139387202,-1.0600006580352783,0.011627197265625,0.1643218994140625,256
defactify,0,0,26442,0.9815323872943835,0.9735081974190278,JPEG,0.1171112060546875,41.19147491455078,8.432303428649902,256,1.2632777690887451,0.09947437793016434,0.863558828830719,0.37676873181852727,0.41939830903916747,0.25227039225755404,0.05957929271132307,47.97092819213867,1.2621052265167236,6.054297924041748,0.58087158203125,-1.4198628774073718,-1.8679449812655617,-2.654501959911161,-2.939270944642229,-3.1879374665420066,0.8392995492411215,-0.18666723389830278,-1.9011285305023193,0.007359822591145833,0.23175048828125,256
defactify,0,0,26318,0.8892616097336085,0.9643469841112086,JPEG,0.1573486328125,21.90057373046875,9.78996753692627,256,1.4919722080230713,0.1477835774421692,0.9778369069099426,0.3856164095544955,0.15987516091863824,0.1866369819763734,0.03906488526751186,62.71417999267578,0.00959209818392992,2.8985464572906494,0.6763458251953125,-1.2603515685260849,-1.9048091478268487,-2.6845752031830097,-3.0869980762872133,-3.207483645476948,1.0318389489338768,-0.2073616860744053,-2.0144801139831543,0.06270345052083333,0.1686553955078125,256
defactify,0,0,39993,0.9883163145137804,0.983724341221549,JPEG,0.0236663818359375,43.87797546386719,6.996906757354736,256,1.187958836555481,0.18428991734981537,0.7546064853668213,-0.015654192964039436,0.011767595362382307,0.036963002802334374,0.0004434800106026159,31.7169189453125,0.3619042932987213,6.026824951171875,0.46087646484375,-1.2082789293612102,-2.033293877646835,-2.3705155946113745,-2.5739788050334953,-2.717770985822299,0.4632467874502808,-0.09073844592822128,-1.8509538173675537,0.008015950520833334,0.185699462890625,256
defactify,0,0,24383,0.9676665970985547,0.9743995850680559,JPEG,0.110443115234375,38.30842971801758,7.993669033050537,256,1.6409242153167725,0.08828241378068924,0.7077406048774719,0.3162762956948534,0.2980796004203386,0.3374452597734891,0.28028412408769393,22.988967895507812,-0.8685723543167114,4.904394626617432,0.58795166015625,-0.6119450863061466,-1.5576076002549186,-2.0466928230962704,-2.224902036063095,-2.303679813228756,0.6311375112494,-0.11049753827370472,-1.3898537158966064,0.006403605143229167,0.131439208984375,256
defactify,0,0,37435,0.9554989108108646,0.9923834120533213,JPEG,0.0937347412109375,34.16337966918945,6.785526752471924,256,1.3961637020111084,0.08404557406902313,0.7446374297142029,0.17720464566789967,0.02589385187451466,0.06457550811591001,0.028778981687863466,23.323144912719727,-0.02837458997964859,5.690403461456299,0.441436767578125,-1.379803332270427,-1.9218319871248646,-2.4274110948946666,-2.7232843181265327,-2.7765676403875377,0.6625678228710852,-0.13331009604860974,-1.592824101448059,0.026204427083333332,0.1284637451171875,256
defactify,0,0,55682,0.9949240900288222,0.9916993250926602,JPEG,0.02374267578125,41.19501876831055,5.3895697593688965,256,1.1993200778961182,0.32489094138145447,0.7655918002128601,-0.023083067583960466,0.05993718850803854,0.06996680055391873,0.04973185032819091,11.145777702331543,0.2944546043872833,7.663680076599121,0.3679351806640625,-0.7399047712939204,-1.2414641523613659,-1.559334612979229,-1.8033433488327875,-1.912142727762431,0.571380418926986,-0.10153340599318442,-0.8562179803848267,0.0020039876302083335,0.101104736328125,256
defactify,0,0,30460,0.9257533247915727,0.9337198392051688,JPEG,0.0904541015625,29.257381439208984,5.860637187957764,256,0.8820822238922119,0.1744386851787567,0.7191037535667419,0.29771322642713727,0.20702967657163637,0.1103398762777148,0.08076871320144048,159.17523193359375,5.604409217834473,2.4131202697753906,0.645721435546875,-1.580747150213309,-2.7901455009932885,-3.387658218895388,-3.5977996427772654,-3.62903435155277,0.4951760076792011,-0.1205629273549223,-2.5236401557922363,0.10717264811197917,0.2180328369140625,256
defactify,0,0,39723,0.9906004179533262,0.9877558059617155,JPEG,0.2433929443359375,53.621463775634766,5.872446537017822,256,1.1211389303207397,0.03392715007066727,0.9047099351882935,0.16749575126622546,0.04814408839476485,0.06894896056306607,0.04316048862838977,10.74125862121582,0.8154175877571106,10.119526863098145,0.561798095703125,-1.23981411432199,-1.6865695304769837,-1.9692564572721647,-2.1281490452889145,-2.2223419408442577,0.42722455858673847,-0.07843252966437267,-1.0127075910568237,0.019627888997395832,0.2221832275390625,256
defactify,0,0,23389,0.8731610716071196,0.8937216966196968,JPEG,0.1448974609375,13.29051685333252,7.329514503479004,256,0.8686928153038025,0.21873678267002106,0.7908218502998352,0.0037808954984272845,-0.12585632721912643,0.024370039568488006,0.002441321768328041,70.36117553710938,0.9253283739089966,1.0736095905303955,0.785003662109375,-1.5063587453023874,-2.356825125965428,-2.901193440650488,-3.20835548060833,-3.2507773339943578,0.6265343986073102,-0.13372802272733608,-1.9151411056518555,0.00018310546875,0.0469512939453125,256
defactify,0,0,26592,0.9851004643956521,0.9882123690196937,JPEG,0.279632568359375,37.361328125,7.735557556152344,256,1.334077000617981,0.0,0.9313879013061523,0.3690264198886803,0.2725179450114701,0.2581221926447268,0.21411504476589935,27.631412506103516,0.06476259231567383,5.936032295227051,0.6191864013671875,-0.9983251433082607,-1.5589291623210393,-2.0138698681976708,-2.192778151375439,-2.339949721913124,0.6005839833571187,-0.12395088931582936,-1.5187431573867798,0.0084075927734375,0.1436309814453125,256
defactify,0,0,28291,0.9674441506182951,0.9673900529081186,JPEG,0.0446014404296875,34.965797424316406,7.473137855529785,256,0.8715828061103821,0.22733841836452484,0.8087303638458252,0.2818034807919086,0.1276834560853991,0.12206763960043585,0.032309377552696535,26.764005661010742,0.2851651906967163,5.026467323303223,0.5243682861328125,-1.265883252419309,-1.9292183325143721,-2.4989754617287128,-2.740504489067918,-2.8416838706669694,0.6231800667790859,-0.13687063415687975,-1.6127573251724243,0.005930582682291667,0.2118377685546875,256
defactify,0,0,24817,0.7253223495211758,0.6655182515828524,JPEG,0.05035400390625,15.074848175048828,5.162815093994141,256,2.08467173576355,0.4327281713485718,0.719627320766449,0.39067365548541805,0.2530872295119166,0.10697401887176063,0.05365240433517711,23.768959045410156,-1.5997188091278076,0.7960395812988281,0.7451324462890625,-1.6579313336129147,-3.2048801837303236,-3.911697532039764,-3.943811780775114,-4.045856048096988,0.4038866971337409,-0.110286091861818,-2.371706485748291,2.5431315104166668e-05,0.1015625,256
defactify,0,0,39353,0.9781860897770681,0.9651499948440591,JPEG,0.0235595703125,52.9552116394043,5.7590413093566895,256,1.1414934396743774,0.22738729417324066,0.5625765919685364,0.012503539934001842,-0.0192446595015039,0.011164599220063288,0.0026832267077416005,14.454330444335938,0.7381242513656616,7.536678314208984,0.4073486328125,-1.3335872149848065,-1.8216714775228615,-2.2250321989919737,-2.358609260058749,-2.445245174956561,0.4131657749493538,-0.08667351388569326,-1.1391421556472778,0.042856852213541664,0.274993896484375,256
defactify,0,0,42734,0.9581403760253253,0.9824243210421292,JPEG,0.0729217529296875,74.13143920898438,5.407507419586182,256,1.1305488348007202,0.11094185709953308,0.49015361070632935,0.08126506706157005,-0.08185704165839228,-0.012399131652189529,0.007090542758646661,22.205785751342773,0.4001632630825043,6.817764759063721,0.4664764404296875,-0.7028261410970131,-1.6911791302699495,-2.217873295196772,-2.4834029231253973,-2.572058454671116,0.5307438236647268,-0.12454504458522797,-1.170412302017212,0.0164947509765625,0.2412261962890625,256
defactify,0,0,40848,0.992199306962257,0.9897334953615738,JPEG,0.0429840087890625,45.48486328125,6.547290325164795,256,1.2831381559371948,0.14547304809093475,0.7591549754142761,0.2015036211861612,0.2097144540281021,0.10067743730612454,0.0807709807369853,15.485187530517578,-0.07775099575519562,8.162961959838867,0.4249114990234375,-0.899088257061754,-1.3657914222787078,-1.608809698567387,-1.776061267823641,-1.8692735092868205,0.3919859039697311,-0.08056810947998568,-0.7603480815887451,0.0092620849609375,0.147613525390625,256
defactify,0,0,63502,0.9948743761536603,0.9907378087213237,JPEG,0.0433349609375,75.21710968017578,4.946581840515137,256,1.249502420425415,0.1890721470117569,0.48630470037460327,0.3685583467383959,0.3264927182198497,0.2264760373206449,0.11800881884426857,10.26390552520752,-0.2524160146713257,10.939186096191406,0.366790771484375,-1.1334236549944565,-1.4513992746300595,-2.027054175409323,-2.2809404558943154,-2.3499203296034397,0.6285758104040129,-0.13413372484355782,-1.171260118484497,0.006902058919270833,0.20147705078125,256
defactify,0,0,16421,0.9722841568070185,0.9852705160664471,JPEG,0.455596923828125,19.425682067871094,11.416719436645508,256,0.937079906463623,0.0,1.4652562141418457,0.039098402363089674,-0.04058584946688143,-0.009715447775426404,0.0074225710453465436,43.756771087646484,1.0308277606964111,4.345309257507324,0.749420166015625,-1.3973541598421928,-2.013966233415492,-2.4075764137182,-2.7467454829887457,-2.8249761756286134,0.6562859698397672,-0.12300786696414244,-1.7212504148483276,0.0017801920572916667,0.16229248046875,256
defactify,0,0,35447,0.9889476026943019,0.9845437329731817,JPEG,0.2332916259765625,47.593223571777344,7.843210220336914,256,1.2140066623687744,0.03156762942671776,0.9437534213066101,0.3219814545119326,0.1494541587572077,0.13999999757289122,0.11475084463800295,25.17667579650879,-0.15034794807434082,6.1832122802734375,0.58587646484375,-0.9597067452139365,-1.7398154214348533,-2.1761960747683835,-2.469202494387093,-2.694340755795878,0.7629159219217101,-0.13580423375976694,-1.3778841495513916,0.009862263997395834,0.1310882568359375,256
defactify,0,0,30319,0.9867663419010663,0.9906104109302427,JPEG,0.0936431884765625,42.961341857910156,6.510870933532715,256,1.3850133419036865,0.0,0.7521100044250488,0.25514652106489816,0.08444235515647508,0.12642907084382154,0.01767557175577628,23.470523834228516,1.2468172311782837,6.911594390869141,0.404266357421875,-1.3471341887886545,-1.597358504513621,-2.178314658696676,-2.44499789202676,-2.5199127425594403,0.5497643114551511,-0.13549996904149797,-1.4513434171676636,0.0010274251302083333,0.1660308837890625,256
defactify,0,0,17040,0.9776418569813912,0.9791930671248474,JPEG,0.12738037109375,18.62200164794922,8.51474666595459,256,1.4427293539047241,0.19508880376815796,0.8976266980171204,-0.03587851524779322,-0.03924294120238371,0.006802165859708439,0.005117711315799284,57.95977020263672,0.9224814176559448,2.6886942386627197,0.6827239990234375,-1.16437687487411,-1.9209457479918797,-2.4798282289814786,-2.805504982439669,-2.9565020834090925,0.8041683519422973,-0.15612926823232656,-1.924752950668335,0.0002492268880208333,0.0702667236328125,256
defactify,0,0,18006,0.920488894915247,0.9000274500697307,JPEG,0.1572723388671875,21.289318084716797,7.927138328552246,256,1.0518081188201904,0.12382683902978897,0.9466143846511841,0.5893572240042954,0.37189916799162603,0.24127980679204147,0.04895299408611873,53.36023712158203,-0.39533936977386475,2.3112473487854004,0.7072601318359375,-1.4611894250548652,-2.0545331688134967,-2.6920762635671585,-3.083930191871212,-3.135238575014969,0.8297556122078218,-0.16844272547291544,-2.0948355197906494,0.00014750162760416666,0.1381378173828125,256
defactify,0,0,32976,0.995737343206295,0.9966924004406653,JPEG,0.2872314453125,45.96770477294922,6.957936763763428,256,1.220757007598877,0.0,0.8964446187019348,0.2683091884643917,0.3194964569756699,0.21389587632216064,0.12350836855471187,16.123735427856445,-0.02325027994811535,9.575345993041992,0.5634613037109375,-1.104713521933423,-1.6736749534023643,-1.967659629165924,-2.1898868169450845,-2.277063969579432,0.42949335112025366,-0.0890149860922508,-1.1706949472427368,0.0036824544270833335,0.1031646728515625,256
defactify,0,0,58225,0.9905282071055623,0.9878475376943947,JPEG,0.009063720703125,55.27075958251953,5.686136722564697,256,1.1618859767913818,0.33511412143707275,0.5445560812950134,0.24916751986180002,0.15957676589271627,0.10920064060289697,0.0228092271673613,14.527118682861328,0.8733927607536316,7.534113883972168,0.3340911865234375,-1.278363324350054,-1.7069837717997212,-2.001881162113473,-2.2127694283387234,-2.3533831163009156,0.6092675640328178,-0.10037387921641028,-1.1513067483901978,0.012491861979166666,0.1765899658203125,256
defactify,0,0,37344,0.9814037291900162,0.9860012307928016,JPEG,0.0494842529296875,60.874122619628906,6.443012237548828,256,1.0728267431259155,0.30169209837913513,0.6135810613632202,0.01461261445121989,0.06437694228953784,0.010252224356222644,0.018163017939729072,15.879858016967773,0.6303636431694031,8.747233390808105,0.3694915771484375,-1.316384998328763,-1.8984962268153645,-2.2357095355877217,-2.461482514532607,-2.6077258839599544,0.5227031627297078,-0.10055546137298653,-0.9951510429382324,0.009165445963541666,0.2337188720703125,256
defactify,0,0,19971,0.9719876191329291,0.9803766691039202,JPEG,0.1314544677734375,23.449296951293945,9.724600791931152,256,1.5503591299057007,0.14249113202095032,0.9834030866622925,-0.12419548342874676,-0.14435184902395023,0.0912228227875222,0.04647338961787334,108.22314453125,-4.851190567016602,3.8455371856689453,0.6461181640625,-1.5721662718659974,-2.103605554835445,-2.71426420732369,-2.9773873328339233,-3.0853538666667717,0.6341218289392234,-0.13894271418637416,-1.8670499324798584,0.0003814697265625,0.0916900634765625,256
defactify,0,0,24989,0.8544446968260849,0.8323984368034916,JPEG,0.30621337890625,5.666107177734375,6.000591278076172,256,2.732217788696289,0.3422846794128418,0.8973607420921326,0.19886844580950483,0.1464522248011862,0.03751988743381704,0.018762906310804038,395.18304443359375,9.132200241088867,0.7442092299461365,0.8284912109375,-1.0623309620524441,-1.9194715030051128,-2.5175524212435554,-2.5224567467299965,-2.5997486251506143,0.304739014509662,-0.09079264966224646,-1.1647381782531738,0.08986918131510417,0.015289306640625,256
defactify,0,0,25732,0.9938298981812267,0.9959529357685388,JPEG,0.0826416015625,42.52656555175781,5.853061676025391,256,1.0188453197479248,0.11322453618049622,0.6506636142730713,-0.45442105732019167,0.4268138063789604,0.027564939526388995,0.0133381566245151,18.522321701049805,0.9083600044250488,11.277050971984863,0.413421630859375,-1.183932830477512,-1.6317914402294802,-1.956032057444279,-1.58249588236181,-1.4811450722718105,-0.2409077366438197,0.022571401818546756,0.0725991353392601,0.033009847005208336,0.1593017578125,256
defactify,0,0,28843,0.9762093717207689,0.9875060438693782,JPEG,0.045440673828125,40.63458251953125,7.326135635375977,256,1.2668033838272095,0.12327742576599121,0.8304793834686279,0.18200020724115393,0.0542051433592424,0.0585997327629293,0.015334912884323749,28.834243774414062,0.932655930519104,5.150429725646973,0.514434814453125,-0.9950026565480119,-1.5824781596339221,-2.242575628021516,-2.646738114786383,-2.7244952367450104,0.7860361256267465,-0.17061148799630155,-1.5851833820343018,0.0029093424479166665,0.155975341796875,256
defactify,0,0,15646,0.9575123108331088,0.9511857086282863,JPEG,0.3820953369140625,14.158635139465332,11.231450080871582,256,0.9386823177337646,0.14297495782375336,1.3095377683639526,0.14230007270706097,0.00819334941143448,0.06146416187019243,-0.012173971869638239,125.94314575195312,3.1071910858154297,2.478543996810913,0.796417236328125,-1.6119935608403972,-2.3352249333151445,-3.019241590248856,-3.2711731679597165,-3.3177296812807215,0.65455773983334,-0.14708557887677753,-2.356070041656494,0.006718953450520833,0.0728607177734375,256
defactify,0,0,75517,0.9838824095610627,0.9878465018773678,JPEG,0.007080078125,68.65771484375,4.582911014556885,256,1.0165971517562866,0.40688031911849976,0.41860446333885193,0.08891490857919294,0.05710802735821537,0.04321456669932802,0.014473390835764068,8.869446754455566,-0.3780305087566376,8.569276809692383,0.27197265625,-1.1141300980834172,-1.6591048887772564,-2.1747870327625627,-2.3117657995299963,-2.3632985227700454,0.4256495370268434,-0.10250176262622542,-1.0634454488754272,0.0009307861328125,0.291290283203125,256
defactify,0,0,26686,0.877405531371373,0.9262863880675242,JPEG,0.289794921875,31.468856811523438,9.43049430847168,256,1.9688174724578857,0.03152811899781227,1.0836889743804932,0.7391735931521104,0.6214300907243975,0.45280813684285254,0.17988809494929336,34.75537872314453,1.5346328020095825,5.2862348556518555,0.647918701171875,-1.2994494551932183,-1.9417536406679288,-2.139523495777633,-2.470393003437282,-2.6087606070293647,0.5872227808437938,-0.09590191058337817,-1.3190152645111084,0.142578125,0.1905670166015625,256
defactify,0,0,46002,0.9733166982453455,0.9914248956621277,JPEG,0.0252685546875,50.42473602294922,6.226963520050049,256,1.3142828941345215,0.27914199233055115,0.5718047618865967,0.27223590593884023,0.19299675632264673,0.17825123986907485,0.10069007966436395,23.955739974975586,-0.7578989863395691,7.233622074127197,0.4199981689453125,-1.3540583873644927,-1.7773758346025748,-2.099324379672841,-2.46175294753945,-2.425700551281267,0.4758056666318362,-0.102569137333439,-1.1062676906585693,0.002960205078125,0.1652679443359375,256
defactify,0,0,42476,0.9767535522444722,0.9802419413330574,JPEG,0.04107666015625,55.536251068115234,4.948078632354736,256,1.199769377708435,0.2197863608598709,0.43466442823410034,0.23038783329653137,0.26586519756922605,0.1499194482667444,0.012188244310686575,13.824710845947266,-0.6229974031448364,8.173089981079102,0.4095916748046875,-0.9314542523787628,-1.6096924028175206,-2.0044914001752145,-2.0616165105981272,-2.170575747554678,0.42571071152911877,-0.07738041738838146,-0.9698605537414551,0.010091145833333334,0.2574310302734375,256
defactify,0,0,30192,0.9151046047829964,0.9676300695358644,JPEG,0.1160125732421875,52.295196533203125,6.122096061706543,256,1.4157114028930664,0.0527980774641037,0.8210398554801941,0.4265608639182785,0.3838812347852984,0.33897090711587174,0.26788969980273114,23.30817222595215,1.431868553161621,7.017672061920166,0.520355224609375,-0.7752827021301449,-1.70895526799581,-2.0420011632050574,-2.2946999165612736,-2.381492530207316,0.4240859851766743,-0.10625456820542171,-1.1603147983551025,0.015070597330729166,0.228118896484375,256
defactify,0,0,29632,0.9930304356850607,0.9959707079800602,JPEG,0.12164306640625,51.13505172729492,7.029231548309326,256,0.9640637040138245,0.04854735732078552,0.822625458240509,-0.10686821093580057,0.016177497125856623,-0.005751177040313952,0.08781320639859906,22.194259643554688,1.3207569122314453,9.336291313171387,0.396087646484375,-0.5782196699381688,-1.4138531740702165,-1.3806975410965903,-1.8392547700068134,-1.824585310837044,0.3695639468508025,-0.07188537782329554,-0.792927086353302,0.0059814453125,0.1290740966796875,256
defactify,0,0,36493,0.9563789072788897,0.9726136739213753,JPEG,0.2407989501953125,35.601985931396484,7.471385955810547,256,1.2366245985031128,0.0,0.9089437127113342,0.058737682205920905,-0.10771877784051055,-0.005909065391218767,-0.013909959710867042,28.936250686645508,0.29684028029441833,4.200153350830078,0.58502197265625,-1.5798805689257556,-2.2821609550120385,-3.0040590376958987,-3.329758544845519,-3.3960987393691253,0.6804297409338806,-0.15925494925001996,-2.480794906616211,0.025533040364583332,0.1949310302734375,256
defactify,0,0,29376,0.9947170724236122,0.9978005880086819,JPEG,0.0647125244140625,54.63178634643555,6.993128776550293,256,0.8277040123939514,0.42435917258262634,0.7039312124252319,0.2680485284385374,0.19066780961385915,0.12637982497222222,0.05789399115833895,12.17929458618164,0.04668199643492699,9.55100154876709,0.318603515625,-1.2936632309546976,-1.0114623378765666,-1.6309208886191406,-1.6900614757561003,-1.5998947872771474,0.17581330786999239,-0.09028998002466085,-0.8896651864051819,0.0035146077473958335,0.092987060546875,256
defactify,0,0,22515,0.8138919199873852,0.9116725383068812,JPEG,0.410980224609375,22.10498046875,12.302814483642578,256,1.478606104850769,0.0,1.384162187576294,0.17369163987701505,0.005641834820245856,0.0408869278796394,-0.006012488803980654,48.22648239135742,1.2819026708602905,2.492861747741699,0.7530517578125,-1.6820062975271384,-2.5443057476077895,-3.161718863265314,-3.3750412483291274,-3.5579185471038777,0.768105852124811,-0.143998083925406,-2.7444472312927246,0.4130910237630208,0.191802978515625,256
defactify,0,0,43907,0.9582300704546132,0.9091675747296776,JPEG,0.084442138671875,51.542457580566406,5.530827522277832,256,1.2358922958374023,0.06202178820967674,0.6852779388427734,0.2736203756527501,-0.041914986205901464,0.021668722647003296,0.00936380137590117,20.201574325561523,0.682158350944519,4.676243305206299,0.5002899169921875,-0.9694424288069854,-2.1443610229815446,-2.911638494278538,-3.2180156287516004,-3.3188868989602227,0.7722664298117836,-0.17302705519736822,-1.9063851833343506,0.010859171549479166,0.2869415283203125,256
defactify,0,0,33890,0.9684196426391519,0.9522483280276762,JPEG,0.025909423828125,47.267921447753906,5.438445091247559,256,1.0098527669906616,0.19984517991542816,0.53640216588974,0.061991775240231646,0.02918319956609414,0.057664857192245976,0.04754749004348552,27.61008071899414,0.03325745835900307,4.817137241363525,0.502899169921875,-1.411384704582165,-2.1302909576674027,-2.6957907633467144,-2.8984647106643147,-3.0115012254296474,0.7563372162601327,-0.1292224532591742,-1.4073100090026855,0.035736083984375,0.1765289306640625,256
defactify,0,0,62061,0.9981548254105358,0.9978770255684167,JPEG,0.0104217529296875,77.26837921142578,4.788043022155762,256,1.0859092473983765,0.19593825936317444,0.5543988347053528,0.013241802041875982,-0.08941717546074236,-0.0055164537894931455,0.004159923640406251,8.064352989196777,0.9469220042228699,13.96385383605957,0.2834625244140625,-0.9277549555594167,-1.3542307425358517,-1.583460147814736,-1.7712071530790103,-1.8391673875314822,0.3904353803890981,-0.07477084502148502,-0.6927836537361145,0.023228963216145832,0.08056640625,256
defactify,0,0,34093,0.9742794183251574,0.9761167299159902,JPEG,0.0335235595703125,38.41213607788086,6.497868061065674,256,1.55135977268219,0.22486037015914917,0.6913793087005615,0.4181636336697641,0.11663184438087094,0.0622618583505776,0.004722431578433993,31.020843505859375,1.008599042892456,4.2211174964904785,0.534332275390625,-1.355367820613023,-2.115219271136155,-2.605338264589724,-2.8286929804729297,-2.951801862920111,0.5983714023543643,-0.12361654973995453,-1.9803770780563354,0.014561971028645834,0.16632080078125,256
defactify,0,0,54525,0.9942211914122148,0.9968302631058596,JPEG,0.0039825439453125,61.636146545410156,5.419961452484131,256,1.2441149950027466,0.2868686020374298,0.5901331901550293,0.2875969008316649,0.14863229895165705,0.10207632758980312,0.060267782127421815,8.401399612426758,0.4587240517139435,9.777973175048828,0.252471923828125,-0.9527491731832765,-1.2311915885703888,-1.7268275212607387,-2.0346832835334947,-1.8797312763672478,0.4072228759462,-0.11150106160281,-0.9516705274581909,0.00140380859375,0.1418304443359375,256
defactify,0,0,19424,0.9943269454370331,0.9950973123757613,JPEG,0.61627197265625,11.785247802734375,23.805679321289062,256,1.0048822164535522,0.0,2.130481243133545,-0.12001157599770715,0.10439620520153935,0.028843116020382503,-0.003103522806035467,60.3354377746582,0.5668708086013794,3.3538460731506348,0.886962890625,-1.3507437058902427,-2.159939641682665,-2.4810314071326722,-2.7120686551715636,-2.766264332915765,0.412443188333083,-0.09663176053247784,-0.9381689429283142,0.0002848307291666667,0.0183868408203125,256
defactify,0,0,32615,0.9879284105732501,0.9921725810922846,JPEG,0.114654541015625,36.57106399536133,8.07690715789795,256,1.2214339971542358,0.09856036305427551,0.8614058494567871,0.17883332710253316,0.041898672197947136,0.02479881628321813,0.022449615296591577,28.66815948486328,0.5348548293113708,5.727144241333008,0.513397216796875,-1.1687365284352547,-1.7043678985145556,-2.1677337601845785,-2.5169490949219293,-2.6196960118937076,0.986685602717631,-0.15287482167224922,-1.626301884651184,0.0017496744791666667,0.1055145263671875,256
defactify,0,0,40859,0.993021499581841,0.9815215620974905,JPEG,0.09100341796875,70.41365814208984,4.552820205688477,256,1.1703484058380127,0.024320514872670174,0.4705635905265808,-0.024867029037498302,0.21290271844008618,0.11127387213987827,0.052924780053471905,8.152538299560547,0.5631453990936279,10.833795547485352,0.362884521484375,-1.0216743366669796,-1.5291336378497373,-1.9377693174582404,-2.0496529891976367,-2.2598038351380136,0.5101280430459019,-0.09335535318072044,-0.8526847958564758,0.0004018147786458333,0.2386627197265625,256
defactify,0,0,63922,0.9886312612062292,0.988240362994612,JPEG,0.0012664794921875,76.10127258300781,3.6238694190979004,256,1.2000504732131958,0.5045074224472046,0.32885321974754333,0.21276104775892793,0.006449886845844841,0.009356238645616851,0.012073483840195525,4.142342567443848,0.11942007392644882,9.09858226776123,0.23907470703125,-1.0112932303912308,-1.3823122209801681,-1.7737528547382189,-2.0908218463282253,-2.186617088151798,0.6284478350782985,-0.11895837284144081,-0.8344693183898926,0.0025533040364583335,0.2714996337890625,256
defactify,0,0,37887,0.9906062571743391,0.9850364283946623,JPEG,0.027740478515625,41.42351150512695,4.44072151184082,256,1.1637070178985596,0.1675187647342682,0.5840396285057068,-0.15634802639623652,-0.0055648066178806575,0.002901358230087923,-0.02154452672657222,9.624460220336914,1.8727320432662964,6.589646339416504,0.431854248046875,-1.1814389400897438,-1.529711124332815,-1.978967609736844,-2.1024285389105986,-2.1679409983298648,0.40430248844491334,-0.1006905475170099,-1.084694743156433,0.036290486653645836,0.1416168212890625,256
defactify,0,0,36478,0.9945998908088785,0.9939725385224508,JPEG,0.1966400146484375,25.74176788330078,11.149614334106445,256,1.3373323678970337,0.2145906239748001,1.1070914268493652,0.065088283430825,0.01573110735462451,-0.02654540490783534,0.027006858009694996,30.039794921875,-2.232750654220581,7.263388633728027,0.6809539794921875,-0.943337199433885,-1.3526997549068076,-1.669416313573926,-1.780602276285559,-1.8861179732398297,0.24721358804188043,-0.07240878457315397,-0.6011423468589783,0.0010630289713541667,0.076812744140625,256
defactify,0,0,29572,0.9961648049659872,0.9970572584005811,JPEG,0.033721923828125,72.52392578125,6.1502509117126465,256,0.9373369812965393,0.0998883992433548,0.5217314958572388,-0.009607566775360872,-0.0560369546736314,0.003927049944732682,0.010820381482317953,12.289381980895996,0.633641242980957,9.50816535949707,0.3773651123046875,-1.200881352421474,-1.806599787996773,-2.214978398004316,-2.3913390401106502,-2.5451133640681496,0.5018227017744863,-0.1021133208367386,-0.9479677677154541,0.005126953125,0.059600830078125,256
defactify,0,0,46960,0.9624305358835753,0.9836644868369696,JPEG,0.0699005126953125,68.96990966796875,4.853479385375977,256,1.0344204902648926,0.053883250802755356,0.5367099046707153,0.12780969151193575,0.045788886543581264,0.09958636526301963,0.028950206223334846,8.278236389160156,0.3071442246437073,9.978798866271973,0.3245849609375,-0.978776101285411,-1.5855722965601364,-1.9126078844404102,-2.11642764710413,-2.2225200052880147,0.5556339725275681,-0.09743043785881621,-0.8095465898513794,0.040130615234375,0.2906036376953125,256
defactify,0,0,40398,0.9837984732563654,0.9705547365961397,JPEG,0.008514404296875,52.288665771484375,5.484178066253662,256,1.4329057931900024,0.34154218435287476,0.5753816962242126,0.3198413466871172,0.262792141128876,0.2147027048518244,0.13295725658019272,13.164264678955078,0.4537414312362671,6.917226314544678,0.3219146728515625,-0.9125965097777122,-1.4612588480136441,-1.9648952891021825,-2.140665412218744,-2.235841371970391,0.5843446753924031,-0.11028986372390852,-1.0870740413665771,0.0053558349609375,0.186492919921875,256
defactify,0,0,19242,0.9220446284131208,0.9178459324647859,JPEG,0.114715576171875,37.75486373901367,7.91801643371582,256,0.8892799615859985,0.07370755076408386,0.7442967295646667,0.11474784834502988,-0.027929836638337632,0.06126181323627417,0.023956077525783086,22.907520294189453,0.6786742806434631,3.2626187801361084,0.5471954345703125,-1.0175121329397898,-2.1056552965175754,-2.778433096871754,-3.2533433267167284,-3.2916691424144746,0.9615457441757176,-0.19043115208194078,-2.164856195449829,0.028096516927083332,0.21490478515625,256
defactify,0,0,31501,0.9308879180334391,0.906267550472505,JPEG,0.058807373046875,24.206668853759766,7.247660160064697,256,1.5463175773620605,0.21511997282505035,0.7805217504501343,0.20790776031509195,0.10525153818349697,0.063411360506453,0.016948095256957563,77.98494720458984,1.2152551412582397,1.9373258352279663,0.6672210693359375,-1.3705286363772782,-2.3813123520199646,-3.0086447673215613,-3.2480385058355123,-3.369264938958646,0.7125666236213677,-0.14289936756302432,-2.199098825454712,0.0007120768229166666,0.1674652099609375,256
defactify,0,0,46746,0.9667357946957369,0.9405765872283075,JPEG,0.0751953125,35.95161437988281,9.491175651550293,256,1.240363359451294,0.16379819810390472,0.9129801392555237,0.10725597082819473,-0.029759409294995213,-0.028090535075372153,-0.020115064050280074,24.55868911743164,-0.4918574094772339,5.547321796417236,0.524383544921875,-1.3585719699037382,-1.9887580502039057,-2.3225488246087727,-2.6657782134699417,-2.748914895468392,0.5421887680810418,-0.10878452495229063,-1.353595495223999,0.055363972981770836,0.28326416015625,256
defactify,0,0,63900,0.9855110843800371,0.9805957833826034,JPEG,0.0078582763671875,79.76421356201172,4.016959190368652,256,1.124085783958435,0.27573907375335693,0.4021916389465332,0.09873256821477071,-0.01471117640692253,0.1572197489422371,-0.01057803686508075,4.289929389953613,-0.04644445329904556,11.566749572753906,0.250457763671875,-0.7592974978619855,-1.2215252710088995,-1.4192276175684198,-1.9569612211842173,-2.021171131209054,0.2778589257878634,-0.08899028852685487,-0.9066348671913147,0.009857177734375,0.334197998046875,256
defactify,0,0,24676,0.9822629740888636,0.9811445690106063,JPEG,0.3492584228515625,18.61202621459961,10.698623657226562,256,0.7966238260269165,0.24648888409137726,1.3144886493682861,0.2722716662061291,0.16220710155645016,0.19151260907712153,0.14539417086306972,43.710426330566406,0.0415683388710022,3.9133152961730957,0.788970947265625,-0.8265139251991958,-1.584661039942942,-2.011596526368119,-2.1496955189622646,-2.2522936857297235,0.5136132966263087,-0.09809454294734754,-1.2265753746032715,2.5431315104166668e-05,0.0915069580078125,256
defactify,0,0,57644,0.9936899575625076,0.9856416265782191,JPEG,0.0466766357421875,54.65983200073242,6.517270565032959,256,1.1222723722457886,0.07335460931062698,0.7235994935035706,0.058705305748089805,0.030282402421713945,-0.03707833051348061,-0.01746233354023542,15.05966567993164,0.9394291639328003,8.004448890686035,0.42083740234375,-1.2039564546007524,-1.8728312338837707,-2.3070856892932774,-2.5363899849607536,-2.642446735947969,0.583242057105954,-0.113961121955089,-1.4681397676467896,0.024851481119791668,0.1676177978515625,256
defactify,0,0,19062,0.9663606715661799,0.967975555234803,JPEG,0.4838714599609375,20.442241668701172,12.35436725616455,256,0.9505548477172852,0.0,1.2823131084442139,0.09815337116938459,-0.07761004643622704,0.005770717986105101,0.0014575827532495426,42.83219909667969,0.27391108870506287,2.4909558296203613,0.743988037109375,-1.6119263139205007,-2.35272066656443,-3.0270192386457717,-3.2761398993574407,-3.357471633176237,0.655769192532941,-0.14777311550833164,-2.279193878173828,0.000213623046875,0.0708160400390625,256
defactify,0,0,32757,0.9587384853750734,0.9571493703264203,JPEG,0.08673095703125,54.063697814941406,6.581008434295654,256,1.0876203775405884,0.10888361930847168,0.6668372750282288,-0.10928891588901835,-0.010813875699191794,0.04080664503463787,0.002522074775618576,20.37649917602539,1.3487552404403687,7.231072425842285,0.4651641845703125,-1.263491780613407,-1.899222954685932,-2.281661870480516,-2.4888405507362714,-2.5735677805489825,0.48080652193888174,-0.09814504693230257,-1.1801036596298218,0.12163798014322917,0.3741607666015625,256
defactify,0,0,25070,0.9640121802347086,0.9868745174601863,JPEG,0.0095672607421875,33.76423263549805,5.16413688659668,256,0.9569969177246094,0.41597452759742737,0.6269198060035706,0.49274203156080265,0.18571651046856702,0.044381715766146024,0.022400359704852043,11.660360336303711,-0.39977511763572693,2.302340030670166,0.5151519775390625,-1.0097366906061982,-2.0642432493923124,-3.2207068520353754,-3.4833386786559775,-3.549715535583415,0.7505641408035508,-0.21119118282496166,-2.3354945182800293,0.0006357828776041666,0.086151123046875,256
defactify,0,0,29103,0.9085067849225505,0.9215094422600993,JPEG,0.075775146484375,26.340618133544922,6.901758193969727,256,0.9163854122161865,0.13279832899570465,0.7258594036102295,0.40508748749987733,0.23126847770422806,0.08179861267923616,0.051551906808086904,144.76470947265625,-4.3663835525512695,2.8368821144104004,0.7202301025390625,-1.4511362985946707,-2.517836722781139,-2.6050008132281803,-3.038200692425053,-3.2638379932031683,0.7452587334799388,-0.10145947943203949,-1.8682197332382202,0.007970174153645834,0.27874755859375,256
defactify,0,0,70817,0.957868275292896,0.995055157098468,JPEG,0.0059356689453125,107.10660552978516,3.0704681873321533,256,1.0833137035369873,0.44662389159202576,0.2594437003135681,0.1324235826661703,-0.04634293377628715,0.0008818489947056068,-0.004430564744606198,2.958181381225586,0.23334740102291107,14.463010787963867,0.2089691162109375,-0.8160193675986358,-1.2851103189623991,-1.6167074153142442,-1.8223083550947754,-1.9501181848643272,0.5029398956193534,-0.09273873465511227,-0.7972432971000671,0.08102925618489583,0.266998291015625,256
defactify,0,0,17782,0.9702795912175419,0.9837542946232277,JPEG,0.3057403564453125,8.966584205627441,9.82168960571289,256,1.588971495628357,0.2046358436346054,0.9406583905220032,0.04775462514458337,0.0735333293184054,0.06018451102746944,0.05752470447375002,76.04792785644531,-0.07750073075294495,1.6443171501159668,0.8025970458984375,-1.1493983151224025,-1.815853347213567,-2.282067539729738,-2.6132159522087877,-2.6330913233129936,0.5853777571875503,-0.12404374992561777,-1.3195648193359375,3.0517578125e-05,0.0207672119140625,256
defactify,0,0,15188,0.9563901605345193,0.9287476215473798,JPEG,0.413909912109375,9.988855361938477,11.747655868530273,256,1.77748441696167,0.21167446672916412,1.3014706373214722,0.48554412489255694,0.18598279062855821,0.0343932314937282,0.1342790900139308,69.78125762939453,2.250542640686035,1.1933141946792603,0.8577423095703125,-1.4656377503714477,-2.5132491768992633,-3.4511158327282967,-3.6664017541691196,-3.6691181452429475,0.5897247954441349,-0.16384395547006514,-2.355660915374756,0.00022379557291666666,0.0472259521484375,256
defactify,0,0,19850,0.9330846196310927,0.974967667420091,JPEG,0.2544708251953125,20.749778747558594,9.259909629821777,256,1.0111587047576904,0.11109907925128937,0.9647026658058167,-0.04787422764082118,-0.08551363101173157,0.011739468985061462,-0.0021466655136157266,70.66175079345703,-1.501706838607788,2.9848453998565674,0.685211181640625,-1.6333281926763341,-2.2079467585215893,-2.6098557114360768,-3.0814912549096016,-3.057438118016626,0.3754120472889282,-0.12524270268323517,-2.0257551670074463,0.1710205078125,0.0778961181640625,256
defactify,0,0,34135,0.9870284944270592,0.9940052286913247,JPEG,0.0290069580078125,56.08116912841797,5.689491271972656,256,1.2948970794677734,0.23965899646282196,0.5936155319213867,0.44514664744134685,0.38355367271995294,0.3519014942613717,0.28735388079059443,11.93232250213623,-0.08818557113409042,9.06949520111084,0.35748291015625,-1.0277664815090741,-1.1401384966659522,-1.7424423549899775,-1.951949330397757,-2.0434508387878427,0.6037575741471386,-0.13036236299512147,-1.1078404188156128,0.0081024169921875,0.209228515625,256
defactify,0,0,15725,0.9837126974158318,0.9837619834314257,JPEG,0.157440185546875,24.211360931396484,9.91579818725586,256,0.8166409134864807,0.19492556154727936,1.0704792737960815,0.3268633955700698,0.12472611260293036,0.17956050136548088,0.1436351643142145,69.45695495605469,4.958767414093018,3.27339768409729,0.6750335693359375,-1.2849371120375723,-1.886000030405321,-2.743224186457444,-3.1191760667850703,-3.2456790143726577,1.0084616871110113,-0.19926524011416735,-2.354421377182007,0.0009256998697916666,0.0828857421875,256
defactify,0,0,69278,0.982001669707857,0.9821086870020633,JPEG,0.1248779296875,65.07928466796875,5.072320938110352,256,1.0781265497207642,0.022356996312737465,0.6117740273475647,0.0859006019381881,-0.05022888326284577,-0.0033782528623348324,0.000324039873714497,11.312726020812988,0.9318549036979675,8.701566696166992,0.3685760498046875,-0.6802045883335115,-1.1661037844917796,-1.605331648460349,-1.8416164490947189,-1.9869538034595147,0.6125518603623652,-0.11674308754591695,-0.848728358745575,0.009648640950520834,0.2965087890625,256
defactify,0,0,49740,0.9896726812408935,0.9923481912158839,JPEG,0.0572967529296875,63.6710319519043,5.2997822761535645,256,1.1853597164154053,0.07479877024888992,0.5919263362884521,0.3477350229118946,0.2960984192809009,0.2529547759053174,0.08483802329528814,14.04966926574707,0.5179353952407837,10.869673728942871,0.4270477294921875,-0.9444935033418478,-1.29587939381575,-1.9019224755099104,-2.0759889856024776,-2.0658047051568236,0.47397704544137564,-0.11501943760562464,-1.0127899646759033,0.053807576497395836,0.2022552490234375,256
defactify,0,0,40625,0.9925474432583488,0.9677379872725718,JPEG,0.0095062255859375,82.61405944824219,4.127937316894531,256,0.928920567035675,0.3923282325267792,0.3485121428966522,0.14146155148361542,0.26492528800009607,0.16263572164566875,0.10858547307405302,6.277105331420898,0.2730255126953125,13.317805290222168,0.235260009765625,-0.9868135376190859,-1.4391513678239773,-1.7493765581511216,-1.8969184741046217,-2.0188114366463417,0.4330255087981323,-0.0749814216602941,-0.5807561874389648,0.0135040283203125,0.2662353515625,256
defactify,0,0,29946,0.9404567625707329,0.933779640517663,JPEG,0.049652099609375,27.172487258911133,6.055868148803711,256,1.4157131910324097,0.1751285195350647,0.7430357933044434,0.11770337695689535,-0.10210474728000797,0.015003427877836957,0.01870467293477651,42.35300064086914,1.1427559852600098,2.1157331466674805,0.642303466796875,-1.4582144945517541,-2.4097586602466388,-3.2983266192537526,-3.502417524833983,-3.5827668835262303,0.7341658345262161,-0.17038472210220068,-2.2220563888549805,0.004511515299479167,0.1658172607421875,256
defactify,0,0,23203,0.990653601737831,0.9973167514515769,JPEG,0.1888427734375,45.67813491821289,5.343338966369629,256,0.9545036554336548,0.035093821585178375,0.7111780643463135,0.1854252417277008,-0.054662245945269895,0.05968602148932971,-0.007623239935720726,11.06425666809082,0.3325367867946625,7.946808338165283,0.53448486328125,-0.9469472322468189,-1.3651229535262779,-1.7882097233547904,-2.0561719742271514,-2.1555663095896707,0.6330836644787343,-0.12169065260417257,-0.8579668402671814,0.0003611246744791667,0.080413818359375,256
defactify,0,0,47718,0.9822190179531767,0.9765531127615099,JPEG,0.0967559814453125,58.606163024902344,5.99984073638916,256,1.255400538444519,0.07425443083047867,0.5975400805473328,0.21600213316463535,0.072805503441351,0.07439512988353682,0.014234044580170326,11.779816627502441,0.2957349121570587,9.507760047912598,0.3797760009765625,-1.2225950572415627,-1.7368832549025512,-1.9683444805116794,-2.079389932105842,-2.251815417119041,0.6264284619073628,-0.07596901101273051,-0.9573398232460022,0.025517781575520832,0.2924346923828125,256
defactify,0,0,57459,0.9877876226091781,0.9684328583369416,JPEG,0.0092315673828125,70.70252990722656,5.175591945648193,256,1.161083459854126,0.21852941811084747,0.5405904650688171,0.05411326508310904,-0.012384013892211155,0.0141667011519333,0.016494248947997905,12.544273376464844,1.047486662864685,9.768872261047363,0.3355255126953125,-1.002770481156129,-1.5641024166598063,-1.957779928919937,-2.170868763584216,-2.2286280464707833,0.4941389928015205,-0.09646651835542845,-0.7834312319755554,0.048528035481770836,0.2526092529296875,256
defactify,0,0,46180,0.9387989296622483,0.9884404901022456,JPEG,0.0230865478515625,47.758174896240234,4.67763614654541,256,1.3217819929122925,0.2001522332429886,0.5525875091552734,0.32102819043295944,0.08776413777852696,0.013522970451854804,0.025176630180987397,9.440747261047363,0.38751232624053955,6.73249626159668,0.3178863525390625,-1.0622501881473951,-1.3874265314937357,-1.8519411622199593,-2.0734594019657973,-2.1524989008917643,0.5121219559120078,-0.10644215999468531,-1.1776365041732788,0.018641153971354168,0.240814208984375,256
defactify,0,0,40302,0.9795124278924415,0.974144719316922,JPEG,0.0233154296875,51.714351654052734,6.2397894859313965,256,1.1624451875686646,0.22940658032894135,0.5854812264442444,-0.013454074561748854,-0.05447639727195002,-0.04241365594034892,0.003742594430092343,16.162633895874023,0.7603740692138672,7.132303714752197,0.410675048828125,-1.692993877776547,-2.2999981623856067,-2.649888284189643,-2.806866151846034,-2.858044502610433,0.37256992349341367,-0.08309646268674627,-1.5066722631454468,0.009730021158854166,0.354156494140625,256
defactify,0,0,35947,0.9786736561980086,0.9870038107743556,JPEG,0.039031982421875,39.77788543701172,7.821182727813721,256,1.3682643175125122,0.27970319986343384,0.8073264360427856,0.4431938156507553,0.34659778029268234,0.283110637149365,0.16334514978859183,22.263429641723633,-0.21955431997776031,8.059507369995117,0.566680908203125,-1.0544479075172655,-1.5042507738334292,-1.8995368849886773,-2.0302794238409545,-2.068936487408645,0.36454576117970205,-0.08760805005612851,-1.2160295248031616,0.010492960611979166,0.1819000244140625,256
defactify,0,0,28572,0.9999999999999998,0.9999999999999998,JPEG,0.0922393798828125,26.7868709564209,8.892786979675293,256,1.438438057899475,0.2153787463903427,0.9844178557395935,0.022236437156609647,-0.07435159384109345,-0.01284949336661791,-0.015386224539904373,41.70219039916992,-2.8817501068115234,4.134244918823242,0.60894775390625,-1.157474711070976,-1.6757067794551892,-2.1781244058037323,-2.393936369512848,-2.4364490345881507,0.5115229704786843,-0.11572618644523466,-1.409749984741211,6.103515625e-05,0.002166748046875,256
defactify,0,0,42683,0.9918838422780535,0.9936670152290741,JPEG,0.0159759521484375,54.56687927246094,5.3812665939331055,256,1.3053808212280273,0.2560972571372986,0.616584837436676,0.5258734876840588,0.13130988995352483,-0.07382844364441588,0.08224141366761845,8.046976089477539,-0.2131357491016388,8.223244667053223,0.34259033203125,-1.4527706301621093,-2.0499679712665735,-2.3196151343936444,-2.497825656380627,-2.507512843442332,0.3583501361251784,-0.07166683809948757,-1.1948885917663574,0.001678466796875,0.1358795166015625,256
defactify,0,0,38960,0.9817014502423034,0.9886821779317218,JPEG,0.0043487548828125,63.504310607910156,4.156258583068848,256,1.1374820470809937,0.5301755666732788,0.44800513982772827,-0.047580145899626176,-0.015352926227446538,0.017377193463679847,0.00043384728522341635,4.9735026359558105,-0.14648592472076416,8.819458961486816,0.22918701171875,-1.3021285196342456,-1.7718229167813515,-2.084957326881402,-2.3162367769045753,-2.396512343568391,0.5092491321440971,-0.0919157353504791,-1.0285847187042236,0.0015309651692708333,0.2334136962890625,256
defactify,0,0,38757,0.9497224288300107,0.945670518465577,JPEG,0.0619049072265625,42.154624938964844,6.787945747375488,256,1.300954818725586,0.19470568001270294,0.7366184592247009,0.3440008864611652,0.23516342324944686,0.1336032689163221,0.13450584454117265,24.164737701416016,1.3323171138763428,5.630096435546875,0.499237060546875,-1.0397012213127104,-1.7648716136298592,-2.15785078462277,-2.5396284640410114,-2.604832824777448,0.6726101389376451,-0.12674721486910667,-1.2405956983566284,0.032923380533854164,0.2594146728515625,256
defactify,0,0,32250,0.967155304003772,0.957519909304883,JPEG,0.081695556640625,25.648496627807617,9.489299774169922,256,1.5628796815872192,0.22740457952022552,0.9712731242179871,0.334541906076417,0.13849000273116205,0.06439111394734627,0.018884388117337045,47.767173767089844,2.573254108428955,4.384198188781738,0.5422821044921875,-1.3406138821075748,-1.7632619992723955,-2.1926919666643068,-2.4672070038422405,-2.5928642410573524,0.6682356953420996,-0.12043009484205934,-1.787449598312378,0.062215169270833336,0.183685302734375,256
defactify,0,0,24453,0.9720778680928944,0.9737521528559696,JPEG,0.172698974609375,30.340431213378906,8.72635555267334,256,0.9270858764648438,0.04463418945670128,0.9700195789337158,0.03984735914048008,0.24186870428051568,0.23873514686518407,0.13715562655767188,31.466575622558594,2.505704402923584,5.747430801391602,0.5182952880859375,-1.2969407057481694,-1.7657780133547467,-2.058547570884534,-2.1543626429572633,-2.2437193663700556,0.3791218694729306,-0.06873615807084434,-1.0802154541015625,0.014414469401041666,0.174896240234375,256
defactify,0,0,29096,0.9917875918040417,0.9959137438203285,JPEG,0.0836029052734375,38.09168243408203,6.227948188781738,256,1.248038649559021,0.11340000480413437,0.7226805686950684,0.4527678737186228,0.4380862428932279,0.35297509855317666,0.3028803803086506,9.95338249206543,0.07724869251251221,8.377847671508789,0.48565673828125,-1.1965991218452885,-1.6130974013193855,-1.9354165410008166,-1.3055166100992999,-1.6800730123538568,0.0022154127984688188,-0.0002452651249579396,-1.1308342218399048,0.0037943522135416665,0.1334381103515625,256
defactify,0,0,32780,0.9575015119894154,0.9838751723999108,JPEG,0.100738525390625,30.91050148010254,6.484390735626221,256,1.37232506275177,0.13794870674610138,0.8343769311904907,0.1574023407530632,0.012270653398239432,0.03657824448256243,0.03572883297222621,27.403623580932617,1.3524197340011597,4.792603492736816,0.584625244140625,-1.0009908207194336,-1.6360950414617736,-2.0171557424343147,-2.3085899786178166,-2.398022218357851,0.5606065662385724,-0.10726958921352601,-1.6730831861495972,0.0096588134765625,0.1685791015625,256
defactify,0,0,32368,0.9952192688962749,0.9959758089081874,JPEG,0.0605010986328125,72.8325424194336,4.799435615539551,256,0.737678587436676,0.042534492909908295,0.7355591058731079,0.009475950640011116,-0.08263942381238572,0.06582377394049022,0.14556657109055587,12.124651908874512,-0.8010632991790771,7.703001499176025,0.4533843994140625,0.16778239107503712,-1.2943769647292038,-1.6700590286095975,-2.1433813873625676,-1.9138795579271362,0.03889891819827174,-0.08053846063290862,-1.790349006652832,0.0233917236328125,0.09197998046875,256
defactify,0,0,25682,0.9926865081427048,0.9841118586568806,JPEG,0.1410064697265625,34.11705780029297,7.62172269821167,256,1.235300898551941,0.09285401552915573,0.9253054261207581,0.008749746749732827,0.19271482648457736,0.11987008569491098,0.07991605129936741,22.41963005065918,-0.3368138074874878,7.650481224060059,0.5749359130859375,-1.4452519554641974,-1.8045648018054825,-2.0077640737862357,-2.19621594825648,-2.27779618586652,0.39272128464605505,-0.06955456567870398,-0.7083774209022522,0.00482177734375,0.144683837890625,256
defactify,0,0,41383,0.9805816543242422,0.9743453924537387,JPEG,0.131500244140625,51.7305908203125,6.883089542388916,256,1.1175504922866821,0.029393667355179787,0.7603529691696167,-0.025199353949109285,0.03926869439169676,-0.013242969588382,0.026098340396212567,13.988618850708008,-0.2699820399284363,8.991278648376465,0.44207763671875,-1.1317483696891024,-1.6410918902022997,-1.9264589737300621,-2.1757381124751056,-2.151640573770953,0.3578761269930153,-0.08077753121109943,-0.8879312872886658,0.048726399739583336,0.2415618896484375,256
defactify,0,0,33056,0.9994003014173675,0.999739404724099,JPEG,0.1957244873046875,88.80782318115234,4.988545894622803,256,0.9929282069206238,0.021340448409318924,0.840438723564148,0.4438828482583397,0.30719066321029415,0.3372008746625041,0.10933828158342858,3.602311134338379,-0.053678758442401886,23.21225357055664,0.5238800048828125,-0.8764690177154284,-0.7628875129565529,-0.8323845017836771,-0.9334314564476731,-1.0955782606535625,1.0060820983584922,-0.1094517256653134,-0.7513510584831238,0.022562662760416668,0.0508575439453125,256
defactify,0,0,68383,0.9942005625038475,0.9960268654574802,JPEG,0.004119873046875,65.50344848632812,4.637540340423584,256,1.0688217878341675,0.3727344572544098,0.5448968410491943,-0.02223855354609448,-0.038811732863725905,-0.012104974882496762,0.009163660417816735,7.985235214233398,0.6360964775085449,10.427287101745605,0.2552490234375,-1.2079144741028784,-1.6908261269797356,-2.030183956832344,-2.247390114868466,-2.3586321465499127,0.5431167124624654,-0.09786726351169804,-0.8827967643737793,0.002471923828125,0.1583404541015625,256
defactify,0,0,12956,0.9671875343654693,0.9887233365982722,JPEG,0.2422027587890625,14.272237777709961,7.967411041259766,256,0.96441650390625,0.17173780500888824,0.9142026305198669,0.3031749765109847,0.006143996096012294,-0.018377989018201178,0.030116914482221906,46.14177322387695,-0.9703667163848877,1.7170634269714355,0.7076568603515625,-0.9195243812167639,-1.3700580015491557,-2.1721591635480797,-2.485500824823818,-2.608201012435556,0.8381007537148122,-0.18313193079883144,-1.601414680480957,0.0001220703125,0.01544189453125,256
defactify,0,0,65065,0.9796498721411149,0.9812039565132068,JPEG,0.081787109375,65.13908386230469,4.498337268829346,256,1.1218880414962769,0.03923409804701805,0.5596221089363098,0.04110819981933035,-0.0010666483613849505,-0.008508087899215762,0.010805784160937432,5.111668586730957,0.07675109058618546,11.951812744140625,0.3430633544921875,-1.4222457406597115,-1.8776253282154718,-1.960506917217188,-2.0829129920326253,-2.1575460909646376,0.26663347508856106,-0.040366768970669285,-0.7539470195770264,0.0215911865234375,0.3772735595703125,256
defactify,0,0,35604,0.9335002085709483,0.9667444737624369,JPEG,0.0364532470703125,38.330596923828125,6.685617923736572,256,1.3918691873550415,0.19920016825199127,0.6740705370903015,0.2586859384485519,0.14254257743456092,0.07023331294615884,-0.002971814775105274,16.232248306274414,0.04264223948121071,5.103328227996826,0.4541015625,-1.1732977124216735,-1.7439156749299451,-2.1359213037474403,-2.395319551497498,-2.4992409067634185,0.4782351122857911,-0.1081156786032239,-1.3693310022354126,0.044255574544270836,0.2073822021484375,256
defactify,0,0,12016,0.9459333180782825,0.9435083857001763,JPEG,0.072235107421875,20.14636993408203,7.903127670288086,256,1.2033957242965698,0.26114320755004883,0.9306837916374207,0.007115648800521692,-0.0387005015500363,-0.00864753150862802,-0.022643270139427178,56.90114974975586,0.41864335536956787,2.164759635925293,0.6826934814453125,-1.576299065445225,-2.3919630066384236,-3.35304225427904,-3.488784641163103,-3.7209371234827513,0.9886381754585143,-0.19415892321208306,-2.3822455406188965,0.0,0.1153564453125,256
defactify,0,0,35660,0.9956979890816903,0.9942545337344703,JPEG,0.028045654296875,51.884002685546875,5.27515172958374,256,1.179408073425293,0.15744854509830475,0.6322674751281738,-0.11899521827456382,0.05320983947888975,0.04850099386729729,0.028359192711848898,10.28432559967041,0.2474721372127533,9.03197193145752,0.4270477294921875,-1.0430709645344658,-1.441350557642127,-1.7686430770709114,-1.9152241153208145,-2.058240658277403,0.4896500505167207,-0.08613518283253481,-0.8597654104232788,0.0009816487630208333,0.121307373046875,256
defactify,0,0,62497,0.9938310797837646,0.9967651244099617,JPEG,0.0630950927734375,74.28656005859375,6.004019260406494,256,1.1256375312805176,0.08004429936408997,0.65031898021698,0.06953828352758845,-0.07167563908875953,0.02435590839492786,0.00859910870506113,14.634666442871094,-0.22019532322883606,9.680275917053223,0.40606689453125,-1.0953903142206673,-1.6667404554576821,-2.161890094128199,-2.36430133248367,-2.4502328709423686,0.573326598404373,-0.11533343297840534,-1.160468339920044,0.11032613118489583,0.062652587890625,256
defactify,0,0,9509,0.9959111888948585,0.9945792646101349,JPEG,0.4919281005859375,10.071969032287598,20.394399642944336,256,2.247246265411377,0.42266640067100525,2.0195727348327637,0.5659144801328697,0.3606433725635403,0.1629228418349334,0.05181078599349823,163.94503784179688,-5.419838905334473,2.3905928134918213,0.8827056884765625,-1.1558981219059046,-1.9454291153654326,-2.4696927250812246,-2.775820832116967,-2.928840555683678,0.6929757758087911,-0.14503870006519617,-1.2806934118270874,0.0006306966145833334,0.0121917724609375,256
defactify,0,0,37622,0.9906953264693663,0.9930816043853243,JPEG,0.0686492919921875,44.723411560058594,6.436330318450928,256,1.2544641494750977,0.0898771584033966,0.6626966595649719,0.1953904950820461,0.16884309940802106,0.09457648569892985,-0.029122394420633028,18.413516998291016,0.5892733335494995,7.754293441772461,0.5059051513671875,-1.0556083401077796,-1.8196810881566297,-2.1157560112571057,-2.3304077340775358,-2.289114803526904,0.287502626226404,-0.0750168961007101,-1.039184331893921,0.0034739176432291665,0.17755126953125,256
defactify,0,0,30436,0.9782410913682533,0.9665034114032942,JPEG,0.082244873046875,32.963157653808594,8.010090827941895,256,1.3911837339401245,0.21074943244457245,0.7832486033439636,0.18626058043179478,0.26027708406186484,0.21687808235384096,0.09017619144478328,47.04277801513672,2.1498568058013916,5.703511714935303,0.605743408203125,-1.305299925593907,-1.678459013415396,-2.15757931027981,-2.4166852103053227,-2.4375772487345424,0.3491204098856784,-0.09940078001325672,-1.3586342334747314,0.08060709635416667,0.156890869140625,256
defactify,0,0,18229,0.9892082578092086,0.9773583520505312,JPEG,0.3309783935546875,24.537588119506836,12.436306953430176,256,0.936590850353241,0.0,1.333848476409912,0.07200593058370484,-0.2513085740260943,0.24773876839088949,0.08664853136035175,38.080177307128906,1.3424079418182373,4.967387676239014,0.64404296875,-1.314077085342876,-1.934365216189085,-2.440047006794745,-2.733857319124321,-2.829944867274871,0.6901017571864676,-0.1338212530308318,-1.9645613431930542,0.00017293294270833334,0.1167449951171875,256
defactify,0,0,38464,0.9934165150301116,0.9900849665700024,JPEG,0.12225341796875,49.60301971435547,6.9536967277526855,256,1.3060613870620728,0.091128870844841,0.8884639739990234,0.24941549441260868,0.2574375293251063,0.21192186753362866,0.08272285435210731,15.428993225097656,0.7277612090110779,9.931243896484375,0.5052947998046875,-1.1702287841029388,-1.7056193855335477,-2.0164237106037595,-2.0123625874985693,-2.2766627809285778,0.6410090648918301,-0.08320052574669466,-1.0563901662826538,0.0388031005859375,0.176116943359375,256
defactify,0,0,41990,0.9293273438779078,0.9749736257645114,JPEG,0.0102691650390625,38.97120666503906,4.03763484954834,256,1.3622545003890991,0.44039052724838257,0.4820409417152405,0.18207821517903777,-0.07865493562098787,0.07770374113852395,0.03176462674677203,8.142516136169434,-0.03174523264169693,3.776200771331787,0.3572845458984375,-1.0925421257382721,-1.7221974451861977,-2.4175382148812536,-2.779609970429119,-2.903419683127739,0.8182294081900805,-0.17286299724652168,-1.8226579427719116,0.0,0.1571807861328125,256
defactify,0,0,18175,0.9788945404861863,0.9948552810641546,JPEG,0.108642578125,25.631969451904297,7.156290054321289,256,0.9136831760406494,0.17555439472198486,0.717759370803833,0.6597502047498195,0.46643495623595954,0.32694939668755824,0.12822360363869637,33.7996940612793,-0.5400569438934326,3.8527541160583496,0.549896240234375,-0.9783115918922496,-1.6638313328224283,-1.9542141752222761,-2.1917005053167493,-2.490613448059494,0.7325202497470924,-0.10740655127616855,-1.5494393110275269,0.0005137125651041666,0.046875,256
defactify,0,0,56727,0.9804584696035052,0.9893013173782536,JPEG,0.0064239501953125,39.66481018066406,6.052068710327148,256,1.3279988765716553,0.383240669965744,0.6782147884368896,0.08516040852452374,0.0795018465122115,0.0883558027111114,0.06742693500830402,20.520221710205078,0.5900449156761169,5.429008483886719,0.3068389892578125,-0.8859254408446358,-1.5277136489660208,-1.9622749764595824,-2.3230420200031956,-2.441056048263169,0.7331588136262885,-0.134676070987184,-1.1441926956176758,0.00360107421875,0.1107940673828125,256
defactify,0,0,21234,0.9948169497409788,0.9952365629811428,JPEG,0.403472900390625,25.67972183227539,11.833803176879883,256,1.2174830436706543,0.0,1.1495441198349,0.09798283677413502,-0.12876723573516036,0.10681279061438038,-0.010350148656173671,67.75507354736328,3.1979429721832275,5.842184543609619,0.722320556640625,-1.743194119074241,-2.396235689133131,-2.4741093683549105,-2.558225239407715,-2.6533196613894,0.14259196321014134,-0.0222305598991495,-1.4145925045013428,0.4405008951822917,0.0876922607421875,256
defactify,0,0,18117,0.8946181325473126,0.9446583881216072,JPEG,0.145477294921875,20.01420021057129,9.893479347229004,256,1.6272505521774292,0.18049387633800507,1.0718656778335571,0.2397645033599653,0.08280013034386173,0.1322720155577465,0.04263663244616035,79.1318359375,3.8274309635162354,3.2845139503479004,0.658782958984375,-1.4356822299208423,-1.6912433620067704,-2.356211910034954,-2.4251066928769642,-2.546992496938503,0.44914535148934576,-0.10717931060924087,-1.805912971496582,0.10527547200520833,0.1652069091796875,256
defactify,0,0,48591,0.9909510283049049,0.9983078459002086,JPEG,0.006072998046875,75.68264770507812,4.388735771179199,256,1.177463412284851,0.4227462410926819,0.41402706503868103,0.1489155705157005,-0.05443762284582799,0.044308177997581334,0.03127966547648133,8.348651885986328,0.11979415267705917,7.181721210479736,0.30908203125,-1.157205427922273,-1.7395085892332496,-2.4809435259228305,-2.846504512715743,-2.9650417906325774,0.8512376852562094,-0.1761641262037327,-1.5106168985366821,0.008382161458333334,0.0402679443359375,256
defactify,0,0,16956,0.9262117661409137,0.9678838375689338,JPEG,0.1035614013671875,22.659021377563477,7.979729652404785,256,0.8735272288322449,0.13193127512931824,0.840234637260437,0.17758093586695559,-0.0712041245252209,0.07621489493878025,0.013075472307502858,125.92567443847656,5.473838806152344,2.9996819496154785,0.6013641357421875,-1.0979274198034998,-1.661970204372266,-2.230251479294278,-2.6373520432864215,-2.764403212005356,0.855970273137852,-0.16731337686902603,-1.4705888032913208,0.06243896484375,0.0880584716796875,256
defactify,0,0,53228,0.9797247722560383,0.984997418659521,JPEG,0.0142059326171875,64.04077911376953,4.983182907104492,256,1.2827274799346924,0.2845921516418457,0.45411935448646545,0.337840232862629,0.0964344288110361,0.06477676493671151,-0.0005019023911839399,11.263673782348633,0.2963401973247528,8.290549278259277,0.36865234375,-1.0495368947356276,-1.5031595022372706,-1.9537960392828104,-2.245436027353076,-2.3527509674111045,0.5879190405842474,-0.11921867796381583,-1.0781432390213013,0.016316731770833332,0.25274658203125,256
defactify,0,0,26072,0.9522790351774445,0.9334962188883739,JPEG,0.15753173828125,31.921720504760742,7.8195624351501465,256,1.190642237663269,0.06336284428834915,0.9033138751983643,0.4196430062991756,0.11831934399539983,0.04564399710808471,0.05954779175854088,109.18240356445312,2.729802370071411,2.676318645477295,0.705291748046875,-1.5740605959188914,-2.5190903963538505,-3.4199040135100107,-3.7813234766872386,-3.981694187369805,0.9097086301309023,-0.20261222570564355,-3.0701043605804443,0.066436767578125,0.2252960205078125,256
defactify,0,0,51620,0.9862798641870358,0.9838947368664037,JPEG,0.0144500732421875,65.68646240234375,5.086410999298096,256,1.1037284135818481,0.2567136287689209,0.4910022020339966,0.0929008695622357,-0.0827688711736569,0.0029348238020989862,0.002791874758531844,10.68323040008545,0.6793174147605896,9.291475296020508,0.3048095703125,-1.1193865817389153,-1.5612588131973908,-1.8435896551032958,-2.0894755234641096,-2.1530837543397103,0.36309420518739355,-0.08195022740845301,-0.9584442973136902,0.018747965494791668,0.2618865966796875,256
defactify,0,0,42428,0.8810251950871115,0.9441837789822579,JPEG,0.00506591796875,51.329872131347656,5.319603443145752,256,1.2554455995559692,0.3881761133670807,0.4175579845905304,0.18301776449952423,-0.07868529681030134,0.013138278347429054,0.0001681128804657427,20.832164764404297,-0.484676331281662,3.962636709213257,0.4547271728515625,-1.615577848814766,-2.3168875863640634,-2.9613556284002716,-3.335185648439059,-3.4110991381232827,0.8080094676724503,-0.16344302831202212,-1.7425695657730103,0.0640411376953125,0.345062255859375,256
defactify,0,0,35481,0.9921051099571626,0.9933298436283597,JPEG,0.0577545166015625,32.15290451049805,7.0084686279296875,256,1.2897539138793945,0.17166942358016968,0.73597252368927,0.08302317814367029,0.042919186443583085,0.07414910095052202,0.05125817294981667,34.03768539428711,1.3871854543685913,4.997710704803467,0.433197021484375,-1.0013574205946325,-1.3920396877354984,-1.91779342674337,-2.2614696113745136,-2.308006000414429,0.66180983332747,-0.1403387615976861,-1.4187495708465576,0.00020345052083333334,0.050689697265625,256
defactify,0,0,26508,0.9874529717825039,0.9901637894092649,JPEG,0.0855255126953125,38.38542938232422,8.147869110107422,256,1.258400321006775,0.11706358194351196,0.7822943925857544,0.22516454950349174,0.11798937411855115,0.058113900607115174,0.018119274964468707,38.57182693481445,0.9952473640441895,5.199163436889648,0.5384979248046875,-1.2054047458304353,-1.9903815318559648,-2.392767037443323,-2.6657880515139203,-2.756097965317374,0.6706068364716895,-0.10953872530441235,-1.5832669734954834,0.02374267578125,0.0723114013671875,256
defactify,0,0,28495,0.9931113034895115,0.9939523258664272,JPEG,0.16790771484375,74.03753662109375,5.214005470275879,256,0.8828189373016357,0.02376403659582138,0.6677511930465698,0.16873231219403767,0.1582896198602299,0.1671958834807709,0.1192432340870556,11.494199752807617,-0.09498898684978485,10.044720649719238,0.4285888671875,-1.089173470632769,-1.8253065480176334,-2.236281792459712,-2.3879594053095055,-2.475413000445527,0.4345467407097825,-0.0945566225674875,-1.1197855472564697,0.019460042317708332,0.1572265625,256
defactify,0,0,34807,0.9642225109306954,0.9707581901615252,JPEG,0.1408233642578125,35.876739501953125,7.626372337341309,256,1.2699545621871948,0.06594090908765793,0.8535495400428772,0.20208188509772143,0.05011954232783416,0.06211441557997456,0.04525296184490627,29.143611907958984,0.29980751872062683,5.203689098358154,0.5653839111328125,-1.379688416362245,-1.8614836083278998,-2.3346711242590805,-2.58528506822741,-2.683896435637683,0.5505416742833482,-0.1211072027469921,-1.4267810583114624,0.0322113037109375,0.225921630859375,256
defactify,0,0,52671,0.989588267518497,0.9871221721764285,JPEG,0.01104736328125,73.60667419433594,4.68394136428833,256,1.194341778755188,0.20095519721508026,0.49108824133872986,0.13131646335362435,0.052371563021010904,0.05951895487597224,0.021558327514358763,8.329840660095215,0.6476761102676392,9.953433990478516,0.2873382568359375,-1.109636592271472,-1.6763766465014163,-2.0118696898941053,-2.2410319501613545,-2.377565096376964,0.5555471095732001,-0.10097632476559727,-1.057088017463684,0.004582722981770833,0.2817840576171875,256
defactify,0,0,50151,0.9989840328349708,0.9994978259654848,JPEG,0.0477447509765625,82.73269653320312,4.4238362312316895,256,1.050358533859253,0.12540516257286072,0.48987165093421936,-0.021624355133141294,0.040201576427911126,0.023030741643115776,0.003343720718319796,5.5009918212890625,0.5870132446289062,15.153268814086914,0.272216796875,-0.7867089528974187,-1.192867688262094,-1.3927292029310623,-1.4950616079313885,-1.5363023156995563,0.21083214212817136,-0.04787634701902228,-0.8328518867492676,0.034032185872395836,0.03778076171875,256
defactify,0,0,12632,0.9606287394445401,0.9246507595574058,JPEG,0.4703216552734375,9.166799545288086,20.40151023864746,256,1.454146146774292,0.30308258533477783,1.9295742511749268,-0.03037596158893187,0.004605719836902009,-0.004050768079872575,0.013145548768632232,131.3999481201172,-2.635636806488037,2.3559048175811768,0.8986968994140625,-1.4281732747168379,-2.0380295916513687,-2.348222748478911,-2.581300351746155,-2.6583361507723,0.4537187212005218,-0.08942562257868582,-1.921347737312317,0.0015462239583333333,0.0626068115234375,256
defactify,0,0,37735,0.9710256384852751,0.9751242684997836,JPEG,0.137847900390625,33.93889236450195,6.993286609649658,256,1.5636956691741943,0.07712169736623764,0.8022227883338928,0.39998124984640904,0.38518196754002715,0.3234373483878045,0.22328669181700816,12.770792961120605,0.807059109210968,5.441673755645752,0.507598876953125,-1.3913595781986974,-1.7340928170957595,-2.313363372791832,-2.3424418946918966,-2.3831019341506394,0.4588492332123648,-0.09326631045789642,-1.1555685997009277,0.009175618489583334,0.1563568115234375,256
defactify,0,0,23741,0.9735924988879748,0.989346347075308,JPEG,0.1166839599609375,41.620819091796875,7.765097618103027,256,0.9402279853820801,0.07254060357809067,0.8182080388069153,0.11387611710661985,-0.1422287645451091,-0.007264224652443559,0.02420144803070183,16.52665138244629,-0.09976425021886826,5.974719047546387,0.5295257568359375,-0.9452347052037471,-1.4594930205487895,-1.868828276418168,-2.1749669941075034,-2.3160170741221764,0.7130773724955617,-0.127117699684935,-1.4112296104431152,0.001922607421875,0.237060546875,256
defactify,0,0,29738,0.9670720871323929,0.9868367646854345,JPEG,0.0575714111328125,61.820640563964844,5.705257892608643,256,0.9267789125442505,0.10859059542417526,0.5590777397155762,0.14740210471956214,-0.005607433825653087,0.003277814498584585,-0.011519201244544634,12.784238815307617,0.6017540097236633,8.596172332763672,0.4281005859375,-1.061930843790524,-1.6563748924106125,-2.1585909579668803,-2.3600984256612874,-2.4481351700398664,0.5433456573249886,-0.11534359816942241,-1.2004809379577637,0.054056803385416664,0.2142333984375,256
defactify,0,0,59590,0.9962676069742508,0.9964118230132535,JPEG,0.0018310546875,64.59008026123047,3.7900607585906982,256,1.0549572706222534,0.5898953676223755,0.4259706735610962,-0.2561583633214059,0.013230070462706026,0.004680155478868325,0.002334031795320382,3.2768425941467285,0.08168858289718628,11.087909698486328,0.1964874267578125,-0.7641447668847237,-1.0056945309746874,-1.0938576508543214,-1.268907464253588,-1.3213433119973672,0.3196589021074141,-0.04893605181319279,-0.27736568450927734,0.00146484375,0.15283203125,256
defactify,0,0,30056,0.9696545643498038,0.9861207956177709,JPEG,0.0452728271484375,49.92726516723633,5.662594795227051,256,1.1943449974060059,0.09905707091093063,0.6453311443328857,0.20479755081850182,0.23601907727266622,0.14832374293089362,0.08391844692020123,17.491527557373047,-0.8780823945999146,7.350440979003906,0.422210693359375,-1.00065909548431,-1.5644185577134513,-1.9295924551453867,-2.2095444472586516,-2.2401563154538,0.44444315646839705,-0.09905894255067028,-1.0381206274032593,0.006230672200520833,0.2281036376953125,256
defactify,0,0,45414,0.9268207285053209,0.9502505673359023,JPEG,0.009124755859375,42.68627166748047,6.341611862182617,256,1.3616105318069458,0.2744077742099762,0.6432958841323853,0.32036849110990445,0.09054121828733992,0.10471743604312737,0.03485855482770169,29.215423583984375,1.09689462184906,3.862351179122925,0.42254638671875,-1.3136043412988867,-2.034568540274969,-2.6097959744887564,-2.9270062654816105,-3.0592453645736173,0.7704898553745068,-0.145973906384063,-1.871199607849121,0.009007771809895834,0.3310699462890625,256
defactify,0,0,22774,0.9705386539630104,0.9763687445583958,JPEG,0.1640167236328125,30.92984962463379,7.869701862335205,256,1.3283205032348633,0.06903907656669617,0.9472804665565491,0.2728762045377702,0.13302465284964626,0.1558631796069114,0.08240863473541474,39.60504150390625,-0.4165462255477905,4.233914852142334,0.610076904296875,-1.2361273386288385,-1.8878491656901746,-2.4959783488660756,-2.679999519042803,-2.8131278487775635,0.655843958870169,-0.1290317849225335,-1.888697624206543,0.026682535807291668,0.1756744384765625,256
defactify,0,0,15527,0.9827101296924271,0.9649610023652964,JPEG,0.339996337890625,16.26361083984375,10.65829849243164,256,0.8115066885948181,0.1874103546142578,1.1572214365005493,0.28345354430224334,0.057047535619293446,0.10642580492452917,0.048817240061102704,69.18119049072266,-0.4010298252105713,2.5316176414489746,0.75897216796875,-1.1243695885332663,-1.693876380908117,-2.2328605662934917,-2.5824677496151445,-2.7042444451351635,0.7725280399175656,-0.1495635143364394,-2.1697182655334473,0.0007425944010416666,0.0590362548828125,256
defactify,0,0,63678,0.9471102879857717,0.9751333792670429,JPEG,0.0264739990234375,59.897850036621094,5.0426025390625,256,1.1669964790344238,0.22614216804504395,0.5130645632743835,0.29039888995739715,0.2826779234881972,0.1333709420555166,0.03400979128137748,6.112931251525879,0.32993200421333313,10.395767211914062,0.3187103271484375,-0.8962098816796988,-1.5523201638794477,-1.8101589190664669,-2.1416855652981335,-2.1418758966998803,0.6682218750033373,-0.10299215737223583,-1.1650973558425903,0.023320515950520832,0.3745574951171875,256
defactify,0,0,41188,0.9891585578730137,0.9861155068367037,JPEG,0.0859222412109375,41.16555404663086,6.698224067687988,256,1.1476669311523438,0.10443878918886185,0.7201419472694397,-0.03176877293721916,0.14683084927565337,0.09110921554598016,0.016094589459882583,24.152786254882812,0.5207400321960449,7.006153583526611,0.51556396484375,-1.1895640112380121,-1.7801293232525008,-2.121240903482817,-2.4309482770917707,-2.333378085188661,0.3824550863679317,-0.07967475380296722,-0.6892693638801575,0.0066375732421875,0.164306640625,256
defactify,0,0,32387,0.976084937106478,0.9930414331110605,JPEG,0.021636962890625,54.56913757324219,5.53539514541626,256,1.3030635118484497,0.22641144692897797,0.5686812996864319,0.31981588318675136,0.22785320566535675,0.1231509464537118,0.020517354611065807,14.08326530456543,1.021508812904358,7.39045524597168,0.41265869140625,-1.1164568823552017,-1.6417370922517511,-2.039017249884881,-2.2512826188167,-2.4195883528139976,0.6114233454919757,-0.11011769016105982,-1.053939938545227,0.031611124674479164,0.152557373046875,256
defactify,0,0,23802,0.9464460504104697,0.9685766004323262,JPEG,0.0907745361328125,23.03705596923828,6.47962760925293,256,1.5042853355407715,0.12326613813638687,0.8794732689857483,0.3412116665435829,0.1602779651153964,0.13126213926682398,0.03448791471730101,23.457172393798828,-0.27701064944267273,2.2050559520721436,0.5857086181640625,-1.3104128283372418,-2.192407619246435,-2.7606646296767643,-3.190423438884176,-3.244224445240219,0.6937438963710152,-0.14827587028908684,-1.8690552711486816,2.5431315104166668e-05,0.0766143798828125,256
defactify,0,0,22995,0.9226106521838553,0.9404369673172491,JPEG,0.1142120361328125,21.195362091064453,8.071910858154297,256,1.5613831281661987,0.16616356372833252,1.2397620677947998,0.14222104726504586,-0.09537893323404742,0.022299910193428907,-0.01595860000866808,164.2747344970703,5.352544784545898,1.7863715887069702,0.6109619140625,-1.843484028993581,-2.8065128416971845,-3.8091805545476456,-4.054343822937412,-4.04404902515619,0.6680233729666023,-0.18281060286186943,-2.686556100845337,0.006769816080729167,0.108001708984375,256
defactify,0,0,43727,0.9916370823581557,0.9898778819493345,JPEG,0.03643798828125,49.897342681884766,5.7718505859375,256,1.3214023113250732,0.38659054040908813,0.6297276020050049,0.19261899042102013,0.08643866679109345,0.10919000012125497,0.05313838630564821,12.18444538116455,-0.1934250146150589,7.034231185913086,0.344451904296875,-0.8896433860969655,-1.2531592323138234,-1.7975983316118755,-2.0555789765606027,-2.0262788660342537,0.9263035280859473,-0.13903041616281459,-0.661514163017273,0.0002950032552083333,0.1071319580078125,256
defactify,0,0,28446,0.9904918519042147,0.9957919865043188,JPEG,0.0167999267578125,61.47465133666992,5.483901023864746,256,0.9615486860275269,0.29869794845581055,0.6595122814178467,0.09361308807555982,0.04997852178240723,0.03860371646074119,0.028759932982258197,11.002509117126465,0.4647025465965271,11.044156074523926,0.282745361328125,-1.1803349186963477,-1.3935030990228094,-1.5972065118233596,-1.742205988792307,-1.846044991229065,0.39784427012024803,-0.0633930614891946,-0.5898303985595703,0.007883707682291666,0.1981353759765625,256
defactify,0,0,29835,0.9722111594800497,0.9781612838447873,JPEG,0.2982940673828125,24.201326370239258,10.779122352600098,256,1.2443442344665527,0.14393244683742523,1.1069531440734863,0.30209018493093476,0.21009901715095783,0.1498191074522885,0.10940832242524931,41.1699333190918,-1.1958630084991455,3.5512969493865967,0.73675537109375,-0.7885941874019613,-1.5806725710132987,-2.161753241847319,-2.326546379808872,-2.4330228540040615,0.6976545557942071,-0.1291467259881873,-1.3898301124572754,0.005625406901041667,0.0957183837890625,256
defactify,0,0,29196,0.9824417175221626,0.9819923405978503,JPEG,0.0919952392578125,43.251930236816406,7.576625347137451,256,0.9474680423736572,0.0715954527258873,0.7117025256156921,0.22982095993251853,0.01968896956899474,0.07463135189254701,0.016493551915663388,48.88645935058594,3.623483896255493,4.899284362792969,0.5494537353515625,-1.286810173459025,-1.967546617621113,-2.6003048269055737,-2.9905953616988468,-3.055961461567847,0.786029741528874,-0.1658365890720858,-1.8013648986816406,0.008855183919270834,0.1695098876953125,256
defactify,0,0,15621,0.9791994162288957,0.9643173449019765,JPEG,0.1705474853515625,30.284828186035156,11.428730010986328,256,0.8586704134941101,0.5408468842506409,1.2057411670684814,-0.18744158338546738,-0.04259652649540481,-0.008844221305213267,-0.00704319398691595,45.39046859741211,-1.0858298540115356,5.77964973449707,0.651275634765625,-1.379979603723962,-2.0619726825928284,-2.4663549228740322,-2.74446520950531,-2.7965942970304196,0.5854957025954493,-0.11527500630205492,-1.447757363319397,0.0071868896484375,0.1954803466796875,256
defactify,0,0,37006,0.9735201178736829,0.9806978755524178,JPEG,0.195343017578125,20.379512786865234,7.427495956420898,256,1.4625552892684937,0.07824472337961197,0.891541063785553,0.057711258683057404,-0.20004131984361045,0.06749585095103308,-1.5151543677966138e-05,34.91108703613281,0.7985878586769104,2.6900198459625244,0.654876708984375,-1.2928813154349061,-1.979190813640015,-2.6765722891622694,-3.0190906005769578,-3.056983758326011,0.7591796646542188,-0.16270844399343298,-2.554269313812256,0.0003662109375,0.0699462890625,256
defactify,0,0,39482,0.9926153530592818,0.9917733160306871,JPEG,0.1377716064453125,33.46361541748047,8.815878868103027,256,1.2674295902252197,0.05289683863520622,0.9435164332389832,0.10138399550938959,-0.024758660011987232,-0.0011095254742588183,0.006257297678702071,30.054161071777344,0.29794809222221375,5.478194713592529,0.5704345703125,-1.4340733225418258,-2.153081364564076,-2.456217538575891,-2.722024712094872,-2.822858830561639,0.5301014990002253,-0.09695487482362458,-2.0661909580230713,0.0028533935546875,0.0931549072265625,256
defactify,0,0,19995,1.0,1.0,JPEG,0.03436279296875,54.997554779052734,4.825725078582764,256,0.8739914894104004,0.13567647337913513,0.6678510308265686,0.5465560900276694,0.1998533067693971,0.08772366564155985,0.02084657212477952,6.94178581237793,-0.625862717628479,8.081717491149902,0.3232574462890625,-0.6171249828658363,-0.8875592209945955,-1.2476050062881594,-1.5650619646538457,-1.6076689290847153,0.5825910571676189,-0.11211817938793919,-0.7475354671478271,1.52587890625e-05,0.00213623046875,256
defactify,0,0,39777,0.9356798768040423,0.9505536945374192,JPEG,0.016754150390625,35.76285171508789,6.6482439041137695,256,1.5502310991287231,0.36223870515823364,0.777096688747406,0.45874176694206387,0.17588033486252025,0.08684818261500135,0.04681271080432981,46.45289611816406,2.080656051635742,3.2227542400360107,0.490234375,-1.3298535168952217,-2.1223540692744933,-2.922483362279424,-3.2285538843507267,-3.333181412193496,0.783607691849654,-0.17498769192803587,-2.1234757900238037,0.0304412841796875,0.211822509765625,256
defactify,0,0,33213,0.9865982203178116,0.9856871262201948,JPEG,0.3683013916015625,51.3966064453125,5.518499374389648,256,1.1295493841171265,0.0,0.9074637293815613,-0.05403817511292588,-0.20064632132705654,0.020465060174692126,0.01204664839196639,12.774563789367676,-0.10090573877096176,7.465705394744873,0.592620849609375,-0.9080083673376338,-1.4699585678640332,-1.8561439518866258,-2.133287584610432,-2.2418865527219953,0.5567025350319135,-0.10696231885377343,-1.096120834350586,0.004480997721354167,0.198760986328125,256
defactify,0,0,32471,0.9476738114057304,0.9568647540392062,JPEG,0.0335693359375,39.79508972167969,4.794834613800049,256,0.9842755794525146,0.16716794669628143,0.47190073132514954,0.11341120987054289,-0.09347779773734612,0.026631521825071645,0.019504272511364034,20.05327033996582,0.8891392946243286,3.2357115745544434,0.4558258056640625,-1.0709821564854822,-1.9275044514689794,-2.7682225148838127,-3.0274110814522297,-3.1275345432019463,0.7895004331414759,-0.1749996647091747,-1.8688671588897705,0.004811604817708333,0.1426239013671875,256
defactify,0,0,22586,0.9285497335157503,0.9457610921133999,JPEG,0.046722412109375,23.835006713867188,6.19983434677124,256,0.9700271487236023,0.23393331468105316,0.806597113609314,0.34797302926548873,0.07935505576024228,0.03987090689745541,-0.011815950510781104,36.58332443237305,0.17094802856445312,1.9226652383804321,0.58538818359375,-1.428357007030848,-2.57102028840338,-3.475037848575359,-3.621160866842751,-3.68881400266607,0.6013596106768313,-0.1546794961953616,-2.256596565246582,2.0345052083333332e-05,0.0955963134765625,256
defactify,0,0,30691,0.9203456727397222,0.9808949321991927,JPEG,0.1494598388671875,44.374366760253906,6.8733744621276855,256,1.2444636821746826,0.04910877346992493,0.7749624848365784,0.10491876603713444,0.12193073462178157,0.11478213268116366,0.12809007464792324,13.903732299804688,0.48074010014533997,6.957008361816406,0.5205841064453125,-1.0197245233650287,-1.4499570495488658,-1.7649478713598832,-1.982637642721123,-2.1224536052673297,0.45055951712400777,-0.09195886848572107,-0.8957335352897644,0.006093343098958333,0.2285308837890625,256
defactify,0,0,13412,0.9235955966026024,0.9706353211588116,JPEG,0.4899444580078125,25.121715545654297,10.271117210388184,256,1.7118057012557983,0.0,0.9913569092750549,0.6224103977771454,0.26299576015698684,-0.06417581356278536,-0.03165642756242619,44.065120697021484,1.494612216949463,5.316624641418457,0.7242279052734375,-1.1460146480961546,-1.698389711015297,-2.2262617751514195,-2.3215324337826155,-2.416790944308916,0.5302562739664971,-0.10721709060057436,-0.8639829754829407,0.0008799235026041666,0.139495849609375,256
defactify,0,0,62474,0.99283617469876,0.9958075552924608,JPEG,0.022430419921875,57.3532829284668,5.90452766418457,256,1.1661847829818726,0.30671441555023193,0.5848044157028198,0.009421508575688955,-0.10384731510672132,0.009080271134141421,0.007562082432424372,18.4802188873291,0.5595383048057556,8.496261596679688,0.361724853515625,-1.202914491204865,-1.7906954212631838,-1.936017208045402,-2.2139195773625033,-2.342472510173561,0.5209965900072859,-0.08264061540738797,-1.0812358856201172,0.008173624674479166,0.1168975830078125,256
defactify,0,0,30368,0.9735828916872381,0.9848201705213361,JPEG,0.01873779296875,49.289459228515625,6.340479373931885,256,1.5010038614273071,0.2602996528148651,0.6353367567062378,0.43218749603044865,0.3379873219374756,0.21996154957633185,0.07981239890148759,17.976470947265625,0.17754477262496948,5.677491664886475,0.3943939208984375,-1.0885613766008424,-1.9507508914290126,-2.2887857141503973,-2.6454421805537347,-2.7118401925251163,0.5853652106637952,-0.11592526936660924,-1.2381473779678345,0.00042724609375,0.1646575927734375,256
defactify,0,0,35677,0.9893525598023751,0.9892301674817523,JPEG,0.0084686279296875,44.03643035888672,6.245283603668213,256,1.2127536535263062,0.3146291971206665,0.7731639742851257,0.007219011508064194,-0.07027206278414674,-0.0013399520418596017,0.013292781819162599,11.78075122833252,0.33229905366897583,6.388535976409912,0.3752899169921875,-1.0146664739624853,-1.5228104693229314,-1.919571823656308,-2.1647537924236087,-2.307832620397005,0.6353158159046055,-0.11302351299913811,-1.2482248544692993,0.0012969970703125,0.12060546875,256
defactify,0,0,69801,0.9985941341272337,0.9980846707438943,JPEG,0.0023956298828125,78.64933776855469,4.35270881652832,256,1.143700361251831,0.30929166078567505,0.5052252411842346,0.21635204866259375,0.09522532772919873,0.02860976260370946,0.012373016132278657,4.6060895919799805,0.7844048738479614,15.213078498840332,0.198516845703125,-1.2059830867071115,-1.2919458297736686,-1.5255448690494298,-1.671624423877156,-1.8081305358079476,0.45508077398418667,-0.07404656675743605,-0.5897821187973022,0.0027109781901041665,0.1241607666015625,256
defactify,0,0,59013,0.9960082516854126,0.9908081056184145,JPEG,0.002044677734375,87.95211791992188,3.7116034030914307,256,1.0611869096755981,0.6392669081687927,0.30641067028045654,0.2741081976410326,0.3316999356334256,0.0847479117977519,-0.03802063422434274,2.480862617492676,0.00383207481354475,12.914872169494629,0.2005462646484375,-0.9512885368444381,-1.6953411267762917,-2.049839028099538,-2.1542250283467963,-2.0918741082818775,0.6261999747676263,-0.09246451219581411,-0.5255405902862549,0.016199747721354168,0.1351165771484375,256
defactify,0,0,41285,0.9911759374095602,0.9940015889762895,JPEG,0.1838226318359375,65.01917266845703,5.53614616394043,256,1.0676321983337402,0.030262334272265434,0.7489363551139832,0.21348606520247795,0.12993708915084365,0.04732707267341723,0.07548584911878714,10.567474365234375,0.36154502630233765,10.612543106079102,0.471405029296875,-0.78916666951993,-1.3095930464016607,-1.6255971207774174,-1.8387024810868464,-1.9193679675794506,0.49483819460021383,-0.0911111123989343,-1.0188480615615845,0.0185089111328125,0.2037200927734375,256
defactify,0,0,44469,0.980130564079786,0.9950368448230085,JPEG,0.01312255859375,61.47258377075195,4.662843704223633,256,1.1569422483444214,0.1640205681324005,0.465054452419281,-0.03178047904777663,0.03598667499183782,-0.023842990694365112,-0.02539945719997284,8.267459869384766,0.7045845985412598,9.453686714172363,0.3196868896484375,-0.6118509219750283,-1.3081605219877117,-1.5859287233198094,-1.7284682743080468,-1.7586915986347451,0.34075395258481045,-0.06647765770877824,-0.43223464488983154,0.010365804036458334,0.151458740234375,256
defactify,0,0,16453,0.9104256421238561,0.9315737638283178,JPEG,0.042877197265625,36.89696502685547,6.233397960662842,256,1.0268564224243164,0.15844279527664185,0.7042584419250488,0.7420096556628479,0.5387268598274099,0.32077556243348926,0.21802767302808604,39.09709548950195,1.2452750205993652,3.4712369441986084,0.5929107666015625,-1.5093661253233623,-2.399940275003752,-2.9107855037895343,-3.1980470623801693,-3.2592808837402885,0.5579749880237541,-0.1274662780180717,-1.8018798828125,0.0022989908854166665,0.2668304443359375,256
defactify,0,0,45853,0.9932957479401228,0.9918451693244799,JPEG,0.040374755859375,71.23379516601562,5.332383155822754,256,1.1608526706695557,0.094985231757164,0.4987489879131317,0.1672148302604955,-0.03052450968236215,0.008249375684252163,-0.0019322379807091448,10.455475807189941,0.5201866626739502,10.186211585998535,0.3571624755859375,-1.2033327861407264,-1.7644303958475502,-2.0733246118464885,-2.343396430423848,-2.4621686880731124,0.5410427981384691,-0.10063754872252423,-1.1456958055496216,0.024836222330729168,0.1438751220703125,256
defactify,0,0,15878,0.9616898474762283,0.9651013245298165,JPEG,0.5853271484375,15.930580139160156,11.428894996643066,256,1.6362248659133911,0.0,1.4228116273880005,0.3569647436337751,0.11434053914867381,0.12960811550614718,0.03230186418096691,70.05562591552734,-2.079514265060425,2.6178133487701416,0.8154296875,-1.2207773262202597,-2.0510078419294917,-2.5231041270950847,-2.8272159520151687,-2.9620123420180864,0.7636622728051723,-0.13400133260799027,-1.776314616203308,0.0,0.0600433349609375,256
defactify,0,0,14556,0.8993922921569072,0.9306532909798847,JPEG,0.4081878662109375,5.483363151550293,9.147622108459473,256,2.6076831817626953,0.4233057200908661,1.0893605947494507,0.06843588180528899,0.27799008619198495,0.1615529383660373,0.035971671179969876,208.2021942138672,-0.7993953824043274,1.092045783996582,0.848541259765625,-1.1982459477825271,-1.501190480779699,-2.2777961330875973,-2.3612157733708585,-2.477561648205593,0.6023501648396619,-0.13961776454143313,-1.7230976819992065,0.0,0.031768798828125,256
defactify,0,0,33957,0.9857463793093061,0.9478388778624537,JPEG,0.052001953125,53.368629455566406,5.756765365600586,256,1.2926000356674194,0.11068826168775558,0.6836451292037964,0.026145599262701318,0.039108989297713136,0.06468490849889386,0.06734637037835711,17.741079330444336,1.603688359260559,8.05430793762207,0.4639129638671875,-1.0561483462414705,-1.4248225292689192,-1.8063439233713598,-2.0394493526759465,-2.05265197233536,0.3186105977735769,-0.08556423100687628,-0.6407442688941956,0.009928385416666666,0.3060760498046875,256
defactify,0,0,32900,0.9630168638374076,0.9791203098524078,JPEG,0.03070068359375,49.585445404052734,6.540745258331299,256,1.0369731187820435,0.32160675525665283,0.8044714331626892,0.0974863377211843,-0.07426485322560189,0.007432166274601377,0.008682556009748703,22.435802459716797,0.18679729104042053,5.622438430786133,0.3884735107421875,-1.1636536452710988,-1.8732499091088544,-2.4011362059240584,-2.7548213241644897,-2.84788714055151,0.7365023801271766,-0.1481466348154685,-1.5098425149917603,0.071685791015625,0.2639617919921875,256
defactify,0,0,34382,0.9551174695340388,0.948351097132011,JPEG,0.0911102294921875,26.659265518188477,7.744832515716553,256,0.9501456618309021,0.147261843085289,0.8587254285812378,0.09808824198287436,-0.2640056249005631,0.051671718385483616,-0.009244550072692585,97.27201080322266,1.7150260210037231,4.126760482788086,0.617889404296875,-1.6714838600880313,-2.3504356387984844,-2.5265483513849336,-2.496475169458976,-2.490903769572622,0.03334062394934101,-0.021100931023613795,-1.244240164756775,0.0208892822265625,0.2406463623046875,256
defactify,0,0,19789,0.9938145250926599,0.9904330324067405,JPEG,0.159332275390625,20.61365509033203,13.972667694091797,256,1.1638379096984863,0.34471073746681213,1.365641713142395,-0.05803450965266405,0.05514950711895105,0.06344077103571594,0.021431268635883082,50.74887466430664,1.22378671169281,4.229274749755859,0.7369384765625,-1.2169993587243821,-1.7937059380648774,-2.265887069470403,-2.491303166835678,-2.409046344910271,0.47297884530075773,-0.10941943654971753,-0.907605767250061,0.0056610107421875,0.0344085693359375,256
defactify,0,0,29008,0.9769686070045415,0.9863401903738783,JPEG,0.257537841796875,34.040931701660156,6.962764263153076,256,1.2259823083877563,0.0,0.9157509207725525,-0.004038580205745499,0.08219004600578461,0.08119757799553237,0.016672038277301026,25.71059226989746,1.4574050903320312,5.374408721923828,0.56591796875,-1.0303844226229533,-1.6883343319370203,-2.2389454334788246,-2.439758648760285,-2.4176303582223033,0.4317439907711087,-0.11003190723441239,-1.6871309280395508,1.52587890625e-05,0.0883941650390625,256
defactify,0,0,22858,0.9606228773740566,0.9627559822095004,JPEG,0.1481475830078125,11.501335144042969,8.268782615661621,256,2.168870210647583,0.41875168681144714,1.060534954071045,0.5439558236442964,0.25497203896429965,0.0998626176398141,0.022278748605184813,191.8717803955078,1.7198128700256348,1.5331740379333496,0.744110107421875,-1.6591239681312375,-2.4031302568649107,-3.046819011175028,-3.2151435153530525,-3.3237960822018464,0.5786068513296896,-0.13176274533421395,-2.3445777893066406,0.0023396809895833335,0.042877197265625,256
defactify,0,0,20165,0.9149287103845853,0.903794126982555,JPEG,0.8287506103515625,6.522529602050781,24.05864143371582,256,1.6300307512283325,0.0,2.7692556381225586,0.33644626951632517,-0.05847120269908658,0.14884934924847867,0.07937389846137352,129.7086639404297,1.773459553718567,1.7703194618225098,0.9322052001953125,-1.3326422310179789,-2.201863633154673,-2.8162077230920515,-3.1458961763519318,-3.2538372825182904,0.6888174362166302,-0.15134464303443013,-2.0269930362701416,6.103515625e-05,0.071380615234375,256
defactify,0,0,23485,0.9881488234655399,0.9952112360905012,JPEG,0.390472412109375,43.4919548034668,8.211530685424805,256,1.042303204536438,0.0,1.0041534900665283,0.04872141885435896,-0.16144178404670856,-0.015810114231156285,0.001912547370073052,23.58582878112793,-1.5760835409164429,5.988326072692871,0.655792236328125,-0.8449653452709018,-1.3929745278886418,-1.937959611118611,-2.2128941816602596,-2.3797825620806368,0.6290897172185765,-0.1314533577778188,-1.3344106674194336,0.029998779296875,0.1083831787109375,256
defactify,0,0,41018,0.9849796772884171,0.9899786157156637,JPEG,0.068267822265625,50.30669403076172,5.675939559936523,256,1.164090633392334,0.11360284686088562,0.5889497995376587,0.0018580824967219332,-0.07262947086630642,-0.002490443666198454,-0.011999592939542484,14.163846969604492,-0.6295899748802185,8.321024894714355,0.42431640625,-1.2780046972742394,-1.8422809267551203,-2.1582019625154487,-2.3622804650608966,-2.4643710837953314,0.46517027651033516,-0.09079772262322411,-1.2752981185913086,0.0078277587890625,0.2321319580078125,256
defactify,0,0,27240,0.972246920826694,0.9556659581176619,JPEG,0.09539794921875,46.236122131347656,7.35355806350708,256,1.4061286449432373,0.09016872197389603,0.8749517202377319,0.4534803764727691,0.27607255747726056,0.20235184481601837,0.07410234060965791,23.625423431396484,0.8118535876274109,6.490066051483154,0.530853271484375,-1.0759185049034157,-1.8416990115477327,-2.316769566419607,-2.5660299087420455,-2.6945974233562175,0.6168057452641591,-0.12080894976018934,-1.5470906496047974,0.012776692708333334,0.2782745361328125,256
defactify,0,0,24704,1.0,1.0,JPEG,0.210113525390625,74.47883605957031,5.0798115730285645,256,0.9436324834823608,0.0,0.7072699666023254,0.08036376342183438,0.07725968853027564,0.09673418546250599,0.08085857363956245,7.834410667419434,0.45337191224098206,11.87590217590332,0.4191131591796875,-0.8301447597159806,-1.4393137342065474,-1.5884704336931996,-1.872137029357944,-1.978368852126792,0.41352156385887273,-0.07572629388156385,-0.8903762698173523,0.005126953125,0.0022735595703125,256
defactify,0,0,56149,0.9943817244066757,0.9955823647429555,JPEG,0.0026702880859375,79.70993041992188,3.681710720062256,256,1.0987626314163208,0.41129109263420105,0.32437530159950256,0.07717951050211895,-0.02963188502905449,0.019229352958273244,0.010044634881720934,4.718569755554199,0.43177831172943115,11.413531303405762,0.241119384765625,-0.9614327696776801,-1.4182293597268592,-1.7506119764733459,-1.9677292355677674,-2.056413519840622,0.49064259663990484,-0.09064696928130506,-0.7244169116020203,0.001953125,0.1457672119140625,256
defactify,0,0,23515,1.0,1.0,JPEG,0.08941650390625,15.605762481689453,5.83617639541626,256,1.9552587270736694,0.33929720520973206,1.1223429441452026,0.5553714240586864,0.3595708077139583,0.23109015399967556,0.0991506427036971,100.10596466064453,2.3259594440460205,1.4064674377441406,0.7295074462890625,-2.301777138200624,-3.280260944362818,-3.7571285284943867,-3.7449619038359097,-3.8378977146323616,0.35088029990704817,-0.07741722285080023,-3.277794599533081,3.0517578125e-05,0.0019683837890625,256
defactify,0,0,44795,0.9811426788977258,0.9834784877956019,JPEG,0.0774688720703125,55.65818786621094,5.730496406555176,256,1.208391785621643,0.0606253407895565,0.6090856194496155,0.18402400201151375,0.1264650247907432,0.10104021680501338,0.09246792447319833,13.131715774536133,0.8703827261924744,8.070003509521484,0.4248809814453125,-1.3812632008656234,-1.9873870818616224,-2.3705003596262797,-2.546435239947523,-2.6261136634469544,0.5368746365564121,-0.10348926264415906,-1.2823760509490967,0.005223592122395833,0.2968902587890625,256
defactify,0,0,17851,0.9607467277429306,0.9743179802280952,JPEG,0.23797607421875,17.765811920166016,12.578092575073242,256,1.563698172569275,0.14968983829021454,1.0910576581954956,0.35133857892491366,0.1612955025967743,0.11575213616016994,0.09766762468174457,65.9604263305664,-2.520059585571289,3.2482800483703613,0.763885498046875,-1.5205728254634199,-2.0506902319123226,-2.592320696191889,-2.9541085504929168,-3.0624479557325435,0.712204438442174,-0.14395343670513083,-2.1432852745056152,3.5603841145833336e-05,0.1218414306640625,256
defactify,0,0,32712,0.9893559870232591,0.9646385327412739,JPEG,0.09429931640625,49.165672302246094,6.680235385894775,256,1.4762905836105347,0.04859968274831772,0.6567339301109314,0.37205735385385624,0.3653134500138074,0.23422117118266053,0.09871641313675492,34.64697265625,0.10445275157690048,6.0327277183532715,0.5503387451171875,-1.433282593043641,-1.9544440290067362,-2.296842699194414,-2.4374847575542873,-2.6390193162095974,0.6133505110035271,-0.09784887982280716,-1.2749830484390259,0.0062408447265625,0.1708221435546875,256
defactify,0,0,59173,0.9729952821962231,0.9904988386179489,JPEG,0.00390625,51.81324005126953,5.101833820343018,256,1.284121036529541,0.49167782068252563,0.6085925102233887,0.1374420675652747,-0.0050416949791351525,0.03057166577942097,0.02463921905731574,15.29079818725586,1.3453584909439087,7.540524005889893,0.2719573974609375,-1.1688596432658942,-1.648789390676149,-2.0080034995882023,-2.3158606686927596,-2.3667308671928584,0.5471661953167626,-0.1085459505678538,-1.2190042734146118,0.029688517252604168,0.1831512451171875,256
defactify,0,0,33809,0.9742075421324565,0.9953587459397529,JPEG,0.0597991943359375,55.31864929199219,6.172497272491455,256,1.1591098308563232,0.08285482227802277,0.8560084700584412,0.10726977197537703,0.1482136752296394,0.13086859846643148,0.08260558192087997,8.110711097717285,-0.11997942626476288,10.734050750732422,0.42767333984375,-1.173750559106315,-1.627419514493809,-1.931020394372946,-2.1433701144981354,-2.1848432862408886,0.3571765892936529,-0.07564278506537171,-1.1019461154937744,0.008015950520833334,0.22613525390625,256
defactify,0,0,65258,0.8454061474507001,0.942869533868534,JPEG,0.0317535400390625,42.79503631591797,6.5728559494018555,256,1.292537808418274,0.18679317831993103,0.7562395930290222,0.09899870228856451,-0.04117337191968059,0.010795648538150682,0.0023696174828509208,18.180940628051758,0.7331275939941406,6.64261531829834,0.41424560546875,-1.1976626577628045,-1.7717259736401578,-2.2364074511196055,-2.4609339307461235,-2.595310511611248,0.6275385394566015,-0.1198033125725295,-1.388399600982666,0.041300455729166664,0.40350341796875,256
defactify,0,0,31691,0.8624228916046089,0.8120749775825972,JPEG,0.03033447265625,29.467979431152344,6.889693737030029,256,0.9290583729743958,0.26810145378112793,0.7546828389167786,-0.04126444823444216,-0.07939340538916476,-0.006360221818275632,-0.0002566604775617929,27.946853637695312,0.235815167427063,3.714418888092041,0.5185546875,-1.236038950076547,-1.952523171534395,-2.3987321708060163,-2.681509088029409,-2.7829476659341887,0.6460020757216833,-0.12657791081887784,-1.4003545045852661,0.092254638671875,0.4397735595703125,256
defactify,0,0,73480,0.9904087263711342,0.9961228644553161,JPEG,0.0009765625,96.29296875,3.3006904125213623,256,1.0719836950302124,0.6440639495849609,0.30271226167678833,0.03928181525196481,-0.09488831423830388,0.0007889573513665527,-0.006227203471899903,3.1707510948181152,0.29537853598594666,12.403130531311035,0.2086334228515625,-0.6866988374175689,-1.1683325920867373,-1.4728509856846772,-1.7753244316341679,-1.8461806514867662,0.519166897057997,-0.09820666562512871,-0.711540937423706,0.012883504231770834,0.2150421142578125,256
defactify,0,0,22568,0.8818433602320941,0.8716620292544887,JPEG,0.1887054443359375,14.768247604370117,8.980059623718262,256,1.9912192821502686,0.19155745208263397,1.1647052764892578,0.34988245734941653,0.09974755384520961,-0.00884840534827184,0.01544474372655111,35.686397552490234,-0.3557263910770416,1.100144386291504,0.7945709228515625,-1.8595717690231863,-2.562741935389522,-3.131071166689738,-3.440033943370026,-3.474464568769388,0.7201641671460046,-0.14862594191728112,-3.0951952934265137,0.0,0.078887939453125,256
defactify,0,0,30498,0.9852425748154113,0.9751259130942221,JPEG,0.0444488525390625,51.6374626159668,6.840295791625977,256,1.152300477027893,0.22877898812294006,0.6401914954185486,0.012173422480942107,0.18141636504921194,0.13349992652655934,0.03665457747512756,12.598711013793945,0.5489095449447632,7.994735240936279,0.3783721923828125,-1.415610088440208,-1.7497771172454186,-2.233957595079189,-2.4711739761215323,-2.5087753015029852,0.5050585393993687,-0.10791216782609225,-1.1856762170791626,0.0055999755859375,0.2253265380859375,256
defactify,0,0,38860,0.9601560843856828,0.9832903529566932,JPEG,0.0723876953125,47.816741943359375,5.7934370040893555,256,1.3758790493011475,0.24987342953681946,0.7015559077262878,0.34095628400036176,0.301555762190866,0.23959655238410743,0.1133934081057683,17.420740127563477,0.7581900954246521,6.536959648132324,0.3477020263671875,-0.673121450154504,-1.4963929090344807,-1.8495602723316127,-2.133632667428979,-2.2391692302750723,0.48842899449213917,-0.100122557553548,-1.1655257940292358,0.0078582763671875,0.2536773681640625,256
defactify,0,0,18199,0.8898121626530272,0.9620284181080325,JPEG,0.2365875244140625,14.21771240234375,7.881201267242432,256,1.8948554992675781,0.1561538577079773,0.8885601758956909,0.5634288097868629,0.42585202316240434,0.34442861445210965,0.18475448411870157,93.94247436523438,2.4887993335723877,2.391843557357788,0.7187042236328125,-1.2866449596605394,-1.9904109720283873,-2.6928536405653505,-2.682605540886759,-2.8179784932759704,0.3796694059423569,-0.10303886147252242,-1.7362585067749023,0.008855183919270834,0.0659637451171875,256
defactify,0,0,45311,0.9844721394020336,0.9912971730746615,JPEG,0.025634765625,68.58473205566406,5.045376777648926,256,0.9722831845283508,0.15220598876476288,0.5089595317840576,0.30728444838027974,0.272928291263039,0.19229189824068874,0.08659344609401717,10.32190990447998,0.7158718705177307,12.887813568115234,0.375640869140625,-1.5028710922184567,-1.8208004314038249,-1.889989705163302,-2.060457365828535,-2.137924550484514,0.3251909938112183,-0.04826455414165482,-0.7218791246414185,0.026209513346354168,0.3778228759765625,256
defactify,0,0,38200,0.975487834158413,0.982158582919785,JPEG,0.0631866455078125,36.266143798828125,7.3013811111450195,256,1.254827857017517,0.13197314739227295,0.8399416208267212,0.2449024545053756,0.1117773961787423,0.09200959213056248,0.04865850475119707,31.665496826171875,1.7073819637298584,5.308288097381592,0.5184326171875,-1.102424210020339,-1.66765328687476,-2.099790912147503,-2.3381537017167107,-2.4024906107004185,0.5296138352908164,-0.11456780290942634,-1.181734323501587,0.0147247314453125,0.180633544921875,256
defactify,0,0,29027,0.9385133560770625,0.9334304179848143,JPEG,0.29241943359375,30.333471298217773,7.166373252868652,256,0.8967816829681396,0.0,0.7669625878334045,0.2537498965429923,0.1945190542182686,0.17262649379941142,0.03167997749476768,47.558258056640625,1.3516719341278076,3.759354591369629,0.676544189453125,-1.3629545706500563,-2.1907684199254485,-2.8528952814837965,-3.095327781430555,-3.1019482083680483,0.5627000628865888,-0.13679541520126057,-1.718778133392334,0.004206339518229167,0.1753997802734375,256
defactify,0,0,36663,0.9881309309625245,0.9852660824982257,JPEG,0.1540985107421875,34.48615646362305,8.99512767791748,256,1.7081236839294434,0.0,0.8815749883651733,0.7546432910348159,0.7356420624311929,0.7026828126842637,0.6361799362112223,39.19338607788086,3.496094226837158,5.984874248504639,0.581329345703125,-0.9307328758743605,-1.728980187088756,-2.1984398958360005,-2.5136159137850758,-2.5750786917285655,0.9310703907484994,-0.16103089614554442,-1.3333100080490112,0.13229878743489584,0.121490478515625,256
defactify,0,0,17892,0.925356585779298,0.9673830450525082,JPEG,0.3198394775390625,14.756935119628906,10.797221183776855,256,1.6202714443206787,0.17887376248836517,1.1835967302322388,0.5002376015028005,0.3571652839083865,0.2960916251730162,0.18663051096247962,53.06605911254883,-1.5941771268844604,1.3994286060333252,0.8267059326171875,-1.6997413260828562,-2.4440928521935232,-3.1795565688403444,-3.6592070980122937,-3.4999432578848753,0.6832715542951036,-0.1645657476654593,-2.03287935256958,0.0016072591145833333,0.053436279296875,256
defactify,0,0,18539,0.9884847858003181,0.9893025098256948,JPEG,0.4347076416015625,11.42928695678711,14.721038818359375,256,1.404348611831665,0.0,1.3841856718063354,0.3145210180406811,0.21900983148892603,0.1619303366437169,0.04684647601414088,80.3625259399414,1.0876929759979248,3.346928119659424,0.84686279296875,-1.044966235785802,-1.6749264145679499,-2.0256206599747895,-2.066435361539315,-2.062173109254469,0.4290812658345091,-0.06951996854133233,-1.335479497909546,0.000213623046875,0.0543365478515625,256
defactify,0,0,47876,0.9817856711925141,0.9921627757696166,JPEG,0.007049560546875,50.27475357055664,5.535924911499023,256,1.2802352905273438,0.23766544461250305,0.609074056148529,0.10502876926819686,0.19669467434493948,0.1404022808642715,0.07063853281529738,13.707843780517578,0.760223388671875,9.250929832458496,0.2564239501953125,-0.862473063412116,-1.3077790126705349,-1.4333669602999377,-1.5675373532526038,-1.6193401200041881,0.32262400515890377,-0.047156414628619546,-0.4950346350669861,0.00518798828125,0.239532470703125,256
defactify,0,0,30701,0.9485866399583577,0.9754569886224398,JPEG,0.1420135498046875,31.067331314086914,9.18142318725586,256,1.3344939947128296,0.0598299577832222,0.830674946308136,0.447123731168661,0.3237189697611647,0.14055960598339173,-0.006684985826104463,38.0527458190918,-1.456688404083252,5.3102593421936035,0.536773681640625,-0.9996679906402592,-1.5875208086716945,-2.006813337250824,-2.1801093556986455,-2.1549432736132,0.6968064937248553,-0.11118801284645345,-1.7077033519744873,0.022588094075520832,0.1909332275390625,256
defactify,0,0,32592,0.9856387841764401,0.9889283474043331,JPEG,0.0388336181640625,43.623077392578125,7.255614757537842,256,1.1468127965927124,0.15612781047821045,0.6643618941307068,-0.052081981357947706,0.0013998443431157272,0.013461617243555586,0.02806724124676623,28.060089111328125,0.4744023084640503,6.390978813171387,0.515380859375,-1.2130283261771826,-1.7600385494856559,-2.215457660670271,-2.4547846598910743,-2.631810056654869,0.7035307580431365,-0.1303741848075633,-1.8145127296447754,0.045750935872395836,0.1035919189453125,256
defactify,0,0,42860,0.9877608079944148,0.9750535098840788,JPEG,0.019012451171875,54.01347351074219,6.741174697875977,256,1.224206566810608,0.30105113983154297,0.7219016551971436,0.11405481405021044,0.04095353741222881,0.043132988193998405,0.047650641259421304,10.701025009155273,0.13625910878181458,9.522366523742676,0.28570556640625,-1.1263326838912784,-1.549890019244586,-1.8060745427670417,-1.9692127901346597,-1.9829158861964924,0.29368461238113586,-0.06803830329772172,-0.9776121973991394,0.032084147135416664,0.1924285888671875,256
defactify,0,0,13168,0.9843177150176199,0.9904770979794748,JPEG,0.13970947265625,10.348491668701172,17.105632781982422,256,1.6717901229858398,0.44498705863952637,1.5481311082839966,0.014186500314664367,-0.022459634272322306,-0.06712148903471174,0.008196646525918302,150.4012908935547,-1.136651635169983,2.314171075820923,0.8073577880859375,-1.3236618540099503,-1.9502002306356756,-2.3461826299714916,-2.5010144325763326,-2.5868783209254618,0.37769947626905953,-0.08431752018509017,-1.4092798233032227,0.00010172526041666667,0.0210723876953125,256
defactify,0,0,26693,0.9932259989424356,0.9668553370191348,JPEG,0.0308074951171875,48.11920928955078,7.675922393798828,256,0.9286962151527405,0.31818103790283203,0.9364411234855652,0.10360235389154532,0.05718086674580377,0.11033610394056947,0.11604819444458582,20.307300567626953,-1.2074264287948608,9.05722713470459,0.3298492431640625,-1.0170944742110084,-1.5657491174622162,-1.8927121529643127,-2.264846488378156,-2.283143380578596,0.7652325082560889,-0.12815130686493703,-1.1224781274795532,0.0028635660807291665,0.1732635498046875,256
defactify,0,0,31197,0.986075826915026,0.9914296293414879,JPEG,0.0290069580078125,50.0914306640625,4.33164119720459,256,0.9921668171882629,0.34917885065078735,0.5190017223358154,-0.021099747512708777,-0.02251612188533791,-0.0029883835301677316,0.004825962277123337,5.8121232986450195,-0.0013412568951025605,7.134644031524658,0.2914581298828125,-1.416766306249011,-1.8139422587947083,-1.8766124864703775,-2.03153231274806,-2.029169465922047,0.1864748297683123,-0.037455280788940934,-0.8531168103218079,0.021443684895833332,0.12994384765625,256
defactify,0,0,31769,0.9526444700500217,0.9869051269494666,JPEG,0.00775146484375,56.657554626464844,4.672924995422363,256,0.9122641682624817,0.3681086003780365,0.4821435213088989,0.14288584677523972,0.025109290039299185,0.016826740315215777,0.046841818898891184,7.2767333984375,1.1284055709838867,6.519362449645996,0.3068389892578125,-0.8990744324625917,-1.703267811836862,-2.1013063981816806,-2.4373639204062885,-2.5650176199143138,0.673681040446426,-0.12366301107824205,-1.357069492340088,0.056742350260416664,0.1788787841796875,256
defactify,0,0,47337,0.9934208397647383,0.9957047024903846,JPEG,0.0081024169921875,69.08467864990234,5.230925559997559,256,1.2774680852890015,0.13787709176540375,0.7018866539001465,0.13328642491910292,0.1359941089505615,0.09879968989406773,0.05272730462834157,10.226503372192383,-0.15696817636489868,11.352176666259766,0.283905029296875,-1.1033947582240868,-1.6461360636421736,-1.9719808082246306,-2.168449702284395,-2.1543736287079476,0.344811509988868,-0.07785532364135167,-0.7859717607498169,0.008015950520833334,0.1772308349609375,256
defactify,0,0,34988,0.9854622461853315,0.9854177313945613,JPEG,0.22552490234375,43.40785217285156,6.636743545532227,256,0.965400755405426,0.06203337386250496,0.8648678660392761,0.27504571142012985,0.19471028569776408,0.12654724896758526,0.049987436833243484,12.705658912658691,0.11939878016710281,8.881804466247559,0.55535888671875,-1.016085365404975,-1.3420697991961612,-1.5227908597084312,-1.6634731256815254,-1.7542897282524272,0.2857677071944824,-0.05523868953460898,-0.6585860252380371,0.006886800130208333,0.2507476806640625,256
defactify,0,0,55093,1.0,1.0,JPEG,0.02117919921875,74.14566040039062,4.518537998199463,256,1.1195147037506104,0.11986026167869568,0.5298262238502502,0.16727800197539258,0.154545310070048,0.13990705288245203,0.14027356448341974,5.214047431945801,0.48355865478515625,15.610587120056152,0.2938079833984375,-1.0509120813214743,-1.4726183048219168,-1.7303753113244031,-1.9242442472136698,-2.0037993082852603,0.21966964688036406,-0.06279327176296874,-1.0131698846817017,0.0088348388671875,0.002288818359375,256
defactify,0,0,25951,0.9628664206920221,0.9541847982952115,JPEG,0.11322021484375,36.415462493896484,7.1761698722839355,256,1.4000521898269653,0.08307404071092606,0.7967308759689331,0.21991569108595677,0.2844038265623265,0.19188228196255544,0.05856014456493824,26.276641845703125,-0.00874661561101675,5.878017902374268,0.5369110107421875,-1.0253225367992922,-1.5652407083591307,-2.026809353244504,-2.324509389756683,-2.277395894881595,0.4853518503852241,-0.1085615466151459,-1.187646746635437,0.0085906982421875,0.2393646240234375,256
defactify,0,0,42516,0.9911001873378048,0.9786757061020801,JPEG,0.0067901611328125,63.842323303222656,4.968828201293945,256,1.3456788063049316,0.31036627292633057,0.5169646143913269,0.5086005084123171,0.3632777055176392,0.06436597580476403,-0.01829701144362394,12.909927368164062,-0.4219302237033844,10.080062866210938,0.319366455078125,-1.3114813976081061,-1.0634555543337614,-2.011574808699897,-2.277362298248007,-2.3144698999840525,0.9875871375184859,-0.2097340750641397,-1.009469985961914,0.002899169921875,0.1912078857421875,256
defactify,0,0,40904,0.9849098927020651,0.9780937102953389,JPEG,0.059600830078125,54.84880065917969,5.245351314544678,256,1.3936208486557007,0.17072440683841705,0.5102568864822388,0.35549732716214066,0.1796406045714997,0.17563722903850568,-0.13148419911248757,21.318161010742188,-0.08882509917020798,6.514529705047607,0.523284912109375,-1.548195280827243,-1.855296463295291,-2.840287536631667,-3.1239052475558626,-3.2956859846643827,0.8209943409760152,-0.187959129260847,-1.8635181188583374,0.09975179036458333,0.2002716064453125,256
defactify,0,0,25332,0.9631122190573679,0.9614299418796991,JPEG,0.119598388671875,19.061981201171875,10.17892074584961,256,1.2254936695098877,0.26241153478622437,1.0582804679870605,0.16659501556089357,0.27299943861309633,0.16086421648331828,0.04820954943964661,80.4473876953125,-3.6483352184295654,3.3336539268493652,0.6630401611328125,-1.3797571863722142,-2.343943457396933,-2.678599769826431,-2.939180004005352,-2.9615790304181546,0.43454404026823923,-0.09427145480004172,-2.2949929237365723,0.0064544677734375,0.0883331298828125,256
defactify,0,0,74759,0.9919110598755366,0.9973727231863778,JPEG,0.0083465576171875,90.04383850097656,3.6698453426361084,256,1.0627541542053223,0.5339629650115967,0.308920681476593,0.0015346843549264677,-0.009919446866888454,-0.0018558861555242525,-0.005369561382269413,4.095303058624268,0.2638395428657532,15.39183235168457,0.2068634033203125,-1.1056826135916875,-1.4560109787147617,-1.6125020888366892,-1.7318066796749356,-1.7637885540140363,0.25262536244738065,-0.04656397873059876,-0.5358076691627502,0.014190673828125,0.1960601806640625,256
defactify,0,0,49699,0.9853330500503464,0.9881167098841394,JPEG,0.003509521484375,50.28025817871094,4.070786952972412,256,0.9452659487724304,0.500977635383606,0.3964027166366577,0.20669270875635887,0.07616317566349741,0.04644833671813974,0.00217046900712024,6.406929969787598,-0.04467274621129036,6.810970783233643,0.2419281005859375,-1.2181391788660791,-1.6779005123304955,-2.0933026842685747,-2.3606735585068126,-2.433312346180241,0.6055363307896364,-0.11870751776003498,-1.1693153381347656,0.005549112955729167,0.141387939453125,256
defactify,0,0,90784,0.9902147652563342,0.9935078280725096,JPEG,0.029510498046875,89.5654525756836,4.185640811920166,256,1.0180723667144775,0.20542451739311218,0.4064333736896515,-0.06277982370039956,-0.01825135462768586,-0.0024941986548886745,0.00861429388225826,4.415996551513672,0.29153677821159363,14.888120651245117,0.2735748291015625,-1.2272940803063799,-1.8591900333712505,-2.141751757934826,-2.3238572502956156,-2.4082918619175295,0.4284757535376498,-0.07893335769281613,-0.9416481852531433,0.096649169921875,0.30743408203125,256
defactify,0,0,23772,0.9735086544807364,0.9747372330314308,JPEG,0.2108917236328125,25.75143814086914,10.91019344329834,256,1.4110982418060303,0.0786728784441948,0.9834733009338379,0.5125418911918108,0.4173452055099404,0.2599843752764641,0.11648314660446188,49.43856430053711,0.7279912829399109,3.811413049697876,0.678070068359375,-1.1782677213549864,-1.8643045260408444,-2.356849535948089,-2.568333928798226,-2.722400964458516,0.6199118724072141,-0.1207571950703863,-1.4349088668823242,0.0027211507161458335,0.1128997802734375,256
defactify,0,0,18807,0.9522602094078834,0.9451422729081779,JPEG,0.023956298828125,34.66381072998047,4.87225866317749,256,0.886538028717041,0.37853890657424927,0.5172081589698792,0.5668449134109074,0.37056134421718384,0.2981149974387421,0.2180131449186418,17.918825149536133,0.2602114677429199,2.3469791412353516,0.550201416015625,-1.496697066531012,-2.850031387803952,-3.464376381147626,-3.630027768507781,-3.781422426981604,0.9599225704564498,-0.13983494460888835,-2.4888269901275635,0.0010579427083333333,0.1475372314453125,256
defactify,0,0,26366,0.9817294726419712,0.9782387867999206,JPEG,0.0292205810546875,56.973426818847656,5.939197063446045,256,0.9812744855880737,0.15542744100093842,0.5826160907745361,0.5477017202804536,0.3194632053829967,0.183926994022814,0.025678336549467662,20.462575912475586,1.9092798233032227,6.346277236938477,0.439453125,-0.2690271939973483,-1.3739631447289806,-1.622214799841772,-1.847492032057029,-1.9328208286078183,0.40234564229734193,-0.07496492410054478,-1.244171380996704,0.004587809244791667,0.231536865234375,256
defactify,0,0,17358,0.9430103500139335,0.9553460658205587,JPEG,0.114166259765625,20.62727165222168,6.157832145690918,256,0.9415155649185181,0.1344468593597412,0.817063570022583,0.3006147426483372,-0.19369902548518936,-0.06988317299880538,-0.030419620602100465,41.04791259765625,1.002084732055664,2.144697427749634,0.625396728515625,-1.3653941892682218,-2.0190298756601113,-2.8027933208160727,-3.1959279208891793,-3.2229628333927174,0.8289591310779398,-0.1898585412648947,-2.6286730766296387,5.5948893229166664e-05,0.1234893798828125,256
defactify,0,0,59350,0.990588624101939,0.9919680724612265,JPEG,0.08856201171875,46.45469284057617,7.279351234436035,256,1.1918872594833374,0.08499734848737717,0.7524393796920776,0.11562131416326273,-0.0189975335459255,0.018643354083838607,-0.006703821977293471,22.668834686279297,0.43794190883636475,6.267158031463623,0.525543212890625,-1.3825770099064378,-1.94860303188766,-2.4015445703492917,-2.6411602983276836,-2.7096691733371916,0.4865180911276763,-0.10897992217825621,-1.7638100385665894,0.036610921223958336,0.1300811767578125,256
defactify,0,0,52640,0.9974526476204385,0.9998528420717109,JPEG,0.0079498291015625,94.95184326171875,4.482607841491699,256,1.107540488243103,0.24002313613891602,0.4445640742778778,0.19274201353236553,0.04400690183124583,0.048646964875736984,0.014889825966771656,9.284040451049805,0.8946540951728821,10.958491325378418,0.2664337158203125,-1.0201600142879785,-1.7395497511363205,-2.2455351484215154,-2.470749983381503,-2.5704977762070813,0.53679847737377,-0.11991463621468547,-1.1488102674484253,0.08054606119791667,0.0169677734375,256
defactify,0,0,48559,0.983431052277151,0.984439997378117,JPEG,0.0183563232421875,52.394203186035156,5.907960414886475,256,1.3543596267700195,0.33665135502815247,0.5115688443183899,0.6145780126302671,0.5135972972937946,0.34954261058846187,0.060371414808165796,19.511510848999023,0.6502222418785095,10.222247123718262,0.3542938232421875,-1.091801420500195,-1.3790519118829492,-1.2869512230817488,-1.4610485715527366,-1.5719476935623593,0.3210066341505673,-0.030596492125865075,-0.25807276368141174,0.01318359375,0.1896209716796875,256
defactify,0,0,38493,0.9751078668609501,0.9841734389229586,JPEG,0.0412445068359375,45.243892669677734,6.267993927001953,256,0.9283854365348816,0.15656137466430664,0.7478387355804443,0.21309295152294153,0.2064225243118642,0.17131637829132562,0.16827176368385763,15.283899307250977,0.4484017789363861,7.423772811889648,0.39312744140625,-1.4880643405523353,-1.8692244101318343,-2.0905099368472495,-2.488208868666744,-2.632012691703446,0.5105874252486524,-0.10036448578114748,-1.5778539180755615,0.0012308756510416667,0.2354278564453125,256
defactify,0,0,33087,0.983144694763321,0.9905890429879102,JPEG,0.056610107421875,28.298795700073242,7.505180835723877,256,1.485801100730896,0.22385390102863312,0.81937175989151,0.5445382277845516,0.4878676245026225,0.40865613808149537,0.2732199199379035,43.1561393737793,1.9444944858551025,4.244917869567871,0.5664215087890625,-0.9606188143024319,-1.7649552788237033,-2.04806366812425,-2.322633740938265,-2.4966834760268597,0.7328353585756844,-0.11621675920105627,-1.3382360935211182,0.008885701497395834,0.0941162109375,256
defactify,0,0,13335,0.9925383373440438,0.983689084255987,JPEG,0.4254150390625,28.606456756591797,10.066880226135254,256,1.3032917976379395,0.0,1.024909496307373,0.17283621777833047,0.005846299394567362,-0.0772809119794562,0.050264291274793864,63.131874084472656,-0.7966365218162537,4.512657165527344,0.709381103515625,-1.368104733687499,-2.046393038110601,-2.4475905681968353,-2.7849520133192005,-2.951012304852143,0.7049160613797589,-0.12490969659881374,-1.9044684171676636,0.0009969075520833333,0.0839691162109375,256
defactify,0,0,63183,0.9902200716934393,0.9899711538659913,JPEG,0.00543212890625,70.12891387939453,3.6190483570098877,256,1.0120569467544556,0.43789491057395935,0.283907026052475,-0.08119770190449235,-0.057925902285577514,0.018839760903624388,0.009591658979883575,6.463383674621582,0.32827919721603394,8.601839065551758,0.284576416015625,-0.6769822384014921,-1.2903579812245365,-1.8688790578777557,-2.118985529857918,-2.254611672348605,0.6852048136609783,-0.13721825258228845,-1.0273008346557617,0.0004984537760416666,0.1462554931640625,256
defactify,0,0,30538,0.9862916216765463,0.9706987810544964,JPEG,0.1153106689453125,49.782997131347656,6.8596110343933105,256,1.2005459070205688,0.06563836336135864,0.7794749140739441,0.15545933032859952,0.24228737100490882,0.18748269644949336,0.17645017774467928,21.944087982177734,0.5015586614608765,8.662957191467285,0.5439910888671875,-0.6909965026594733,-1.1920922676813008,-1.5905037956103873,-1.7391403728551706,-1.776771234787831,0.4673232493776869,-0.08426122707795368,-1.1146540641784668,0.024027506510416668,0.1897125244140625,256
defactify,0,0,42146,0.9349736629720976,0.9626391087637747,JPEG,0.0160675048828125,38.12791061401367,6.588363170623779,256,1.4174962043762207,0.347059041261673,0.613702118396759,0.3397081910927846,0.17713324709956885,0.14817765005079506,0.05859429747220356,21.161855697631836,0.014261117205023766,4.592923164367676,0.4777984619140625,-1.5647199816696178,-2.1611484404706047,-2.5926739470296765,-2.8373242775091896,-2.952541282602679,0.6258877867338022,-0.11470160673917479,-1.6052850484848022,0.014017740885416666,0.3991241455078125,256
defactify,0,0,68841,0.9927277432697414,0.9955899133370285,JPEG,0.002655029296875,82.15766906738281,4.333627700805664,256,1.2183250188827515,0.2903580665588379,0.439820259809494,0.42275984011449425,0.34973399085790735,0.28761613536691216,0.20685902494671232,7.163275718688965,-0.5905844569206238,13.447110176086426,0.220550537109375,-0.8452651798272051,-1.254599496985028,-1.5909105132009849,-1.7648018828860659,-1.809703229559589,0.36954175602411166,-0.08601747845827411,-0.6421745419502258,0.009389241536458334,0.2218170166015625,256
defactify,0,0,26925,0.9233046710379383,0.9567749273063386,JPEG,0.0433197021484375,49.850032806396484,7.005850791931152,256,1.3661824464797974,0.14203619956970215,0.78770911693573,0.2922406463855043,0.007729629582618773,0.09260651597020644,0.03661491618554853,25.097702026367188,0.0483127236366272,5.204898357391357,0.495880126953125,-1.5950588049754577,-2.362541372989716,-2.929745287804817,-3.233295317214864,-3.368071309432292,0.6950303132448195,-0.14161892996190875,-1.9306131601333618,0.045415242513020836,0.2689056396484375,256
defactify,0,0,47947,0.978837308106449,0.988507230577688,JPEG,0.026641845703125,46.003807067871094,6.530467510223389,256,0.9350908398628235,0.2122209668159485,0.6217360496520996,0.6424822485517597,0.5258692105867253,0.43683803953356093,0.24067093420003904,22.436906814575195,0.5569754838943481,5.764726161956787,0.4658966064453125,-1.2844031370352225,-1.5500710316543111,-2.257029312325564,-2.642745135828058,-2.8409792196596335,0.8528984636274028,-0.1728572601400963,-1.76357102394104,6.612141927083333e-05,0.1275482177734375,256
defactify,0,0,35049,0.9803973110748162,0.9549161582980781,JPEG,0.0355224609375,36.99686050415039,7.53277587890625,256,1.444043517112732,0.1989128142595291,0.847835123538971,0.22063470308057037,0.05826672771233395,0.06930463673422158,0.03147246441105016,38.90474319458008,0.36583247780799866,4.726597785949707,0.4317626953125,-1.1078503786507428,-1.725436716927863,-2.4389666294255,-2.7121824872335827,-2.807998533674751,0.8331703163356279,-0.16806874060895385,-1.5819376707077026,0.0020345052083333335,0.188720703125,256
defactify,0,0,39660,0.9755869341892268,0.9808875052121594,JPEG,0.025604248046875,61.648643493652344,5.6441192626953125,256,1.2599831819534302,0.18656742572784424,0.5387418270111084,0.416096503054282,0.13438291963350213,0.07859328573521349,0.020194684701537305,26.67262840270996,1.5162700414657593,5.488188743591309,0.4513092041015625,-1.2785532228987524,-2.087787077104708,-2.991666085781313,-3.291690209883802,-3.383148729307285,0.8551920263980035,-0.1918446197425351,-2.0358164310455322,0.057942708333333336,0.246124267578125,256
defactify,0,0,14789,0.9729797202074039,0.9808907163399015,JPEG,0.348876953125,12.86579418182373,12.465744018554688,256,1.173910140991211,0.2105935513973236,1.0830411911010742,0.1992864607738523,0.30191870000332527,0.17096908341913686,0.08858452927158425,73.52976989746094,0.04992765560746193,2.819882392883301,0.80755615234375,-1.2307456561625303,-1.7774330090873205,-2.24159928541063,-2.4918325851496688,-2.5976874572108564,0.6234126621427905,-0.11060343775381803,-1.6793293952941895,0.0704498291015625,0.0455474853515625,256
defactify,0,0,47067,0.9651128196525014,0.9822109018035786,JPEG,0.029571533203125,56.67435836791992,5.080413341522217,256,1.4995652437210083,0.2865125834941864,0.5601111054420471,0.5548810982340129,0.27447452619492346,0.10079154761585336,0.019605211397702067,12.411018371582031,0.5922434329986572,6.0043511390686035,0.382568359375,-1.0760928157385772,-1.5787629408295052,-2.270285970206623,-2.546279503563202,-2.5630041095970677,0.6998670225484185,-0.1551200708562966,-1.2141867876052856,0.08950297037760417,0.184478759765625,256
defactify,0,0,20336,0.8953991651473997,0.9601097554308543,JPEG,0.1389923095703125,24.672075271606445,8.126144409179688,256,1.4943927526474,0.11068938672542572,0.8328452706336975,-0.10061164316612088,0.11491988680663574,0.08559019020106438,0.0048116821269192965,58.3663215637207,0.8305920958518982,2.6838719844818115,0.7276763916015625,-1.3819429653018434,-2.3652982732066032,-2.9357418012613117,-3.1183954494699115,-3.052215482377755,0.42806645594234993,-0.11436848913502147,-2.1588287353515625,0.054112752278645836,0.2060089111328125,256
defactify,0,0,27581,0.9362376308062732,0.9635232962912347,JPEG,0.1672515869140625,25.294952392578125,11.120816230773926,256,1.4170464277267456,0.1911150962114334,1.1448805332183838,0.25908042226654093,0.1840297281269868,0.15631042921972485,0.03878777370804264,49.65240478515625,-0.8947250843048096,3.737416982650757,0.6434326171875,-1.328743245552813,-1.9646104006580396,-2.5998382978329113,-2.8000051343608803,-2.9025942623977734,0.5536420653283818,-0.13839677003874068,-1.776687502861023,0.0092620849609375,0.138031005859375,256
defactify,0,0,50299,0.9911223069611041,0.9915878411569545,JPEG,0.023773193359375,63.271514892578125,5.132221221923828,256,1.2096998691558838,0.0712638646364212,0.5487619042396545,0.19825405551093062,-0.03229755179510155,0.019529640067654733,0.0025327484644502344,10.377442359924316,-0.5900192260742188,6.593080520629883,0.3837432861328125,-0.8103866915531848,-1.5372133700436983,-2.246947571281093,-2.5837085109042475,-2.7349219555623856,0.9111694353021296,-0.17847560077122596,-1.3838688135147095,0.001953125,0.1194000244140625,256
defactify,0,0,27881,0.9858310625629108,0.9900129705416105,JPEG,0.0804290771484375,39.51025390625,6.966869831085205,256,1.2502734661102295,0.10421697050333023,0.7293049693107605,0.13272639726245436,0.1962039065355184,0.14880819925421448,0.04474867485255186,23.928991317749023,0.1114305704832077,6.2110915184021,0.52838134765625,-1.2822721897686877,-1.7963283736718978,-2.1984831603787853,-2.3341919993214146,-2.3914780638875657,0.3555144090118523,-0.08706010874956625,-1.0718388557434082,0.0009104410807291666,0.146148681640625,256
defactify,0,0,22966,0.9906630437932004,0.9892895615579063,JPEG,0.3214111328125,32.667991638183594,8.385588645935059,256,1.5873820781707764,0.03828192502260208,0.889887809753418,0.5798063576497793,0.39059347113726617,0.17911930138209314,0.01603725926555661,44.57271957397461,2.531956911087036,5.022055149078369,0.6179351806640625,-1.0931892835209664,-1.7582741930057688,-1.8935213564995648,-2.2821978990637355,-2.4639038785173657,0.5700617040496923,-0.10768734798312543,-1.405866265296936,0.0021260579427083335,0.065338134765625,256
defactify,0,0,20757,1.0,1.0,JPEG,0.1442108154296875,15.92821216583252,9.856924057006836,256,1.8154159784317017,0.2495160549879074,1.0500059127807617,0.22319801708158352,0.036172344810507136,0.07796405730542263,0.07448892616348321,61.19633483886719,-0.5344703793525696,1.5654281377792358,0.756256103515625,-1.4042830365902814,-2.2801545348497916,-3.1363411543257564,-3.3170007927382197,-3.4436316229747743,0.706048588876421,-0.16351649804271753,-2.736985445022583,0.0005035400390625,0.0019073486328125,256
defactify,0,0,16781,0.9820940137834624,0.9821880057083843,JPEG,0.152740478515625,22.952255249023438,13.227991104125977,256,1.3767536878585815,0.21150702238082886,1.1366926431655884,0.11284085031967384,0.07561139311322505,0.1165474213689527,0.06959222601811654,80.33026123046875,4.563531398773193,3.0259222984313965,0.7123870849609375,-1.7110032475991614,-2.462695665994544,-2.97427252404478,-3.1909663924764198,-3.3074334929001523,0.5519003571925536,-0.116258869652618,-2.5473225116729736,0.002471923828125,0.058990478515625,256
defactify,0,0,16931,0.8420118557173013,0.918124741348838,JPEG,0.3146209716796875,18.457618713378906,11.847701072692871,256,2.342242479324341,0.0,1.1301506757736206,0.6579710133349502,0.5710570266448741,0.48437057317091503,0.33125473688405416,19.773021697998047,0.8304485082626343,1.9719693660736084,0.7209930419921875,-1.6983246280937188,-2.557864047827504,-3.0222184327120454,-3.2694586279767712,-3.416419975981949,0.4292775012648633,-0.11363727782696709,-1.8359307050704956,0.0037434895833333335,0.060211181640625,256
defactify,0,0,51653,0.9391984626198715,0.9890279999034868,JPEG,0.20635986328125,38.35904312133789,8.819279670715332,256,0.9485663175582886,0.07016808539628983,1.038502812385559,0.20926563149782287,0.03293161208106231,0.05020889620751842,0.01177377971642498,36.23603820800781,-2.9330339431762695,6.175975322723389,0.57598876953125,-0.7409377969402824,-1.284151204466264,-1.9059446770338013,-2.3628550759766345,-2.453268422576177,0.8609182004903513,-0.17465958355235256,-1.4838581085205078,0.006261189778645833,0.2044525146484375,256
defactify,0,0,22761,0.9784508300648803,0.9842824013235876,JPEG,0.17889404296875,42.40385818481445,7.547809600830078,256,1.1525975465774536,0.040533021092414856,0.7995002865791321,-0.038254104156506825,0.11970063815813103,0.15534020602331797,0.07781463874471711,24.042179107666016,0.503227710723877,5.949123382568359,0.540252685546875,-1.2747356431620007,-1.5288919515933168,-2.2774987738675243,-2.3700193712746422,-2.372924386438063,0.5560379795745787,-0.12819300004897144,-1.2359285354614258,0.0004323323567708333,0.17626953125,256
defactify,0,0,28235,0.9069555437038417,0.9164909045335146,JPEG,0.2004547119140625,14.97404956817627,11.521217346191406,256,1.0197360515594482,0.15918324887752533,1.0465421676635742,-0.30015988978121627,0.002033938775771804,0.0065358899891986896,0.016192278395392078,195.09494018554688,-8.56587028503418,2.9419164657592773,0.7524261474609375,-1.415488338189613,-1.7102912190314186,-2.1769473783154574,-2.399915134937369,-2.4824538298335286,0.28853420523185846,-0.09673945829557282,-1.7962249517440796,0.043121337890625,0.0865936279296875,256
defactify,0,0,25172,0.9780587410678214,0.9876552757755861,JPEG,0.0323638916015625,55.181663513183594,4.911048412322998,256,0.9263768196105957,0.17192012071609497,0.5195308923721313,0.35839747457084964,0.43707789843551964,0.45653441593894223,0.29487649486448625,11.687945365905762,-0.6642122864723206,7.765445709228516,0.361297607421875,-1.1172085801861904,-1.4887278323497686,-2.0204259464603442,-2.2132251444947038,-1.9937472340122078,0.19281686263858777,-0.08738433373639766,-1.0783196687698364,0.0009816487630208333,0.2925567626953125,256
defactify,0,0,31131,0.9106538418616026,0.887841145076589,JPEG,0.030029296875,29.45730209350586,7.753292560577393,256,1.9546794891357422,0.2689032256603241,0.8048356771469116,0.6473117576136238,0.3518741982688649,0.01457142750358324,-0.11922908789626577,56.79831314086914,3.863590717315674,2.1262011528015137,0.6207427978515625,-1.2969816697640555,-2.3167681414803623,-3.1093549877273388,-3.468712365671545,-3.5054938910184013,0.7437969271296168,-0.17940313062305477,-2.602609872817993,0.012385050455729166,0.25665283203125,256
defactify,0,0,30447,0.9838765951662849,0.9867104302270009,JPEG,0.1345672607421875,32.3318977355957,7.922526836395264,256,1.4433199167251587,0.05945955961942673,0.8810850977897644,0.37035683028207006,0.24011183030469055,0.16652407646077105,0.008518081912825222,31.754302978515625,1.4528356790542603,5.449874401092529,0.5498046875,-1.2236382815255684,-1.745472800046989,-2.2584481308536217,-2.5279534139065536,-2.6653892035141338,0.6817565772292049,-0.13746425937124923,-1.8442986011505127,0.0012664794921875,0.1192169189453125,256
defactify,0,0,51252,0.9864458225172626,0.9848717707286634,JPEG,0.01458740234375,76.76983642578125,4.638408660888672,256,1.1626083850860596,0.3651464879512787,0.3769304156303406,0.3524655485923167,0.14026907780667563,0.10323695247805384,0.04169840218917655,8.656394004821777,0.6833201050758362,10.345558166503906,0.305816650390625,-0.9999623587869957,-1.57787819065888,-1.9334380679602123,-2.1625823061824088,-2.252858790499136,0.5155688098067941,-0.10245230052687951,-0.8743010759353638,0.020314534505208332,0.30462646484375,256
defactify,0,0,18983,0.7676544863105933,0.8224366097070708,JPEG,0.107757568359375,20.76754379272461,6.562419891357422,256,1.6664319038391113,0.08619701117277145,0.7475501894950867,0.385878885724548,0.04593401916947959,0.0028122449480118277,0.013653491965051388,55.493995666503906,0.762304961681366,1.417306661605835,0.749298095703125,-1.7605257694280212,-2.6425293075788403,-3.419294559621192,-3.6491347599262554,-3.715745453661558,0.7033182224432011,-0.15796312056437636,-2.768848180770874,0.006968180338541667,0.2319488525390625,256
defactify,0,0,28345,0.9746530545621502,0.9802834703765256,JPEG,0.0481414794921875,30.496477127075195,6.99620246887207,256,0.9368999600410461,0.20144055783748627,0.9248021245002747,0.44139360746336964,0.33506573967305897,0.2856320069625756,0.1591615673531866,16.26993179321289,-0.6980282068252563,3.8985214233398438,0.4735107421875,-1.1607136337711657,-1.6371356770837888,-2.1127772131959306,-2.348753063785514,-2.540281730004051,0.8940597896709743,-0.13101566636287634,-1.6292730569839478,0.0030721028645833335,0.0986785888671875,256
defactify,0,0,28000,0.9569558255401874,0.9656790140678313,JPEG,0.171417236328125,25.205387115478516,7.592861652374268,256,0.9654185771942139,0.12204429507255554,0.9661840200424194,0.27448538857656635,0.1429286560467503,0.11159309200020695,0.04619521780390577,46.23607635498047,2.2639834880828857,2.981234073638916,0.6237945556640625,-1.0677428592838618,-1.6921444577290385,-2.384086633652985,-2.547948863829413,-2.676331409769439,0.649267730592272,-0.14341226702732737,-1.7432266473770142,0.0006205240885416666,0.1307525634765625,256
defactify,0,0,13988,0.9991061089254457,0.9995046740885479,JPEG,0.1759490966796875,33.522666931152344,11.740635871887207,256,1.0737783908843994,0.13327434659004211,1.0535392761230469,0.01539660085481172,-0.08395502478640801,0.017249742348965147,0.015390856985118283,47.44139862060547,-0.4384502172470093,4.628579139709473,0.6268463134765625,-1.4584657509761083,-2.2081202855450384,-2.7749454900781787,-3.0661539064659538,-3.216851795475881,0.7167969777168945,-0.14375650742520757,-2.1319468021392822,0.0072174072265625,0.01495361328125,256
defactify,0,0,39567,0.9605003886555723,0.9565960620716017,JPEG,0.0676422119140625,36.482940673828125,7.670339584350586,256,1.2677230834960938,0.15594889223575592,0.7516571283340454,0.1183121153600265,-0.04150206841460127,0.023163012226235378,0.017263268862212276,24.00078773498535,1.3552665710449219,4.104979515075684,0.501861572265625,-1.4453965573373644,-2.111729895843583,-2.6702889126517784,-2.9464183667414767,-3.0904220079505462,0.715908579837385,-0.1457036780524305,-2.0139522552490234,0.007425944010416667,0.14642333984375,256
defactify,0,0,40025,0.9567440236843039,0.9762107710217482,JPEG,0.0203704833984375,67.859619140625,4.569109916687012,256,1.1849596500396729,0.2631310522556305,0.47550472617149353,0.11063532614022625,0.024339669115124224,0.11502159390424575,0.09303298335676648,10.270261764526367,0.0012799398973584175,7.263609409332275,0.361175537109375,-1.2712835840795025,-1.7088663609135368,-2.3952501788383653,-2.755830441555653,-2.7296681955306275,0.5140087698326496,-0.13927117849769685,-1.3807518482208252,0.0367279052734375,0.28704833984375,256
defactify,0,0,33821,0.9719109514562426,0.9633073337379212,JPEG,0.0890960693359375,39.96875762939453,6.771472930908203,256,1.3569649457931519,0.0820901021361351,0.6609806418418884,0.3662554714012635,0.17244386758839744,-0.02336264907430666,0.011076742781782334,27.095632553100586,-0.10076035559177399,4.968122959136963,0.54766845703125,-1.3510924571515277,-1.8958603409197998,-2.42427955538808,-2.6905249315917503,-2.7473189075793423,0.4801139036463118,-0.11478265627159626,-1.4370696544647217,0.0020294189453125,0.204376220703125,256
defactify,0,0,47097,0.9757707819806554,0.9900883376093402,JPEG,0.05084228515625,28.44417953491211,7.981239318847656,256,1.4894837141036987,0.31341612339019775,0.9398433566093445,0.3511746744411893,0.3038147915851797,0.3064593488116987,0.2791625354637,35.69187545776367,2.856917142868042,5.001081943511963,0.524200439453125,-1.3631409156175884,-1.9720237413597301,-2.2140972892819484,-2.6780810163155593,-2.836850865607727,0.5821051166701832,-0.11373916196473607,-1.8382893800735474,0.0019480387369791667,0.1077117919921875,256
defactify,0,0,35972,0.9783172281453999,0.9837947612912712,JPEG,0.131134033203125,40.323486328125,6.894772052764893,256,1.2137396335601807,0.1230546087026596,0.8479405641555786,0.23000659985522665,0.16433058100791642,0.06977978984556621,0.04400324689274508,18.55474853515625,0.8963700532913208,7.415408134460449,0.51239013671875,-1.1273763923862496,-1.690932304681259,-1.9217494215731588,-2.2017273133746764,-2.3477986148113414,0.5243870055366333,-0.09382128614228837,-1.0877959728240967,0.07735697428385417,0.2133636474609375,256
defactify,0,0,26677,0.9071913744274522,0.9262222265847525,JPEG,0.1478271484375,28.95262908935547,5.422760486602783,256,1.4241756200790405,0.0,0.6636824607849121,0.1360356057602683,0.03048114484080725,0.08363487139296343,0.04246369116246672,17.533021926879883,0.5319649577140808,3.287362575531006,0.53033447265625,-0.8747161799501768,-1.5443657177704377,-2.140393103788747,-2.3482488600479794,-2.4766051516751766,0.5867369584735629,-0.12532941187024688,-1.352396845817566,0.00011698404947916667,0.2022857666015625,256
defactify,0,0,31442,0.972202585383247,0.9827807480133034,JPEG,0.06597900390625,39.20280838012695,6.394660472869873,256,1.3746730089187622,0.10873118788003922,0.7234880328178406,0.22686947232404422,0.07046528116536642,0.03371676454343697,0.026091640752092315,17.014606475830078,0.5666562914848328,4.977769374847412,0.474945068359375,-1.3773207121347655,-1.8304911560330108,-2.408935021646897,-2.729896714808725,-2.81844876543388,0.7431240270821737,-0.1499834403417461,-1.5455520153045654,0.0020192464192708335,0.19451904296875,256
defactify,0,0,40124,0.9929474901316687,0.9935226132756051,JPEG,0.0987091064453125,50.55651092529297,5.287342071533203,256,0.9478817582130432,0.04822305217385292,0.6964098215103149,0.13174450198421975,0.034765368879788955,0.08197257988057832,0.061663563247848746,11.568720817565918,0.2559482455253601,6.385104656219482,0.47796630859375,-0.8208534313587146,-1.633223016750918,-2.2102615950447095,-2.4966541942488494,-2.6587851568122955,0.8116180761105403,-0.14917720332235562,-1.7177225351333618,0.0023905436197916665,0.0947418212890625,256
defactify,0,0,38744,0.9471396633162588,0.9567405703389763,JPEG,0.0511322021484375,48.667144775390625,5.412729263305664,256,1.261627435684204,0.13894116878509521,0.5590094923973083,0.28011049829194284,0.18539921476924986,0.09878985101110789,0.04711373698731614,13.366817474365234,-0.22742615640163422,6.284193992614746,0.418304443359375,-1.3807884187961994,-1.9080481182254223,-2.4011315089133802,-2.706192735095855,-2.7604156378450506,0.7024029310276552,-0.1347627355598642,-1.2218682765960693,0.015813191731770832,0.2867889404296875,256
defactify,0,0,48353,0.9843823098507541,0.9953010928167805,JPEG,0.0019989013671875,56.503440856933594,3.7963669300079346,256,1.2087037563323975,0.44374075531959534,0.4028056859970093,0.003688493112892136,-0.013580050655416608,0.014007078809117017,-0.00206921933537411,4.133918762207031,-0.04777802526950836,8.760933876037598,0.21502685546875,-1.047623906367006,-1.5019815979838826,-1.7482388949911458,-1.9171444055391165,-1.985967041479193,0.4436380465800589,-0.07527662073763562,-0.8840115666389465,0.0023600260416666665,0.1824798583984375,256
defactify,0,0,61732,0.9957765473101171,0.9935113367090139,JPEG,0.03717041015625,85.49995422363281,4.738585948944092,256,1.1151853799819946,0.07709642499685287,0.5579155087471008,0.2190995749353666,0.14336475911840713,0.09663850075165699,0.04206180087526833,7.4217529296875,0.17008566856384277,13.709492683410645,0.338623046875,-1.113603554788897,-1.5301252526969655,-1.8352374899891455,-2.1383647601345537,-2.2946033443009757,0.6407635860641134,-0.10957172524294176,-1.2731574773788452,0.02349853515625,0.2379150390625,256
defactify,0,0,69464,0.96285868737077,0.9695299579784318,JPEG,0.0217742919921875,72.49685668945312,5.523360252380371,256,0.9609287977218628,0.18897829949855804,0.529862642288208,0.29072787883099144,0.006344964821704518,-0.0374583566305226,0.01061296016926409,14.9520263671875,1.347023844718933,7.273963451385498,0.37420654296875,-1.3323496389414196,-2.1717229772928066,-2.7908439068326114,-3.0383575988434384,-3.1800302148120423,0.6385788074787415,-0.1385160092998283,-1.9271572828292847,0.09472147623697917,0.3372344970703125,256
defactify,0,0,61410,0.9896580326644203,0.9914605761283175,JPEG,0.0089263916015625,56.24015426635742,5.060451030731201,256,1.1258738040924072,0.4257946014404297,0.5044113397598267,-0.08156056240066217,-0.016374513548752107,-0.0033474347673972927,-0.003150051538698593,8.014619827270508,0.30239251255989075,8.457487106323242,0.2939910888671875,-1.278330212862044,-1.700866480289604,-2.027571271022678,-2.1821763109625953,-2.2753869909178466,0.46382838250982594,-0.08684418125038715,-1.2195600271224976,0.013997395833333334,0.2463836669921875,256
defactify,0,0,18041,0.8749983356884002,0.8894614084977179,JPEG,0.05731201171875,16.98360824584961,6.715151309967041,256,1.8058373928070068,0.3373975455760956,0.8552411198616028,0.24091385142669192,-0.002176531537847257,-0.040123794877512796,-0.016069728931528846,85.18621826171875,0.01890132762491703,1.317940592765808,0.7433624267578125,-1.7185952746043913,-2.583197361896284,-3.202251978612791,-3.5212307437676915,-3.6379276904531945,0.7626751972579084,-0.15347205227757424,-2.765472173690796,0.0035603841145833335,0.1141204833984375,256
defactify,0,0,13345,0.9765058049537182,0.9873138574199508,JPEG,0.236785888671875,32.05257034301758,10.482778549194336,256,1.967756986618042,0.0,1.0866777896881104,0.07891991399772318,-0.05382410020809681,-0.033394707041454995,-0.01408453334733377,45.416160583496094,-0.8076127171516418,4.720842361450195,0.705230712890625,-1.7521696984363953,-2.4233336902774614,-2.9251673831498044,-3.134572297298371,-3.155113165070069,0.4587637465057739,-0.10740990739674339,-1.6511560678482056,0.032903035481770836,0.12078857421875,256
defactify,0,0,56468,0.9568039736034598,0.9804343827749865,JPEG,0.08978271484375,70.61741638183594,4.518102645874023,256,1.1054896116256714,0.03259266912937164,0.4889461398124695,0.09742085974850277,-0.01889282160938885,0.052443541984335165,0.03456952793005838,6.468997955322266,0.3150161802768707,9.4667387008667,0.39471435546875,-1.1064179919419246,-1.7140383917584456,-2.127717759076422,-2.3874731241736953,-2.4725847340112805,0.5901714565318761,-0.11300731271626227,-1.3351061344146729,0.052042643229166664,0.3796234130859375,256
defactify,0,0,18473,0.9824616686650234,0.9837288948747183,JPEG,0.3653411865234375,28.51300621032715,11.090648651123047,256,1.2982929944992065,0.0,1.204905390739441,0.1886575783564621,0.08337226931820699,0.08142071545734829,0.027102399375174547,36.405052185058594,-0.2658766210079193,3.4610464572906494,0.698638916015625,-1.2735123120716256,-2.163367223257434,-2.722854956276673,-2.955716104695842,-3.0661964592995066,0.763389736707369,-0.13532726309905227,-1.6903445720672607,0.012415568033854166,0.047149658203125,256
defactify,0,0,33360,0.9923696032384147,0.9934219897407419,JPEG,0.0419921875,53.91106033325195,5.954164505004883,256,1.2804722785949707,0.1216828003525734,0.59814453125,0.4701894375688854,0.2861830135634453,0.22005604972124537,0.12205463043443132,22.000383377075195,0.8749415278434753,6.325697422027588,0.4688262939453125,-1.1350267670853436,-1.7029916291547158,-2.2997361086478545,-2.6789225963632752,-2.8164815456719623,0.7425287954539757,-0.1585170276042654,-1.414461374282837,0.004923502604166667,0.0985107421875,256
defactify,0,0,28435,0.9797858621601832,0.9905162222739399,JPEG,0.050079345703125,38.551361083984375,6.387142181396484,256,0.9106395840644836,0.3815133571624756,0.7411112189292908,0.229296539018516,0.06315509287871118,0.06142601016726838,0.023145200609479884,36.2486572265625,1.3437103033065796,5.297074317932129,0.3958892822265625,-1.1854339178798536,-1.6352309772156612,-2.2478263066982116,-2.5289571326790448,-2.655090077533033,0.7554061395921616,-0.15143849221002553,-1.345444679260254,0.000701904296875,0.11590576171875,256
defactify,0,0,50228,0.9838452678012585,0.9859720281711282,JPEG,0.053985595703125,50.57680892944336,5.818916320800781,256,0.9659019112586975,0.09375236928462982,0.6671528220176697,0.1777624228334716,0.014968952861431701,0.039464505225700906,0.01270720362194963,15.156963348388672,0.6913750767707825,7.60153865814209,0.4118194580078125,-1.2622910621080452,-1.7237158779277806,-2.1511243879288244,-2.40712371398771,-2.5093426412481614,0.6149325899135221,-0.11684156618162836,-1.4681808948516846,0.0012766520182291667,0.2606353759765625,256
