dataset,label,source,bytes,chan.res_corr_gb,chan.res_corr_rg,fmt,grad.flat_frac,grad.mean,grad.p99_over_mean,h,jpeg.blockiness,local.min_over_med,local.std_cv,res.autocorr_x1,res.autocorr_x2,res.autocorr_x4,res.autocorr_x8,res.kurtosis,res.skew,res.std,res.zero_frac,spec.band04,spec.band08,spec.band12,spec.band14,spec.band15,spec.hf_drop,spec.hf_slope,spec.nyquist_ratio,tone.clip_frac,tone.unique_colors,w
synthbuster,1,dalle2,3147977,0.6133628910491755,0.600587255179284,PNG,0.030364990234375,17.821632385253906,12.861135482788086,256,1.017209529876709,0.46086838841438293,1.7473349571228027,-0.09355152751402206,-0.03372320366297255,-0.010765327722127906,-0.0028554690976195624,2.1562857627868652,0.13004793226718903,1.8529914617538452,0.344329833984375,-1.7701705051724046,-2.5360875673656054,-2.7027192417200085,-2.816301160715537,-2.8152461122034733,0.16733544838678682,-0.03928813722328457,-1.7574138641357422,0.0133514404296875,0.3990936279296875,256
synthbuster,1,dalle2,3147977,0.6929090578609794,0.7110075868696447,PNG,0.0259246826171875,18.92978858947754,6.380701541900635,256,1.019790768623352,0.343474417924881,0.8931256532669067,0.040522321069011595,-0.03380285209999449,0.02095863227720519,0.007220804030335877,9.748543739318848,0.38869205117225647,2.195559024810791,0.3443603515625,-1.7360260287850249,-2.5326364984258145,-3.0002467624601774,-3.22742218582734,-3.2935978735507003,0.4935863336216064,-0.11295150711022733,-2.2875185012817383,2.0345052083333332e-05,0.320465087890625,256
synthbuster,1,dalle2,3147977,0.9003085938722203,0.9378467122242297,PNG,0.0507659912109375,67.38713836669922,6.731526851654053,256,1.0356661081314087,0.10407271236181259,1.0652592182159424,0.16660859788654053,-0.07686016196253383,0.018486837240693724,0.01654257367930947,14.427532196044922,0.5543089509010315,7.886007308959961,0.3388214111328125,-1.225226759282994,-2.06742344867921,-2.5868357465475116,-2.936940581538674,-3.039838412580414,0.722906448299919,-0.14462913420186546,-1.9249495267868042,0.06739298502604167,0.4153594970703125,256
synthbuster,1,dalle2,3147977,0.987740835968546,0.9889055034368942,PNG,0.00274658203125,128.87161254882812,3.663916826248169,256,1.0092531442642212,0.24315007030963898,0.4125090539455414,0.15540817913241395,-0.09409035620503475,0.008974499734923817,0.006324428376202825,3.9156203269958496,0.7801570892333984,15.307323455810547,0.210601806640625,-0.9890852125527534,-1.5604616893327092,-1.9737397047545215,-2.225413377727267,-2.3663798854138767,0.606404588072424,-0.11432556287554853,-1.018837332725525,0.0001220703125,0.4037322998046875,256
synthbuster,1,dalle2,3147977,0.8336798605747665,0.8223723091116573,PNG,0.0523529052734375,17.794767379760742,13.442911148071289,256,1.0034140348434448,0.8602132797241211,1.9760583639144897,0.025106516551410416,-0.1124665241526164,0.002376037607832151,0.0006231028469318735,53.25697708129883,1.3063197135925293,3.2088348865509033,0.3516387939453125,-1.4829161865354967,-2.172582467775962,-2.6083273812609757,-2.730647383715743,-2.805946076931903,0.37012542962713013,-0.08973146035566787,-2.337921380996704,0.0078582763671875,0.209869384765625,256
synthbuster,1,dalle2,3147977,0.6399349554223442,0.5953269754045059,PNG,0.026519775390625,17.30510711669922,6.2796831130981445,256,0.9750205874443054,0.38859590888023376,0.8316362500190735,0.04158901495503335,-0.004577696376863454,0.003962836885970761,0.003103545638413353,32.798118591308594,-1.7194710969924927,2.063610076904297,0.363739013671875,-1.7380436946901296,-2.415374602248714,-2.5796844114321225,-2.6433224161798767,-2.6747877937692257,0.1527592540097329,-0.0346016743796746,-1.8248538970947266,0.0,0.2470245361328125,256
synthbuster,1,dalle2,3147977,0.807094608569267,0.7544103842832565,PNG,0.003692626953125,78.26734924316406,5.423504829406738,256,1.0122677087783813,0.21793140470981598,0.6999410390853882,0.15471317289011868,-0.10578908619293473,0.00954222999543634,0.011426186624616894,13.30288314819336,1.4224642515182495,8.703068733215332,0.270477294921875,-1.258148601111694,-1.9682638817536517,-2.454946434060303,-2.7658082297724658,-2.9229378457850617,0.7045816126711664,-0.13425790050946051,-1.6825487613677979,0.044748942057291664,0.59613037109375,256
synthbuster,1,dalle2,3147977,0.9019550519608015,0.9048870471910254,PNG,0.0023651123046875,67.18968200683594,4.229128837585449,256,1.0024088621139526,0.4004681706428528,0.4780700206756592,0.4035619774222866,0.14491342554943232,0.0799203139392195,0.017185498716216326,8.42561149597168,0.5718947649002075,5.859175682067871,0.2879180908203125,-1.5983075735269932,-2.215694008134122,-2.751827165994503,-3.0774020458459255,-3.1887868282068554,0.639973033966255,-0.13715627266760774,-1.9757368564605713,0.0006001790364583334,0.5946197509765625,256
synthbuster,1,dalle2,3147977,0.1581582332529747,0.13712855834701762,PNG,0.1493682861328125,3.9701786041259766,2.518777847290039,256,1.0025486946105957,0.9172778129577637,0.04580206051468849,-0.10272259764585284,0.03347144246280319,0.002805123595885716,0.0016149899854218906,0.46259021759033203,0.011312623508274555,0.927664577960968,0.474029541015625,-0.11892407518674819,-0.12379926545189246,-0.11147188695127275,-0.10887087472749846,-0.11357409507817717,-0.040420372507546265,0.0013497681789766056,0.32655760645866394,0.005238850911458333,0.0086212158203125,256
synthbuster,1,dalle2,3147977,0.9323533165579624,0.9509562766658042,PNG,0.0008544921875,65.71054077148438,3.204970121383667,256,0.9863748550415039,0.612696647644043,0.3578876256942749,0.11168717943437688,-0.08959308592932523,0.0003081097398480587,0.0036508946323948197,3.1245670318603516,0.5557383298873901,8.046836853027344,0.2010498046875,-0.9823367315474458,-1.5077151798315471,-1.8654634760903104,-2.0829255549830084,-2.2164094381139563,0.5532845970787887,-0.10062359173298083,-1.228579044342041,6.103515625e-05,0.472442626953125,256
synthbuster,1,dalle2,3147977,0.962061416246684,0.9609832049954526,PNG,0.001373291015625,56.544517517089844,3.30883526802063,256,1.0031354427337646,0.647449791431427,0.37331685423851013,0.055146715444920225,-0.08814399434908561,-0.008386306608641935,0.004069240745363415,1.370161533355713,0.059995245188474655,8.031912803649902,0.182098388671875,-1.2969075137860164,-1.5713066422657436,-1.8251043424699676,-2.0226587199306953,-2.0992837046197117,0.41371056411938323,-0.07496633090058626,-0.7914616465568542,0.0,0.210418701171875,256
synthbuster,1,dalle2,3147977,0.8512258726249188,0.8578994447947479,PNG,0.0083770751953125,65.77606201171875,6.160696506500244,256,0.9606030583381653,0.49715596437454224,0.7501620054244995,0.11967434950366845,-0.027469182898790027,0.024810572443397585,0.0009062835733952661,6.896543502807617,-0.1884714961051941,6.675983428955078,0.2563934326171875,-1.6798894776833224,-2.6430319720087807,-3.1658573278842814,-3.47880215706288,-3.622836902992929,0.7550833309439451,-0.14593971604960745,-2.0076096057891846,0.016698201497395832,0.8135528564453125,256
synthbuster,1,dalle2,3147977,0.6547632883247145,0.6044226102723674,PNG,0.0313873291015625,41.81109619140625,7.030148983001709,256,1.0810664892196655,0.09276121854782104,0.8310171961784363,0.31064305638233664,0.1616228165481727,0.17819552907466907,0.11276845833391562,36.13618850708008,-0.4622144103050232,3.1210975646972656,0.4270782470703125,-1.768069517110698,-2.68459175772458,-3.285017075291381,-3.5444947013610664,-3.699793447592059,0.7796471241933478,-0.14709152139766593,-2.4244003295898438,0.11555989583333333,0.6052093505859375,256
synthbuster,1,dalle2,3147977,0.8042813022637713,0.8382020335957615,PNG,0.0074920654296875,43.263641357421875,5.591285228729248,256,0.9831801652908325,0.27432775497436523,0.6978345513343811,0.20262767800851492,-0.044682615074630665,-0.011751934228626587,-0.0070606050413379706,18.226848602294922,1.6105992794036865,3.7169036865234375,0.3353424072265625,-1.4360455274162867,-2.296347878043157,-2.824541254542435,-3.0615585689334637,-3.193440476779757,0.6789013042875691,-0.13459061750459908,-2.1197726726531982,0.0028076171875,0.5653533935546875,256
synthbuster,1,dalle2,3147977,0.9137415501843539,0.9155358625619759,PNG,0.0835723876953125,41.556007385253906,10.768815994262695,256,1.310350775718689,0.10263839364051819,1.3172296285629272,0.2657210231417878,0.05079453162003184,0.08803018937917258,0.07280739200891281,20.040454864501953,-1.0071688890457153,4.552446365356445,0.401092529296875,-1.2527024520828363,-2.1020079545091495,-2.657633351772099,-2.8759610388875245,-2.993701538809301,0.6840532767912615,-0.13062637805262128,-2.227060079574585,0.043268839518229164,0.326507568359375,256
synthbuster,1,dalle2,3147977,0.6785619836447933,0.5422262729620462,PNG,0.0173797607421875,36.129981994628906,7.326043605804443,256,1.0265161991119385,0.1428229808807373,0.9612544775009155,-0.006702459260499479,-0.06275426826071435,0.0005586880526967728,-0.0066219402575247634,14.235490798950195,0.21058116853237152,2.180727958679199,0.384185791015625,-2.120490442498121,-3.201927539264817,-3.610092204418442,-3.7333111952603346,-3.7826217875298003,0.36250871518302574,-0.08074536049900602,-3.095329999923706,0.008092244466145834,0.552947998046875,256
synthbuster,1,dalle2,3147977,0.9005561637165236,0.9532951531285452,PNG,0.001068115234375,116.41249084472656,3.1132190227508545,256,1.0368130207061768,0.6629875302314758,0.24824371933937073,0.07538707384368509,-0.12048075036245573,0.001244427800786095,0.012189521850406074,2.723511219024658,0.2656797468662262,12.267389297485352,0.223175048828125,-0.8063590638499676,-1.396157848633253,-1.8746427014587344,-2.1274504634867446,-2.2607555556897436,0.6299167115845794,-0.12338304831559882,-1.247169017791748,3.0517578125e-05,0.9264984130859375,256
synthbuster,1,dalle2,3147977,0.5732777823214678,0.6007469035161187,PNG,0.0054931640625,48.51374816894531,5.484194755554199,256,0.9892874360084534,0.3402428925037384,0.7432678937911987,0.07332173025960934,-0.04092711447006831,0.010962572170583088,0.013233334818561237,9.827523231506348,0.3594479262828827,3.397693395614624,0.3394622802734375,-1.8838816737469362,-2.9015565924389204,-3.298666663944525,-3.527745914086495,-3.6339358096645187,0.4855157950387703,-0.1029280834226079,-2.7590878009796143,0.009775797526041666,0.9112396240234375,256
synthbuster,1,dalle2,3147977,0.9269183690548536,0.9184262510887051,PNG,0.0014190673828125,75.79585266113281,3.937008857727051,256,0.9953429698944092,0.48662298917770386,0.45685461163520813,0.14780685251148432,-0.06847469932477601,0.001593363153614151,0.009886552179595645,4.223228931427002,0.16164538264274597,8.316612243652344,0.2225494384765625,-1.222939635662458,-1.7959321353388322,-2.171646902560119,-2.437120181102392,-2.5289173206507893,0.5499756027542109,-0.1077582642248613,-1.5972987413406372,0.0015462239583333333,0.7355194091796875,256
synthbuster,1,dalle2,3147977,0.8618461716747673,0.8103419840244033,PNG,0.0095672607421875,30.29541778564453,6.915374279022217,256,0.9886255860328674,0.5110254883766174,0.9415963292121887,0.06066905107667509,-0.061926051796782795,0.002776189708966035,0.010321205780196458,12.239947319030762,0.9421079158782959,4.367847442626953,0.243804931640625,-1.3169717433839345,-1.9225069659454856,-2.3268810321013165,-2.562950746311283,-2.638102712159279,0.5297111152881735,-0.10550920910608841,-2.108659267425537,5.0862630208333336e-05,0.4879150390625,256
synthbuster,1,dalle2,3147977,0.9530934717232545,0.9610196434873066,PNG,0.000823974609375,93.34574890136719,3.504517078399658,256,1.0091627836227417,0.549850344657898,0.3734827935695648,0.026119015516842908,-0.11989145648578703,-0.0068070064510782355,-0.0020433045144813543,2.815701961517334,-0.0965537577867508,10.46048641204834,0.2109375,-1.1906866340261377,-1.7514321926355478,-2.112628803262634,-2.3228589544982503,-2.432897926894082,0.5170885881144835,-0.09668267638263232,-1.3036283254623413,5.0862630208333336e-05,0.6584625244140625,256
synthbuster,1,dalle2,3147977,0.7602726576798231,0.8159990200269639,PNG,0.0126800537109375,54.085105895996094,7.610222339630127,256,1.2929240465164185,0.15817248821258545,0.9321579933166504,0.19533330741915805,0.036754040847201595,0.08875854631031342,0.045686943200885115,21.57870864868164,-0.35977745056152344,4.256668567657471,0.308807373046875,-1.4088467403682268,-2.390185291774788,-3.151676981167503,-3.4488625443369543,-3.661417372459682,0.9331139349228383,-0.18587817942203952,-2.2041399478912354,0.025182088216145832,0.6223602294921875,256
synthbuster,1,dalle2,3147977,0.7124043647993389,0.8225676872516765,PNG,0.0217742919921875,63.72978591918945,9.043121337890625,256,0.9856951236724854,0.07189979404211044,0.9533644914627075,0.41914637379668723,0.369410419792732,0.38014437578261806,0.3471683053065971,59.470726013183594,-2.746412754058838,4.106936454772949,0.330413818359375,-1.573067298252357,-2.6108185904223546,-3.461341120757912,-3.77227420152387,-3.8354942148137843,0.775864614527495,-0.1753622373820511,-2.842714786529541,0.022979736328125,0.516143798828125,256
synthbuster,1,dalle2,3147977,0.6456683197151022,0.610122786692825,PNG,0.0223236083984375,23.14354705810547,8.892345428466797,256,0.9976077079772949,0.27365684509277344,1.116025686264038,0.003417536896821074,0.010343229489400339,0.027392405761835686,0.025637168678559544,10.81137466430664,-0.4243294596672058,2.123046398162842,0.3438568115234375,-1.5690772633441785,-2.375422066689131,-2.7959580094692376,-3.042264916113197,-3.120475357980947,0.45502891426198655,-0.10526412339655283,-1.9051954746246338,0.04241943359375,0.3856048583984375,256
synthbuster,1,dalle2,3147977,0.7269833293129997,0.6502379966931112,PNG,0.017791748046875,22.163646697998047,9.159252166748047,256,0.9263546466827393,0.436278373003006,0.9338256120681763,-0.10052366914203614,-0.052970564725064555,-0.0014373444436375626,-0.040456712750169585,16.721763610839844,0.5660348534584045,2.4256508350372314,0.30908203125,-1.8625269614663011,-2.7100637149570055,-3.0373378513727483,-3.147628977475451,-3.2414454943148456,0.3956401854407323,-0.07092459469806377,-2.361926317214966,3.5603841145833336e-05,0.4454803466796875,256
synthbuster,1,dalle2,3147977,0.4978183823125936,0.5143319737392176,PNG,0.0625,12.70000171661377,14.807455062866211,256,0.9940718412399292,0.8785712122917175,1.7247360944747925,0.02725199891577849,-0.03926646855672381,0.006098659273450452,-0.006640476056346646,26.622827529907227,0.7483117580413818,1.634340524673462,0.3882598876953125,-1.708975451814096,-2.8012392311013965,-3.3498895907629658,-3.5016216010202195,-3.5311097481497162,0.377671760703044,-0.10231665361593169,-2.8777976036071777,0.0,0.1505126953125,256
synthbuster,1,dalle2,3147977,0.9691319014941593,0.9665387727797012,PNG,0.0008392333984375,85.43379974365234,4.155587673187256,256,1.0214672088623047,0.5004094839096069,0.5190343260765076,0.19894465514732262,-0.04455715238824009,0.008013576135744802,0.00106273570010254,3.581207752227783,-0.26259148120880127,9.951634407043457,0.198028564453125,-0.9550938609940012,-1.5234972007653376,-1.92808670039292,-2.1706626644257234,-2.296396773352325,0.5877668059275294,-0.11049590520452202,-1.39903724193573,5.5948893229166664e-05,0.496307373046875,256
synthbuster,1,dalle2,3147977,0.9805047672658211,0.9694862053614247,PNG,0.0264129638671875,102.76109313964844,5.169005393981934,256,1.0173805952072144,0.035951968282461166,0.6859455704689026,0.14659483808693516,-0.10727428850259253,0.008883416444857283,0.00718968322260613,8.947154998779297,0.546363115310669,11.424232482910156,0.3079986572265625,-1.2225625753135114,-2.012834422671558,-2.5366207507186775,-2.8384301998312003,-2.9715311828648625,0.702385833694124,-0.13931323850077804,-2.015962839126587,3.5603841145833336e-05,0.48992919921875,256
synthbuster,1,dalle2,3147977,0.9241070726152114,0.9227621365750152,PNG,0.00482177734375,70.9785385131836,5.4045796394348145,256,1.189773440361023,0.25337496399879456,0.6849250793457031,0.0922437547415654,-0.09149180674018534,0.025234092462263304,0.00828656953233169,15.97081184387207,-0.10007276386022568,5.768556118011475,0.304718017578125,-1.5005859156776769,-2.4718338028085416,-2.94306197217145,-3.265667701524241,-3.375283020533664,0.6710619529813595,-0.13643767910698545,-2.26010799407959,0.001129150390625,0.5488739013671875,256
synthbuster,1,dalle2,3147977,0.7401940801880152,0.7331371609797734,PNG,0.02020263671875,25.226905822753906,10.039793968200684,256,1.0668364763259888,0.6559585332870483,1.251861810684204,0.01495451335004928,0.015645036304576927,0.016277343783347435,0.04449172028763632,23.58131217956543,0.026314595714211464,2.7386598587036133,0.2945404052734375,-1.5291395646720067,-2.427477810096086,-3.064249004957584,-3.22243144214194,-3.2773407762111804,0.3677963426780204,-0.11265819510277389,-1.779018759727478,2.5431315104166668e-05,0.3198699951171875,256
synthbuster,1,dalle3,2241618,0.9739530055229283,0.966081824153984,PNG,0.0059356689453125,85.96192932128906,4.521969318389893,256,1.0253419876098633,0.19534792006015778,0.5091029405593872,0.08966452562051415,-0.009882491709132926,0.006558368712811581,0.021686996307236014,6.499904632568359,-0.0400443896651268,10.131455421447754,0.258880615234375,-1.3672347867406076,-2.159202314927054,-2.5382061041773403,-2.787288000600765,-2.9514776707885533,0.6188959735734079,-0.11340957080125172,-1.4846875667572021,0.0008036295572916666,0.5018310546875,256
synthbuster,1,dalle3,2055766,0.9769414329028452,0.9639758964669298,PNG,0.155059814453125,43.82514953613281,10.649247169494629,256,0.9708860516548157,0.05065743252635002,0.9427188038825989,0.1813586722775384,-0.06171649810315028,0.02351120645082604,0.014648216050186838,100.69282531738281,-1.3791029453277588,5.039962291717529,0.5800323486328125,-1.635806042641497,-2.3833713941303207,-2.9692360862282143,-3.219669388258568,-3.3386596303651723,0.6731819997088202,-0.13671582403751043,-2.4079816341400146,0.0004526774088541667,0.1612396240234375,256
synthbuster,1,dalle3,1832098,0.979770277120793,0.9768792955380229,PNG,0.0342559814453125,48.888328552246094,4.98908805847168,256,0.9791655540466309,0.22124992311000824,0.5887035131454468,0.033619587987826105,-0.052699016320905415,0.02741148499625191,0.008774938771882778,10.515975952148438,-0.07824671268463135,6.586750507354736,0.44732666015625,-1.2090870855956535,-1.8430362728227454,-2.232894277921158,-2.4103596033588612,-2.478710606685227,0.49980253328674173,-0.0978200369011327,-1.8273265361785889,4.57763671875e-05,0.21539306640625,256
synthbuster,1,dalle3,3389335,0.9715431593160979,0.9841345622867153,PNG,0.00543212890625,98.4229507446289,3.836113929748535,256,0.9969610571861267,0.47270455956459045,0.34516820311546326,0.025092849207881344,-0.04581074668493977,-0.009864798460138944,0.0030346425281065634,3.4451375007629395,0.6214139461517334,14.167339324951172,0.2003021240234375,-1.1898060497374443,-1.758095668638962,-2.0240805326252227,-2.2074838288269802,-2.2217574817548362,0.32470793288346744,-0.06855021828927102,-0.760222852230072,1.0172526041666666e-05,0.3796234130859375,256
synthbuster,1,dalle3,2107265,0.9812814122988461,0.968314907558981,PNG,0.004974365234375,88.29705810546875,5.444408893585205,256,0.915595531463623,0.2026812583208084,0.686381995677948,0.05010922907326677,-0.10507448087532373,0.07873471773179463,0.03599237277605569,14.565496444702148,0.3618153929710388,8.678801536560059,0.3004608154296875,-0.9349681566523209,-1.8707819707364663,-2.5535587534833297,-2.7542025188838464,-2.8071214890617897,0.5640450164545587,-0.1401898453283365,-1.6677615642547607,0.005859375,0.2987060546875,256
synthbuster,1,dalle3,1475877,0.9911359074380434,0.971506086920328,PNG,0.067535400390625,59.794158935546875,8.944001197814941,256,1.0183721780776978,0.09358343482017517,0.8688920140266418,-0.11002652202516912,-0.17638984375675937,0.007708114077587044,0.017726056211853858,17.15654945373535,0.8543546199798584,8.170675277709961,0.52484130859375,-1.183689086555317,-1.8931943688377668,-2.0829629120424826,-2.115557334092391,-2.251909077889268,0.26329117855154216,-0.042144221056744695,-1.2412679195404053,0.0044708251953125,0.37127685546875,256
synthbuster,1,dalle3,2021062,0.9713409203210344,0.9715397577951687,PNG,0.0035400390625,64.885498046875,4.1280198097229,256,1.0127472877502441,0.38888415694236755,0.44798165559768677,0.2669997087738415,0.06763412042887178,0.051840003299735926,0.012435831891206192,4.332042217254639,0.42644035816192627,7.442927360534668,0.243408203125,-1.0631593739977232,-1.6571975870086781,-2.1358820504594185,-2.387211174536348,-2.487693937496358,0.5178770397829364,-0.11784292159397289,-1.3101398944854736,0.0,0.2589569091796875,256
synthbuster,1,dalle3,3361190,0.9840011784722211,0.9580490622981138,PNG,0.0063934326171875,91.00337982177734,4.896991729736328,256,1.011681318283081,0.2556009888648987,0.5323056578636169,-0.031576479859467106,-0.012760353184352462,-0.02593943651166489,0.045442146440049264,8.533771514892578,-0.28940802812576294,13.558384895324707,0.229888916015625,-1.411618433092496,-1.9117864798402255,-2.2092487864713153,-2.3935290338762583,-2.4436486964687507,0.4600372085469706,-0.07799453018681128,-1.2344872951507568,0.0053863525390625,0.462432861328125,256
synthbuster,1,dalle3,2137102,0.9971098884226819,0.9960723029602088,PNG,0.0096435546875,192.00973510742188,3.9477174282073975,256,0.953892171382904,0.43791070580482483,0.3192160129547119,0.13788418509648181,-0.009516225658478768,-0.03790899933417057,-0.0051693480491350466,4.972126007080078,-0.009017720818519592,21.32094383239746,0.2846221923828125,-1.3192009250657772,-1.928229481254843,-2.342609738122352,-2.5641143129081367,-2.5984681499752647,0.4179140822128762,-0.09737891527643797,-1.0357426404953003,0.011347452799479166,0.2270050048828125,256
synthbuster,1,dalle3,1682387,0.7429842592673741,0.9873063858378182,PNG,0.084228515625,93.34521484375,5.780467510223389,256,1.0368937253952026,0.06937730312347412,0.623012125492096,0.1551982399916523,0.2795151670954891,0.26917905224868705,0.2878561616512934,17.1191463470459,-1.7128679752349854,14.022139549255371,0.4719085693359375,-0.7907994504440357,-1.41191119975473,-1.7575934998922698,-2.0104239701553395,-2.4681830486915644,0.6853296850019257,-0.1187063843794821,-1.0671730041503906,0.06613667805989583,0.356414794921875,256
synthbuster,1,dalle3,1525327,0.9869062933195503,0.9736459309682899,PNG,0.151641845703125,49.38199234008789,6.749080657958984,256,0.9647858738899231,0.11854346096515656,0.6455207467079163,0.2887835253066974,0.07560453432666212,0.28528113651171416,0.22091850407841077,29.057292938232422,-2.464942455291748,7.50200080871582,0.6873016357421875,-0.6936727676568006,-0.9969986854675339,-1.7196403010617427,-2.1638128804625723,-2.3162256531144463,0.9816586641518539,-0.19357648818483966,-1.5198484659194946,0.0032399495442708335,0.17547607421875,256
synthbuster,1,dalle3,1603759,0.9923156914834121,0.9930425433346968,PNG,0.07305908203125,64.26754760742188,6.804301738739014,256,1.0356006622314453,0.11315876990556717,0.9487213492393494,0.28124472460193,0.04052433179495503,0.03280701273417039,0.018553457871839242,13.623733520507812,1.1843675374984741,11.542708396911621,0.44482421875,-0.9636932355045076,-1.5180076765080557,-1.9637528855224584,-2.1474859649284017,-2.2936228058917596,0.5079062204947702,-0.10588842215593831,-1.3364135026931763,4.0690104166666664e-05,0.2170562744140625,256
synthbuster,1,dalle3,2115294,0.9785463571706284,0.96841749384705,PNG,0.0066375732421875,73.69715881347656,6.488862037658691,256,1.0188322067260742,0.2776526212692261,0.6500847339630127,0.15908211626596758,-0.009956637722244822,0.008335866228063496,0.010891147718357795,10.488192558288574,0.23641358315944672,10.167145729064941,0.2559051513671875,-1.3505333972373235,-1.9748999738677222,-2.3875937718251556,-2.504002051586661,-2.5841061046726352,0.45398116482338224,-0.0877149731907978,-1.3142116069793701,0.0009613037109375,0.375,256
synthbuster,1,dalle3,1892658,0.9832122401151265,0.9850140502277689,PNG,0.01123046875,66.06777954101562,4.117056846618652,256,1.0214933156967163,0.18806855380535126,0.5441638231277466,0.08483976134245672,-0.15152493517836235,-0.014284474162632326,0.005220470090274679,3.208235740661621,0.03366261348128319,9.340039253234863,0.2701873779296875,-1.4067474453757391,-1.9131256950393398,-2.092440780032497,-2.4090538154312053,-2.431625466786505,0.3217774038298149,-0.07587038680169364,-1.6701105833053589,0.0,0.2422943115234375,256
synthbuster,1,dalle3,1695303,0.9818693244155143,0.9711542882050702,PNG,0.0123443603515625,49.59541320800781,6.122182369232178,256,1.008040428161621,0.3147815465927124,0.5516635179519653,0.1904820493638285,-0.038666356394987327,0.06491353751875488,0.03710014833405136,23.019607543945312,2.3614516258239746,6.116536617279053,0.5135498046875,-1.3158146166402558,-1.7342608779637532,-2.0518275144522615,-2.2821339737905157,-2.343995973570757,0.33059177071805923,-0.08236356620552171,-1.5436350107192993,0.0,0.23046875,256
synthbuster,1,dalle3,2014711,0.8867902003805753,0.8809199230109725,PNG,0.015716552734375,83.92570495605469,6.0482892990112305,256,1.004185676574707,0.21113045513629913,0.6035323739051819,0.03572354329645214,-0.11268622550507436,0.03336051070482106,0.03276219023525431,30.96103286743164,1.529883861541748,7.808791160583496,0.5432281494140625,-1.3063921798990137,-2.1076028133873557,-2.832579841533142,-3.19265961842009,-3.3905019884777428,0.9062586822981311,-0.1776490879183374,-1.9973459243774414,0.016820271809895832,0.6673126220703125,256
synthbuster,1,dalle3,1470817,0.9693713768370932,0.9654813012970574,PNG,0.1160736083984375,65.40174865722656,8.909053802490234,256,1.0108616352081299,0.02562081441283226,0.8465006947517395,0.19315070794178915,-0.03264893256193816,-0.014089342256488648,-0.019077266617997655,26.647869110107422,-0.16067197918891907,5.463247299194336,0.512969970703125,-1.1443681379668682,-2.0706923991046047,-2.7207613786587848,-2.9914648959601076,-3.085620779253359,0.7375078180989272,-0.1500644428532689,-1.9902971982955933,0.027130126953125,0.2029266357421875,256
synthbuster,1,dalle3,2307963,0.9764445343725809,0.9768122292867172,PNG,0.013702392578125,66.2707748413086,6.187105178833008,256,1.008163571357727,0.2405850738286972,0.6337161660194397,-0.10774927124246363,-0.09312220055488463,0.0035577788253255476,0.005208864953047604,11.83580493927002,0.39163070917129517,7.883898735046387,0.3653106689453125,-1.4986293370338215,-2.128102972726328,-2.662938471440169,-2.781204810295174,-2.9117166062108017,0.5375337229346338,-0.11267712434229314,-1.658935785293579,0.0020243326822916665,0.2307891845703125,256
synthbuster,1,dalle3,1423234,0.9651869245253191,0.872626938595015,PNG,0.15447998046875,16.87887954711914,12.139296531677246,256,0.8284628987312317,0.22157438099384308,1.249691128730774,0.03130022425326612,-0.042461191788400125,-0.00017183820519547246,0.03293043391802992,60.53818893432617,2.288297176361084,3.5709009170532227,0.5660552978515625,-1.4562591946119747,-2.1060393328343237,-2.360881937707446,-2.4884379043827787,-2.551377931344276,0.2670359545956531,-0.06433608319255582,-2.132725954055786,0.022333780924479168,0.13055419921875,256
synthbuster,1,dalle3,3468719,0.9947765803890868,0.9937788270871416,PNG,0.001068115234375,110.31768798828125,4.460018157958984,256,0.9993370175361633,0.4497428834438324,0.47770047187805176,0.19298093334435762,0.03923831233573046,0.08216397225437815,0.048913188706475874,5.166131973266602,0.04010220244526863,15.319376945495605,0.189971923828125,-0.714842249614362,-1.145501071905155,-1.5334244341902599,-1.7558305141189647,-1.7910364455203514,0.4219920172966827,-0.09009979428430788,-0.667497456073761,6.103515625e-05,0.2266845703125,256
synthbuster,1,dalle3,2101869,0.9958626237713553,0.9928656275983637,PNG,0.00164794921875,113.32241821289062,4.179258346557617,256,1.027728796005249,0.5928682684898376,0.4095093011856079,0.16147160972791014,-0.006557575527059041,0.019642094177036447,0.007169216141647203,1.9074287414550781,-0.1035764217376709,15.732561111450195,0.1834869384765625,-0.9463091417111995,-1.580201141926345,-1.99131465655225,-2.1368913331556607,-2.1953097213554686,0.3654991984615661,-0.08656783700483614,-0.9541649222373962,0.0005035400390625,0.184051513671875,256
synthbuster,1,dalle3,2046603,0.9670451242808275,0.9737699197257629,PNG,0.0024261474609375,113.81453704833984,4.3274736404418945,256,1.0480523109436035,0.32640326023101807,0.4343310594558716,0.10508327042929215,-0.06399357818446896,0.024277989153317157,0.005802491198782843,8.276286125183105,-0.00811688881367445,11.037519454956055,0.2919158935546875,-1.268065598813049,-1.9865910984484412,-2.3158789339890804,-2.759048294444411,-2.7945448890653246,0.724848228978578,-0.12781808985276194,-1.3780498504638672,0.008321126302083334,0.5000457763671875,256
synthbuster,1,dalle3,2225500,0.9468191179236147,0.8992201760424335,PNG,0.0042877197265625,111.0284423828125,3.727398157119751,256,1.0438306331634521,0.3111072778701782,0.38902366161346436,0.11369880373929649,-0.085603954704593,-0.0005995967032912278,0.010701448395147566,6.733696937561035,0.9410867691040039,12.457602500915527,0.3333740234375,-0.8233683339838196,-1.3417763735707062,-1.8138814876449727,-2.028302443739239,-2.1667675170310075,0.6236516562254426,-0.12123672367361613,-1.770873785018921,0.0162811279296875,0.830718994140625,256
synthbuster,1,dalle3,2181015,0.9938773821702453,0.9886614322484386,PNG,0.003204345703125,133.04385375976562,3.980045795440674,256,0.9903009533882141,0.3048461377620697,0.3911004364490509,0.365074694363158,0.2231936414110809,0.13551313420661296,0.036290464342618865,5.401217460632324,-0.024563033133745193,18.820953369140625,0.230194091796875,-0.9256715248448746,-1.4722038276303566,-1.8399296811579235,-2.0052837251661755,-2.0842915530126778,0.4639881257918379,-0.08609995555364235,-1.1647329330444336,0.0011088053385416667,0.468994140625,256
synthbuster,1,dalle3,2181364,0.9797290612159409,0.9709265816129122,PNG,0.019683837890625,98.73186492919922,5.3900837898254395,256,1.038296103477478,0.12242134660482407,0.5046294331550598,-0.4511845285590399,0.27041123776433706,-0.1903966839016262,-0.04656621065648927,13.416656494140625,0.04577558487653732,11.490257263183594,0.43829345703125,-1.3483266303428811,-2.23709248110102,-2.1739937022348403,-2.3847799800030067,-2.889784084677787,0.44483721683296196,-0.049986865196169045,-1.455305576324463,0.0015920003255208333,0.5631103515625,256
synthbuster,1,dalle3,1910577,0.9741081750893565,0.9656057289392387,PNG,0.02215576171875,76.80011749267578,8.778463363647461,256,0.9148235321044922,0.11592176556587219,0.8401708602905273,0.0503492518987541,-0.05563543589608803,0.0038200273766695898,0.022700376610908724,92.6659927368164,-4.321758270263672,5.566281795501709,0.4134521484375,-1.7921470250826381,-2.7217320219329837,-3.4253165048528977,-3.723618809854047,-3.7777038924126183,0.6531748827670283,-0.14672415059584829,-2.235142707824707,0.00010172526041666667,0.2127685546875,256
synthbuster,1,dalle3,2025507,0.9574957329113598,0.983522652229718,PNG,0.0026397705078125,115.37654876708984,3.2198328971862793,256,1.020899772644043,0.4564056396484375,0.3592686951160431,0.13783210899573314,-0.12838013753805871,0.10699455322152897,0.052696901380141443,3.1524996757507324,-0.6589866280555725,13.955412864685059,0.24798583984375,-0.3940066463528771,-0.6502576789486421,-0.9933620227302553,-1.243725719877796,-1.3492059413461925,0.4809396768765639,-0.09274636703197163,-0.7580122947692871,0.0128173828125,0.4370574951171875,256
synthbuster,1,dalle3,1580285,0.9675629078776834,0.9567187270099995,PNG,0.0139007568359375,36.74717712402344,6.202540397644043,256,0.9814788103103638,0.39843904972076416,0.631257951259613,0.008081884383114574,-0.04895104336117338,0.042585117388149685,0.04104471930689431,16.70270347595215,0.34307318925857544,4.9841742515563965,0.4021453857421875,-1.4304392911699058,-1.988963006174413,-2.3049274339868298,-2.5229216690280927,-2.6123268565949544,0.4066931256277675,-0.08430921524997809,-1.551640510559082,1.0172526041666666e-05,0.17633056640625,256
synthbuster,1,dalle3,2265674,0.9501482667151238,0.9320962630880938,PNG,0.01666259765625,83.9595947265625,7.092994689941406,256,1.0408493280410767,0.17957159876823425,0.7750098705291748,0.17197516991454825,-0.051643876627513796,0.021955940372601394,0.020295868457820686,23.03989601135254,0.5024946928024292,7.095541477203369,0.4356231689453125,-1.2078422587907953,-2.18608827405948,-2.8914481447654827,-3.2517069972031294,-3.3416765855246453,0.7879527154815049,-0.16522990891285239,-2.156524658203125,0.009343465169270834,0.536834716796875,256
synthbuster,1,dalle3,2480418,0.9690579558346428,0.9830734573705657,PNG,0.001129150390625,83.14047241210938,3.9693753719329834,256,0.9844689965248108,0.4008709788322449,0.4795375168323517,0.021865252755587945,-0.09743974226944002,-0.0064603753698851095,0.0017743829983465605,3.2141847610473633,-0.08697865158319473,11.425178527832031,0.1881103515625,-1.2600771071485575,-1.6919985044891641,-1.9884502496732601,-2.1643161192636784,-2.2719843813808884,0.42149267802378,-0.07913128698682131,-1.0653961896896362,0.0008697509765625,0.450439453125,256
synthbuster,1,firefly,1789613,0.9925101562379071,0.9946510634656285,JPEG,0.0121917724609375,46.13426208496094,8.09556770324707,256,1.0461019277572632,0.26165884733200073,0.9176714420318604,0.24006622079779044,-0.031392919919834304,0.01417813712561635,0.03879889614120852,30.702442169189453,0.8005595803260803,4.877408027648926,0.3639984130859375,-1.0981779137158068,-1.806085596448436,-2.699447327018766,-3.0085957108700905,-2.9390790265279376,0.7323599845874629,-0.18119793257724792,-0.8546067476272583,3.0517578125e-05,0.0415496826171875,256
synthbuster,1,firefly,1333640,0.9275649409645809,0.9657883275344719,JPEG,0.0162353515625,47.928104400634766,6.920858383178711,256,1.0055718421936035,0.14646492898464203,0.7787820100784302,0.37902595414538665,0.18089885626983912,0.08725314805442005,0.034732732142295046,35.47087097167969,2.620741367340088,5.388021469116211,0.3565673828125,-1.2026852062720534,-1.8751488596971857,-2.6753309730986974,-3.0151779938570202,-2.959447498690862,0.7657941441238254,-0.17764796253822326,-0.8390101790428162,0.00015767415364583334,0.3143310546875,256
synthbuster,1,firefly,1097950,0.9060933884475696,0.8944964436980803,JPEG,0.131683349609375,12.550786018371582,14.716468811035156,256,1.237608790397644,0.6392353773117065,2.0479393005371094,0.23421732900458073,0.022948033400187737,0.06713124099311615,0.03826667581559553,90.69766235351562,1.8242783546447754,1.714236855506897,0.6546173095703125,-1.5078978832190684,-2.3023586781195204,-3.3175242997105894,-3.590199435133626,-3.3095698117866847,0.5167706160145107,-0.17724478731534962,-2.261977434158325,0.0,0.0826873779296875,256
synthbuster,1,firefly,1468451,0.9352812979759632,0.9306073608143681,JPEG,0.06195068359375,12.408939361572266,9.790142059326172,256,1.324559211730957,0.3350585401058197,1.5795531272888184,0.09163061525047575,-0.10587068346747112,0.034119391788589276,-0.006637881282100265,317.08819580078125,0.8114548921585083,1.9260562658309937,0.709930419921875,-1.708732230419563,-2.2542109587291224,-2.85919816200424,-3.182387037482552,-3.212093099081423,0.6670478612891846,-0.1464644693691279,-3.002824544906616,1.52587890625e-05,0.062530517578125,256
synthbuster,1,firefly,1688756,0.9386694472503784,0.9656163490976015,JPEG,0.0198822021484375,61.13640594482422,7.2136616706848145,256,1.0102710723876953,0.2197202742099762,0.9513434171676636,0.2324430695745378,-0.02222814234238364,0.07787515966532212,0.049252654237207205,23.42676544189453,1.8007346391677856,9.049564361572266,0.417266845703125,-1.2614537998051034,-1.8615554852168312,-2.63525370523496,-3.0002040155474017,-2.9568088304343085,0.688154741087553,-0.17003408897537042,-1.293745756149292,0.0272674560546875,0.3747406005859375,256
synthbuster,1,firefly,1444188,0.9316615921572114,0.9108148483599485,JPEG,0.01812744140625,54.84819412231445,7.146329402923584,256,0.9857501983642578,0.19670610129833221,0.721297562122345,0.28559238377042756,0.11939686702823649,0.18292276880745362,0.11615064782514614,72.88453674316406,-0.8235361576080322,3.2628047466278076,0.5570068359375,-1.1930877790171373,-2.300640736160479,-3.2199046853063997,-3.540204252570561,-3.4204733982589657,0.6343629941494742,-0.17091068287085287,-1.7983708381652832,0.0031840006510416665,0.3386993408203125,256
synthbuster,1,firefly,1008539,0.842085074644719,0.8410516828001642,JPEG,0.0462493896484375,8.482013702392578,4.401820659637451,256,1.4444926977157593,0.6521664261817932,1.1553150415420532,0.07770928735073454,-0.024595846416764405,0.09051376988622054,0.040833009898577535,8.842209815979004,0.6247258186340332,1.0546880960464478,0.502288818359375,-0.6869339812274795,-0.7629714699051018,-1.3498829421843417,-1.572931993709505,-1.583166439156523,0.5973243084630386,-0.13466603787050901,-1.7043733596801758,0.0,0.065673828125,256
synthbuster,1,firefly,1052725,0.7449172799258738,0.6646096043363108,JPEG,0.1589202880859375,4.390773773193359,3.628969192504883,256,1.7878190279006958,0.8008970618247986,0.9831701517105103,0.1404391766867306,-0.00023011281208967072,0.06036916026229518,0.050550437019521846,7.167563438415527,-0.04051010310649872,0.5812436938285828,0.7259979248046875,-1.3997270508817028,-1.5951726844352958,-2.1979778530408582,-2.416477449050609,-2.403580416757776,0.473768226967648,-0.12313591091399893,-1.5515718460083008,0.0,0.014312744140625,256
synthbuster,1,firefly,1786888,0.9704218529331413,0.9825045148988113,JPEG,0.0078125,67.54026794433594,5.854570388793945,256,0.9906465411186218,0.186978280544281,0.6200456619262695,0.11236838946124375,-0.027840068895046033,0.06532397504458363,0.0456923115919846,15.189138412475586,-0.09534332156181335,8.23674201965332,0.318572998046875,-1.11562139941171,-1.6626552535214252,-2.3143816632032115,-2.6087523055110795,-2.545891187831221,0.6258866603383924,-0.14638299691262646,-0.9617236852645874,0.0015055338541666667,0.2769317626953125,256
synthbuster,1,firefly,1781593,0.9974978166714538,0.9988149424492995,JPEG,0.0177001953125,54.96708679199219,7.936614036560059,256,1.0413950681686401,0.30248403549194336,0.9207838773727417,0.31116361461460046,0.04141187591816497,0.061228198761129206,0.022829077723004836,25.299203872680664,1.2808057069778442,7.460383415222168,0.3791656494140625,-0.8860789810821217,-1.4545662099100465,-2.2302953680548727,-2.5460272482876647,-2.55239974890042,0.7513123481279944,-0.17232884145082072,-0.610450029373169,0.006291707356770833,0.0295257568359375,256
synthbuster,1,firefly,1471678,0.9067599655852203,0.880875847533168,JPEG,0.0144500732421875,31.674320220947266,12.364996910095215,256,1.0720683336257935,0.5936265587806702,1.3931337594985962,0.29186718968063885,-0.00471654194065312,0.07142789107958035,0.08101961236131758,110.20755767822266,6.803761959075928,3.5267343521118164,0.363616943359375,-1.3212708680366028,-2.1781602476251205,-3.046551586553588,-3.36484117447824,-3.383895892783811,0.789626880447603,-0.18544606318512083,-1.5487662553787231,0.011800130208333334,0.2716827392578125,256
synthbuster,1,firefly,897668,0.7190294015279999,0.6679473167573317,JPEG,0.048797607421875,7.72573184967041,2.7700846195220947,256,1.4175318479537964,0.7711891531944275,0.2261408567428589,0.09890970782604505,0.02290657809592778,0.10183745676189232,0.024165115416895883,1.7858514785766602,0.08955495804548264,1.0163003206253052,0.501495361328125,-0.8276562077734804,-0.9487570474116946,-1.6368003530294235,-1.8487305959043252,-1.8397011067431555,0.5577466061218246,-0.14255663668033747,-1.2780885696411133,0.0,0.05291748046875,256
synthbuster,1,firefly,2183519,0.940141576036831,0.9683847525310847,JPEG,0.0310211181640625,37.02458953857422,8.645191192626953,256,1.1023610830307007,0.20025500655174255,0.9465898275375366,0.32939719362409403,0.16377166380782487,0.18096213085815904,0.13264061244070083,47.78856658935547,0.3911847174167633,3.455981731414795,0.523223876953125,-1.3627803323408392,-2.043589427808808,-2.880671109253738,-3.2352073686084832,-3.162786600763619,0.6851673795076652,-0.17667741704483708,-1.5333753824234009,9.663899739583333e-05,0.22918701171875,256
synthbuster,1,firefly,1968382,0.913624481605384,0.9263764733221495,JPEG,0.00872802734375,83.20687103271484,6.0286102294921875,256,0.9806714057922363,0.22877280414104462,0.5426400303840637,0.46396658270708807,0.2512343913279938,0.20365315554948654,0.07207197643843204,34.072940826416016,1.7467446327209473,7.337559700012207,0.412353515625,-1.1940930996318615,-2.2184938208488907,-2.991092875378211,-3.4155390666220065,-3.38968309196623,0.9177048519025508,-0.18999947804750575,-1.2112432718276978,0.0016123453776041667,0.5732574462890625,256
synthbuster,1,firefly,1214537,0.7942850068446551,0.8199413263493918,JPEG,0.034698486328125,17.83960723876953,5.084658622741699,256,1.1881483793258667,0.2509048879146576,0.6532272696495056,0.2279312546948482,0.01854834947852898,0.053287776493496836,0.03454922395419618,31.91333770751953,1.9031267166137695,1.6469539403915405,0.51995849609375,-1.1860602764362582,-1.9726214204128745,-2.826714419856115,-3.0907126842788424,-2.92177152921053,0.5524756907024848,-0.1611658716060169,-1.0863415002822876,0.0,0.1248321533203125,256
synthbuster,1,firefly,996223,0.8444427228667537,0.8151176396046556,JPEG,0.0499114990234375,9.388799667358398,5.297286510467529,256,1.3305336236953735,0.6213251352310181,0.939744770526886,0.08959281030176577,0.016108921522570513,0.10304309764684991,0.04883726076871877,5.436663627624512,0.12523959577083588,1.12299382686615,0.517181396484375,-1.6366543959689555,-1.9834296970371854,-2.761574946347991,-2.9897482928291206,-2.985552951254633,0.6270123638595684,-0.15483469341513312,-1.4541747570037842,0.0,0.0369415283203125,256
synthbuster,1,firefly,1960124,0.9909619812805731,0.9930165779919845,JPEG,0.0028839111328125,66.33001708984375,4.901674270629883,256,1.0234944820404053,0.43582290410995483,0.5558862090110779,0.19414079345515972,0.01908948591256487,0.00621625344307004,0.020266486901578843,8.051370620727539,0.3118654489517212,8.881744384765625,0.224945068359375,-0.6609970496483619,-0.9243603811553252,-1.5771414935106698,-1.7958821756218164,-1.769855656067051,0.6953998902906209,-0.14371563723900546,-0.19945327937602997,3.5603841145833336e-05,0.225860595703125,256
synthbuster,1,firefly,2104451,0.9908230956586056,0.9876644172534446,JPEG,0.005859375,135.21377563476562,4.874765396118164,256,0.9984189867973328,0.23615114390850067,0.4792727828025818,0.30423808301790484,0.039540345074250166,0.04442531158210135,0.009986485353926952,10.906784057617188,0.7361621856689453,14.85654354095459,0.2824249267578125,-1.0024622071138163,-1.5518958794378896,-2.1725462870427386,-2.5259829537035943,-2.6332639273895415,0.8594842429594589,-0.16540856914094382,-0.6754463911056519,0.006378173828125,0.344879150390625,256
synthbuster,1,firefly,1854285,0.9627443125070259,0.9711471983114823,JPEG,0.0064697265625,73.7531509399414,6.897470951080322,256,1.033432126045227,0.2397843301296234,0.5979868769645691,0.3446162089847,0.05229815538274577,0.04762102323384188,0.016305579155762535,24.22947120666504,-0.15283767879009247,6.90805196762085,0.387176513671875,-1.3328187135245706,-1.9801331185003654,-2.7959584931239956,-3.167891858759597,-3.2096660412232403,0.8638239711947149,-0.18917801731997516,-1.367609977722168,0.0006612141927083334,0.4226531982421875,256
synthbuster,1,firefly,1568258,0.9896879561320548,0.9894177231520278,JPEG,0.0430908203125,56.03557586669922,9.116888999938965,256,0.9933037757873535,0.11258265376091003,0.842892587184906,0.3275050580840464,0.12986692745684067,0.34381340801189536,0.2626037218969556,36.59380340576172,-2.2110204696655273,7.975033283233643,0.5303955078125,-0.6126486960389785,-0.931362415635884,-1.822630867485346,-2.3645325436667184,-2.502050600911941,1.193558665648374,-0.2368482422292194,-1.062582015991211,0.0009358723958333334,0.1339111328125,256
synthbuster,1,firefly,1051372,0.9089660703584835,0.9403600864217124,JPEG,0.017059326171875,33.8629150390625,6.770357608795166,256,1.2805018424987793,0.2775038480758667,1.0253874063491821,-0.0027351049344469603,-0.15187362814258873,0.11324549820621074,0.02204943321384314,23.419933319091797,2.255051851272583,3.368152141571045,0.4287261962890625,-1.362636658833253,-2.018284189725124,-3.047217578184381,-3.437403143660637,-3.300143738792631,0.8457203243955567,-0.21128736910806212,-1.1803609132766724,5.5948893229166664e-05,0.3482818603515625,256
synthbuster,1,firefly,2260303,0.9719199778936832,0.9806015605969505,JPEG,0.008636474609375,65.76240539550781,5.266525745391846,256,1.019976258277893,0.1447855830192566,0.542919933795929,0.4009505022586841,0.2312696482765755,0.24859835186411555,0.16748673409592024,23.724979400634766,-0.047938618808984756,6.193474769592285,0.3707275390625,-1.5443593686087702,-2.1235762049777254,-2.897335482446402,-3.302405919611287,-3.2330646416460764,0.7887147015933635,-0.18703686984878598,-1.1027065515518188,6.103515625e-05,0.3194427490234375,256
synthbuster,1,firefly,1092151,0.7444300221873205,0.707692179198499,JPEG,0.1789093017578125,3.959228038787842,2.7203097343444824,256,1.80600905418396,0.7809138894081116,0.15446385741233826,0.14712509127413942,0.032919293671880706,0.074124415635283,0.054808900452708385,2.0865306854248047,0.01140657253563404,0.556581974029541,0.7301483154296875,-0.4943977501339196,-0.7346781981545134,-1.2374146408721902,-1.5123242789596913,-1.5443723034705803,0.5086935174344145,-0.12080744382048399,-0.3318595588207245,0.012003580729166666,0.004241943359375,256
synthbuster,1,firefly,1752587,0.9622668175013488,0.9581099216372989,JPEG,0.04241943359375,42.30876922607422,10.168268203735352,256,1.0717896223068237,0.3864031732082367,1.1904164552688599,-0.027725868386397397,-0.14333415147182635,-0.0022550175673391915,0.02006206091526467,21.13433837890625,-0.5731592178344727,10.0409574508667,0.5110015869140625,-0.7099281435768505,-0.8744983882734783,-1.2904265256831655,-1.666091773945375,-1.667249189424595,0.7129888175343826,-0.13565366188030153,-0.3818390369415283,0.0025177001953125,0.2964935302734375,256
synthbuster,1,firefly,2289359,0.9465208582315721,0.8910680859052333,JPEG,0.0214996337890625,65.87098693847656,10.595653533935547,256,1.0635653734207153,0.233610600233078,1.0982095003128052,0.5352086495291881,0.2787974198356337,0.11004943920931858,-0.009584567220232836,49.00465393066406,1.9048511981964111,9.283905982971191,0.4558868408203125,-1.0714186518912028,-1.7883094814337932,-2.402415378857346,-2.838979458990452,-2.9981454316278215,0.9881120615008792,-0.18204233547335796,-1.1339876651763916,0.0102996826171875,0.46734619140625,256
synthbuster,1,firefly,1443529,0.9297999790674036,0.9328638507281612,JPEG,0.0635223388671875,28.062620162963867,10.082717895507812,256,1.0833170413970947,0.1302344650030136,1.2060785293579102,0.5066452886615777,0.29666496609081083,0.15341560409141614,0.045767923252448627,92.87156677246094,-2.358933448791504,1.8921228647232056,0.6970672607421875,-1.3798351164178158,-2.321768949020904,-3.2958199072817838,-3.743433318887764,-3.8126353877823105,1.0756280926936537,-0.22964435400706223,-2.254441261291504,5.086263020833333e-06,0.0869293212890625,256
synthbuster,1,firefly,1520382,0.759945423234688,0.7849142417965622,JPEG,0.095977783203125,13.166245460510254,7.8451619148254395,256,1.1589938402175903,0.3156770169734955,1.2373147010803223,0.13563407548539655,0.10719632980088097,0.050865674057434605,0.05979590625931715,34.58930587768555,1.0679606199264526,0.9759405255317688,0.6640167236328125,-1.5200929698915715,-2.2523563077663358,-2.9267924541966104,-3.0360797198605165,-2.9569283699871747,0.35536100564511086,-0.1131400494650483,-2.2662487030029297,0.0236358642578125,0.094268798828125,256
synthbuster,1,firefly,2024729,0.8565605892392705,0.9485679870106136,JPEG,0.0014190673828125,123.69551086425781,4.01345682144165,256,1.001265287399292,0.431917667388916,0.32415148615837097,0.27784279010784996,0.00434438156247412,0.05805477938980204,0.016570903105301255,6.08992862701416,-0.10362392663955688,13.35342788696289,0.2417449951171875,-0.9044950046058942,-1.491281132213282,-2.3137239995322902,-2.673988684002487,-2.682556186989819,0.8380797664141095,-0.18995573426068893,-0.3570973575115204,0.033467610677083336,0.8212432861328125,256
synthbuster,1,glide,82048,0.8817625989169079,0.9397460776886122,PNG,0.1443634033203125,67.88700866699219,10.2721529006958,256,0.8854271769523621,0.02026541531085968,0.9844481945037842,0.32038948935426786,0.07651210154797879,0.07675521255338774,-0.0024058857674151713,91.83282470703125,0.09888030588626862,3.939525842666626,0.6947021484375,-1.6253638768446201,-2.727880889489751,-3.5384238314346943,-3.7453385546244364,-3.860495098685867,0.6863517765054885,-0.16230843645671486,-2.9619674682617188,0.0045623779296875,0.3782806396484375,256
synthbuster,1,glide,91286,0.726520456438163,0.6765538078017552,PNG,0.0097503662109375,59.3941650390625,8.873458862304688,256,1.028116226196289,0.23002712428569794,0.86175537109375,0.32891941781676465,0.05400220090358805,0.01761896728752642,0.030673954113160484,166.8906707763672,-1.9010624885559082,1.8661034107208252,0.7155914306640625,-1.7016399081379028,-3.0363015458598177,-4.150951939873965,-4.70748393017276,-4.912425632928818,1.2779951348857237,-0.27064998565647486,-3.657349109649658,0.007476806640625,0.643951416015625,256
synthbuster,1,glide,69820,0.64146816209133,0.490327778409257,PNG,0.0944061279296875,20.019081115722656,7.356743335723877,256,1.049794316291809,0.17330074310302734,0.9811363220214844,0.5703124372515269,0.3965194768701103,0.1994168317007878,0.15117796030585895,20.23431396484375,-0.36269503831863403,0.9802858233451843,0.729217529296875,-1.3458826769484684,-3.1816044827239223,-4.008671738051213,-4.072824693010531,-4.1742379091029935,0.31646657437433,-0.11643951911536284,-2.8315110206604004,0.0,0.405059814453125,256
synthbuster,1,glide,105522,0.8626174335051607,0.8511505436134275,PNG,0.009185791015625,72.45991516113281,5.536258220672607,256,1.0512434244155884,0.36769726872444153,0.6522971391677856,0.5215385313141006,0.1555843731225962,0.01313720524970931,0.0064645023487372106,26.77273178100586,1.1580884456634521,3.8268985748291016,0.5532989501953125,-1.2722998161457841,-2.509292242034144,-3.8699661589839485,-4.3357525419706935,-4.499681563885661,1.3020707231119042,-0.2905786009972057,-3.3428425788879395,1.52587890625e-05,0.73785400390625,256
synthbuster,1,glide,69616,0.8208822578322021,0.902640981312262,PNG,0.1845855712890625,54.416221618652344,9.078845024108887,256,0.972680926322937,0.03594966232776642,1.0133901834487915,0.7583179718705231,0.6568206303340226,0.5950955227448668,0.5607150319672145,87.06417083740234,1.0010254383087158,3.550605535507202,0.7015228271484375,-1.351012048933323,-2.598477643239031,-3.542120925782224,-3.9984665922506126,-4.233930731472441,1.1964817815107676,-0.23417831628985647,-3.023949146270752,0.13287862141927084,0.28961181640625,256
synthbuster,1,glide,82563,0.8594124020435441,0.7048345636832016,PNG,0.2446136474609375,82.4033432006836,8.021748542785645,256,0.7587862610816956,0.01227110531181097,0.9126570224761963,0.6580147082965006,0.49025725203412734,0.45198114522534144,0.4035554735063961,122.75796508789062,-3.9493234157562256,4.662842750549316,0.72796630859375,-1.320098528823359,-2.3936965066254645,-3.8598549735694965,-4.875491675701972,-5.493794310418458,2.2946456295008497,-0.4341201521688029,-4.293829441070557,0.09998067220052083,0.440643310546875,256
synthbuster,1,glide,101453,0.7924323600779329,0.692233710953561,PNG,0.1186065673828125,79.7097396850586,6.231102466583252,256,0.9991135597229004,0.03380976617336273,0.6846360564231873,0.22875421514236166,-0.10530512161010666,0.0018619337361949814,0.011774988850323463,37.22163009643555,0.6452204585075378,4.152472496032715,0.6780548095703125,-0.9886861914028708,-2.2062610746259477,-3.583661814762735,-4.48539167265065,-4.973966104508433,2.103452707323296,-0.3932011558512433,-3.726541042327881,0.0028533935546875,0.6781005859375,256
synthbuster,1,glide,90218,0.8832021655487313,0.9211352598869206,PNG,0.0558624267578125,85.19601440429688,8.559646606445312,256,0.8532341122627258,0.08422855287790298,0.6856275796890259,0.36828908224456297,0.1722912040723602,0.17404571840273317,0.16363487230459378,28.285829544067383,0.8691890835762024,3.805129289627075,0.6707763671875,-1.1835909592544187,-2.546669698656202,-4.1080036309800665,-4.836254584319659,-5.1528690638405585,1.7929935341162082,-0.3866915580281523,-3.835766315460205,0.0228729248046875,0.5959625244140625,256
synthbuster,1,glide,87206,0.7282586659513403,0.8203808240032323,PNG,0.1580352783203125,44.196144104003906,9.827492713928223,256,1.0204792022705078,0.04168568551540375,1.0230070352554321,0.5288135229418705,0.24845174374410056,0.2308249306737366,0.15701205788530126,62.781639099121094,-3.913447141647339,2.807318687438965,0.55157470703125,-1.2890429814475084,-2.2508190878087166,-3.1998926530193392,-3.8054298360766303,-4.024050827514516,1.3382106155961404,-0.2592225369657127,-3.441204786300659,0.09659830729166667,0.4115142822265625,256
synthbuster,1,glide,113127,0.7646402123185478,0.8039203237382784,PNG,0.0379486083984375,84.14929962158203,5.369994640350342,256,0.9843392968177795,0.05663152039051056,0.6468650698661804,0.26462572722580086,-0.029312716180158585,0.06926642062575698,0.03902467484774881,22.433290481567383,0.36063313484191895,5.293978214263916,0.5103607177734375,-1.2511286443048952,-2.300931367375643,-3.2433811859049753,-3.7251207160057813,-3.9017299102317615,1.2214010466716827,-0.23213044335836006,-2.915022850036621,0.051747639973958336,0.72021484375,256
synthbuster,1,glide,84693,0.8796946071315086,0.8969645900345395,PNG,0.15301513671875,52.36552047729492,7.984635353088379,256,1.099691390991211,0.07306063920259476,1.0171597003936768,0.28278324078869693,0.08810556386264437,0.2023535231671301,0.196285394630814,38.26700210571289,0.5823667645454407,4.587080478668213,0.6118011474609375,-1.2288272881306748,-2.1193685942990896,-2.9559468534540274,-3.634827667214098,-3.871482056589228,1.4480624092526941,-0.25670129635217587,-2.4975719451904297,0.005991617838541667,0.4100341796875,256
synthbuster,1,glide,91689,0.8050355833275896,0.6151387442534609,PNG,0.0243377685546875,60.36235046386719,7.124029159545898,256,1.033605933189392,0.2053249329328537,0.907976508140564,0.5417771805181457,0.17666440904851796,0.07646427892387048,0.04112607770758611,65.5668716430664,2.8582046031951904,2.8991475105285645,0.7197418212890625,-1.5303568407094268,-2.7949336604321875,-3.8498152602770244,-4.340821999654038,-4.624163823613308,1.2366761726406832,-0.26375282952334606,-3.400742769241333,0.0013631184895833333,0.499786376953125,256
synthbuster,1,glide,86792,0.8844007718806371,0.8427357470815977,PNG,0.166778564453125,55.101375579833984,7.423458576202393,256,1.1234818696975708,0.03443662449717522,0.9688271880149841,0.5750872500136889,0.34303757613475044,0.2882818617877036,0.1770222923640662,45.41732406616211,0.7126681208610535,4.719261646270752,0.566070556640625,-1.274422222164958,-2.080602916369987,-2.8609645789272626,-3.532851367398388,-3.744256741618761,1.1686953737250345,-0.23874571379198545,-2.4901318550109863,0.00019327799479166666,0.5405426025390625,256
synthbuster,1,glide,113144,0.7337219730743133,0.8964485043299247,PNG,0.0370941162109375,57.58142852783203,5.300779819488525,256,1.0180085897445679,0.54155033826828,0.8116828203201294,0.3288974959397053,-0.07476317231358628,0.042382711495227134,0.01382430517347717,13.69308090209961,0.8424240946769714,4.338503360748291,0.3688812255859375,-1.4199398022288054,-2.2978765548053515,-3.129226039048131,-3.6193889587893793,-3.8087735186875458,1.0692866857829992,-0.21457708529859498,-2.8412086963653564,0.0,0.7063446044921875,256
synthbuster,1,glide,71253,0.32597212460703945,0.5689441866163166,PNG,0.1593475341796875,29.348308563232422,10.15621566772461,256,0.9391704797744751,0.06426006555557251,1.1710264682769775,0.1983194991308573,-0.1901260209895533,-0.0041554640250899225,-0.010923009871529426,104.62838745117188,3.7271745204925537,2.083723783493042,0.733734130859375,-1.3746166423310404,-2.442497005962948,-3.4494082851603327,-4.061493120959112,-4.239514187894256,1.2372070082414428,-0.2555526992794354,-3.3020102977752686,0.2319793701171875,0.2615509033203125,256
synthbuster,1,glide,75962,0.8922410782179324,0.9329885007514515,PNG,0.1392364501953125,109.77865600585938,7.251727104187012,256,0.8813114762306213,0.01337475050240755,0.7086334824562073,0.3218182489809038,0.21858176319096442,0.2127300104112414,0.23135898716626246,53.72149658203125,2.5145692825317383,6.4611101150512695,0.738006591796875,-1.4693204018024106,-2.5943183433379655,-3.395892321162817,-3.63405993808679,-4.02320587068309,0.9313647343769214,-0.19010686032447965,-3.1815221309661865,0.017400105794270832,0.35198974609375,256
synthbuster,1,glide,95801,0.7186111461217538,0.840790163863399,PNG,0.0778045654296875,56.05015563964844,4.6633501052856445,256,1.0547447204589844,0.07278145104646683,0.5562730431556702,0.37888877684093236,0.009735316311151165,0.0632986739809694,0.029547935603784183,17.849647521972656,1.2502554655075073,3.833296775817871,0.5299224853515625,-1.4458442904575088,-2.5784259520771204,-3.536120586637608,-4.210189063483811,-4.446874755603008,1.4235791583828865,-0.2722920930458556,-2.82798171043396,0.043207804361979164,0.7941741943359375,256
synthbuster,1,glide,91909,0.7496911563133783,0.8085438681883897,PNG,0.034912109375,52.980445861816406,4.697079181671143,256,1.1118415594100952,0.20955799520015717,0.7119264602661133,0.24611831133963688,-0.15099351897173685,0.016146757793687485,0.030538985607005235,18.819337844848633,0.03310877084732056,2.548053026199341,0.5882720947265625,-1.5354402280066077,-2.758636355313249,-4.340570343591861,-4.959361228336264,-4.951000115968121,1.3992438658874873,-0.3313456195233627,-3.745990753173828,0.0007527669270833334,0.5682220458984375,256
synthbuster,1,glide,96509,0.9096697419875406,0.9283095657938778,PNG,0.0394287109375,42.48126983642578,9.930935859680176,256,0.9372949600219727,0.12422298640012741,1.0436557531356812,0.34433775985308634,-0.003003629979850679,-0.018720840259434993,-0.012272404131581404,49.149452209472656,2.254457950592041,4.381211757659912,0.4833831787109375,-1.6029081338773965,-2.497220825542783,-3.2266188642958396,-3.66267032457631,-3.8520709098134356,0.9814481444203835,-0.19176234929450575,-2.7706198692321777,0.0001678466796875,0.4689178466796875,256
synthbuster,1,glide,96017,0.7587637655528991,0.8173758684810963,PNG,0.0270233154296875,63.42384338378906,5.575325012207031,256,1.0800267457962036,0.2163529247045517,0.7313081622123718,0.3178809003251088,-0.13518961857217762,0.03504369898112451,-0.0009404495217579446,16.567258834838867,1.2226309776306152,5.1213250160217285,0.605010986328125,-1.1765433891013988,-2.042260954327628,-3.049204060465181,-3.9739149062805144,-4.532867694523063,2.055313608175564,-0.3499004964463465,-4.127552032470703,5.5948893229166664e-05,0.606292724609375,256
synthbuster,1,firefly,1148109,0.7496606065465238,0.7359348588384647,JPEG,0.138427734375,8.850504875183105,7.946427345275879,256,1.369542121887207,0.3375624418258667,1.711421012878418,0.07455297196221038,-0.018132492842328894,0.04212396180825128,0.01756982349212044,49.76945877075195,-2.0590076446533203,0.8432705402374268,0.68768310546875,-1.4877533142166044,-2.205712679001002,-2.969817495271155,-3.2899118495006867,-3.3497286475705397,0.7361989576299215,-0.17127294768508206,-2.500535726547241,0.039271036783854164,0.051361083984375,256
synthbuster,1,firefly,1059447,0.7265694434908917,0.8994682888383922,JPEG,0.0186004638671875,29.695005416870117,7.153940200805664,256,1.0962815284729004,0.3201447129249573,0.7345665693283081,0.23496454248136195,0.01747136034917119,0.06452534630338495,0.053477803808042804,51.20758056640625,1.1337811946868896,2.9419431686401367,0.5261688232421875,-1.308687364391397,-2.007340723126574,-2.9083748515452985,-3.208302810606038,-3.0757739844818976,0.6231377405214094,-0.17418154841463998,-1.424151062965393,0.045817057291666664,0.3623046875,256
synthbuster,1,glide,88968,0.6524214817897366,0.8367412597117005,PNG,0.07672119140625,50.25564956665039,10.779860496520996,256,1.0410617589950562,0.11430766433477402,1.0352845191955566,0.1528966811466893,-0.1654355247892475,0.0360441970251854,-0.015682898497392607,78.57683563232422,0.3752555549144745,2.90562105178833,0.605560302734375,-1.5552258598378144,-2.6758943484435322,-3.8532678145402537,-4.605057183332355,-4.913739610124405,1.736546715626309,-0.32910723820382426,-3.9054250717163086,0.0034281412760416665,0.6095733642578125,256
synthbuster,1,glide,97713,0.7671701934468462,0.921746409798579,PNG,0.0739288330078125,83.03263854980469,6.686559200286865,256,0.8138810396194458,0.04659343510866165,0.7707442045211792,0.2102992454114351,-0.029730652772544258,0.031628057211267505,0.014678251218486194,35.79231643676758,-1.0878565311431885,5.897078037261963,0.63214111328125,-1.462446800608646,-2.50074609683732,-3.2668477379208483,-3.6130878744700317,-3.8194511145139662,0.9162571172711145,-0.18464296863617155,-2.362213134765625,0.031829833984375,0.615203857421875,256
synthbuster,1,glide,77668,0.8659114225837263,0.855786593406683,PNG,0.0238494873046875,44.502681732177734,7.321390151977539,256,1.0895280838012695,0.19130438566207886,0.7871898412704468,0.5520324121319715,0.2673497592393616,0.16149730764481046,0.06291665979839903,117.40570831298828,5.082729816436768,2.0145466327667236,0.7714080810546875,-1.5947536182738382,-2.6974307787602356,-3.7817185913819626,-4.372927945680211,-4.607078423488408,1.3785511063947977,-0.27283000550074665,-3.3172528743743896,6.103515625e-05,0.52960205078125,256
synthbuster,1,glide,82713,0.6277027505554239,0.616888716215115,PNG,0.027740478515625,39.18997573852539,7.536242961883545,256,1.0051971673965454,0.14776000380516052,0.8020769357681274,0.2524922885529933,0.03612708284572554,-0.02730657850148402,0.006073640618900013,236.62521362304688,6.975585460662842,1.0890395641326904,0.8400726318359375,-2.008165968874067,-3.325245600406997,-4.212616443207863,-4.808346102656,-5.003084632894781,1.2255754363834201,-0.24608231718961585,-3.828099012374878,0.000732421875,0.770843505859375,256
synthbuster,1,glide,74985,0.9266293529562846,0.9065394965436527,PNG,0.1010894775390625,27.08099365234375,11.417000770568848,256,1.0075255632400513,0.22310838103294373,1.4193220138549805,0.22049572890242136,-0.17248431913886608,0.03854193385730083,0.008155385429150855,113.27842712402344,0.0023356936872005463,2.5220091342926025,0.703460693359375,-1.5923859973513599,-2.6432370223402417,-3.5889465625839554,-4.141836354989359,-4.423731255177545,1.2924096151742406,-0.25253547911705293,-3.9615049362182617,0.0436248779296875,0.3030853271484375,256
synthbuster,1,glide,89209,0.9164719769504974,0.9512813175690961,PNG,0.2034759521484375,51.65796661376953,7.660737991333008,256,1.046014666557312,0.08186117559671402,1.1828548908233643,0.2944977891999735,-0.09689920028386231,0.04604682440060309,-0.011723548852586202,26.889089584350586,2.2446374893188477,4.667221546173096,0.61187744140625,-1.2917888125501857,-2.369092005364881,-3.4637530487564385,-4.086602588043912,-4.458195321356107,1.6030943437290182,-0.2995805072180803,-3.485673427581787,0.0,0.3692626953125,256
synthbuster,1,glide,95940,0.8459543421828893,0.8969382904647882,PNG,0.076904296875,74.851806640625,7.469235897064209,256,1.0517933368682861,0.044951606541872025,0.8478138446807861,0.28783515366207507,-0.03967750409259176,0.0652280330364991,0.04781226941593543,54.593505859375,2.1470086574554443,4.802817344665527,0.592529296875,-1.338429940159494,-2.4271364385060092,-3.517190356410243,-4.01721626539291,-4.3087985944399065,1.1836636027228042,-0.2647113169540316,-3.240766763687134,0.038447062174479164,0.5190277099609375,256
synthbuster,1,glide,64529,0.8002211839908194,0.9006663134086994,PNG,0.2095794677734375,40.74992752075195,9.21955680847168,256,0.9189177751541138,0.0363931879401207,1.0035736560821533,0.42719073124429996,0.10353422728734572,0.182854937730372,0.1048882565600158,80.09280395507812,-2.3016679286956787,2.9592878818511963,0.7954864501953125,-1.7619516970719165,-2.831736394774075,-3.878962486094581,-4.717221846900876,-5.16866031615411,1.7356363237475803,-0.3282945432686913,-3.804358959197998,0.022303263346354168,0.3749237060546875,256
synthbuster,1,glide,54375,0.5824255608252826,0.4985520488371417,PNG,0.15753173828125,10.538363456726074,16.22409439086914,256,1.0281137228012085,0.27796435356140137,1.4618278741836548,0.15839982033086616,0.055078069838407025,-0.01278577991056286,0.006000546091623181,102.8011245727539,0.974051833152771,0.6304320096969604,0.8214111328125,-1.570318586646918,-2.7575492787842624,-3.77548498518612,-4.24885180358151,-4.403151851754458,1.122558488295768,-0.2389774942134772,-3.7098422050476074,0.0,0.1129608154296875,256
synthbuster,1,glide,120790,0.6410226204005319,0.8649092234707227,PNG,0.0190277099609375,60.47173309326172,6.0383806228637695,256,0.9768319129943848,0.08430714160203934,0.77168208360672,0.07848258377439098,-0.12111686768369548,0.024430569871794743,0.013726626340828742,10.603911399841309,-0.562024712562561,6.0515289306640625,0.311126708984375,-1.4975397476997836,-2.1614788938671143,-2.8333652967134126,-3.1816956578480102,-3.2807803064757524,0.7915829242119896,-0.16457451094120784,-2.0445594787597656,0.023310343424479168,0.6516571044921875,256
synthbuster,1,midjourney-v5,2547995,0.9760619496780781,0.97774902367366,PNG,0.0013275146484375,94.627197265625,4.975592613220215,256,0.9454005360603333,0.47879913449287415,0.5873838663101196,-0.02466462786503857,0.036344298510567155,0.04210086829646626,0.022765015871312216,4.875638484954834,0.29533886909484863,14.039709091186523,0.1777496337890625,-1.4775958320308469,-2.0108377890172777,-2.3337468389200504,-2.4658738144668675,-2.492743465079819,0.25825318819683574,-0.066203868571889,-0.9701552391052246,0.0005594889322916666,0.79498291015625,256
synthbuster,1,midjourney-v5,1972749,0.9639556390185668,0.9687291014481614,PNG,0.0101165771484375,48.67501449584961,5.510651588439941,256,0.9467635750770569,0.27816060185432434,0.7105770707130432,-0.12530453651450277,-0.004216916968792422,-0.013298678586581307,0.0026564592532757523,13.123046875,0.45896852016448975,7.957344055175781,0.2483062744140625,-1.3393250998195683,-2.019608642453248,-2.195934876434408,-2.2026288861980206,-2.252481079827687,0.06388544678560937,-0.0260772556318952,-1.2459723949432373,0.0001068115234375,0.5086822509765625,256
synthbuster,1,midjourney-v5,1213520,0.4353984086031815,0.4372419342922218,PNG,0.115081787109375,5.557086944580078,3.14784574508667,256,0.8105142712593079,0.42540663480758667,0.5838751196861267,-0.056159028756742176,0.007206164163502631,0.0375092511194706,-0.007252774967796775,69.76589965820312,-1.027245044708252,0.4800930917263031,0.8299407958984375,-1.6416248966573086,-1.937170874185425,-2.0471984824762988,-2.0278557024556294,-2.037587670478548,0.0511133994095645,-0.010484015876505168,-2.807710886001587,0.0,0.032806396484375,256
synthbuster,1,midjourney-v5,2633395,0.920762729164706,0.9693472093615071,PNG,0.0008697509765625,128.21444702148438,3.397212505340576,256,0.9539010524749756,0.6102025508880615,0.2806631028652191,-0.05084010537385723,0.013386041256452545,-0.023538487229870782,-0.0016637324079744875,1.953268051147461,0.26715731620788574,19.415369033813477,0.1650543212890625,-1.3745512151451535,-1.8394666258627765,-2.051830815761254,-2.0758523010195917,-2.126216738617969,0.14787457186113873,-0.03500174044526342,-0.6372610926628113,0.0040130615234375,0.89031982421875,256
synthbuster,1,midjourney-v5,2083894,0.9635739203966154,0.9585841621303474,PNG,0.0064239501953125,87.17170715332031,5.7678961753845215,256,0.8933593034744263,0.2420920729637146,0.6295353174209595,0.6043769166679677,0.4876021150207854,0.4807765796043926,0.3954653001208119,40.52568435668945,-0.07071061432361603,7.558858394622803,0.3385467529296875,-1.1191591217180612,-2.244354896594116,-2.814136309288549,-3.028109558719156,-2.9058159084430812,0.41882760127978536,-0.11396050568468556,-1.4517769813537598,0.0018107096354166667,0.4310302734375,256
synthbuster,1,midjourney-v5,1492571,0.9298193837153096,0.9296954951530848,PNG,0.077362060546875,37.47106170654297,10.215902328491211,256,1.0199775695800781,0.14710046350955963,1.1913172006607056,-0.31869525937904863,-0.009513569558921986,-0.013465806629879545,-0.006203754235336895,21.612674713134766,0.2737935185432434,5.347106456756592,0.43621826171875,-1.2844287545529216,-2.2794910948227622,-2.468724172396313,-2.4969897362521944,-2.512037919357142,0.06328510719021452,-0.029494733095517273,-1.4345718622207642,0.08592732747395833,0.511474609375,256
synthbuster,1,midjourney-v5,2307879,0.9903399567551291,0.991855012631195,PNG,0.0034942626953125,77.67987823486328,4.306358337402344,256,0.9967043995857239,0.22966019809246063,0.4718768298625946,0.02441058531442032,0.01901020953208914,-0.0033651996353596743,0.003262216668320258,6.263950347900391,0.5535818934440613,11.108396530151367,0.2115325927734375,-1.2499298095429578,-1.9205804737279983,-2.0238231015627877,-2.074232388822306,-2.108236833653054,0.0708590044535482,-0.021355419190417477,-0.9521918296813965,9.663899739583333e-05,0.36181640625,256
synthbuster,1,midjourney-v5,1995813,0.9887165443193666,0.9918594157998795,PNG,0.0243682861328125,79.54176330566406,5.44765043258667,256,0.9494307637214661,0.07672028243541718,0.6985671520233154,0.0008853268945843211,0.013856314975090859,-0.01753437166064172,0.013219814441404038,9.129682540893555,0.34270355105400085,12.61828327178955,0.3608245849609375,-1.4323127061853924,-2.212248617161805,-2.315252481010922,-2.288459965640355,-2.3270695688750402,0.010077506965175509,-0.00782805952607504,-1.0609229803085327,0.0016682942708333333,0.5024871826171875,256
synthbuster,1,midjourney-v5,2142693,0.9959794394659485,0.9970201576641271,PNG,0.012664794921875,92.19859313964844,4.6864237785339355,256,0.9620969891548157,0.12894807755947113,0.4898134171962738,-0.2692608415852806,0.041862598581159816,0.0001999375868450361,0.003943512203932813,7.656012535095215,-0.48938724398612976,15.81387710571289,0.2635040283203125,-1.259603631359318,-1.8603038585313456,-2.102065603983978,-2.0428583973307415,-2.1496613940647293,0.024160069938726103,-0.02229858290322261,-0.7569189667701721,0.00011698404947916667,0.1990203857421875,256
synthbuster,1,midjourney-v5,1557796,0.873004085782358,0.8974201811073157,PNG,0.139373779296875,41.00088119506836,7.7443366050720215,256,1.0661007165908813,0.025915877893567085,0.9208104014396667,-0.1912885981268139,0.10092905878795327,-0.056974435557187564,0.09868977981669251,79.51160430908203,-1.7864331007003784,5.966392517089844,0.5317840576171875,-1.533127466637664,-2.5130018081676386,-2.9735752005676126,-3.1388719128824487,-3.2205712724687032,0.45335037769317754,-0.09929254640053663,-2.108776092529297,0.0234222412109375,0.4420623779296875,256
synthbuster,1,midjourney-v5,1705232,0.9739556302690667,0.9839042498096168,PNG,0.012451171875,41.210479736328125,4.953377723693848,256,0.9978064298629761,0.20348718762397766,0.6214794516563416,-0.19036448853231414,0.015661838127229953,-0.012595585571155865,0.0024941996728639567,7.527313232421875,0.5724356174468994,8.460464477539062,0.2557830810546875,-0.8662720554443037,-1.2946977772328454,-1.4052814776386224,-1.4425209807250914,-1.479175006166784,0.08662800376501423,-0.021803571851722006,-0.40146657824516296,0.00013224283854166666,0.334075927734375,256
synthbuster,1,midjourney-v5,2328104,0.9846229278058469,0.986642220189149,PNG,0.014801025390625,56.11335754394531,5.905137062072754,256,0.952468991279602,0.2807494103908539,0.7011347413063049,0.04636494677660322,0.01436271272959258,-0.029345210845354363,-0.0051478357292815856,5.637022018432617,0.006067219655960798,10.937485694885254,0.2175750732421875,-1.1023865027524886,-1.8195681986756025,-1.9127655760430953,-1.9564435451991962,-1.988470838901529,0.040683695891186034,-0.01643533602461043,-1.218074083328247,6.103515625e-05,0.4538421630859375,256
synthbuster,1,midjourney-v5,2720875,0.9923225315862854,0.9914579371317352,PNG,0.000823974609375,101.91571044921875,4.081618309020996,256,0.9544594883918762,0.6583701372146606,0.3931644856929779,-0.025091148830146164,0.013879636910274908,-0.041162665121905355,0.00126670587777337,1.3453850746154785,0.04987340793013573,17.0712890625,0.1555328369140625,-1.0421999280545027,-1.5660299978179602,-1.5126921670270903,-1.537834538118302,-1.6087793471073475,-0.07450364175570368,0.006340130646193279,-0.3776349127292633,0.00015767415364583334,0.4056243896484375,256
synthbuster,1,midjourney-v5,1609721,0.9461144094274098,0.9609981499537761,PNG,0.0055694580078125,145.62216186523438,4.904922962188721,256,0.9825088381767273,0.1962902545928955,0.44673410058021545,0.48716909765797234,0.07704556376166201,0.0003549611163948189,0.017626246917184046,18.05748176574707,-0.5249181389808655,8.321279525756836,0.491485595703125,-1.1976841058179337,-2.265878155780414,-3.725610955448796,-4.263264463534039,-4.355459740387401,1.2637502892981667,-0.3061521112438933,-2.8767757415771484,0.022928873697916668,0.588592529296875,256
synthbuster,1,midjourney-v5,1348179,0.9700985667741049,0.974336546485816,PNG,0.138916015625,26.63314437866211,11.959476470947266,256,0.9825640916824341,0.16888289153575897,1.1504576206207275,-0.08893630437391233,-0.18519750797890178,0.08695550671100996,0.02407757821159483,89.86461639404297,-0.9740075469017029,3.0685527324676514,0.6487579345703125,-1.1737755960270793,-2.3256799310966905,-2.7199650576460135,-3.0787931636644057,-3.1973215493568024,0.6545529267315295,-0.12394832546007066,-2.025594472885132,0.0,0.1127777099609375,256
synthbuster,1,midjourney-v5,2548575,0.968862358247961,0.9877563892216359,PNG,0.0048828125,63.2137451171875,4.761417388916016,256,0.9510002732276917,0.32014089822769165,0.6303132176399231,-0.08085603435502028,0.04792028314116195,-0.0319611436896636,0.014455415009672392,5.531008720397949,0.12557026743888855,16.169109344482422,0.18511962890625,-1.275854446913641,-1.5909306475599188,-1.4420317445157167,-1.4196877526598977,-1.4825745192604245,-0.06127269439728522,0.02257490348281081,-0.6595208644866943,0.0003255208333333333,0.5875701904296875,256
synthbuster,1,midjourney-v5,1908211,0.9512872024263146,0.943381969704514,PNG,0.0316314697265625,70.9152603149414,6.587306499481201,256,1.0388116836547852,0.15561549365520477,0.7794966101646423,0.1998969318907935,0.05978052832179004,0.06113755572735368,0.023543817620920737,31.33031463623047,0.9457127451896667,6.993624687194824,0.386260986328125,-1.416907218322124,-2.363718977778536,-2.9140895685489623,-3.020300417194976,-3.1001051849485197,0.42170842410605314,-0.09845643261581968,-1.8129675388336182,0.0032857259114583335,0.5230560302734375,256
synthbuster,1,midjourney-v5,2262795,0.985319361830795,0.983632611262367,PNG,0.00335693359375,88.42745208740234,5.052022457122803,256,0.9737086892127991,0.18208914995193481,0.5674837827682495,-0.017715017404663302,-0.27447869193076246,0.03357683713766862,-0.008003247746598675,6.06913948059082,0.5247452259063721,12.663507461547852,0.21539306640625,-1.3060936126243323,-1.6569038861151117,-2.032602431399429,-2.3716963107588347,-2.533334219864199,0.749818968623007,-0.1301279693988076,-1.340645432472229,0.00015767415364583334,0.593017578125,256
synthbuster,1,midjourney-v5,1682216,0.9283389636557858,0.9327493622806224,PNG,0.0345611572265625,14.203962326049805,8.727685928344727,256,1.009269118309021,0.4417034983634949,1.0396060943603516,0.11196780566096558,0.07285816909747944,-0.055625870628817096,0.037321429402654115,129.6109161376953,0.9231467247009277,2.0667731761932373,0.7041778564453125,-2.1930707836480083,-2.892366291666037,-3.202521989857426,-3.2904389348149623,-3.3429464725338573,0.2658186699840783,-0.061984096263753494,-3.169212818145752,0.0009002685546875,0.2097320556640625,256
synthbuster,1,midjourney-v5,1908161,0.9097766512959067,0.9757344616579539,PNG,0.0044403076171875,77.80180358886719,6.820535659790039,256,0.9202801585197449,0.2377992421388626,0.7101927995681763,0.05449551964458015,0.004232798328606035,0.01231492461620793,0.023298075860474447,21.063213348388672,-1.698702096939087,11.317415237426758,0.4297027587890625,-1.3969184158572556,-2.4168077697749224,-2.6808749696364407,-2.911673255244688,-2.9339272955981324,0.31565147434137586,-0.07369908564497563,-1.719175934791565,0.009552001953125,0.7906341552734375,256
synthbuster,1,midjourney-v5,1734028,0.9549646422334044,0.9649756590008389,PNG,0.00897216796875,82.03538513183594,6.492895126342773,256,0.9889364242553711,0.18283449113368988,0.6827009916305542,-0.10987712739830374,0.008004011245528695,-0.01207409184319026,0.004738489246118694,17.406240463256836,0.5436146259307861,12.040751457214355,0.2490386962890625,-1.3242880961146053,-2.1115209022623596,-2.3484623522719943,-2.460774129962803,-2.4732207601010767,0.181150680814266,-0.05142684392875692,-1.1336618661880493,0.0006866455078125,0.5541534423828125,256
synthbuster,1,midjourney-v5,1754425,0.983658610910661,0.9809906522894299,PNG,0.0289154052734375,58.443519592285156,4.927356243133545,256,0.9650611281394958,0.10258574038743973,0.6000822186470032,0.3036344657938627,0.06967395124263911,0.017300892411997955,-0.011746107376081125,12.089917182922363,0.04079638049006462,5.286799430847168,0.4188079833984375,-1.5030333168246361,-2.328849159594963,-2.773172089230152,-2.982339448782292,-3.0351482148770286,0.5090436491471557,-0.10791508414588806,-1.7816967964172363,0.0,0.4472198486328125,256
synthbuster,1,midjourney-v5,1733895,0.9493294369460397,0.9021107307426831,PNG,0.1989898681640625,55.955650329589844,6.362796306610107,256,0.9614049792289734,0.025483550503849983,0.9260191917419434,-0.06993657416286884,0.07647641224553352,0.032778126982639204,0.016965654897088712,15.841001510620117,1.242499828338623,10.702170372009277,0.498016357421875,-1.2366195272668214,-1.9115022946325295,-2.2429655084983606,-2.259119404645653,-2.2919485194087095,0.12078639099638178,-0.04586123545271073,-1.0983182191848755,0.0034840901692708335,0.5355377197265625,256
synthbuster,1,midjourney-v5,2056448,0.9712180111331286,0.9501146848506279,PNG,0.014190673828125,64.99436950683594,7.463428020477295,256,0.9517028331756592,0.33216914534568787,0.8244888186454773,0.4815387289421432,0.25129544075431365,0.08284774525197204,0.04288588951816283,22.21271514892578,1.5480388402938843,10.316349029541016,0.262237548828125,-1.2761385592940924,-1.9126070380027596,-2.1481950191604717,-2.300666558175764,-2.391466973431707,0.28249503147852195,-0.06229119706226586,-0.8825798630714417,0.006444295247395833,0.7011871337890625,256
synthbuster,1,midjourney-v5,2132987,0.9900414602899683,0.9894244332529217,PNG,0.006195068359375,100.86983489990234,8.091634750366211,256,1.0982823371887207,0.17600645124912262,0.8196951150894165,0.14815074809154907,0.16193708433208695,0.1042671289911006,0.05662884239382178,26.51104164123535,-0.27885767817497253,13.427541732788086,0.2585906982421875,-1.222043542428172,-1.935194289695266,-2.382609707515324,-2.497609271643376,-2.539982053501075,0.3081160331373072,-0.0836975043010096,-1.1989983320236206,0.003692626953125,0.597808837890625,256
synthbuster,1,midjourney-v5,2239550,0.8223887300444687,0.8079326071419705,PNG,0.0119781494140625,41.547691345214844,5.917637825012207,256,0.9894604682922363,0.2029622197151184,0.7155059576034546,0.5118960748331847,0.32767764971064656,0.30719504326597374,0.2195934306558303,60.180564880371094,1.6871790885925293,2.6814932823181152,0.4828033447265625,-1.6724370415853116,-2.990010715161535,-3.798678598341019,-4.034187365671647,-4.09271616004438,0.7126738631915153,-0.16471560363100018,-2.7267322540283203,0.0060272216796875,0.588409423828125,256
synthbuster,1,midjourney-v5,2186505,0.7568345537650069,0.9331959077831492,PNG,0.0052337646484375,97.66648864746094,4.516197681427002,256,0.9848434925079346,0.26045867800712585,0.3789713680744171,0.11325095864921765,-0.0014971884677960196,0.003637529921515311,0.00613152019696305,11.562244415283203,0.5952902436256409,11.045443534851074,0.28875732421875,-1.1916209030574585,-1.9827324092870322,-2.306394204961607,-2.4606045137869472,-2.524427057783954,0.30957019822282295,-0.0745719652737785,-0.9737480878829956,0.05511474609375,0.750274658203125,256
synthbuster,1,midjourney-v5,1887598,0.9329528138938682,0.9527646555051253,PNG,0.0087890625,23.648786544799805,5.174123764038086,256,0.9324485659599304,0.5560833215713501,0.6080608367919922,-0.09852411435991446,0.15221768587636145,-0.0027457255899149525,0.0016810672617023766,7.928755760192871,-0.3396769165992737,4.0356526374816895,0.2452392578125,-1.4017466526657083,-1.9520978665011288,-1.9807145443225602,-2.028413843014512,-2.09621256240753,0.14432476953138895,-0.019869065505163274,-1.1700505018234253,0.0,0.202972412109375,256
synthbuster,1,stable-diffusion-1-3,653038,0.9897137950877198,0.9912648699338586,PNG,0.0006103515625,182.62034606933594,3.1929972171783447,256,1.052438735961914,0.6594659090042114,0.250442236661911,0.2659622101825307,0.04961737050863471,-0.007942396082795256,-0.0006283926172298119,1.9877471923828125,0.25641337037086487,22.50033950805664,0.18304443359375,-0.5312011093957931,-0.90861909296836,-1.3300101364528532,-1.5340016167715964,-1.6102841657234146,0.49443276327087293,-0.10326537137034068,-0.32217541337013245,0.0004323323567708333,0.4434356689453125,256
synthbuster,1,stable-diffusion-1-3,539394,0.9828247328860183,0.9839856322717943,PNG,0.003509521484375,80.28230285644531,5.145332336425781,256,1.0204697847366333,0.3220409154891968,0.7937676906585693,0.044955868525668276,-0.030263374709663598,0.024432490985943318,0.00742577740931395,5.092740058898926,0.7274982333183289,11.591418266296387,0.211669921875,-0.6306311522895793,-0.8575413395380753,-1.2013583147384335,-1.3320324729095017,-1.3896788703542402,0.3756721122450264,-0.07871444252299861,-0.6663947701454163,0.0004984537760416666,0.489715576171875,256
synthbuster,1,stable-diffusion-1-3,653699,0.7925869738354007,0.9132262202484362,PNG,0.000579833984375,119.06343078613281,2.849491596221924,256,1.0079156160354614,0.6707882285118103,0.19558829069137573,0.016771826144974817,0.0005575736780702318,0.010111772187419595,0.00866557167221588,2.6822566986083984,0.5123056769371033,17.27141571044922,0.1719818115234375,-0.8244350298985825,-1.39977058933205,-1.6817081410523782,-1.797557709731203,-1.8275727981670595,0.29089040579237935,-0.06404385267934869,-0.30594512820243835,0.0002848307291666667,0.819305419921875,256
synthbuster,1,stable-diffusion-1-3,496424,0.9840240926242395,0.9837238439931052,PNG,0.0030517578125,94.72557830810547,5.624016761779785,256,1.0649985074996948,0.27791404724121094,0.5979207158088684,0.462011273504653,0.28235880608686964,0.24110548063477685,0.17098687825866454,11.192420959472656,0.10119310766458511,10.112930297851562,0.263214111328125,-1.2812004191660256,-1.8932564767690803,-2.4781819122128272,-2.8117423457033244,-2.8745735520228823,0.7202890406500071,-0.14807977704775743,-1.3536490201950073,0.00128173828125,0.4008636474609375,256
synthbuster,1,stable-diffusion-1-3,439285,0.9216182517407563,0.9591994519740681,PNG,0.0233612060546875,78.3825454711914,7.982685089111328,256,0.9113291501998901,0.06135731562972069,0.7772789001464844,-0.05807321109731749,0.03147078982783858,-0.020916074093518748,0.040994789419676325,27.4118595123291,1.1773203611373901,11.397488594055176,0.4221649169921875,-1.6244379205351258,-2.3669426262091333,-2.9057965299501953,-3.1635186600048684,-3.1931735560904277,0.5985460450774855,-0.12737093508319552,-2.0418341159820557,0.020085652669270832,0.6216278076171875,256
synthbuster,1,stable-diffusion-1-3,574944,0.9122454144415684,0.9592990952417103,PNG,0.00140380859375,77.32044982910156,4.108530044555664,256,1.022697925567627,0.4421924352645874,0.40072864294052124,0.20004279700585378,0.02843869045101521,0.015560788205498126,0.007623289087429171,8.842048645019531,1.350389003753662,11.003315925598145,0.208251953125,-0.8077538398374049,-1.172330272348125,-1.5819391281630146,-1.7159050036472276,-1.7739177211056365,0.4074417793819629,-0.08376019046508489,-0.33789879083633423,0.001251220703125,0.677398681640625,256
synthbuster,1,stable-diffusion-1-3,624506,0.9847576028655187,0.989522204069412,PNG,0.0010223388671875,172.10684204101562,3.353576421737671,256,1.0240592956542969,0.4490562677383423,0.3053756654262543,0.1680409737418228,-0.027594862660869447,0.03523965541855262,0.015909038058649256,3.4326539039611816,0.040533412247896194,19.199445724487305,0.2292633056640625,-1.2107023453729209,-1.8372159160518358,-2.295221215868037,-2.5660651510095542,-2.6645793767324824,0.7052383169459775,-0.1295952359355901,-1.135374903678894,0.0044403076171875,0.78460693359375,256
synthbuster,1,stable-diffusion-1-3,593734,0.9702081502832166,0.9777607618439651,PNG,0.000823974609375,136.31605529785156,3.1792657375335693,256,1.0455857515335083,0.6482613682746887,0.2677806615829468,0.20036696914736588,-0.025256701629762804,0.027391609016632477,0.021439188158686513,2.6285276412963867,0.004332601558417082,14.413886070251465,0.212432861328125,-0.6516502012669907,-1.1136739194049063,-1.7483754144091286,-2.0199268968781725,-2.09468762639262,0.6604353740732822,-0.145026784925721,-0.8456642031669617,0.0007731119791666666,0.6131439208984375,256
synthbuster,1,stable-diffusion-1-3,526361,0.7543145283087554,0.8628671242801147,PNG,0.0040283203125,100.80572509765625,5.524404048919678,256,0.9876200556755066,0.2422248274087906,0.5031588673591614,0.029862663637884007,-0.08250435445422234,-0.007790259390219592,0.0026971043026819868,29.815692901611328,1.9612112045288086,7.841094970703125,0.3906707763671875,-1.2488051797284196,-2.016341518786496,-2.560776332483555,-2.8797875092126226,-2.949105338025853,0.6139308983607936,-0.13177665818646692,-1.4419443607330322,0.028411865234375,0.83160400390625,256
synthbuster,1,stable-diffusion-1-3,647541,0.9384005599202091,0.9582918984866075,PNG,0.000579833984375,112.90840148925781,3.3173272609710693,256,1.0034762620925903,0.5004679560661316,0.33766618371009827,-0.08781971734259565,0.02430418732069432,-0.004663310093964949,0.011770967640378573,3.2439513206481934,0.3789101243019104,17.935056686401367,0.1607513427734375,-0.8489127191960746,-1.287501059403196,-1.5083240141591805,-1.6798117184422123,-1.68246602988118,0.30153609401405834,-0.06042745230203091,-0.3418702483177185,0.00016276041666666666,0.6808929443359375,256
synthbuster,1,stable-diffusion-1-3,579310,0.9071308608914948,0.9601259375145489,PNG,0.0013275146484375,101.29188537597656,3.7012455463409424,256,1.0165932178497314,0.47158706188201904,0.4221253991127014,-0.022406960680041894,-0.08059733113066693,0.02161102523309032,0.00600546227188997,4.737076759338379,0.2617601454257965,12.733078002929688,0.204803466796875,-1.2325765997958937,-1.7353254305197359,-2.1959271747645452,-2.322349494948706,-2.3865164159049623,0.44318543134572685,-0.09241903306367796,-1.1249796152114868,0.004018147786458333,0.8321685791015625,256
synthbuster,1,stable-diffusion-1-3,543018,0.9886610878772845,0.9899538438052388,PNG,0.027130126953125,103.4240493774414,4.207164764404297,256,1.0307329893112183,0.03091912344098091,0.4845171868801117,-0.013747866829115466,-0.07285431881861011,0.002442696594719269,0.010631783686201754,6.4945573806762695,0.19782833755016327,14.001347541809082,0.2874603271484375,-0.9033041682680576,-1.3256273777672742,-1.6954343948459236,-1.8360898486121888,-1.8346452192211924,0.34012418535678357,-0.07851238942825295,-0.6331518292427063,0.00015767415364583334,0.190704345703125,256
synthbuster,1,midjourney-v5,1461991,0.8345530019444997,0.8029704897228351,PNG,0.0084381103515625,38.95020294189453,6.2260966300964355,256,0.9470179080963135,0.24504564702510834,0.7585443258285522,0.5337675661889139,0.40542064004373135,0.2598975941668798,0.1186785842555555,841.341552734375,20.417863845825195,1.4117885828018188,0.758575439453125,-2.087804319634218,-3.2464682368356987,-3.8772895145885213,-4.042097597953285,-4.142676394026952,0.5037214789406077,-0.12122406681295617,-2.5205564498901367,0.0008443196614583334,0.4859771728515625,256
synthbuster,1,midjourney-v5,2646406,0.980679494124433,0.9912827800021055,PNG,0.001251220703125,93.85218811035156,4.209688186645508,256,0.9888129234313965,0.38414138555526733,0.42913955450057983,0.1475634283434812,0.04218126711335806,-0.011847461897531372,-0.007524159247974094,4.2838134765625,0.29123204946517944,13.63386344909668,0.1832733154296875,-1.2473248381282414,-1.9719292143473401,-2.1639683700904078,-2.2650224582790903,-2.312290652298058,0.2177858615647903,-0.043157956948180067,-0.962494969367981,0.0050201416015625,0.703643798828125,256
synthbuster,1,stable-diffusion-1-3,577084,0.9799032971493971,0.9873965503742128,PNG,0.0016632080078125,108.28778076171875,3.717900037765503,256,1.007973074913025,0.49019908905029297,0.3657462000846863,0.1409602668233162,0.12169293891046978,0.061724660744721424,0.009609039550283003,5.251248359680176,-0.46163150668144226,14.916275978088379,0.1972198486328125,-0.7217550676699727,-1.3660402055289387,-1.7149491705576816,-1.875328170459241,-1.936013716321578,0.39625516388727444,-0.08511744439184489,-0.5969638228416443,0.0010782877604166667,0.4825592041015625,256
synthbuster,1,stable-diffusion-1-3,576627,0.7608145749945807,0.9115434920519786,PNG,0.0014190673828125,100.11459350585938,3.7840499877929688,256,1.042630672454834,0.2699151933193207,0.4162171185016632,0.16124123568127813,0.06648891968509427,0.03685849729216261,0.017893964335814767,7.615517616271973,0.6747475266456604,11.525216102600098,0.2284088134765625,-1.3031182568222004,-2.0147568456244747,-2.4244787562258834,-2.5791349902162146,-2.6134870722348644,0.42149337843255275,-0.0915802815252169,-1.5323588848114014,0.004323323567708333,0.847564697265625,256
synthbuster,1,stable-diffusion-1-3,584874,0.8068473877415546,0.8299669345373172,PNG,0.000946044921875,76.59515380859375,4.41389274597168,256,1.0309193134307861,0.5656453371047974,0.5612769722938538,0.14404626662723452,0.016838559475026566,0.006843080035369952,0.011203311159832996,4.868098258972168,0.583982527256012,9.957206726074219,0.1944732666015625,-0.8485256198492737,-1.4305251236215488,-1.77305324358524,-1.9489842504562374,-1.9770393181319967,0.3826993924005988,-0.08241347681974984,-0.5438380837440491,0.00014241536458333334,0.7169036865234375,256
synthbuster,1,stable-diffusion-1-3,565542,0.9654418585843164,0.9866886917235803,PNG,0.0016937255859375,95.98072814941406,3.6802968978881836,256,1.0185810327529907,0.47405219078063965,0.43463337421417236,-0.031483700880220206,-0.03374870868620468,0.026189469222641197,0.01268773528957039,4.090284824371338,0.23908258974552155,13.7573881149292,0.229034423828125,-0.9778747522141416,-1.3712840691264363,-1.6979398974959885,-1.848879110941522,-1.893330510740049,0.35972671402459255,-0.07916801744474106,-0.8047287464141846,0.011698404947916666,0.68475341796875,256
synthbuster,1,stable-diffusion-1-3,583513,0.8672744600213314,0.8641073656233496,PNG,0.002471923828125,153.3344268798828,3.7886149883270264,256,1.0260308980941772,0.2728724181652069,0.3584132492542267,0.05855470078000229,-0.11419965200587939,0.02250851189219048,-0.005647645316821349,8.578598976135254,0.46648770570755005,13.041679382324219,0.3122406005859375,-1.1408030018890285,-1.9352224958779773,-2.5235322226712213,-2.7684682761654518,-2.812467660904826,0.5877878419380966,-0.13266106072579026,-1.3469247817993164,0.035283406575520836,0.933807373046875,256
synthbuster,1,stable-diffusion-1-3,565026,0.9503767587334774,0.9793108733486806,PNG,0.046417236328125,103.72781372070312,5.473743915557861,256,1.0410208702087402,0.018036048859357834,0.6532347202301025,0.19043589645863737,0.02684019986525039,0.1021927982442711,0.08017718118052242,13.194330215454102,0.990770697593689,12.388812065124512,0.3123626708984375,-1.2739932116794472,-1.8731979258499507,-2.4469822132464705,-2.758030225578043,-2.7283376362628173,0.5440108376783517,-0.13648024461761687,-1.5272796154022217,0.0039011637369791665,0.58062744140625,256
synthbuster,1,stable-diffusion-1-3,448186,0.944770906563607,0.9385388819389892,PNG,0.0262298583984375,153.52980041503906,4.520538330078125,256,1.0135362148284912,0.23904509842395782,0.5305448174476624,0.4266660138155913,0.12500148018684634,0.08889295379669034,0.08433489139859819,21.349506378173828,-1.0757601261138916,7.588651180267334,0.4687957763671875,-1.2831573543519248,-2.645256355727814,-3.8576057643942105,-4.231547877949436,-4.432848408007022,1.1470117420468,-0.2554580043596106,-2.792283773422241,0.087005615234375,0.767059326171875,256
synthbuster,1,stable-diffusion-1-3,312746,0.957465123816484,0.9555396291068922,PNG,0.03131103515625,37.57167434692383,12.08108139038086,256,1.3578306436538696,0.27589869499206543,1.0032575130462646,0.055443607639592246,0.04433660162201193,0.033601815977138315,0.012533850122743462,79.33642578125,-5.618770599365234,3.817929744720459,0.548095703125,-1.245671328484562,-2.1187935960987208,-2.7760592536916286,-2.8962176043762025,-2.951153878801615,0.4680384082683089,-0.11409499454285625,-1.735499382019043,0.0,0.285888671875,256
synthbuster,1,stable-diffusion-1-3,527046,0.8772464130307882,0.95241448380069,PNG,0.0016937255859375,83.13206481933594,3.0320658683776855,256,1.04303777217865,0.5600261688232422,0.2872876822948456,0.08868157826151249,0.023990197253105666,0.03194023757120128,0.010129114758889186,2.8115930557250977,0.27833259105682373,10.663272857666016,0.202423095703125,-1.1543896511517975,-1.7618858761400027,-2.061376971566175,-2.196961230157104,-2.2183792656013104,0.34314979476881735,-0.06848573229612075,-0.6863284111022949,1.52587890625e-05,0.6470947265625,256
synthbuster,1,stable-diffusion-1-3,507452,0.9276142020736093,0.942509947044056,PNG,0.01300048828125,78.32450103759766,5.874155044555664,256,0.9163996577262878,0.19760285317897797,0.7645986676216125,0.024424631147869087,0.02845558631231429,0.028763599523399606,0.039433344915667905,19.095327377319336,-0.1344688981771469,9.895191192626953,0.3089599609375,-1.194766527586257,-1.7890264685667567,-2.2549011583039436,-2.4372024876026597,-2.466666325345428,0.35236774670375137,-0.09490586338345532,-1.7961820363998413,0.005096435546875,0.5104827880859375,256
synthbuster,1,stable-diffusion-1-3,647768,0.942985095779712,0.9677159667012429,PNG,0.00311279296875,223.51547241210938,3.1372580528259277,256,1.0331414937973022,0.5016853213310242,0.22737368941307068,0.28817839705630477,0.011191940246614913,0.00181916541841181,0.002883411881828776,7.773867607116699,-0.5047491788864136,21.3209285736084,0.2646942138671875,-0.857975094189035,-1.5907294984948308,-2.1561322275118604,-2.3556780286696704,-2.4557668573605502,0.5600204882398261,-0.12267809698693419,-0.8913276195526123,0.0057525634765625,0.662689208984375,256
synthbuster,1,stable-diffusion-1-3,561631,0.7691810507145443,0.7726049382722777,PNG,0.001983642578125,107.75338745117188,4.660048484802246,256,1.0234845876693726,0.18918949365615845,0.5212889313697815,-0.021307198539048687,0.08212114639507963,-0.0089628145827899,0.01717560063734236,14.4052734375,1.6441994905471802,15.808612823486328,0.227691650390625,-1.3172070124380086,-1.961902700229694,-2.2010088954451046,-2.3604580660520877,-2.3481198878676066,0.25471784140154075,-0.06524157673929909,-0.7357860207557678,0.009831746419270834,0.9038543701171875,256
synthbuster,1,stable-diffusion-1-3,500967,0.9076527999134598,0.9020301645954697,PNG,0.014862060546875,133.51641845703125,4.7863545417785645,256,1.0519851446151733,0.08451075106859207,0.6282533407211304,0.4073784539016433,0.1196278364875383,0.04927112636818934,0.012842519680966944,10.200626373291016,-0.530001163482666,15.972535133361816,0.2794952392578125,-0.5558200363160912,-1.2345055926893833,-1.8759672287646083,-2.232058655380052,-2.300772501744042,0.8077290350006514,-0.1616434765660119,-1.1289149522781372,0.005655924479166667,0.7636260986328125,256
synthbuster,1,stable-diffusion-1-3,498948,0.9780530615584723,0.9734642746194535,PNG,0.0047454833984375,100.96493530273438,5.220293045043945,256,1.1002788543701172,0.2516295611858368,0.5324757695198059,0.029032300424332965,0.14018361935563461,0.13401152728398416,0.08599665564198881,19.70439910888672,0.8208725452423096,13.864558219909668,0.3005523681640625,-1.1001439400488868,-1.8097012389007165,-2.304638333049345,-2.576864424355226,-2.6719663412490418,0.5805497178722057,-0.12450358118372892,-1.2121315002441406,0.0024973551432291665,0.6484222412109375,256
synthbuster,1,stable-diffusion-1-3,531898,0.9443956660597719,0.9506624633533868,PNG,0.0042724609375,115.54308319091797,5.281259536743164,256,1.0758719444274902,0.29804494976997375,0.5351939797401428,0.18556067149860944,0.25963514904521967,0.2964598706819069,0.26308450245246295,19.632099151611328,-0.46624505519866943,14.13431453704834,0.276397705078125,-1.1734817178763457,-1.8277262054595553,-2.3557824266395775,-2.5822832847206403,-2.643819528977099,0.6448345215193347,-0.1253683689480031,-1.5056285858154297,0.0031077067057291665,0.762603759765625,256
synthbuster,1,stable-diffusion-1-3,621669,0.8089002636663711,0.9553312212384157,PNG,0.0005645751953125,187.45631408691406,2.9622201919555664,256,1.0002003908157349,0.6650106906890869,0.1812010407447815,0.2215421239501655,0.05375083698599356,0.052395390784818786,0.018005196272674117,4.946112155914307,0.0058512380346655846,19.73548126220703,0.2412567138671875,-1.3588870620378746,-1.9908424623879206,-2.4256449780118183,-2.6349485622394537,-2.6875714978761858,0.5587428346414915,-0.11041687283654618,-1.0136710405349731,0.038202921549479164,0.896331787109375,256
synthbuster,1,stable-diffusion-1-3,523377,0.9825721081992581,0.9859278343743253,PNG,0.00152587890625,87.85904693603516,4.28333854675293,256,1.034006953239441,0.2950628399848938,0.5252597332000732,0.25808186608830347,0.024352517197832386,0.012852694681213899,-0.004574102923701794,5.372307777404785,0.5567349791526794,11.447317123413086,0.20892333984375,-0.8803797539957348,-1.1955346462392846,-1.6445550703332499,-1.8875311076676757,-1.9661570492356883,0.5812824631175397,-0.11649624771628786,-0.976786196231842,0.000274658203125,0.4549713134765625,256
synthbuster,1,stable-diffusion-1-3,485593,0.9150668620333076,0.9333512882057885,PNG,0.005523681640625,100.07505798339844,4.947986125946045,256,1.0947341918945312,0.3000257909297943,0.4607369601726532,0.2735094326782735,0.17912280525160595,0.18633527758066015,0.14475811165197405,20.024982452392578,-0.5923349261283875,8.13790512084961,0.3708953857421875,-1.4331377189386174,-2.178719451194552,-2.8173366968412177,-3.0013460076480882,-3.1113115471710397,0.6235771766854095,-0.13253552260063584,-1.5361469984054565,0.0036773681640625,0.7345733642578125,256
synthbuster,1,stable-diffusion-1-4,584951,0.8767968978234588,0.9605153118406635,PNG,0.009857177734375,83.42124938964844,4.943368434906006,256,0.9674487113952637,0.18212954699993134,0.49468114972114563,0.15291682297334813,0.1806051285853271,0.14966216454972942,0.13063045405336096,11.005526542663574,-0.7058890461921692,10.626917839050293,0.2925262451171875,-1.3676956590071647,-2.0497600780568135,-2.4810108031038736,-2.716364681652786,-2.7656650283425606,0.4416197185342625,-0.1048245846914797,-1.604832649230957,0.00372314453125,0.7621307373046875,256
synthbuster,1,stable-diffusion-1-4,531420,0.8365050141113621,0.9523732269818627,PNG,0.00225830078125,80.69656372070312,5.196531295776367,256,1.030226469039917,0.37904176115989685,0.6167294979095459,0.17625120393956673,0.10480847398537192,0.049976711568021526,0.04367125848213937,11.862689018249512,0.3301762640476227,8.488574028015137,0.2773590087890625,-1.5334885749255536,-2.222224242412139,-2.7478966237921734,-2.9894094981694224,-3.075120604407646,0.5079792618831238,-0.12219251323801784,-1.7328466176986694,0.005900065104166667,0.7405548095703125,256
synthbuster,1,stable-diffusion-1-4,583096,0.9445502101027139,0.9592542530639074,PNG,0.0070953369140625,89.34268188476562,3.6578667163848877,256,0.9971235990524292,0.17604517936706543,0.41205325722694397,-0.09446154341575287,0.01486700573495077,-0.0050447781517575,0.014637504374139947,4.5082106590271,0.30754026770591736,15.476545333862305,0.21185302734375,-1.0357117392679855,-1.3245684842676209,-1.5174077179652707,-1.6151750443970503,-1.6691004729606194,0.26540346613731636,-0.051333032669914756,-0.589724600315094,1.0172526041666666e-05,0.6045074462890625,256
synthbuster,1,stable-diffusion-1-4,511271,0.882587064355524,0.9089000346430315,PNG,0.007080078125,75.0185546875,5.256577491760254,256,1.008297324180603,0.17378084361553192,0.6432170271873474,0.19660811860967164,0.033265622255374085,0.05739118914772333,0.028254975403650746,12.317611694335938,-0.6281782388687134,9.382312774658203,0.310394287109375,-1.3976646765083904,-2.0126753922395153,-2.507489767606466,-2.7325463909053607,-2.742079406626515,0.4386194472253946,-0.10827288978050936,-1.7563751935958862,0.0003763834635416667,0.7100067138671875,256
synthbuster,1,stable-diffusion-1-4,642546,0.9147643053322431,0.9496673906121219,PNG,0.0003814697265625,160.56338500976562,2.9350357055664062,256,1.0355606079101562,0.48605895042419434,0.223703533411026,0.22902715892015996,0.023155530110232712,0.007346429350178975,0.0021825336019844588,3.226269245147705,0.7943684458732605,21.11587142944336,0.1848602294921875,-0.7609664461969023,-1.1713450816463817,-1.5501600557033255,-1.736972452755225,-1.8365518364477191,0.49257969210929886,-0.09587459934174833,-0.4107402563095093,0.0033620198567708335,0.8279876708984375,256
synthbuster,1,stable-diffusion-1-4,488288,0.9785308979351447,0.9754778795858682,PNG,0.0023651123046875,87.80355834960938,5.171075820922852,256,1.05176842212677,0.2216782420873642,0.6012876033782959,0.3274177553961081,0.07854251284923894,0.06837292630335803,0.023013480018569482,10.370100975036621,0.4951627254486084,8.33236312866211,0.2914581298828125,-1.1629113331047938,-1.895750858677454,-2.53268158224805,-2.786006891655946,-2.8924350518076603,0.6777184928278608,-0.1425893547342509,-1.5176236629486084,0.0010426839192708333,0.2976531982421875,256
synthbuster,1,stable-diffusion-1-4,444065,0.7664967711354957,0.8490305625465132,PNG,0.0113525390625,68.22914123535156,6.361408233642578,256,0.9820887446403503,0.15154911577701569,0.677345335483551,0.024482776923809953,-0.05818589024513185,-0.00899584580488074,-0.008829079327856234,59.35102081298828,0.7492387890815735,3.8209993839263916,0.578094482421875,-2.080765510312057,-3.3164135270980397,-3.878770072484225,-4.065759763214717,-4.191463654567633,0.5829903485056382,-0.12277060072648233,-2.7200822830200195,0.018361409505208332,0.7749176025390625,256
synthbuster,1,stable-diffusion-1-4,563833,0.9785520340763649,0.9841099769541427,PNG,0.0325775146484375,111.13874816894531,4.748159408569336,256,0.9949691891670227,0.03814079612493515,0.6687437891960144,0.08122984788112682,0.021446850647529395,0.037483502158577,0.030549248159125464,8.833778381347656,-0.4799465537071228,16.478670120239258,0.2826690673828125,-0.8594716363114845,-1.346144613656195,-1.6802198608313423,-1.9251775144673706,-2.0073937029775832,0.5348778089777548,-0.10270436427973466,-0.9209370613098145,0.0006561279296875,0.536285400390625,256
synthbuster,1,stable-diffusion-1-4,543870,0.9456178942842549,0.9720980512309089,PNG,0.0119171142578125,95.56094360351562,5.398872375488281,256,1.0175189971923828,0.1452045887708664,0.7559517621994019,0.010486877278065953,-0.01729833022379942,0.02076812342903764,0.008785581941812459,10.90314769744873,0.5762272477149963,14.477752685546875,0.2855377197265625,-1.1101192206442452,-1.772395815622371,-2.124410480069283,-2.280826093625543,-2.3343337245528026,0.39484566853074377,-0.08506600329713115,-1.273208737373352,0.0023854573567708335,0.531402587890625,256
synthbuster,1,stable-diffusion-1-4,535075,0.9917464873461721,0.9921904503310325,PNG,0.0349273681640625,97.86697387695312,4.398070335388184,256,0.9539435505867004,0.035138748586177826,0.5455389618873596,-0.03865960820501514,-0.02324979062407333,0.014689145101635595,0.02018310868835169,6.119935989379883,0.0758465975522995,15.104305267333984,0.2616424560546875,-0.7594779169000052,-1.0258062612379302,-1.312855666510007,-1.4690378206799286,-1.4825166342940141,0.3532653475904102,-0.0709168519535824,-0.99320387840271,1.52587890625e-05,0.177734375,256
synthbuster,1,stable-diffusion-1-4,603548,0.9205803624555473,0.9631348458302236,PNG,0.047943115234375,65.19110107421875,6.841446876525879,256,1.1432898044586182,0.03861134126782417,0.7545661330223083,0.18489537808228448,0.300859157196754,0.2332922352919788,0.1740562521170126,13.470691680908203,-1.1881513595581055,12.630156517028809,0.3631134033203125,-1.417662639807796,-1.9924869362496533,-2.4300671548253323,-2.5464743621556956,-2.6505669893593558,0.33338579905892285,-0.08738606275776925,-1.4220600128173828,0.0031026204427083335,0.5509185791015625,256
synthbuster,1,stable-diffusion-1-4,571727,0.9134559342120273,0.9577085739212237,PNG,0.0020294189453125,77.17123413085938,4.430498123168945,256,1.0088651180267334,0.3891395926475525,0.4666310250759125,0.2667104561109881,0.05772709172722435,0.03582113951219342,0.0177150466254467,9.65256118774414,1.3399810791015625,10.853354454040527,0.2163238525390625,-0.7622183163363543,-1.1833069244814975,-1.5727445476534196,-1.7692191527053787,-1.837613478850308,0.4421302227233248,-0.08861604704623266,-0.4801916480064392,0.000701904296875,0.6717071533203125,256
synthbuster,1,stable-diffusion-1-4,608105,0.9811240492967279,0.9906238560647261,PNG,0.0009002685546875,130.09963989257812,4.261435031890869,256,1.0277916193008423,0.36443963646888733,0.5544469952583313,0.30890187917781287,0.041125079752880545,0.021037819859314723,0.001804875313597691,7.118067741394043,0.8597559928894043,20.283729553222656,0.1911468505859375,-0.6166430953199615,-0.8715445696275292,-1.2337547372723545,-1.5554557340289445,-1.5952310870228334,0.5844458845989822,-0.11489865498810287,-0.45226219296455383,0.000457763671875,0.60003662109375,256
synthbuster,1,stable-diffusion-1-4,602061,0.9684781213927773,0.9717842955615189,PNG,0.000732421875,156.71588134765625,3.4307332038879395,256,1.029776930809021,0.4968479573726654,0.2982447147369385,0.1819115081998403,-0.005691699477563308,0.04929714159949944,0.013871082535520633,3.697999954223633,0.3228485882282257,17.117555618286133,0.204071044921875,-0.9559636704045689,-1.5308141238328457,-1.994063503244507,-2.237676947448712,-2.31081309478137,0.550478505258237,-0.1170128701687004,-0.8581790328025818,0.0010274251302083333,0.89056396484375,256
synthbuster,1,stable-diffusion-1-4,476778,0.8993364337349955,0.9272242356043763,PNG,0.007293701171875,171.93739318847656,4.077354907989502,256,1.0427533388137817,0.18919530510902405,0.4699556529521942,0.336015733886747,-0.009187714676908843,0.026303609439457403,0.021711747341901327,10.017046928405762,-0.046918950974941254,8.527175903320312,0.428924560546875,-1.4576032415585445,-2.4852706519640693,-3.660441793574246,-4.091867835329202,-4.269972224513158,1.190371267284097,-0.2580443468204456,-2.533317804336548,0.06431070963541667,0.82684326171875,256
synthbuster,1,stable-diffusion-1-4,284116,0.9646677835691319,0.9598338770384752,PNG,0.044677734375,36.60844802856445,11.090470314025879,256,1.1372061967849731,0.2306673228740692,1.0329293012619019,-0.011575425417599457,0.14799746115174198,0.11330751014749883,0.10578714226090874,116.52677917480469,0.30083179473876953,3.835757255554199,0.5253753662109375,-1.4917534213905839,-2.342238673165858,-3.265502416637216,-3.435360507916058,-3.617503315577501,0.7204982989184128,-0.1756308250629557,-2.4344589710235596,1.0172526041666666e-05,0.2181549072265625,256
synthbuster,1,stable-diffusion-1-4,637585,0.7749141968296568,0.8703571646516836,PNG,0.0030517578125,153.94534301757812,3.5817084312438965,256,0.9355946779251099,0.6305024027824402,0.29836782813072205,-0.0912392410343282,-0.03385768460759866,0.020457861352777766,0.006578767428888564,4.868627548217773,0.8146379590034485,19.544174194335938,0.214019775390625,-0.8906036521333771,-1.565538292415205,-2.031265612269478,-2.1559165838386027,-2.231358419614436,0.4617836889085174,-0.09698530566241538,-0.6765895485877991,0.027821858723958332,0.898193359375,256
synthbuster,1,stable-diffusion-1-4,602903,0.9648361767461373,0.9839909056657095,PNG,0.007354736328125,112.37922668457031,4.515995502471924,256,1.0178821086883545,0.2573953866958618,0.48582184314727783,0.21225284238387135,-0.03954546348165927,0.03094622333830313,0.006888359694922066,10.57702922821045,0.9291583299636841,13.832195281982422,0.29705810546875,-1.3221970286714493,-1.9741055795281772,-2.687513993984795,-2.9827119282465153,-3.045354789247808,0.7266824784192716,-0.16067610834982363,-1.479183316230774,0.0032501220703125,0.58612060546875,256
synthbuster,1,stable-diffusion-1-4,534170,0.9813979401122636,0.9831147865724152,PNG,0.0070648193359375,136.11593627929688,4.038463592529297,256,1.0088099241256714,0.3356403410434723,0.4146740734577179,0.09207231508801478,-0.028887931540922833,0.0717223702898966,0.02591804925256276,4.5475053787231445,-0.09809669852256775,14.609408378601074,0.2480926513671875,-1.3439960882338902,-1.9276520507615729,-2.4595096855043552,-2.73392801835087,-2.7916467779917618,0.6489545486992299,-0.13266300943031642,-1.2910287380218506,0.0035909016927083335,0.5425872802734375,256
synthbuster,1,stable-diffusion-1-4,563897,0.7159682616300899,0.7228230873480599,PNG,0.001708984375,117.56610107421875,4.399973392486572,256,1.0275659561157227,0.15346269309520721,0.531050980091095,0.0021668701947744574,0.06310629216714515,0.019278365755636455,0.019435400023590208,12.386219024658203,1.4036645889282227,15.682943344116211,0.238372802734375,-1.2829128554214506,-1.9022368606957638,-2.240527670647177,-2.460185274274644,-2.4829992302884296,0.44143192171270407,-0.09225207584472085,-0.7980371713638306,0.015874226888020832,0.912078857421875,256
synthbuster,1,stable-diffusion-1-4,602126,0.9232579638754723,0.9754829732834719,PNG,0.0219879150390625,111.01651000976562,3.937049150466919,256,1.0009434223175049,0.053827136754989624,0.4769691824913025,0.11199261740263325,0.028007589136432347,0.022115028050046014,0.010566671369682996,6.3732709884643555,1.1263536214828491,18.02680015563965,0.241241455078125,-0.8866896168633147,-1.3978857278250398,-1.6914628951207016,-1.8138758478895545,-1.8428587953102582,0.3009739626627477,-0.06736108525625825,-0.6727883219718933,0.005030314127604167,0.713287353515625,256
synthbuster,1,stable-diffusion-1-4,578602,0.9356829846823186,0.9444784100727367,PNG,0.004913330078125,99.37039184570312,5.315054416656494,256,1.027644157409668,0.2538814842700958,0.5711256861686707,0.22716693005421765,0.06636624195742258,0.10323061830058881,0.05790818889433573,11.295350074768066,0.5453296899795532,11.0117769241333,0.294036865234375,-1.035967373896936,-1.6138192886275293,-2.2046609191076474,-2.486492094208951,-2.572466089161539,0.7101127565461223,-0.143337824623076,-1.229642629623413,0.0006205240885416666,0.718475341796875,256
synthbuster,1,stable-diffusion-1-4,605797,0.8265864982440788,0.8381035319318397,PNG,0.00048828125,110.46636962890625,3.1386022567749023,256,1.0179171562194824,0.6688312292098999,0.2980729937553406,0.20283384296043733,-0.019926368243331525,-0.01154080684115988,-0.0010109476009314401,2.4175448417663574,0.4006883502006531,11.304923057556152,0.2123870849609375,-0.7886531728012249,-1.5468987508838152,-1.9739614074397496,-2.222208648105914,-2.2472228127108522,0.5309015078155763,-0.10773467580156933,-0.7230638861656189,0.0002950032552083333,0.712646484375,256
synthbuster,1,stable-diffusion-1-4,563393,0.9634994092054765,0.9864625495282002,PNG,0.0017547607421875,96.5606689453125,3.55808687210083,256,1.0201411247253418,0.48534688353538513,0.41759777069091797,-0.024292422421544,-0.031575648899322614,0.018646418869537232,0.008965393305697185,3.7118687629699707,0.2060789316892624,13.600276947021484,0.2265167236328125,-0.9882752268620685,-1.4375036508818733,-1.7403076381940918,-1.9154718403574025,-1.945658323714805,0.35772714566432207,-0.07791188865999274,-0.7174918055534363,0.011088053385416666,0.6758880615234375,256
synthbuster,1,stable-diffusion-1-4,540887,0.9251551562806667,0.9068247617786463,PNG,0.0018157958984375,242.35772705078125,3.191951036453247,256,1.001814603805542,0.404644638299942,0.3198062777519226,0.3300842622197763,0.1881606048439714,0.12914591829683963,0.051402985653977745,4.432530403137207,-0.1728665679693222,27.40058135986328,0.196197509765625,-0.6333806218047311,-1.1860255538291486,-1.688871661681632,-1.9183383155599785,-2.024578576523264,0.6141429833509306,-0.12275722495202267,-0.6307808756828308,0.012746175130208334,0.9419708251953125,256
synthbuster,1,stable-diffusion-1-4,509239,0.959424501011678,0.9477438421971581,PNG,0.00848388671875,128.9403076171875,5.079860687255859,256,0.9320291876792908,0.11777738481760025,0.5104735493659973,0.16009439509745915,0.0275648883769102,0.09823585105688576,0.04526183558775243,13.307958602905273,0.23078501224517822,13.402400970458984,0.31719970703125,-1.0958124591112952,-1.7368249918504617,-2.3527829173283044,-2.6686918029309368,-2.7299516923663036,0.6892155942621621,-0.14741544155561256,-1.3088265657424927,0.0034077962239583335,0.6964263916015625,256
synthbuster,1,stable-diffusion-1-4,601330,0.9417621264785538,0.9182391906056842,PNG,0.004669189453125,109.02373504638672,4.540475368499756,256,0.9734281897544861,0.22247999906539917,0.5478430986404419,0.3136507661192882,0.18650416599873068,0.23741726399047863,0.1882989213951504,12.126065254211426,-0.37034177780151367,15.242817878723145,0.2950897216796875,-1.1778487430851703,-1.885370022368237,-2.5467581258470435,-2.8939037281936972,-3.0091443590142912,0.8483625592505186,-0.16877052583425017,-1.9899542331695557,0.0024261474609375,0.8271942138671875,256
synthbuster,1,stable-diffusion-1-4,602833,0.809141995479568,0.9565686548921419,PNG,0.0007476806640625,158.33799743652344,3.1049647331237793,256,1.0185695886611938,0.6084321737289429,0.2333640158176422,0.20435060617841813,0.06329713324074139,0.027930888183271933,0.006126564623705923,4.928273677825928,-0.2569352090358734,17.24789810180664,0.2331390380859375,-1.4165808412918555,-2.0406068672640956,-2.4527536924754543,-2.6663198025254697,-2.745648941834003,0.5490797973312853,-0.10685391923779829,-1.075984001159668,0.033365885416666664,0.8694610595703125,256
synthbuster,1,stable-diffusion-1-4,527074,0.9794895788117413,0.9839620297986994,PNG,0.0013580322265625,98.03071594238281,4.454286098480225,256,1.01036536693573,0.2832195460796356,0.5223585367202759,0.2945484197232648,0.039543230196534676,8.280035524172602e-05,0.013528702708968932,6.330934524536133,0.6164570450782776,12.066362380981445,0.2097320556640625,-0.9993552826559151,-1.3763229510713595,-1.8209974176078783,-2.063391059075558,-2.149273759923047,0.5987862192697548,-0.11404094687479727,-0.9715096354484558,0.0004374186197916667,0.4996795654296875,256
synthbuster,1,stable-diffusion-1-4,492985,0.9652835012947669,0.9739894375946695,PNG,0.0093536376953125,113.8958740234375,5.824632167816162,256,1.001335620880127,0.16498963534832,0.5049656629562378,0.6987412602012255,0.5590482886207234,0.5243579414366943,0.4591634534039018,22.393829345703125,3.023282051086426,11.088141441345215,0.337371826171875,-1.1477559557523893,-1.781233158466529,-2.5734298546370304,-3.0208873391548536,-3.092054132572386,1.02146334856341,-0.19878149686767171,-1.7692546844482422,0.010528564453125,0.7512054443359375,256
synthbuster,1,stable-diffusion-2,1983885,0.9258691409755127,0.8910401759194323,PNG,0.004150390625,47.332679748535156,4.341760635375977,256,0.9307743310928345,0.2553040087223053,0.49950504302978516,0.09876824868165499,0.06795644319642064,0.057412659444616175,0.014901609026127612,2.5918755531311035,-0.0039842096157372,8.76840591430664,0.1859893798828125,-1.3869239703596472,-1.6815379086050957,-1.6088980982801004,-1.7773052184962888,-1.817771144187276,0.24233970201482258,-0.02614945848556994,-0.8434911370277405,0.0,0.6991424560546875,256
synthbuster,1,stable-diffusion-2,2127242,0.9430473653723559,0.9422591967116283,PNG,0.007598876953125,72.32098388671875,4.460858345031738,256,0.9759582877159119,0.34122976660728455,0.4266669750213623,0.13501602878187427,0.00647076250849185,0.022751555286306124,-0.007331477016107203,7.469295501708984,0.3311529755592346,7.766266822814941,0.288543701171875,-1.127097349392601,-1.906245570938954,-2.2527726933002112,-2.4158829962895547,-2.528394193013278,0.4362518055135025,-0.08800965220517827,-1.3252265453338623,0.0,0.7828216552734375,256
synthbuster,1,stable-diffusion-2,2186089,0.9698958856341114,0.9752691049975754,PNG,0.0043487548828125,83.11490631103516,6.212681770324707,256,1.0973730087280273,0.11845311522483826,0.6744504570960999,0.053430287771765304,-0.058934362262807106,0.03005079102541715,0.02799410660683205,20.438600540161133,-0.5226185321807861,9.568206787109375,0.3097381591796875,-1.2416193892214213,-1.912682747589547,-2.5366608632731387,-2.8536805857441996,-2.9105265532472346,0.6530236461055843,-0.14260726784709618,-1.736485481262207,1.0172526041666666e-05,0.6823577880859375,256
synthbuster,1,stable-diffusion-2,1811240,0.9952477064492811,0.9960913653535974,PNG,0.00164794921875,78.04605102539062,5.664247512817383,256,1.0092134475708008,0.40202781558036804,0.7018396854400635,0.07841240935831498,-0.017613982488379375,0.02781583662077001,0.025149036622897823,13.413469314575195,-0.05305109918117523,8.804442405700684,0.2293853759765625,-1.0554730898770481,-1.8465319958591033,-2.2640941159006687,-2.5216072389961424,-2.590379215692524,0.553763262929861,-0.10767853501547595,-1.1706702709197998,0.0,0.09027099609375,256
synthbuster,1,stable-diffusion-2,1545833,0.9948504970585625,0.9952420154187044,PNG,0.001007080078125,91.67919921875,3.8327510356903076,256,1.0205141305923462,0.4985765516757965,0.30920395255088806,0.43777837715181955,0.17042722175450248,0.14482116123744052,0.08081818666630576,9.75031852722168,0.2472989410161972,6.036945819854736,0.3381500244140625,-1.1958913591017168,-2.1431520822851393,-3.074504321354774,-3.418105581819357,-3.493341462608356,0.789791686157808,-0.19207853132313776,-2.421276330947876,0.0,0.0242919921875,256
synthbuster,1,stable-diffusion-2,1829983,0.9690990666240317,0.9818088510888382,PNG,0.0016632080078125,88.7843017578125,4.598215103149414,256,0.9939502477645874,0.44516006112098694,0.5026759505271912,0.3760713467972794,0.13187536540021644,0.08212728715431783,0.037699930646652405,7.956759452819824,0.23702718317508698,9.04910945892334,0.2462921142578125,-0.8764161887552682,-1.609056770976995,-2.1038014724997467,-2.344673817755967,-2.442090339807372,0.5914336288531699,-0.11963372413469697,-1.5815106630325317,0.0039011637369791665,0.5673828125,256
synthbuster,1,stable-diffusion-2,2101589,0.9699981488369119,0.9748884932490621,PNG,0.0014801025390625,78.44933319091797,3.74505877494812,256,0.9629260301589966,0.3946836292743683,0.4339388906955719,0.15843610769325037,-0.042545413737943454,-0.004603221550829515,-0.001969695216009387,4.165752410888672,0.32997971773147583,10.043890953063965,0.2054901123046875,-1.1857264747597815,-1.6547631254677047,-1.9357474369341796,-2.214419693476426,-2.3123451210579464,0.510972650477548,-0.09537615421369466,-1.5687068700790405,5.086263020833333e-06,0.5488433837890625,256
synthbuster,1,stable-diffusion-2,1688910,0.9957071522733413,0.9958190538699102,PNG,0.00299072265625,68.71931457519531,7.77617073059082,256,0.8927842974662781,0.32645195722579956,0.8520973324775696,0.18375331254240257,-0.02689721550692532,-0.006745388505016975,-0.012771835130509942,24.288541793823242,-0.06310511380434036,7.901399612426758,0.224151611328125,-1.0850447049025274,-1.7383693366193613,-2.188335926301315,-2.466668273389989,-2.528078845193903,0.5441384710198847,-0.11851166967141955,-1.547277569770813,7.120768229166667e-05,0.0455322265625,256
synthbuster,1,stable-diffusion-2,1994429,0.9932876996962922,0.9949008617049414,PNG,0.000518798828125,136.67990112304688,3.541219472885132,256,0.9865657091140747,0.5338261127471924,0.3020608127117157,0.4239735828070378,0.031946373771161114,0.07258057034793425,0.028389763996057568,5.623560905456543,0.014346418902277946,7.766885757446289,0.3324432373046875,-1.1648100497261957,-2.14264217010618,-3.4735121298180074,-3.9152876536699868,-4.082746454771891,1.240322385929109,-0.2786084001824958,-2.7691433429718018,0.0,0.17236328125,256
synthbuster,1,stable-diffusion-2,1885707,0.9690630179463968,0.9771684972869871,PNG,0.005401611328125,85.23029327392578,5.608109474182129,256,0.9643474817276001,0.09547682851552963,0.6602388024330139,0.12221434352209681,0.045690311597731244,0.04929349310038231,0.01679131708423752,18.14214324951172,0.3319464921951294,9.149060249328613,0.2793426513671875,-1.3609735126172877,-2.1638781689238265,-2.605720400862773,-2.752876812092774,-2.8037808224550904,0.36638016741847323,-0.09098011457458188,-1.5130804777145386,4.57763671875e-05,0.4457550048828125,256
synthbuster,1,stable-diffusion-2,2048591,0.974575317289019,0.977972581005139,PNG,0.0006866455078125,105.33428955078125,3.270617961883545,256,0.9849344491958618,0.5509746074676514,0.2588423192501068,0.4007284071765943,0.03455915225211548,0.07694884091628999,0.008845012832114882,3.7356009483337402,0.23491379618644714,9.318395614624023,0.240753173828125,-0.9079592455439682,-1.5777041334319941,-2.3126923855180923,-2.7243478914154444,-2.8371535439171653,0.9510294404063115,-0.1893725066282514,-1.4080525636672974,0.0,0.681396484375,256
synthbuster,1,stable-diffusion-2,2149386,0.9935050439621544,0.9956587530871762,PNG,0.0046844482421875,69.17657470703125,4.207910060882568,256,1.0262130498886108,0.43018069863319397,0.33522847294807434,-0.11095965299586805,0.12210347406221729,-0.0006013985511259312,0.007469526533722553,6.602347373962402,-1.4061344861984253,13.789215087890625,0.2056427001953125,-0.9756716087704946,-1.4226609695601153,-1.5068217560434922,-1.53304054941675,-1.5900934851122104,0.042102161275684225,-0.014961841627734725,-0.39419323205947876,0.0,0.331390380859375,256
synthbuster,1,stable-diffusion-2,2142052,0.9160744486991406,0.9330619540784386,PNG,0.0014801025390625,86.80223083496094,3.91332745552063,256,0.9935204982757568,0.537521481513977,0.3079034388065338,0.15920140453998724,-0.03779600267600104,0.01464500068206338,0.011187892377402026,6.01143741607666,-0.04640219360589981,7.689219951629639,0.276885986328125,-1.2759192633153322,-1.954161158045693,-2.4243191064634857,-2.6572859639224493,-2.7612758651626104,0.5685816354597639,-0.11526050703752057,-1.4868558645248413,0.0,0.8812713623046875,256
synthbuster,1,stable-diffusion-2,1897259,0.9980062413581046,0.9982834709462446,PNG,0.002960205078125,169.56576538085938,3.4082703590393066,256,1.0161399841308594,0.6443328857421875,0.3083314597606659,0.30657539502019576,0.13804349597734983,0.19034990309377584,0.08057941457402722,4.837048053741455,-0.6174262762069702,13.810206413269043,0.2695770263671875,-1.2767325465547552,-2.1001991144762133,-2.8010670386103014,-3.021176754747999,-3.12786048513812,0.591959809546065,-0.1426698963739053,-1.5993626117706299,0.0,0.070037841796875,256
synthbuster,1,stable-diffusion-2,1904211,0.9847945068428784,0.9600820109988194,PNG,0.012359619140625,95.02803039550781,5.859131813049316,256,1.069974422454834,0.143912211060524,0.7191320657730103,0.13910001994689697,-0.052437902183927756,0.028773660341991483,0.006980915473531371,11.307488441467285,1.206122636795044,13.028837203979492,0.3143310546875,-1.2150120233921378,-1.9002653538767635,-2.3959121465595734,-2.6317327814443745,-2.737722863404379,0.6273181488842985,-0.12348466860195231,-1.567791223526001,0.0347137451171875,0.6379852294921875,256
synthbuster,1,stable-diffusion-2,1894081,0.9895735476980256,0.992305093648378,PNG,0.002349853515625,107.21200561523438,4.085324287414551,256,0.9458377957344055,0.25277382135391235,0.38882115483283997,0.07154317314441798,-0.016367111949062475,0.041182548175187954,0.004362071277033907,12.104722023010254,-0.5697628855705261,10.151202201843262,0.287353515625,-1.0508473382418773,-1.9026709929302408,-2.3855582689481745,-2.6318979379513525,-2.7215641697512662,0.5362291554509735,-0.11911031695405568,-1.3321053981781006,0.0,0.2469940185546875,256
synthbuster,1,stable-diffusion-2,2324496,0.9413415663615482,0.9543137725534984,PNG,0.001495361328125,107.2469711303711,4.3545942306518555,256,0.9443351626396179,0.5175698399543762,0.3430563807487488,0.22424549088347479,-0.005739998821056512,0.04588608140628027,0.015030064107828447,6.460474967956543,-0.07372218370437622,10.738840103149414,0.24139404296875,-1.1946313051058457,-1.8348676977309895,-2.3785495863157164,-2.670156733695057,-2.8352937369319475,0.7177512438107634,-0.14148015348001347,-1.4802021980285645,6.612141927083333e-05,0.8708343505859375,256
synthbuster,1,stable-diffusion-2,2167862,0.9921667194039298,0.9942335974913912,PNG,0.001007080078125,95.68537902832031,3.2939577102661133,256,0.9660477638244629,0.7008190751075745,0.2686668932437897,0.03699869961336364,-0.10631793009644153,0.0032718047886944827,0.012648689062725114,2.2904863357543945,-0.15926271677017212,11.153508186340332,0.201446533203125,-1.0197846879056138,-1.6037746594366151,-1.9826286722112059,-2.2116475237142446,-2.3133209648464668,0.4676137275807166,-0.09398475517046813,-0.9725539088249207,0.0,0.1918182373046875,256
synthbuster,1,stable-diffusion-2,2094232,0.98562167724561,0.9913295248234522,PNG,0.0010223388671875,113.51161193847656,3.3212575912475586,256,1.0311135053634644,0.6121013760566711,0.2220148742198944,0.06821405173452716,-0.11121074746561471,0.02327640912050504,0.008221495867607306,4.109887599945068,0.20645053684711456,11.334237098693848,0.24169921875,-1.0088176715586492,-1.6908419045013963,-2.2141214105160563,-2.483579734810668,-2.592700524274168,0.6612510577120005,-0.132214323461667,-1.220969796180725,0.0,0.3494110107421875,256
synthbuster,1,stable-diffusion-2,2342064,0.9698434107562092,0.9831756752585059,PNG,0.00323486328125,86.8346939086914,3.807842493057251,256,0.9625716805458069,0.4961611032485962,0.28406673669815063,-0.08481844271056221,0.03410892334968926,-0.023575342385341733,0.007457487391821086,4.4232892990112305,-0.21130454540252686,15.585283279418945,0.1790771484375,-1.134093172657237,-1.615337898997872,-1.6088708689778164,-1.6618347847386552,-1.7482663794875144,0.06471687065968634,-0.008417488398283917,-0.42352843284606934,0.0,0.450347900390625,256
synthbuster,1,stable-diffusion-2,1864763,0.9677099472834215,0.9740706336441892,PNG,0.00250244140625,96.12720489501953,4.671911239624023,256,1.0299057960510254,0.24351724982261658,0.47203075885772705,0.28372660822249907,0.011067855942880045,0.04450057982778451,0.024538188101723094,9.398430824279785,0.4087804853916168,7.354137897491455,0.33990478515625,-1.0188833013874694,-1.9327356717101871,-2.6961050143745187,-2.961517811496692,-3.069815634133274,0.7555295990681552,-0.16453050212656828,-1.7966206073760986,0.0,0.52593994140625,256
synthbuster,1,stable-diffusion-2,2274037,0.9042847159986652,0.9357654286870307,PNG,0.000885009765625,114.86531829833984,4.136964797973633,256,0.9782075881958008,0.5932881236076355,0.2842103838920593,0.09283069039039053,-0.11652129011097204,0.013856654215489726,0.0019588709995765263,5.596384048461914,0.3442234992980957,9.261969566345215,0.278045654296875,-1.2529702145236055,-2.048080263557666,-2.650914010042757,-2.9013254927969196,-2.929838074921399,0.5700511611961785,-0.13275306846831034,-1.223317265510559,5.086263020833333e-06,0.9306182861328125,256
synthbuster,1,stable-diffusion-2,1640870,0.9170230378429444,0.9296422566397168,PNG,0.0099029541015625,36.69069290161133,7.1650710105896,256,0.9926571249961853,0.6204696893692017,0.9075135588645935,0.19403607150573068,-0.08778649540039274,0.03103740594347919,0.007084918000885856,19.349319458007812,0.5597642660140991,4.6653008460998535,0.28167724609375,-0.8235966792124687,-1.3485608713966384,-1.820623899946911,-2.1307572938448356,-2.196157697885412,0.6834044627741367,-0.13106712551557037,-1.1926902532577515,0.0,0.218475341796875,256
synthbuster,1,stable-diffusion-2,2181693,0.9910990201833103,0.9938718104251545,PNG,0.001220703125,89.03327941894531,3.6792171001434326,256,0.9756825566291809,0.6034504771232605,0.2743210196495056,0.0951945532026406,-0.06788788614960929,0.018794072083693866,0.0038237468296087322,5.236920356750488,0.03901224583387375,8.798614501953125,0.25177001953125,-1.1710157135773303,-1.8415565839650005,-2.251942730255342,-2.5268309034876912,-2.6354833584650974,0.5508061798076902,-0.11311285135429906,-1.291800856590271,0.0,0.12811279296875,256
synthbuster,1,stable-diffusion-2,1816850,0.9964709865071784,0.996774657220577,PNG,0.0006103515625,94.30519104003906,2.9618871212005615,256,0.9682888388633728,0.7178518176078796,0.24030742049217224,0.10750502168285742,-0.12174279246034275,0.033433267810883294,0.0162239305802984,1.997657299041748,-0.1144939735531807,8.365921974182129,0.24261474609375,-0.8614917415069279,-1.5640978547297095,-2.263764270352361,-2.6412727348837803,-2.7312925303808697,0.8285321883253962,-0.1730872552209631,-1.1570266485214233,0.0,0.02142333984375,256
synthbuster,1,stable-diffusion-2,2139098,0.990146734270815,0.9912385897550171,PNG,0.0016326904296875,96.47918701171875,5.172766208648682,256,0.9215952157974243,0.336809903383255,0.4920692443847656,0.08881587202285092,0.11952988800014355,0.07087074473805292,0.06545556431483479,6.643019676208496,-0.2582538425922394,12.315625190734863,0.1984405517578125,-1.3012926763506636,-1.8920473738635977,-2.1530628174902926,-2.332934474742225,-2.389607468710521,0.33178106152629816,-0.06859060710091743,-1.0830578804016113,0.0,0.6658172607421875,256
synthbuster,1,stable-diffusion-2,1861910,0.9705913892073024,0.9833007432195875,PNG,0.0095367431640625,102.15756225585938,4.15961217880249,256,1.0065710544586182,0.1437794417142868,0.48151859641075134,0.06657986183039627,-0.021862765104011243,-0.007560917554074884,0.009305489559048665,5.365678787231445,0.23285511136054993,15.028023719787598,0.277069091796875,-0.9952787526897362,-1.463380695395636,-1.8063254770692776,-1.9239976864565564,-1.9989729507586365,0.3518676054443777,-0.07705885921204667,-0.7023552656173706,3.0517578125e-05,0.581268310546875,256
synthbuster,1,stable-diffusion-2,1935647,0.9900037889518626,0.9939648948578965,PNG,0.0030059814453125,62.98073196411133,5.478970527648926,256,0.9971209168434143,0.3388553261756897,0.7085488438606262,-0.07375054339458934,-0.04031164557142203,-0.005473441200037976,0.010809315811834176,8.94151782989502,-0.7725245952606201,10.875799179077148,0.193817138671875,-1.2438199402287982,-1.6728955167534387,-1.8386148841444117,-1.9266549128736816,-2.005066127164519,0.16096658639533956,-0.03526991027335536,-1.0585013628005981,0.0,0.29718017578125,256
synthbuster,1,stable-diffusion-2,1975606,0.9715180890015226,0.974071127686742,PNG,0.0021209716796875,100.32965087890625,3.012516736984253,256,0.9957961440086365,0.5982227921485901,0.2509700655937195,0.25362614264571504,-0.07142601447059169,0.025612470027443268,0.004697601340602165,2.379725456237793,0.18345260620117188,7.795256614685059,0.264068603515625,-0.9098635727434647,-1.6948124791495864,-2.4654425931560757,-2.753739796004334,-2.8404643960951237,0.7437794205727988,-0.16575788133320468,-1.3755735158920288,0.0,0.493499755859375,256
synthbuster,1,stable-diffusion-2,2311474,0.9835528969909739,0.9883364587493935,PNG,0.00177001953125,64.75868225097656,4.973104476928711,256,0.9671557545661926,0.4788910150527954,0.48506101965904236,0.03503759340306371,0.006988738256637885,-0.005416928349579037,-0.002945860617710337,7.393190383911133,-0.1717941164970398,10.229063987731934,0.2000579833984375,-1.2500984957808212,-1.7707231297214374,-1.9887952031288885,-2.1303883498301133,-2.2009258294903864,0.332252333481339,-0.05897568661225203,-1.0339810848236084,5.086263020833333e-06,0.365142822265625,256
synthbuster,1,stable-diffusion-xl,1383535,0.48917565877973884,0.6082540561438255,PNG,0.0064849853515625,39.445011138916016,4.733199119567871,256,0.9866636395454407,0.3084000051021576,0.5335660576820374,0.08013463528687133,-0.0928045282111055,-0.007335474061382664,0.005243596301794972,16.44696617126465,0.8873183727264404,3.477368116378784,0.3576812744140625,-1.3412175633407184,-2.103992189977464,-2.6488623521569394,-2.8828135104063533,-3.011140997916425,0.6534843688264829,-0.12586115319176164,-1.689553141593933,0.0,0.590545654296875,256
synthbuster,1,stable-diffusion-xl,1624995,0.7844249679374562,0.8420578933709878,PNG,0.011260986328125,54.45138168334961,5.474549770355225,256,0.9769221544265747,0.1874384731054306,0.6362711787223816,0.27233913026347345,0.119149509895396,0.12867201010218568,0.08172930279597754,10.598161697387695,-0.44282266497612,8.725666046142578,0.2325286865234375,-1.0947999579415955,-1.8526469262861784,-2.082575799991761,-2.0277035100907748,-2.055580264543548,0.0576547377991643,-0.0256009633073706,-0.895006537437439,5.086263020833333e-06,0.486114501953125,256
synthbuster,1,stable-diffusion-xl,1778794,0.5698085538484842,0.714322530611765,PNG,0.0037078857421875,60.206565856933594,6.100815296173096,256,0.9589272737503052,0.4200865924358368,0.697778582572937,0.05109712447000912,-0.06786312831889063,0.003276174397909824,0.012919205283897202,16.74212646484375,1.034782886505127,6.957115650177002,0.24615478515625,-1.358272136589779,-2.0828043252242407,-2.345795619268533,-2.4561930077807164,-2.555963044109353,0.35638547822189626,-0.06922805531126543,-1.4931162595748901,4.57763671875e-05,0.5858154296875,256
synthbuster,1,stable-diffusion-xl,1841054,0.7796108878983262,0.8244329105535557,PNG,0.0061798095703125,69.45499420166016,5.204804420471191,256,0.9365532398223877,0.17263337969779968,0.5488401651382446,0.3902320709116989,0.33010938169397613,0.300988041848642,0.23917695355821578,26.002391815185547,2.695291757583618,7.330236911773682,0.3262786865234375,-1.3761121813970991,-2.1014342250078757,-2.6805312799248115,-2.8800881947689945,-2.9570333895511567,0.5828058638854108,-0.1296604129499997,-1.8670557737350464,0.0,0.7436981201171875,256
synthbuster,1,stable-diffusion-xl,1820936,0.8426991283969071,0.8975143474511106,PNG,0.0337982177734375,17.24416732788086,14.061857223510742,256,0.9783406257629395,0.7259032726287842,1.508795976638794,0.7673071758347904,0.7087145162252252,0.604693803772061,0.4308105428229321,71.25154876708984,0.771272599697113,6.547133922576904,0.2587127685546875,-1.1019219726396763,-1.8368209078348219,-1.4099518924954388,-1.2576279903593948,-1.4117699243358413,-0.24498841059198284,0.0806798450437543,-1.4211053848266602,0.0,0.2471160888671875,256
synthbuster,1,stable-diffusion-xl,1449215,0.6599768447644284,0.7451680560699052,PNG,0.0045166015625,63.285037994384766,6.136716365814209,256,0.9248230457305908,0.22851505875587463,0.6292693614959717,0.26935588077258343,0.0569995887603732,0.03759163774039147,0.021534851093152594,43.50555419921875,1.1821186542510986,5.0840229988098145,0.513885498046875,-1.4917868610310219,-2.5700439530723234,-2.924174923113781,-3.1102249501112187,-3.187534976848573,0.40348341534252885,-0.08888734921498986,-1.9787384271621704,9.663899739583333e-05,0.5771484375,256
synthbuster,1,stable-diffusion-xl,1220561,-0.12542993599447397,0.021083980834459833,PNG,0.018707275390625,38.95869064331055,7.380917072296143,256,0.9780101776123047,0.18299651145935059,0.7887172698974609,0.3221866766847526,0.03719475264625254,-0.01172702381006369,-0.003940037484235501,69.6572036743164,2.4155280590057373,2.1028501987457275,0.617767333984375,-1.7400980491797915,-2.660803734516298,-3.4031351485284818,-3.835093691105781,-3.99010815791891,0.8946716124762508,-0.18714467096132084,-2.3585307598114014,0.0012257893880208333,0.6356964111328125,256
synthbuster,1,stable-diffusion-xl,1877484,0.8077476716425362,0.8508596070584039,PNG,0.0126495361328125,22.380834579467773,6.397965431213379,256,0.9830978512763977,0.6297467350959778,0.9490290880203247,0.472918846090217,0.37461746192638024,0.23595198130036105,0.15943687972242615,7.023733139038086,0.015154282562434673,5.541538238525391,0.17010498046875,-1.2219501936910815,-1.6131125144714789,-1.0594675308631532,-1.1117337789995227,-1.281823646412013,-0.2543889988039236,0.08577356135490906,-1.395075798034668,0.0,0.5854949951171875,256
synthbuster,1,stable-diffusion-xl,1802475,0.7569279824539018,0.8294258280402682,PNG,0.00506591796875,92.4671630859375,4.413561820983887,256,1.0164039134979248,0.2846672236919403,0.41189268231391907,-0.0033165563481543244,0.04953743162329032,0.0061192138573452634,-0.011762852500488023,7.919939041137695,0.11310340464115143,9.779010772705078,0.271240234375,-1.2641069403696212,-1.893365206281378,-2.423910940135049,-2.629198522053378,-2.6822041646999795,0.5634976015003597,-0.12143759180638919,-1.3538827896118164,6.612141927083333e-05,0.75299072265625,256
synthbuster,1,stable-diffusion-xl,1583132,0.6465359244069595,0.7269358244564517,PNG,0.0045623779296875,35.84595489501953,5.833773612976074,256,0.9836716651916504,0.649910032749176,0.6918711066246033,0.4272001778414439,0.14330106309312635,0.08461398444315772,0.03204073956229841,22.366252899169922,1.4449653625488281,3.787905216217041,0.2923583984375,-1.0267659254424668,-1.6887538329096135,-2.151843599119119,-2.4085885731727634,-2.497583044008578,0.5970270594251055,-0.11831238846959358,-1.09874427318573,5.086263020833333e-06,0.2826690673828125,256
synthbuster,1,stable-diffusion-xl,1694733,0.7740776744005127,0.8840108751480918,PNG,0.0786590576171875,37.610862731933594,5.642391204833984,256,0.9839951992034912,0.047964733093976974,0.7406117916107178,0.03625360292843546,-0.008091293879957438,-0.012092429621282147,0.011234967861996199,8.247477531433105,0.6426727771759033,8.966108322143555,0.3217315673828125,-1.5904388663393547,-2.0762670823957317,-1.9297001042722348,-1.9355293078280518,-2.027475467898287,0.029611599344534945,0.012354682408986586,-1.0485498905181885,4.0690104166666664e-05,0.5087738037109375,256
synthbuster,1,stable-diffusion-xl,2009198,0.5339244494410744,0.66071042697433,PNG,0.0147552490234375,52.1241455078125,11.322823524475098,256,0.9315544366836548,0.24017398059368134,1.1155822277069092,0.11469128380217736,0.036487443230131596,0.033210416390637015,0.013707670007693214,66.00037384033203,1.5872184038162231,5.692419528961182,0.3103179931640625,-1.6017162345699312,-2.6062252926222227,-3.111797596382826,-3.2033571250724666,-3.3307005728652435,0.4757766897299254,-0.09996898030604143,-2.349029302597046,0.0033976236979166665,0.47998046875,256
synthbuster,1,stable-diffusion-xl,1490469,0.40887509475875344,0.4881644272384254,PNG,0.1698150634765625,14.945478439331055,14.101068496704102,256,0.8448641896247864,0.153062641620636,1.2519701719284058,0.3144959876315361,0.18418438325310932,0.13119543963546507,0.1923396642493413,98.5203628540039,-0.1783229559659958,1.790532112121582,0.5759124755859375,-1.2363897924023943,-2.318470314718951,-3.1650656356706444,-3.359063069220425,-3.561853893850646,0.805513347906448,-0.1679345041474067,-2.5409584045410156,0.0,0.1357879638671875,256
synthbuster,1,stable-diffusion-xl,1487529,0.28781306226053327,0.4219345314005233,PNG,0.0047760009765625,44.66588592529297,5.625300407409668,256,0.963394045829773,0.45692574977874756,0.5425935983657837,0.1730467094513802,-0.007680642777621608,0.013427437114810235,-0.005930983013538162,53.87699890136719,-1.8815288543701172,3.070564031600952,0.4962310791015625,-1.7119689845705395,-2.9889354089604305,-3.6299379859417185,-3.9300684011888913,-4.04390191654268,0.6672412463575474,-0.14855106579362873,-2.991321325302124,0.0,0.5751190185546875,256
synthbuster,1,stable-diffusion-xl,1974497,0.5738883481882253,0.6813227126461983,PNG,0.0098876953125,65.8896255493164,6.355644702911377,256,0.9309322834014893,0.1852969527244568,0.6664223074913025,0.1400344786544874,0.04372508988988207,0.014715010293140068,0.0038232131637528028,14.950340270996094,-0.1650700718164444,7.5178914070129395,0.30474853515625,-1.3567979081294794,-2.043809629671064,-2.5222800462032593,-2.5507911232650446,-2.6269806759646617,0.3365331859435896,-0.07832669522373498,-1.6032637357711792,0.0005442301432291666,0.7697296142578125,256
synthbuster,1,stable-diffusion-xl,1681406,0.6676201136291604,0.7633711068399273,PNG,0.010711669921875,110.52488708496094,5.507993698120117,256,1.0438824892044067,0.14152638614177704,0.6576634645462036,0.49617458985238,0.26492804344541915,0.09397559520037871,-0.05628082295932437,21.085735321044922,-0.39640262722969055,8.980596542358398,0.3721160888671875,-0.6120684212971303,-1.6558111693004358,-2.3761406625858985,-2.610005359253993,-2.750780725116905,0.6223739946303297,-0.1530510699094299,-1.8516782522201538,0.0003407796223958333,0.6129150390625,256
synthbuster,1,stable-diffusion-xl,1682712,0.8640848340818745,0.8982335059733428,PNG,0.0171051025390625,94.94709014892578,4.879395961761475,256,0.9980520009994507,0.08609484881162643,0.5404685735702515,0.19615185882023467,-0.06652230934432667,0.002866043447257625,0.01297586663697711,10.873272895812988,0.6270613670349121,9.90466022491455,0.3683929443359375,-1.3894055737548374,-2.160635165890193,-2.613987082421108,-2.887584280418264,-2.991729840226167,0.5982421200673302,-0.11877346420165538,-1.9029533863067627,5.086263020833333e-06,0.5549163818359375,256
synthbuster,1,stable-diffusion-xl,1951331,0.7000173851331026,0.7763204725597099,PNG,0.0025482177734375,72.89613342285156,5.336816787719727,256,1.0069760084152222,0.352266401052475,0.5524275302886963,0.15572425028257877,0.016130515321207278,0.03904379327417258,0.033046423515708544,12.92686939239502,0.5679295063018799,6.934581279754639,0.2672119140625,-1.2521271963275424,-2.0406666841736643,-2.5749030565069457,-2.7268755413741346,-2.8258148856015817,0.5351585566981623,-0.10858887560687118,-1.7192604541778564,0.0,0.7398834228515625,256
synthbuster,1,stable-diffusion-xl,1822448,0.7455864850158012,0.8071918956045273,PNG,0.019805908203125,24.829647064208984,4.534407615661621,256,0.9875333309173584,0.30740484595298767,0.7624242305755615,0.006116748750312791,-0.001328980926953745,-0.023388053779010584,-0.008874937280422662,5.917762756347656,-0.3520418405532837,4.430994510650635,0.273040771484375,-1.154501110734536,-1.5566200404830761,-1.7803548174128352,-1.9063123662481818,-1.9408186965821566,0.22346459613399183,-0.050840722576695585,-1.6308963298797607,0.0,0.339080810546875,256
synthbuster,1,stable-diffusion-xl,1795934,0.3503307449188103,0.46313420385236514,PNG,0.08184814453125,11.670433044433594,6.470615386962891,256,0.9632101058959961,0.39677315950393677,0.943378210067749,0.11857510392077605,-0.07206268806136276,-0.029352310563633282,-0.008123633776877753,157.14202880859375,-5.20352029800415,1.2450511455535889,0.6112213134765625,-2.0847393313087705,-2.9083154780340177,-3.2012023401249508,-3.370112896570952,-3.4631081131978445,0.39920558296635766,-0.0761322020046085,-2.6062679290771484,0.0,0.20184326171875,256
synthbuster,1,stable-diffusion-xl,1852214,0.8534876226129346,0.918882390431981,PNG,0.002166748046875,49.88410949707031,3.4369189739227295,256,1.0304666757583618,0.4304954707622528,0.3439887762069702,0.03965071226172016,0.050336281498115205,-0.017939111402681014,0.014971549240098215,2.5750813484191895,0.3891206979751587,14.6497220993042,0.1417083740234375,-1.057066897397922,-1.1262395364713003,-0.6231381620053087,-0.5468632264402835,-0.6125702980220318,-0.3951840345822921,0.08811236957568734,0.27644363045692444,0.0,0.4768524169921875,256
synthbuster,1,stable-diffusion-xl,1322740,0.30539587925700035,0.4514615099658463,PNG,0.01080322265625,62.13001251220703,5.722491264343262,256,1.080565094947815,0.25936171412467957,0.5729100108146667,0.23975369352695736,0.006728900093892311,0.044332629175743495,0.017060635814498765,37.23040771484375,1.0788456201553345,4.094127655029297,0.4631500244140625,-1.672714446595112,-2.591458669186472,-3.2544864933829665,-3.5790915183874645,-3.696569968406667,0.7849444141659037,-0.16153993183015777,-2.431142807006836,2.5431315104166668e-05,0.7232818603515625,256
synthbuster,1,stable-diffusion-xl,1648693,0.20927052080113176,0.3630316643958849,PNG,0.0079193115234375,58.039344787597656,6.507383346557617,256,0.9472341537475586,0.2596379518508911,0.6351163387298584,0.2848808799472665,0.033504980827859694,0.02323621428307967,0.014163038727916409,38.00969696044922,3.449737310409546,5.061401844024658,0.4025115966796875,-1.2706708461154346,-2.1166103115798585,-2.7392939527357836,-2.959123140968397,-3.0736753983285467,0.6001037307671373,-0.13470079166738608,-1.7908893823623657,0.0004526774088541667,0.8537750244140625,256
synthbuster,1,stable-diffusion-xl,1470273,0.49993940131049835,0.6038312428491428,PNG,0.042572021484375,16.35955047607422,9.310343742370605,256,0.9886977076530457,0.45993635058403015,1.096372365951538,0.30095025810237835,0.07096956190742698,0.032188629006191856,0.021467340784039026,111.43317413330078,-3.03405499458313,2.226957082748413,0.463836669921875,-1.6149850804213983,-2.4114449371597004,-2.8012105797786644,-2.937707559213468,-3.050174149657603,0.3661728739301404,-0.08494342557357167,-2.2039427757263184,0.0,0.27239990234375,256
synthbuster,1,stable-diffusion-xl,2117683,0.8481082012461744,0.8785633382635968,PNG,0.014404296875,49.36164093017578,4.276210784912109,256,1.0135968923568726,0.17805756628513336,0.48688027262687683,0.0026971234332217276,0.043208530761462596,-0.031223898961768137,0.011385746636374856,5.881553649902344,-0.09802659600973129,8.771353721618652,0.242645263671875,-1.3142158517793545,-1.7548142367712716,-1.8815679424723646,-1.8706450193608033,-1.918690408621595,0.05604230086785922,-0.017975054905303708,-0.7856287956237793,0.0,0.4374542236328125,256
synthbuster,1,stable-diffusion-xl,1558538,0.8153995340100145,0.8627836031819132,PNG,0.005950927734375,39.560585021972656,5.506933689117432,256,0.9953091740608215,0.41746652126312256,0.6936679482460022,0.013163085226659701,-0.0718954615448312,-0.027027469009210242,0.004145939528107297,7.170109748840332,-0.7350509166717529,4.018197536468506,0.2872772216796875,-1.3983761884826231,-2.177172948573209,-2.5163153451377447,-2.69020885351177,-2.7970692823960484,0.4245475322498349,-0.08594137764376787,-1.4907710552215576,0.0,0.136688232421875,256
synthbuster,1,stable-diffusion-xl,1549893,0.7088340633328314,0.7981981152114364,PNG,0.0378875732421875,34.78123474121094,7.025683879852295,256,0.9579524993896484,0.10959364473819733,0.8490828275680542,0.2066240936554604,0.10949924402595106,0.07362292221254711,0.05362271417165282,18.720088958740234,-0.22524747252464294,4.351531028747559,0.3914337158203125,-1.6241096303369842,-2.321000175268396,-2.648932155655535,-2.728950015061005,-2.799128430604868,0.16183685383267843,-0.0538197574632664,-1.869599461555481,0.0,0.4825286865234375,256
synthbuster,1,stable-diffusion-xl,1411505,0.5254936101228066,0.7061266009575492,PNG,0.109649658203125,13.49418830871582,14.454341888427734,256,0.9193406701087952,0.5069181323051453,1.8011809587478638,0.03488986444689398,-0.023384694321795678,0.004469909722632811,0.011891472646446024,78.05865478515625,2.5683445930480957,3.028648853302002,0.5589752197265625,-1.5586845354720165,-2.5391935619941837,-2.988253372634351,-3.215676180763184,-3.344626440027506,0.5603308193737124,-0.11062147887590246,-2.4959323406219482,0.0,0.1767425537109375,256
synthbuster,1,stable-diffusion-xl,2008075,0.8035903357468397,0.8653213247060506,PNG,0.0032958984375,80.96946716308594,7.287108898162842,256,0.9639503955841064,0.3061901032924652,0.766979455947876,0.14788147822548206,-0.0010218286477047685,-0.0034942898474631143,0.0062596728438196105,8.272452354431152,0.5593355894088745,13.503111839294434,0.1846771240234375,-1.3089341810414519,-1.8887126101222975,-2.1842646930820573,-2.2849374614306113,-2.3427971451633685,0.277613119234827,-0.06189464132680933,-1.2144341468811035,0.0006561279296875,0.6321868896484375,256
synthbuster,1,stable-diffusion-xl,1773439,0.687851280002691,0.7547224932402942,PNG,0.0186309814453125,26.835193634033203,5.120851993560791,256,0.9866852760314941,0.44497501850128174,0.674013614654541,0.14632544741385803,-0.020485782792090783,0.0015227818579716223,0.0003958758413847288,8.731972694396973,0.22513717412948608,3.486050844192505,0.3402862548828125,-1.4038110149435292,-2.082993371186679,-2.441929956367998,-2.6262989810556556,-2.704827424628241,0.4585567632043839,-0.08868026698927928,-1.5706409215927124,0.0,0.260711669921875,256
synthbuster,0,raise1k,1062411,0.9907931544764906,0.9926649596711089,PNG,0.16925048828125,121.76203918457031,6.190367221832275,256,0.9615175127983093,0.009167691692709923,0.6060362458229065,0.317715786754702,0.16733223473138398,0.1888791114995193,0.0989248276424535,87.64729309082031,2.890852451324463,6.643315315246582,0.6604156494140625,-1.5636096521144225,-2.5991192411621213,-3.5000528690881136,-3.8013284634416094,-3.8880896414213453,0.8692109826947911,-0.19880011809075207,-2.2601089477539062,0.007639567057291667,0.2685546875,256
synthbuster,0,raise1k,1431558,0.8750814326823176,0.9321777822548696,PNG,0.0015106201171875,98.60612487792969,3.9186291694641113,256,0.9941506385803223,0.3852466344833374,0.34468063712120056,0.16105803680103356,0.014517153819462246,0.15271436567246205,0.11135088309974207,9.114923477172852,0.9207559823989868,12.93287467956543,0.234588623046875,-1.0518971767350411,-1.7941230677293065,-2.286485881512374,-2.573505508354934,-2.6809700000240184,0.597227279335435,-0.12762696827796233,-1.454073190689087,0.0038655598958333335,0.81646728515625,256
synthbuster,0,raise1k,1270101,0.9403743996714149,0.9765477490889073,PNG,0.0547332763671875,117.66250610351562,4.768247604370117,256,1.0046942234039307,0.06362362205982208,0.5665968060493469,0.30336037054048903,0.046009880056987695,0.009061584274621054,-0.0005230499948951074,11.697154998779297,1.101498007774353,13.260225296020508,0.3371124267578125,-0.9294285585682545,-1.5635238623264138,-2.05592685380459,-2.254867240104404,-2.365534424089442,0.5798595326197304,-0.11507474833186371,-1.7336971759796143,0.002960205078125,0.6590728759765625,256
synthbuster,0,raise1k,616594,0.16826746146926763,0.2962845986955327,PNG,0.3123626708984375,3.9283249378204346,7.90371036529541,256,0.9750516414642334,0.5044475197792053,1.3967868089675903,0.1052591363158942,-0.012086796629396369,0.0078103550113947685,0.002446613005950567,97.07976531982422,-2.4753715991973877,0.47188982367515564,0.830841064453125,-1.7357423065955162,-2.2191187085406607,-2.546393686288858,-2.611797167100323,-2.628103749794546,0.2202754626134622,-0.05575802801496748,-1.95151948928833,0.3116099039713542,0.0665130615234375,256
synthbuster,0,raise1k,1615362,0.8388086846072861,0.9100424785663237,PNG,0.00048828125,138.1642303466797,3.357527017593384,256,0.9929550290107727,0.5792173147201538,0.32859179377555847,0.19858491941594786,-0.05660923836088821,0.021085019389425565,0.019699623675140995,3.025332450866699,-0.16165192425251007,14.447614669799805,0.208709716796875,-1.0393124840341432,-1.7233159107948008,-2.2716761329457507,-2.5339610544360065,-2.655099188015364,0.645605996174635,-0.13297996422283823,-1.2683738470077515,0.01690673828125,0.933074951171875,256
synthbuster,0,raise1k,1225166,0.940935539582775,0.9758512299705048,PNG,0.051483154296875,39.686431884765625,7.057746410369873,256,0.9959979057312012,0.11573291569948196,0.9659324288368225,0.1134354114062089,0.05332704923210549,0.07636805207772591,0.0309022776770433,26.04174041748047,0.9806379079818726,5.694148063659668,0.4044036865234375,-1.3037594453391117,-1.9100959108875113,-2.3440105300801815,-2.5763974235519704,-2.6635910123270587,0.5270985614074029,-0.10754232767721976,-1.9484022855758667,0.0472259521484375,0.35137939453125,256
synthbuster,0,raise1k,1124905,0.9702111489542903,0.9568673261618931,PNG,0.11126708984375,89.87797546386719,6.697873592376709,256,1.032707929611206,0.026620320975780487,0.7259467840194702,0.12785917486897228,0.03326949615648135,0.03393035585335868,0.0037691116789141414,21.00572967529297,-0.3589547276496887,11.238730430603027,0.48223876953125,-1.4353510335402975,-2.0307112837213444,-2.6057716312695716,-2.8332347493459933,-2.9438412449324343,0.6384052793062667,-0.12949028916622854,-1.8969837427139282,0.021148681640625,0.4978179931640625,256
synthbuster,0,raise1k,1204280,0.9465821032407704,0.9370802499872412,PNG,0.0233612060546875,150.24374389648438,5.65392541885376,256,0.9868414998054504,0.10572688281536102,0.6342155933380127,0.2756376675639421,0.030047244967091064,0.09236983953006779,0.032946256781779835,17.448598861694336,1.3764945268630981,16.467994689941406,0.40008544921875,-1.2626131174380752,-1.8071783018574932,-2.512895042032552,-2.7487027708473724,-2.885219320825785,0.763587218709854,-0.15331814336642688,-1.428449273109436,0.09439595540364583,0.495086669921875,256
synthbuster,0,raise1k,1201627,0.9514805577614438,0.9286253824013149,PNG,0.1375579833984375,65.66323852539062,7.37627649307251,256,0.9121894836425781,0.16999764740467072,1.0908234119415283,0.2099989396956853,0.04786946105681842,0.06553274704326924,0.02626896223235567,16.316808700561523,-0.40217721462249756,10.059206008911133,0.5782470703125,-1.041616735038251,-1.7723970861731742,-2.2775777201565237,-2.5771879700993914,-2.6055259483618913,0.5701956274944529,-0.12361238821337217,-2.243889808654785,0.14986165364583334,0.3608245849609375,256
synthbuster,0,raise1k,774288,0.8611049250818552,0.9145681454578812,PNG,0.1306915283203125,26.437467575073242,14.3441801071167,256,1.020344853401184,0.2846466302871704,1.6372548341751099,0.22498244737039583,-0.03317184832138958,0.03520232593721803,0.03245676526443051,134.67144775390625,1.7477312088012695,2.5217525959014893,0.6688995361328125,-1.5684957656952339,-2.6328936163773644,-3.4267589676512102,-3.688005193738759,-3.8970239781454588,0.938284545728588,-0.18148479749300242,-3.066679000854492,0.044881184895833336,0.1697845458984375,256
synthbuster,0,raise1k,908915,0.7972830101539513,0.894603010870288,PNG,0.023529052734375,40.1827392578125,10.815775871276855,256,0.991008996963501,0.26267731189727783,1.1280243396759033,0.20208601793782838,0.03152194737709966,0.06407837051477744,0.04828005097895996,283.0517272949219,6.125143527984619,2.7559282779693604,0.49761962890625,-1.5165613404301084,-2.5606889015332825,-3.2548402650401327,-3.565592030002345,-3.688642047222735,0.7882070162786698,-0.16449696894446206,-2.295450210571289,0.021967569986979168,0.3017578125,256
synthbuster,0,raise1k,1699923,0.9094177953391424,0.9550842389662658,PNG,0.0076751708984375,165.93203735351562,3.8349106311798096,256,1.015856385231018,0.5905480980873108,0.34289082884788513,0.12843821412229006,-0.09970960901318662,0.007322111194413474,-0.0002451928839167389,6.378150939941406,0.41570284962654114,16.577251434326172,0.2863006591796875,-1.049430764793076,-1.8078544385223534,-2.414964085857152,-2.690708645849166,-2.8388354624474905,0.7143698102010267,-0.14530088957596896,-1.5780729055404663,0.0351715087890625,0.7634735107421875,256
synthbuster,0,raise1k,1446764,0.8720999667431818,0.9776792518094535,PNG,0.0005340576171875,149.3961181640625,3.5745649337768555,256,0.9734417200088501,0.47282543778419495,0.3296688199043274,0.31380500205548173,0.06940688875096591,0.06499577155752172,0.013686734253811075,5.187063217163086,0.4966484308242798,17.79552459716797,0.2005767822265625,-0.9944716631640427,-1.5670265130071703,-2.049726096278481,-2.238676552392498,-2.311578584674983,0.5443886276338663,-0.10961352051384857,-1.1569697856903076,0.0022786458333333335,0.82769775390625,256
synthbuster,0,raise1k,901512,0.9172876637823878,0.8029976894235301,PNG,0.0162353515625,34.04224395751953,5.520581245422363,256,0.9834526181221008,0.3500637412071228,0.7489657402038574,0.39491271568061237,-0.027119933458900014,0.01680225244418992,-0.002028991010854536,24.994415283203125,1.8183201551437378,2.6243205070495605,0.46478271484375,-0.7751957670885155,-1.4425132392754936,-2.0310966729329882,-2.4293296427156434,-2.4764320888848586,0.7982560657281139,-0.15830794613609037,-2.5309975147247314,0.01434326171875,0.6658935546875,256
synthbuster,0,raise1k,926919,0.15409022857951138,0.42878280828002363,PNG,0.0611724853515625,18.243099212646484,6.82087516784668,256,1.0234036445617676,0.23281466960906982,0.8075560927391052,0.26630531534037,-0.005323408523110157,-0.04825432420409296,0.013918132161867465,56.193416595458984,-2.1393239498138428,0.9884184002876282,0.712677001953125,-1.3336454571190437,-2.7278763776530894,-3.5586050613472135,-3.7826481556067346,-3.8649044854825716,0.5942766269681181,-0.15585313090066608,-2.4525842666625977,0.028874715169270832,0.5390472412109375,256
synthbuster,0,raise1k,1289906,0.963030865120329,0.9635920924633691,PNG,0.0316314697265625,32.691734313964844,4.897643566131592,256,1.0414342880249023,0.3504204750061035,0.5001479387283325,0.4285664377735109,0.19850941845765271,0.11098274339560997,0.00814482389231244,15.968475341796875,1.033664345741272,3.3438405990600586,0.445343017578125,-1.1834669818778636,-1.7032635744966527,-2.390788873532043,-2.613225876127048,-2.651431374217955,0.5927874062162619,-0.13984232242020742,-1.1653070449829102,0.0,0.066650390625,256
synthbuster,0,raise1k,1082766,0.9583917508877214,0.975473913825895,PNG,0.06878662109375,54.97787094116211,5.392037868499756,256,0.9817368388175964,0.06793863326311111,0.7294514179229736,0.13170313280202234,-0.08076007799706064,0.0075310923304960494,-0.008217294271268175,7.635720252990723,-0.5101000070571899,8.32655143737793,0.3783721923828125,-0.979962885270452,-1.4655036389531144,-1.855163413761555,-2.0301964550759592,-2.1309647319752294,0.4852589440886934,-0.0925901926175144,-0.9341267943382263,5.0862630208333336e-05,0.5074005126953125,256
synthbuster,0,raise1k,806639,0.8713324750808451,0.8324705541640358,PNG,0.030364990234375,34.44646453857422,6.823724746704102,256,1.02036452293396,0.2689412236213684,0.9141818284988403,0.3195443366165381,0.006227535100033633,-0.030328151386768403,0.005619996726744828,40.64205551147461,2.601235866546631,2.281723737716675,0.6363677978515625,-1.5850848720918762,-3.004263421958507,-3.80102651213239,-4.187729324808055,-4.336504572530172,0.8426298374930683,-0.1868665894351704,-3.3108971118927,0.0001983642578125,0.4503021240234375,256
synthbuster,0,raise1k,1280632,0.8824354923008125,0.9436330087449968,PNG,0.0048065185546875,67.00493621826172,4.165653228759766,256,0.9653694033622742,0.4605228304862976,0.5169522762298584,0.3575901427873716,-0.09394702672414923,0.030735367249903615,0.0032996593746700805,8.454316139221191,0.4569111168384552,5.08207368850708,0.38671875,-1.189268158023797,-2.1155756670196046,-2.7509546823158955,-3.033028171219992,-3.2012338566442127,0.8354257466856305,-0.163631012770131,-1.9684895277023315,0.006779988606770833,0.7628631591796875,256
synthbuster,0,raise1k,1378544,0.9788849504176588,0.9888103846370387,PNG,0.0010833740234375,92.5131607055664,3.992041826248169,256,0.9967937469482422,0.4239126443862915,0.445209264755249,0.26865143159654375,-0.05745816964258829,0.015106074511539124,0.005267349378527992,5.0196027755737305,-0.04194056615233421,10.58002758026123,0.2220611572265625,-1.123449114900553,-1.6452351014913127,-2.0942697427332844,-2.354542332798636,-2.4735987234299444,0.5917588968224496,-0.11717027447734307,-1.3688504695892334,0.00164794921875,0.439208984375,256
synthbuster,0,raise1k,1285423,0.840078951352677,0.9451992334071846,PNG,0.0154876708984375,123.22425079345703,5.458399295806885,256,0.9734421968460083,0.25872233510017395,0.44915273785591125,0.3154247252621767,0.18483821872607728,0.1598673390487132,-0.007117146033425619,22.234344482421875,0.15688316524028778,14.674681663513184,0.3928375244140625,-1.4402253373459395,-2.0714489913505085,-2.704542577967067,-2.920332635889155,-3.113276487481346,0.7237267137571779,-0.1401836994985106,-1.4528295993804932,0.15502421061197916,0.5476531982421875,256
synthbuster,0,raise1k,1190173,0.9796691941160622,0.9914534121913768,PNG,0.0148162841796875,113.0685806274414,6.143136501312256,256,0.9953324794769287,0.13608922064304352,0.6506355404853821,0.11970167087795806,-0.059357652433027534,0.016828684705353893,0.0033332004053817643,18.796241760253906,0.8475148677825928,13.222333908081055,0.408599853515625,-1.2257583881262137,-1.8854136007582438,-2.4094688314849515,-2.6612713866601823,-2.7733545896998075,0.57684370126624,-0.12455889181627308,-1.4321523904800415,0.006739298502604167,0.4619903564453125,256
synthbuster,0,raise1k,1115351,0.947745536514614,0.9579657732567769,PNG,0.0399932861328125,48.29792022705078,8.021947860717773,256,1.0219653844833374,0.21225987374782562,0.8662920594215393,0.4486578718964084,0.09880107706897837,0.005052664153414163,-0.002814226817972877,40.03310012817383,3.0699703693389893,4.004748344421387,0.5096893310546875,-1.1470064024501125,-2.0632669288461054,-2.864148578638961,-3.2047981533433605,-3.3185542740959493,0.8120158794328098,-0.17723192676917704,-1.8056286573410034,0.020314534505208332,0.256622314453125,256
synthbuster,0,raise1k,1289321,0.8131848063200233,0.9468879282999094,PNG,0.008056640625,58.901084899902344,4.623167514801025,256,0.9934400916099548,0.32053619623184204,0.5962515473365784,0.20083709368730587,-0.03487911075683911,0.024478897691739093,0.013994586926227424,9.28296184539795,0.07119636237621307,7.367246627807617,0.300140380859375,-0.9597979589128531,-1.719829972904491,-2.230629678686313,-2.4949547108690187,-2.5644672641195463,0.5232492184384698,-0.11969345119213284,-1.3675286769866943,0.0,0.7467193603515625,256
synthbuster,0,raise1k,1257556,0.8770613936274732,0.9118028900458551,PNG,0.0026702880859375,79.47944641113281,5.030710220336914,256,1.0363610982894897,0.27343225479125977,0.486706018447876,0.20379673332793238,-0.029635833278925442,0.047607706773914106,0.018841498626782298,15.071609497070312,-0.80583256483078,6.707376003265381,0.321441650390625,-1.3734739651205459,-2.0724933252533244,-2.7371972350256994,-2.9807253451482545,-3.1928759228263957,0.8051363826309466,-0.1564218893032943,-1.7879430055618286,0.007105509440104167,0.54217529296875,256
synthbuster,0,raise1k,951758,0.8111933752863897,0.9325742827490064,PNG,0.002655029296875,64.74075317382812,5.138184547424316,256,0.9759767651557922,0.3800325095653534,0.6197407245635986,0.7202236228011673,0.43194810446529025,0.2036221980701368,0.14131884913397527,30.151580810546875,-1.2072372436523438,4.6282057762146,0.4113311767578125,-1.554961509602224,-2.3262333710853866,-3.175798449820781,-3.4537955310701633,-3.598592457517534,0.8376283961468713,-0.18230760390279876,-2.07141375541687,0.0004170735677083333,0.7545013427734375,256
synthbuster,0,raise1k,1542890,0.8806841282211586,0.9478837367101856,PNG,0.0139923095703125,116.80030822753906,5.3227458000183105,256,1.0103284120559692,0.10147993266582489,0.5762063264846802,0.1757638054841185,-0.013339671118745918,0.05675096990808141,0.03114017834359291,15.192623138427734,0.1830611526966095,12.710865020751953,0.3346099853515625,-1.1187807634555007,-1.8454302192134255,-2.360707342088592,-2.6820005192959426,-2.7816232470308817,0.6239705315572825,-0.13446136889987095,-1.5682313442230225,0.052769978841145836,0.6524658203125,256
synthbuster,0,raise1k,686239,0.02568033898728418,0.1151158506682556,PNG,0.41357421875,3.1307320594787598,5.050378799438477,256,0.9263447523117065,0.31669190526008606,0.7362292408943176,0.051181646854830544,0.04323420276030905,0.0099885469291247,0.0007948273887821219,8.263423919677734,-0.028293229639530182,0.309675008058548,0.9058685302734375,-1.7740163099493707,-2.6138689428050923,-2.867062901637486,-2.9311080393915674,-2.9294291912322596,0.15369329262685794,-0.04662715308633524,-2.1996591091156006,0.443359375,0.0048828125,256
synthbuster,0,raise1k,1116777,0.6919520257460893,0.9178906783614218,PNG,0.0020294189453125,63.981834411621094,3.6832616329193115,256,1.033210277557373,0.5095621347427368,0.37561893463134766,0.2617256583427336,-0.017687268615143793,0.04372701600100958,0.028163962206508006,6.332263946533203,-0.3180568218231201,6.3174028396606445,0.2640228271484375,-0.9854459018634545,-1.6551194541331329,-2.32238509261129,-2.5543665052720144,-2.6953937475994847,0.6854067464069518,-0.14664703325529516,-1.6511317491531372,0.00469970703125,0.8921356201171875,256
synthbuster,0,raise1k,867493,0.9303072430078629,0.9556121161356045,PNG,0.19085693359375,27.193675994873047,9.687444686889648,256,1.0437207221984863,0.6076613664627075,1.348973035812378,0.18122781169781393,0.3155478060402985,0.18330375986927433,0.005591046489024494,55.78794860839844,-0.3260790705680847,5.214642524719238,0.5618896484375,-1.1963813999914592,-1.9329983972079487,-2.4133433235987205,-2.6590369654174113,-2.7878575936211147,0.6321973897209485,-0.12510564853687312,-1.4598665237426758,0.0002644856770833333,0.2350006103515625,256
synthbuster,0,raise1k,923262,0.9124038256660926,0.8647955478599729,PNG,0.068603515625,49.345680236816406,11.52061653137207,256,1.0048328638076782,0.08453267067670822,1.197621464729309,0.2625571771345953,0.049353547058296206,0.0261626626290774,-0.00034196907876297083,53.295711517333984,1.5840013027191162,7.433743476867676,0.4203033447265625,-1.4810217539801087,-2.0509631638238757,-2.597986073581257,-2.8887587384058317,-3.0626069027877723,0.6942515987247404,-0.13908033217191593,-2.1526999473571777,0.10693359375,0.422760009765625,256
synthbuster,0,raise1k,1346610,0.8818551770081623,0.9478676717104161,PNG,0.004608154296875,169.80264282226562,4.034632205963135,256,1.0086692571640015,0.41797176003456116,0.3775165379047394,0.3678389281487011,0.30559340999946133,0.2754176983716072,0.2415973209747932,9.582870483398438,0.022697359323501587,17.986549377441406,0.3077239990234375,-1.2607449089437415,-1.9255548575668566,-2.3536857266519595,-2.486085621220809,-2.6749612507443334,0.7651869015670112,-0.11010903022063426,-1.453686237335205,0.060272216796875,0.7562255859375,256
synthbuster,0,raise1k,1381898,0.7769475852915796,0.8641969693487869,PNG,0.0153656005859375,221.8697509765625,3.5924510955810547,256,0.9277304410934448,0.05461800843477249,0.37843000888824463,-0.0097774228837561,-0.11242848260602321,0.048878633539040164,0.021374591029295845,5.11601448059082,0.07037858664989471,25.035545349121094,0.3119354248046875,-0.8893018563578199,-1.4478392262438557,-1.9747356880476774,-2.2094001301125257,-2.424914315600814,0.7582294729276624,-0.13774023211577094,-1.0841052532196045,0.038167317708333336,0.66766357421875,256
synthbuster,0,raise1k,1191293,0.96316914250423,0.9622182460928024,PNG,0.0071563720703125,35.2411003112793,4.509474754333496,256,1.0314167737960815,0.4570360779762268,0.5086084604263306,0.20473615911559043,-0.061882271901091745,0.01453933972831968,0.014826118297802388,16.88323211669922,2.059183120727539,4.015781879425049,0.324249267578125,-1.2726830699981617,-1.872518138288477,-2.426110094792768,-2.7278960718653513,-2.9148461969303563,0.7405294165650762,-0.14372026322768644,-1.9182347059249878,0.00013224283854166666,0.23956298828125,256
synthbuster,0,raise1k,1119863,0.7959092414849611,0.9300499338201712,PNG,0.002349853515625,65.99628448486328,4.857441425323486,256,0.9027202129364014,0.4288463592529297,0.5545520782470703,0.4352157055011851,0.09001763490305081,0.06061101099315841,0.02944477686167748,24.749746322631836,1.0505260229110718,4.543766021728516,0.358001708984375,-1.5165740762007207,-2.4501928475989994,-3.188014455924769,-3.6564589518915485,-3.8079811350505306,0.8701328679186027,-0.19001567933293523,-2.571559429168701,0.0236663818359375,0.6322784423828125,256
synthbuster,0,raise1k,1213285,0.5698174503542174,0.8544240558179098,PNG,0.053192138671875,96.21429443359375,4.871886730194092,256,0.9901174306869507,0.01794969104230404,0.6311700940132141,0.21622440368016263,-0.10092484311166859,0.017626398912940506,0.0019180203519101973,18.169706344604492,-0.6106444597244263,8.424962997436523,0.4331207275390625,-1.2135042400538953,-2.366909585608785,-3.3187260139037074,-3.605071556152317,-3.709012652599438,0.764889983607433,-0.1895434134906173,-2.846475601196289,0.0439300537109375,0.736846923828125,256
synthbuster,0,raise1k,1211905,0.9304586301243754,0.9647790304601258,PNG,0.001373291015625,88.43341827392578,3.782306671142578,256,1.0012789964675903,0.710101306438446,0.40948188304901123,0.0620850771250766,-0.08008184204418403,0.034550507701167285,0.012396782483573848,5.715419769287109,0.2966477870941162,10.078834533691406,0.2066497802734375,-0.9709276527274735,-1.5316716038785971,-2.0165917601855217,-2.2529945541640677,-2.319451404401878,0.5691139518636854,-0.11675631905707551,-0.9924867153167725,0.0013987223307291667,0.565032958984375,256
synthbuster,0,raise1k,927599,0.7184973092475588,0.8179245208932197,PNG,0.014068603515625,55.72565460205078,6.615472793579102,256,0.9836764335632324,0.19001328945159912,0.7462776899337769,0.463980880317051,0.2822532249320349,0.24200342234620612,0.19744098115230996,45.996681213378906,0.8874375820159912,3.390634775161743,0.4907379150390625,-1.4927104206806714,-2.6963340329101335,-3.689593203658254,-4.0744550237948784,-4.23140631499674,1.0182919940248754,-0.2153411991094141,-2.624434232711792,0.07486470540364583,0.5917510986328125,256
synthbuster,0,raise1k,1385973,0.9521269251845956,0.9549745676407614,PNG,0.038055419921875,79.241943359375,5.299393653869629,256,1.0890445709228516,0.2179262936115265,0.624738872051239,0.5046010381928973,0.32015048545989044,0.3380310917959509,0.2641337422185212,12.339938163757324,-0.06478382647037506,7.322876930236816,0.34197998046875,-1.547408807307229,-2.367148132202784,-2.9254843350931585,-3.349146242587808,-3.4851880227670566,0.7688364523342557,-0.16155218743838926,-2.4134128093719482,0.044347127278645836,0.633575439453125,256
synthbuster,0,raise1k,957454,0.9055357841798736,0.9331725634455968,PNG,0.05780029296875,23.13504409790039,6.699638366699219,256,1.025754690170288,0.23324580490589142,1.1769999265670776,0.1627989899360248,-0.031085605418492177,0.016332672610856306,0.02504496239821436,56.18047332763672,-1.772948980331421,3.4252395629882812,0.4195404052734375,-0.9206729639169007,-1.688443800121612,-2.191853950369601,-2.430050745025124,-2.5356892586615682,0.538244505888863,-0.1185804919661059,-1.6315542459487915,0.17357381184895834,0.2493133544921875,256
synthbuster,0,raise1k,959305,0.8600329832631891,0.92016411568369,PNG,0.0853424072265625,92.35596466064453,7.341283321380615,256,1.016123652458191,0.02044926956295967,0.8122726678848267,0.16251412943224375,0.05856144038866364,0.15857705881417034,0.06687708921862252,31.874713897705078,-0.5943143367767334,12.339948654174805,0.47747802734375,-0.970299569007854,-1.9444671509730815,-2.390382566875032,-2.472890712350858,-2.713899749774388,0.8434097103197402,-0.13202822704302009,-1.7469985485076904,0.17477925618489584,0.4345245361328125,256
synthbuster,0,raise1k,826715,0.9704632156122762,0.9691286842468197,PNG,0.20489501953125,20.775678634643555,15.0739164352417,256,0.9253777265548706,0.7548385262489319,1.8706004619598389,0.25391648303149084,0.19579207545079122,0.1934994719912128,0.1722970749131333,128.54055786132812,-0.8530812859535217,4.330056190490723,0.61627197265625,-1.154130385843943,-1.8032762839156211,-2.2309726335464832,-2.5185687969466883,-2.5010655400104165,0.35486364535667203,-0.09698578708698158,-2.0512185096740723,0.0003560384114583333,0.13568115234375,256
synthbuster,0,raise1k,999766,0.8965692656272136,0.9415278878059659,PNG,0.05389404296875,57.346290588378906,7.181357383728027,256,1.0282388925552368,0.09662112593650818,0.8960623741149902,0.23309600741526812,0.017079809460800992,0.0403566643669567,0.012432896424240817,32.112178802490234,2.1866681575775146,7.421411514282227,0.4753265380859375,-1.3362231563084475,-1.9298796777923677,-2.521430226301324,-2.7517114745023736,-2.8421087987597486,0.6421430267938977,-0.1357856026613295,-2.451263427734375,0.01324462890625,0.5143585205078125,256
synthbuster,0,raise1k,1001618,0.5201590825524315,0.8791038711950794,PNG,0.1963653564453125,37.66801071166992,5.222713947296143,256,0.9869877099990845,0.0,0.7773441076278687,0.26769712990721617,-0.03698918099637219,0.01953742029076512,0.01411348942677638,11.118833541870117,-0.9949740171432495,4.431673526763916,0.4779815673828125,-1.0157022918032759,-1.619789679285983,-2.2338443290178347,-2.5263316007934966,-2.6338435003874032,0.6460020953915002,-0.14518828888189844,-2.0282838344573975,0.18198140462239584,0.632537841796875,256
synthbuster,0,raise1k,1138542,0.9599279828723255,0.8985474081032897,PNG,0.030364990234375,76.57443237304688,6.449718952178955,256,1.0284984111785889,0.17085376381874084,0.599794864654541,0.2784574322514914,0.06038337773196333,0.08835457212751219,0.03458988393945002,29.47516632080078,1.3243274688720703,5.6761369705200195,0.5708160400390625,-1.5757233112000613,-2.4382735085407843,-3.066327252814374,-3.324314064596086,-3.4462766312904307,0.6649779449000262,-0.14349127549254675,-2.204987049102783,0.0074615478515625,0.405609130859375,256
synthbuster,0,raise1k,946231,0.9711266082147102,0.769300336200527,PNG,0.0071563720703125,44.19062423706055,5.6334333419799805,256,0.9608964323997498,0.707137405872345,0.8650609850883484,0.10999093872645338,-0.1196670244528212,0.03591096880288803,0.012298766666352375,9.500009536743164,0.19059555232524872,4.615026950836182,0.3007049560546875,-1.450644404715499,-2.0148877973952244,-2.5929809672038466,-2.909409466854525,-3.034036960674057,0.7210481211704041,-0.14875538990659515,-1.4945324659347534,0.0,0.3887786865234375,256
synthbuster,0,raise1k,1353935,0.8926022646674272,0.9811117987034883,PNG,0.0357208251953125,109.83930969238281,5.057237148284912,256,0.991780698299408,0.3214849829673767,0.5898676514625549,0.0798531347477102,-0.09426441318174011,0.013923277312672585,-0.003072641129722331,8.918071746826172,0.8989974856376648,14.274761199951172,0.2539825439453125,-1.071449728629986,-1.6458496375347877,-2.060164266146166,-2.306013100068572,-2.3773136534068975,0.5083018932730363,-0.10663795648854779,-1.3048709630966187,0.0174560546875,0.588287353515625,256
synthbuster,0,raise1k,821419,0.9242098571792006,0.9577159250782596,PNG,0.1100311279296875,65.75634765625,6.816071033477783,256,1.0635732412338257,0.024521145969629288,0.8930342793464661,0.10845101328410495,-0.003031690961827346,0.05262858722123655,0.0339109086044192,21.875293731689453,-0.7897558808326721,7.792609214782715,0.41455078125,-1.3026337949702098,-2.021669051892303,-2.597075168924664,-2.832322373807436,-2.933565265307263,0.5871091506997583,-0.13218627791989696,-1.7558850049972534,0.15521748860677084,0.40869140625,256
synthbuster,0,raise1k,966583,0.7387555863288221,0.9641285670269022,PNG,0.024810791015625,74.80477905273438,4.4485273361206055,256,0.9910735487937927,0.131357803940773,0.6689352989196777,0.6097732281609821,0.1977579847187628,-0.03411349051330486,0.009218955508303182,7.425982475280762,0.4959883987903595,6.199239253997803,0.44915771484375,-1.033547150364492,-1.948300863417149,-2.7091383231898165,-3.0396090180938558,-3.1697086042523868,0.8284395168224981,-0.17494866092146524,-2.4569029808044434,0.028828938802083332,0.5816192626953125,256
synthbuster,0,raise1k,1090125,0.9035654210330906,0.9037804728954869,PNG,0.0567626953125,73.94528198242188,6.323119640350342,256,0.9593814015388489,0.1311587393283844,0.6703808903694153,0.4513106809400403,0.2386312988245238,0.20037051628387748,0.11739949232044256,31.286521911621094,1.1547335386276245,5.861024379730225,0.5293121337890625,-1.623986125540795,-2.387307393398972,-3.090091183651692,-3.4952068240718717,-3.5871904232396536,0.7578071753680806,-0.17060936650423703,-2.473114490509033,0.0,0.5966949462890625,256
synthbuster,0,raise1k,638268,0.9200995867819748,0.9120899755469751,PNG,0.2295074462890625,10.48666763305664,7.354657173156738,256,1.0409311056137085,0.16343063116073608,1.040184736251831,0.20408438904998558,0.03256299874494124,0.07319525851119013,0.04169709777237886,221.9289093017578,7.036656856536865,1.5965752601623535,0.6403961181640625,-1.4387229725839692,-2.326479618435103,-2.728580902567047,-2.901307637453203,-2.9731909338856113,0.46227547974919947,-0.10760840935942761,-2.5674195289611816,0.01995849609375,0.107879638671875,256
synthbuster,0,raise1k,1102205,0.8738031946230187,0.8451340576216942,PNG,0.0040435791015625,37.67691421508789,5.341580867767334,256,1.0166985988616943,0.4759213328361511,0.8418530225753784,0.4240710864166352,0.20570681562893714,0.17538411575781487,0.09069322671289935,21.958297729492188,0.011088152416050434,4.701415061950684,0.2519989013671875,-1.0483884364026776,-1.562811994367741,-2.143504763855681,-2.155865665490368,-1.9484625393990118,0.1645500907728259,-0.07935322191889027,-1.265002965927124,3.0517578125e-05,0.4007720947265625,256
synthbuster,0,raise1k,1239355,0.9676737197284789,0.9708356142022225,PNG,0.0013885498046875,104.18586730957031,4.643004894256592,256,0.9771268963813782,0.3695688247680664,0.46708986163139343,0.21248506298013586,0.06303659736644635,-0.0006883623117880488,0.017936553232745674,5.982297897338867,-0.04994567856192589,12.594257354736328,0.22479248046875,-1.24312272388529,-1.9290131188372808,-2.3748657428883426,-2.518255750520365,-2.5813374716102917,0.5505432199849274,-0.09973138535926508,-1.0552582740783691,0.0012766520182291667,0.6267852783203125,256
synthbuster,0,raise1k,1100599,0.9857417079446558,0.9887525058635276,PNG,0.01898193359375,55.33665466308594,6.710249423980713,256,1.010280966758728,0.1908755898475647,0.993344247341156,0.30719769569461536,0.06071585080695254,0.07152131215301794,0.03074049882602721,24.42208480834961,-0.49235934019088745,7.750891208648682,0.3639068603515625,-1.3167386295026633,-1.8165814876010007,-2.2541704001127494,-2.522938589409348,-2.648683661493113,0.6022280033166618,-0.11712199015910602,-2.435795307159424,0.0007273356119791666,0.340087890625,256
synthbuster,0,raise1k,1101637,0.9629948022591757,0.9864587811460491,PNG,0.004241943359375,68.65663146972656,3.833646059036255,256,1.040018081665039,0.3574361503124237,0.39329034090042114,0.08295707850421055,-0.06561917597642637,0.00780560937178978,-0.0017581245961570005,5.105337142944336,0.3761982023715973,7.688760757446289,0.2870941162109375,-1.0013655970759654,-1.58318350250443,-2.0452210870525898,-2.263164345655219,-2.370534435596956,0.5472019720688595,-0.11234477717070736,-0.9353148341178894,0.0030517578125,0.485382080078125,256
synthbuster,0,raise1k,1116641,0.6137476161300631,0.8778887185142786,PNG,0.0091705322265625,70.93885803222656,5.453721046447754,256,1.052168846130371,0.19517794251441956,0.6121306419372559,0.17052678430675489,-0.12105027335439107,-0.0003401570524208279,0.009147626386238223,13.351797103881836,-0.15219733119010925,6.657026767730713,0.367767333984375,-1.3650870175091878,-2.1124794346415907,-2.7151882258239937,-3.0576874154553204,-3.1751763746699657,0.7550368049345453,-0.154364995741969,-1.9500808715820312,0.006113688151041667,0.790435791015625,256
synthbuster,0,raise1k,1522029,0.8712395082760288,0.9696532265635216,PNG,0.003570556640625,93.03768920898438,4.456348419189453,256,0.9896181225776672,0.2089090794324875,0.5527117848396301,0.18038106110519025,-0.05970865737045322,0.16578629197881425,0.13112777562155312,12.802894592285156,0.9653335213661194,11.319001197814941,0.3477783203125,-1.1180650170489157,-1.8732809714937524,-2.3700252246005302,-2.701533032740481,-2.8828666413046715,0.7614999261386286,-0.13921409576395488,-1.7225197553634644,0.017847696940104168,0.62078857421875,256
synthbuster,0,raise1k,591882,0.994668949593011,0.9939631535790456,PNG,0.21209716796875,55.767784118652344,6.712684154510498,256,1.0600327253341675,0.06794315576553345,1.1207005977630615,0.10986965210390903,-0.07337807422696652,-0.0005146406954248203,-0.0021428986263071115,12.236625671386719,0.06601345539093018,8.110645294189453,0.47491455078125,-1.0656181020749402,-1.755670475675041,-2.2421954295486533,-2.451245183490397,-2.5804413689788053,0.6089816115174358,-0.11793685924117135,-1.395093321800232,0.0,0.1376190185546875,256
synthbuster,0,raise1k,987485,0.9399703934457293,0.9754525281921871,PNG,0.286834716796875,85.92481994628906,6.985725402832031,256,0.9977880120277405,0.012274888344109058,1.036884069442749,0.026975300385439705,-0.09432891651540277,0.027867459085225973,0.013585569871268967,19.83122444152832,1.0486222505569458,15.111801147460938,0.5611114501953125,-0.9543420742431472,-1.3667544313404072,-1.786183991318599,-1.9792675978537817,-2.0939935838272525,0.49204327762447964,-0.10094026873224748,-1.0287131071090698,0.007598876953125,0.4034271240234375,256
synthbuster,0,raise1k,1326416,0.9697412613429813,0.9887156103060053,PNG,0.0017242431640625,110.24832153320312,3.4586024284362793,256,1.0390450954437256,0.5862270593643188,0.3453541398048401,0.014844953849194924,-0.10210593594879012,0.006230069795599444,0.006455970099319281,5.309782981872559,0.7943711280822754,12.821151733398438,0.2037506103515625,-1.1910094904057793,-1.8378088885354638,-2.296521329934886,-2.545644266038881,-2.6250112905139105,0.5596125190352916,-0.11356719938876463,-1.3476241827011108,0.0028584798177083335,0.665679931640625,256
synthbuster,0,raise1k,1507323,0.9560317976967495,0.975779483425448,PNG,0.0010833740234375,88.70320892333984,3.8336615562438965,256,1.0064656734466553,0.5589259266853333,0.5367538928985596,0.5390344374560994,0.21924228021954653,0.060179111024613034,0.006973532136717398,4.258464336395264,-0.3377183675765991,10.809704780578613,0.2203826904296875,-1.071005800372486,-1.6154066123398154,-2.0604995819345167,-2.335967213502924,-2.4275649635490373,0.617918166776029,-0.12068838135605013,-1.5301862955093384,0.0011647542317708333,0.397216796875,256
synthbuster,0,raise1k,932953,0.912977077814382,0.9778422421099847,PNG,0.1651763916015625,114.77226257324219,6.2199225425720215,256,1.0550801753997803,0.01925739273428917,0.8653393983840942,0.2814963156368591,0.0357826069238431,0.0021164233815373305,-0.01604947097033599,10.689727783203125,-0.11657994240522385,15.755606651306152,0.429656982421875,-1.0686376669176179,-1.6701105514387846,-2.169538356575421,-2.4154782022844072,-2.520341631483973,0.5986261207722379,-0.12132642359383901,-1.5661795139312744,0.11849466959635417,0.503021240234375,256
synthbuster,0,raise1k,1167159,0.9300970244993642,0.9486171095067585,PNG,0.090576171875,99.13174438476562,4.41780424118042,256,0.9278972744941711,0.014313021674752235,0.5007243156433105,0.35822245262038616,0.16487602983859445,0.10558847133077884,0.0471873948229599,8.180962562561035,0.1648426353931427,11.62186336517334,0.34124755859375,-0.9720019119749663,-1.6481583923123937,-2.2106972129834395,-2.4159001714042887,-2.524994824892074,0.5865637294953094,-0.12667877998257696,-1.2183582782745361,0.0010782877604166667,0.7247467041015625,256
synthbuster,0,raise1k,1087259,0.9760362891124515,0.9863308675250123,PNG,0.0347442626953125,109.3179702758789,4.790251731872559,256,1.0195046663284302,0.04820217564702034,0.5168417096138,0.24422952565442652,0.053454627372464945,-0.12038435932842444,-0.041425297178648596,5.161432266235352,-0.2069593369960785,15.934064865112305,0.3072967529296875,-0.9761538927845717,-1.434625390152683,-1.994182819314882,-1.966715582591834,-2.020258150667824,0.1802141857406454,-0.07638804712674085,-0.8447400331497192,0.05352783203125,0.639312744140625,256
synthbuster,0,raise1k,1002883,0.9664900573238034,0.9658245758141728,PNG,0.030029296875,83.36197662353516,7.56636905670166,256,1.0034433603286743,0.059709008783102036,0.6962306499481201,0.4021580467980369,0.18867018923783502,0.18562397683591136,0.040259095280964254,40.74913024902344,-4.517361164093018,7.71993350982666,0.48675537109375,-0.861691277766794,-2.0239322156577746,-2.5497395195638592,-2.7271731381491575,-2.755734426964672,0.5366825720084805,-0.11045466931013709,-1.8476972579956055,0.012507120768229166,0.4010467529296875,256
synthbuster,0,raise1k,1473878,0.9658606507480879,0.950668461819237,PNG,0.006378173828125,113.72901153564453,6.3006272315979,256,1.004820466041565,0.21750372648239136,0.5740788578987122,0.18452854125831591,0.004215175600926039,0.022358007229345108,-0.0037290440525893738,32.41621398925781,1.2812421321868896,10.35233211517334,0.385040283203125,-1.3004694987146097,-2.1050526748223053,-2.67603000408581,-2.9243588285814317,-3.0310675063777204,0.6360307019331355,-0.13351988581202898,-1.5966802835464478,0.014338175455729166,0.517578125,256
synthbuster,0,raise1k,1131340,0.9652169214035147,0.9723032894980492,PNG,0.0038299560546875,77.96849060058594,5.223418712615967,256,1.0002844333648682,0.20692360401153564,0.5872567892074585,0.07802956179062072,-0.07737014343818285,0.007547406078687801,-0.00853247714937403,16.80345916748047,-1.6599284410476685,5.189991474151611,0.3868865966796875,-1.4364907003432972,-2.279213969887153,-2.9273213410251513,-3.2125852244891213,-3.3001754832829278,0.584492440474528,-0.13700678798715424,-1.932667851448059,0.0010782877604166667,0.4130859375,256
synthbuster,0,raise1k,1591138,0.8450051564710208,0.9616501247028909,PNG,0.0066680908203125,148.77828979492188,3.830232620239258,256,1.042884349822998,0.6104344129562378,0.32100117206573486,0.14997342552563792,-0.01813900382303855,0.010660110429797188,0.004310835587421683,4.267058372497559,-0.19591650366783142,16.44648551940918,0.2365264892578125,-1.0319616837322947,-1.6501464208365642,-2.0710131387846875,-2.2847422526839187,-2.3579293597359676,0.506625308150574,-0.10459465958017307,-0.9013267159461975,0.034617106119791664,0.8622894287109375,256
synthbuster,0,raise1k,776663,0.7655857889077623,0.8923372960651499,PNG,0.256927490234375,13.103281021118164,9.563650131225586,256,1.0055172443389893,0.19071458280086517,1.0519968271255493,0.12549858936562025,-0.09452013293085307,0.008960066795718256,0.017256602975695576,42.24462890625,0.8592392206192017,1.6360174417495728,0.7024383544921875,-1.5431139035489156,-2.4521810213326507,-3.140631206793233,-3.4565694232569943,-3.5168792440877885,0.6998894036652761,-0.15511519112041586,-3.217755079269409,0.0069732666015625,0.196319580078125,256
synthbuster,0,raise1k,907812,0.9429016016808165,0.9505785988351542,PNG,0.0242156982421875,47.18231201171875,8.484207153320312,256,0.8672025203704834,0.349640816450119,0.996482789516449,0.3516290596878756,0.1037517504311618,0.10684087228039538,0.041677872661179234,61.65119934082031,-0.9699503779411316,5.748213768005371,0.5323333740234375,-1.1348400679845172,-1.6138741284902078,-2.2254667366959078,-2.555780279809687,-2.682342228498391,0.8182145630372402,-0.1644232337678878,-1.6017439365386963,0.0005340576171875,0.3528289794921875,256
synthbuster,0,raise1k,1632813,0.930145220725633,0.9532074741115355,PNG,0.00067138671875,150.40089416503906,3.5028131008148193,256,1.0023651123046875,0.565610408782959,0.27102896571159363,0.1478087662296728,-0.07955778805231761,0.005641150619204607,0.004093951622750952,2.945723533630371,-0.20347535610198975,17.47442626953125,0.19537353515625,-0.8633238753267038,-1.3707933329124522,-1.7429424903476765,-1.9943335820706274,-2.0830365368890256,0.4818654724310747,-0.10124715769033078,-0.78971266746521,0.0015055338541666667,0.7576446533203125,256
synthbuster,0,raise1k,1241880,0.9515559496755974,0.9659697866244555,PNG,0.0025177001953125,117.1859359741211,4.571290493011475,256,1.0395561456680298,0.4685095548629761,0.44291436672210693,-0.17068395174811546,-0.11039183766386075,0.034232269334962595,0.03163941354709492,6.151637077331543,-0.08901562541723251,12.75810718536377,0.2728424072265625,-1.2291932431641515,-1.9162518112231481,-2.3210457384738348,-2.538205923500323,-2.5680921636647955,0.4874599717088772,-0.10204581748248699,-1.09867262840271,0.000213623046875,0.72039794921875,256
synthbuster,0,raise1k,1610728,0.9552481192529646,0.9805630205576952,PNG,0.0005035400390625,157.86175537109375,3.9277427196502686,256,0.9883748292922974,0.4271656572818756,0.4422830641269684,0.18366172244084022,-0.030186763629650618,0.0633732665491703,0.026326225703198067,5.212790489196777,0.07141591608524323,20.057008743286133,0.18890380859375,-0.9075244230063948,-1.4761183004243854,-2.0064592935448893,-2.1753759615609534,-2.2730609086252773,0.5954646902390719,-0.11504073644081914,-1.156463623046875,0.005472819010416667,0.8592529296875,256
synthbuster,0,raise1k,1182518,0.8914708451052912,0.9756708400631154,PNG,0.122711181640625,104.85908508300781,5.942808628082275,256,0.9006660580635071,0.0,0.7477439641952515,0.20353229619662092,0.029863129061894277,0.0651362934406865,0.020456501943469374,18.15707778930664,1.923610806465149,13.22585391998291,0.375732421875,-1.3251541696850042,-1.9833450589898813,-2.522258466244508,-2.6766666534207193,-2.770864625168696,0.4736623060363252,-0.11262442048577082,-1.7456178665161133,0.1245574951171875,0.4995574951171875,256
synthbuster,0,raise1k,1593996,0.862141732989168,0.9239364896450615,PNG,0.000579833984375,189.28948974609375,2.984025716781616,256,1.002051591873169,0.6864132881164551,0.1703505963087082,0.24215187541090402,-0.07623844227483365,0.012448342228535922,-0.001708800062487909,4.255834579467773,-0.007980679161846638,15.5145902633667,0.26861572265625,-0.7460253173051683,-1.466617867568985,-2.1616835254417053,-2.444996886863377,-2.6141880958953303,0.8369313897597337,-0.16425769543434351,-1.3050262928009033,0.0630645751953125,0.7491302490234375,256
synthbuster,0,raise1k,1119678,0.7797625979822351,0.8154707610195946,PNG,0.0051422119140625,107.47960662841797,5.241795539855957,256,0.9492216110229492,0.286539763212204,0.4882543683052063,0.037152548770543005,-0.09780015939363182,-0.0008636220227114011,0.004448029729276599,24.24432373046875,-1.1430683135986328,7.329333305358887,0.45025634765625,-1.404314364504101,-2.3524371946602214,-3.10319151229893,-3.4617832575820593,-3.6238815671256956,0.8820778185709424,-0.1782528827616081,-2.344308853149414,0.0797271728515625,0.794189453125,256
synthbuster,0,raise1k,800122,0.7020002368773011,0.9091226992303573,PNG,0.0552520751953125,49.86668014526367,12.937191009521484,256,0.9946582317352295,0.17015409469604492,1.2433949708938599,0.4485223446112251,0.03424118318666643,0.11307752439027016,0.04932788445151782,81.66898345947266,2.239470958709717,6.780058860778809,0.4546356201171875,-1.159470101095283,-1.6175414790878193,-2.621407297116014,-3.0528963810807968,-3.2677333901148264,1.2179229357222159,-0.24105735099426248,-2.677999973297119,0.12813313802083334,0.2556610107421875,256
synthbuster,0,raise1k,1138880,0.9066389810312041,0.9442526918710796,PNG,0.0325164794921875,81.06126403808594,7.989100933074951,256,1.08914315700531,0.12420893460512161,0.9323143362998962,0.29906856855190855,0.07006832593874243,0.06745870982288517,0.017107105770357307,36.79154586791992,-0.19569051265716553,9.156974792480469,0.4463958740234375,-1.0873709980599964,-1.9201882076072128,-2.6057552837462348,-2.912210246765194,-3.0310540513258397,0.8170206466105894,-0.1666417399471202,-2.051776647567749,0.07370503743489583,0.513916015625,256
synthbuster,0,raise1k,962733,0.9723875693918063,0.9822649012509608,PNG,0.0405426025390625,37.66450881958008,9.372184753417969,256,1.0264521837234497,0.39684027433395386,1.2808754444122314,0.2575602720416167,0.044296509010686096,0.0608015589850291,0.0379795353098224,31.854045867919922,0.9935582280158997,5.772451400756836,0.428741455078125,-1.0799164154622227,-1.9647888815360233,-2.2388368997169446,-2.5804145728937957,-2.727357941228065,0.6620656069584303,-0.1179211012470354,-1.9106357097625732,3.0517578125e-05,0.3109893798828125,256
synthbuster,0,raise1k,1036565,0.9593909576782388,0.9470075812387553,PNG,0.0104217529296875,76.49183654785156,5.621811389923096,256,0.9219434261322021,0.29157987236976624,0.5070845484733582,0.21168388658291357,0.029354002826577054,0.006443225809285647,0.030696453907513396,20.40751075744629,2.326387643814087,9.095826148986816,0.3543701171875,-0.9780734444178565,-1.602801801374592,-2.22407882736088,-2.5509001277146215,-2.7372758023019026,0.8195273751275449,-0.15762622254688452,-1.5728034973144531,0.0030924479166666665,0.4342498779296875,256
synthbuster,0,raise1k,1364219,0.9630066397056553,0.9710446804322238,PNG,0.0340423583984375,104.80607604980469,4.915820598602295,256,0.9889243245124817,0.10937304049730301,0.650943398475647,0.06407967884106537,-0.07939574474495438,0.02786154251123812,0.014665627935348594,8.987689971923828,0.06029505282640457,12.39169979095459,0.3029327392578125,-1.1292067201142322,-1.7611268401264812,-2.2755902211595966,-2.498949277889091,-2.6138907122691526,0.5994474823045186,-0.12314622552935033,-1.464683175086975,0.001800537109375,0.651519775390625,256
synthbuster,0,raise1k,928071,0.6957006561259351,0.8876349348710384,PNG,0.03399658203125,44.673095703125,4.767544746398926,256,0.9782009720802307,0.17169146239757538,0.6029013395309448,0.2625017621993871,0.0054137986684005095,0.0816276530248675,0.05330785192654998,12.8453369140625,0.11424298584461212,4.375599384307861,0.403472900390625,-1.0627882056888804,-1.8384108304050866,-2.3573166421967056,-2.6444194441422058,-2.7423649666614116,0.638663292583586,-0.13029744100216104,-2.146469831466675,0.0073089599609375,0.727996826171875,256
synthbuster,0,raise1k,1169627,0.8768398461586332,0.9149645000651464,PNG,0.0025787353515625,89.52253723144531,4.128349304199219,256,1.0089211463928223,0.27847540378570557,0.47224339842796326,0.4073712308138355,-0.015239342886810874,-0.003588400355615459,0.012752035230146763,13.339513778686523,0.586032509803772,6.517088413238525,0.3679046630859375,-1.1046367166863051,-2.0667788712394497,-2.8582831495283827,-3.301900462418484,-3.443339450705918,0.9191704289793785,-0.19511701203556522,-2.4539196491241455,0.003326416015625,0.8741912841796875,256
synthbuster,0,raise1k,1072647,0.9603064362001432,0.9777861450361769,PNG,0.0013580322265625,72.75916290283203,3.325439453125,256,0.9918485283851624,0.35813403129577637,0.36377543210983276,0.1772522113136828,-0.019995535307110957,0.03001049128513472,0.013601595024938134,4.190849304199219,0.3753887712955475,7.781818866729736,0.2313995361328125,-1.3391728187534904,-1.9430242490190395,-2.386298092771016,-2.6041331840706095,-2.6843452359039377,0.4977269723237514,-0.10654387785346218,-1.2825267314910889,7.120768229166667e-05,0.6265411376953125,256
synthbuster,0,raise1k,1233688,0.8475935348178236,0.9314410939357434,PNG,0.0340576171875,133.54205322265625,5.980175018310547,256,0.8815016150474548,0.13592131435871124,0.5585115551948547,0.17277701993309372,0.0173031222255567,0.15121729783870083,0.07705273857357012,22.917085647583008,-0.3625761866569519,11.882772445678711,0.4231719970703125,-1.4664295331765542,-2.4027940890178634,-3.0062813458692625,-3.268002690440146,-3.3115747162845794,0.620095348834699,-0.13487043797413897,-1.8030229806900024,0.039128621419270836,0.7227020263671875,256
synthbuster,0,raise1k,1021739,0.8632865688805507,0.8914022225181476,PNG,0.070831298828125,21.277318954467773,7.237386703491211,256,0.9902776479721069,0.39571619033813477,1.0414024591445923,0.2612410586311274,0.012428641237195143,0.07064613410594371,0.03587465422647223,26.781211853027344,1.347463846206665,3.162562608718872,0.511932373046875,-0.9800035642885714,-1.61167100431621,-2.1084510285755043,-2.5563718642040696,-2.66801937257323,0.9009577422693829,-0.16182275416686007,-1.453485369682312,6.103515625e-05,0.300750732421875,256
synthbuster,0,raise1k,1250533,0.9782463447393561,0.9825494971369275,PNG,0.0006561279296875,103.75206756591797,2.927218437194824,256,1.003442406654358,0.7156514525413513,0.21439552307128906,0.12871672373397194,-0.11029352455596617,0.001694171893880366,0.001615427108212566,1.7368226051330566,-0.3519447147846222,10.826369285583496,0.2075958251953125,-0.9319491612590314,-1.476979331708316,-2.059595504526598,-2.3138968964067974,-2.3918236662010424,0.6138528580404623,-0.13168909228216036,-1.0869495868682861,2.0345052083333332e-05,0.4067840576171875,256
synthbuster,0,raise1k,1056891,0.9020188093966975,0.9666083918853615,PNG,0.04876708984375,109.25418090820312,6.4413557052612305,256,0.989424467086792,0.02685558795928955,0.7632773518562317,0.1448221241313969,0.044607009997474995,0.060972463909331004,0.04418921559961972,14.704547882080078,1.944445252418518,13.664682388305664,0.3248138427734375,-0.8344917007610864,-1.5442997211173388,-1.9325412715608836,-2.214464421741983,-2.3129795463651845,0.5579035153693841,-0.11219327400392111,-1.268407940864563,0.012456258138020834,0.5382537841796875,256
synthbuster,0,raise1k,1013203,0.9456782614580418,0.9890842358967964,PNG,0.1016845703125,72.47380828857422,6.549333095550537,256,1.0122525691986084,0.09564012289047241,0.9679020047187805,0.13218393594507102,-0.05724482075225139,0.02750406677455983,0.027342121358753243,14.81611442565918,0.6625154614448547,10.204543113708496,0.5251617431640625,-1.323486421867658,-2.027370376924762,-2.5379631838614864,-2.7455300278674253,-2.832532706868644,0.5845581167742742,-0.12024330355758546,-1.468851089477539,0.050633748372395836,0.3566131591796875,256
synthbuster,0,raise1k,866184,0.7889900521152555,0.8900328520193588,PNG,0.0237579345703125,25.779449462890625,6.718592166900635,256,1.0216225385665894,0.317875474691391,0.9087523818016052,0.002502344769919596,-0.09880034330836025,0.06479274350745197,0.007707016293983234,26.260175704956055,-1.6098356246948242,1.920534610748291,0.3980255126953125,-1.7359613154878035,-2.2986608121084515,-3.507819929699349,-3.5702922798633487,-3.5854209818819074,0.44892169080777844,-0.1707342819011857,-2.107598066329956,0.021046956380208332,0.1707000732421875,256
synthbuster,0,raise1k,1319787,0.965816922196566,0.9350559777190859,PNG,0.00250244140625,158.0191192626953,4.7731852531433105,256,0.9628176093101501,0.2541237473487854,0.47829103469848633,0.14363717769783566,-0.011580560817995215,0.053897527460345124,0.06702119045882803,15.305721282958984,1.8906031847000122,18.578508377075195,0.289642333984375,-0.8797928420988903,-1.5168719203002965,-2.309110292379632,-2.5594344359973267,-2.7400521546063086,0.5682927351883604,-0.1564120955256452,-1.4149950742721558,0.0162353515625,0.6091461181640625,256
synthbuster,0,raise1k,792202,0.7050526050967866,0.7764574389879544,PNG,0.011962890625,39.63887405395508,6.3538055419921875,256,1.041670799255371,0.2755015194416046,0.6066787838935852,0.28908232445392446,-0.04347301789790096,0.004982532439859756,-0.001449514039464972,60.321067810058594,-0.7554537057876587,2.581629753112793,0.586761474609375,-1.4407898416866063,-2.4376733497257215,-3.245871252922684,-3.6980582164105815,-3.824193821896353,0.980117851846936,-0.20367565631705323,-2.6631669998168945,0.15656026204427084,0.508697509765625,256
synthbuster,0,raise1k,1083566,0.9042081954264186,0.951472915510112,PNG,0.044403076171875,119.93013000488281,4.114639759063721,256,1.0077884197235107,0.2965492308139801,0.47471415996551514,0.21230690773845803,0.046818861940526,0.06695756722625272,0.040163154635528324,5.837649345397949,0.22245091199874878,15.602014541625977,0.2426300048828125,-1.0231932820154617,-1.5597970729783972,-1.9502220415846026,-2.0789160207860418,-2.1641561687908943,0.39650955441174585,-0.08440407495956945,-0.7790560126304626,0.0533294677734375,0.8519439697265625,256
synthbuster,0,raise1k,1019618,0.9841882425316348,0.98489177379104,PNG,0.2318115234375,62.46626281738281,7.314072608947754,256,0.9395302534103394,0.02242254838347435,0.9130929708480835,0.3819581706252302,0.2744207833763709,0.18611690640082526,0.04315334830755925,22.472986221313477,1.5116486549377441,9.310759544372559,0.4922637939453125,-1.1401056361537023,-1.908256534720393,-2.4996665145307952,-2.6464752562552327,-2.7328777465714795,0.5962262997660561,-0.12182322353093189,-1.7431021928787231,0.0002543131510416667,0.3503875732421875,256
synthbuster,0,raise1k,765200,0.7424754201588738,0.8738770627480911,PNG,0.062255859375,29.028898239135742,10.653824806213379,256,0.9656020402908325,0.20986509323120117,1.0838357210159302,0.189241555266348,-0.0055457238178270325,0.03084132564639031,0.0008436783313884652,232.04197692871094,-6.228688716888428,2.1626272201538086,0.71337890625,-1.6608100590086465,-2.718093076510635,-3.406985542909208,-3.7502436753178197,-3.929506342563216,0.9368840590323639,-0.1780836712929717,-2.5842785835266113,0.022435506184895832,0.3240814208984375,256
synthbuster,0,raise1k,1703677,0.8726038489665651,0.9662653986661476,PNG,0.0004119873046875,151.1495361328125,3.4365227222442627,256,0.9947490692138672,0.4860929846763611,0.3102991580963135,0.1704177030828084,-0.04445240920584186,0.014884791490226094,0.006420830685203241,3.3184475898742676,0.35093504190444946,17.159502029418945,0.1957550048828125,-1.0983869420135024,-1.6670078600620393,-2.1255146254409265,-2.3571209320554285,-2.446639778116092,0.5765263598256345,-0.11316448585314227,-1.1083285808563232,0.012003580729166666,0.8244171142578125,256
synthbuster,0,raise1k,1098975,0.8407377224935954,0.8998895023497737,PNG,0.0414886474609375,40.18741989135742,6.028956413269043,256,1.0261832475662231,0.1954771727323532,0.8643216490745544,0.33503896632532076,-0.007357541303348046,-0.01431496834374194,0.0031911006270651018,30.29058837890625,1.8209155797958374,4.615164756774902,0.4356231689453125,-1.4731395633077504,-2.196382930053411,-2.8387323214263684,-3.1589453752568932,-3.302931893148905,0.8382551456849052,-0.16106413467813693,-2.4134762287139893,0.0018412272135416667,0.516357421875,256
synthbuster,0,raise1k,810305,0.9649872653517765,0.9914805655256809,PNG,0.185455322265625,88.64598083496094,8.403345108032227,256,0.8589333295822144,0.01614171639084816,0.8090553879737854,0.36560810797007237,0.21464102924773074,0.2669956086149341,0.19124776583018313,35.09687042236328,3.7611899375915527,9.548190116882324,0.576904296875,-1.4887457078860358,-2.1408071038077985,-2.873572628179619,-2.9036635232807004,-3.1968256768581202,0.9135915493790971,-0.1541893928258592,-1.8652480840682983,0.048441569010416664,0.3160858154296875,256
synthbuster,0,raise1k,1231129,0.982884129962611,0.9913155264228755,PNG,0.007080078125,177.64340209960938,3.9686522483825684,256,1.0040805339813232,0.3498162031173706,0.35461321473121643,0.4258101740179882,0.21765822070662458,0.2286695111556678,0.1946644728955593,7.735495567321777,-0.045078784227371216,16.10248565673828,0.3009185791015625,-0.6350144954484289,-1.4689051747256823,-2.1337685096858756,-2.5386087915191604,-2.731539607132242,0.8810382518054158,-0.17463964046541283,-1.5229060649871826,0.007466634114583333,0.536163330078125,256
synthbuster,0,raise1k,1300246,0.808882338998701,0.9784509034493625,PNG,0.0071868896484375,118.00971221923828,4.247620105743408,256,1.0003176927566528,0.2622297704219818,0.4824095070362091,0.3041647180515715,0.07064000632939639,0.07096376804335716,0.016908881019078736,5.765915870666504,0.07423794269561768,12.6997652053833,0.2495269775390625,-1.213886956036987,-2.0137675968016957,-2.5469088344338022,-2.8005693210134455,-2.9296763965247763,0.6355123243761396,-0.12921755246256006,-1.469519853591919,0.020360310872395832,0.780731201171875,256
synthbuster,0,raise1k,788648,0.9735389592868812,0.9775549229311642,PNG,0.6962432861328125,29.181337356567383,12.467020034790039,256,1.03169846534729,0.0,1.8008992671966553,0.004897905987773028,-0.12043616509168639,0.0313631902498682,0.017328393001417915,32.18068313598633,-1.6766436100006104,6.531229496002197,0.8156280517578125,-0.6940845439537986,-1.2720258251674093,-1.7167385264313806,-2.0048249276095103,-2.079464784095883,0.6004338930881321,-0.12512418977310863,-1.5400551557540894,0.7791951497395834,0.1302947998046875,256
synthbuster,0,raise1k,1087616,0.9340436024035857,0.9154175581394638,PNG,0.004913330078125,86.63392639160156,5.8067216873168945,256,1.0190056562423706,0.2737981975078583,0.5857632756233215,0.21483336843533474,-0.028237538506987826,0.013337263457945274,0.02051022925412977,32.242645263671875,0.8717076182365417,9.09264850616455,0.452850341796875,-1.5919144128022165,-2.4878973310770727,-3.134895638405988,-3.3771765474310174,-3.5266970064213723,0.7557689422632272,-0.15296243356714068,-1.9886819124221802,0.009801228841145834,0.7458343505859375,256
synthbuster,0,raise1k,1218101,0.8945043670896745,0.9234308770145437,PNG,0.0031280517578125,136.47134399414062,4.5952606201171875,256,0.967670202255249,0.10496845841407776,0.46981167793273926,0.3686856399046659,0.23948352926016275,0.28815757836013833,0.18108428216541178,9.513772010803223,0.27911999821662903,15.271289825439453,0.2796173095703125,-1.0688264658470654,-1.6836571638918532,-2.253129854616909,-2.501151646442528,-2.5425354364929103,0.4432748989846882,-0.12332890089120954,-0.911147952079773,0.0029398600260416665,0.760284423828125,256
synthbuster,0,raise1k,1444676,0.9590179231685747,0.9681279113934893,PNG,0.002197265625,70.60128021240234,4.732812404632568,256,1.0094475746154785,0.3620437979698181,0.5497378706932068,0.2137725627099396,-0.031060654509961143,-0.07021916676916856,0.009096542394651432,9.780543327331543,-0.23306120932102203,8.040251731872559,0.2560882568359375,-1.3209583727565066,-1.8786387646580742,-2.32072509601002,-2.566462563735638,-2.642200390981987,0.5712246472801059,-0.11183079820759304,-1.239823818206787,1.0172526041666666e-05,0.5188140869140625,256
synthbuster,0,raise1k,1030665,0.6510453645268417,0.5875610584471911,PNG,0.062255859375,15.125389099121094,5.519628047943115,256,0.9803469181060791,0.30813613533973694,0.8679296374320984,0.12101376049941175,0.07428999657072355,0.09671984762372089,0.03297226864422356,102.56652069091797,-2.470888137817383,1.0886601209640503,0.689117431640625,-2.025386372482445,-3.106611972376781,-3.541963387962591,-3.652855714623525,-3.684202006282087,0.34444880010944834,-0.08212996822754719,-3.292539596557617,0.032007853190104164,0.3267059326171875,256
synthbuster,0,raise1k,939622,0.9569612827763565,0.9699276645111192,PNG,0.0850372314453125,41.67138671875,8.219847679138184,256,1.0667805671691895,0.11522428691387177,1.0745320320129395,0.15535913446842764,0.15754857177163376,0.1441012213412345,0.028907330591944537,30.773704528808594,0.45891273021698,6.392488479614258,0.4134521484375,-1.0715111214459832,-1.8158357937729237,-2.489046234754981,-2.5027197568351767,-2.591106154432814,0.4703047544115515,-0.11345192428510595,-1.4793885946273804,0.0002492268880208333,0.3111419677734375,256
synthbuster,0,raise1k,1020534,0.8900689831768831,0.9639899488549755,PNG,0.085418701171875,47.255218505859375,12.275370597839355,256,0.9426196217536926,0.08671438694000244,1.3460805416107178,-0.08747303100628966,0.03904507661283831,0.14317264830944407,0.06211540260108287,30.894954681396484,-3.406452178955078,5.758007049560547,0.5028228759765625,-1.217811423373644,-2.174427902624914,-2.7423797603579043,-2.884423449466877,-3.0626250498615795,0.6572509531097452,-0.12290964899781048,-2.059098482131958,0.09586588541666667,0.2999267578125,256
synthbuster,0,raise1k,1312986,0.9330031125655417,0.9246929443697571,PNG,0.0051116943359375,95.3561019897461,5.823088645935059,256,1.0152267217636108,0.21021291613578796,0.589242696762085,0.1292989766333436,-0.025033964177766425,0.09128468418241892,0.04637569861320507,21.714941024780273,1.0067546367645264,8.073905944824219,0.3235931396484375,-1.0433993039379965,-1.809574566300566,-2.407621091300726,-2.6265454991796595,-2.738592645149234,0.5271534566895486,-0.12194185762452568,-1.5477195978164673,1.0172526041666666e-05,0.6727294921875,256
synthbuster,0,raise1k,876220,0.9459125516846506,0.9475018096320236,PNG,0.137939453125,32.80866241455078,6.018489837646484,256,0.9834417700767517,0.06284278631210327,0.878184974193573,0.21235790963885495,0.03665471882524874,0.037845839625041615,0.005557056764619654,13.070917129516602,0.014736456796526909,3.9849119186401367,0.452606201171875,-1.2089245006608005,-1.915337431737063,-2.389595466791241,-2.597668950136921,-2.6624262281483597,0.5107592587708236,-0.11382791803631491,-1.592940330505371,0.027943929036458332,0.2093505859375,256
synthbuster,0,raise1k,1241720,0.8774465166187156,0.7205576080205544,PNG,0.0127410888671875,186.1936492919922,3.4144885540008545,256,0.9649879336357117,0.5621276497840881,0.25926825404167175,0.21815905711953257,-0.14708023381460886,0.0066957137439509025,0.010126178211432758,4.640610218048096,-0.24158354103565216,15.209677696228027,0.2813873291015625,-1.006096566932956,-1.7303345084629411,-2.4443321379056595,-2.86606975299264,-3.017109843206544,0.9325774631196335,-0.18582804801787536,-1.680803894996643,0.0876312255859375,0.810699462890625,256
synthbuster,0,raise1k,1044132,0.9835610531077423,0.9884420802737436,PNG,0.0168304443359375,121.44795989990234,5.043586730957031,256,0.9951709508895874,0.16377893090248108,0.498241662979126,0.10323062558718514,-0.007639123826860347,0.05770950563612853,0.020647761878564968,14.617141723632812,-1.1475099325180054,13.498258590698242,0.3259124755859375,-0.9436369294930369,-1.6946631766929015,-2.27057216941557,-2.503790933697263,-2.5014457361111253,0.5094771823442645,-0.1286394771234885,-1.200376272201538,0.004938761393229167,0.49798583984375,256
synthbuster,0,raise1k,1001054,0.8060870906820368,0.9424822116199312,PNG,0.1414794921875,65.15994262695312,6.77021598815918,256,1.22911536693573,0.034857939928770065,0.9984968304634094,0.4591416572577508,0.20319523893192962,0.20581207085429165,0.14600525893239194,23.603517532348633,1.5135389566421509,8.03477668762207,0.5477752685546875,-0.9478639917960097,-1.5418944602473648,-2.1962255022283097,-2.4833111021936833,-2.574322021188234,0.7098651981675221,-0.14593933074904733,-1.8234020471572876,0.012171427408854166,0.4499664306640625,256
synthbuster,0,raise1k,1441064,0.831182243728816,0.9685232869058038,PNG,0.003265380859375,100.27056121826172,4.493575096130371,256,0.9860966801643372,0.20458568632602692,0.48853135108947754,0.23677039203890798,0.01916612056864058,0.026672220928984063,0.014605745418724694,7.356659889221191,0.5789971947669983,13.753107070922852,0.304718017578125,-1.117365862481031,-1.8429394407421524,-2.1574592773106342,-2.342754469532421,-2.520889849095071,0.4437599521835027,-0.08672408199745947,-1.1875373125076294,0.022028605143229168,0.629150390625,256
synthbuster,0,raise1k,1186572,0.9702577272737878,0.9681824041165207,PNG,0.0138702392578125,112.47529602050781,4.200151443481445,256,1.0169426202774048,0.04071356728672981,0.5189197659492493,0.3479742566580494,0.19778983764313007,0.18500950777226358,0.10826708194140207,6.319064140319824,-0.45505860447883606,13.758854866027832,0.261383056640625,-0.9447467554538269,-1.544852195106258,-1.9914875950696311,-2.2555797960661366,-2.358639233089117,0.5952608958409851,-0.11807479675015245,-1.2363581657409668,0.0006612141927083334,0.688018798828125,256
synthbuster,0,raise1k,905813,0.9462847954572412,0.9664638698255681,PNG,0.3643035888671875,48.2950325012207,9.919747352600098,256,1.0563561916351318,0.0,1.2450661659240723,0.2267059446545095,0.048176805618308415,0.0868680560433352,0.012296147291456947,40.35005187988281,0.5782237648963928,8.250714302062988,0.580078125,-1.2270727669403243,-1.9053733290034423,-2.376447861586545,-2.5887645859644595,-2.7062121857660335,0.5281849786916775,-0.1096430932757784,-2.424286365509033,0.3199818929036458,0.3861236572265625,256
synthbuster,0,raise1k,936475,0.9881823084400907,0.9729825168420917,PNG,0.0787811279296875,96.92975616455078,4.6386566162109375,256,0.9631254076957703,0.02175683155655861,0.7215228080749512,0.709456831634814,0.578881539597851,0.5378888232190349,0.46587948471964125,7.152271270751953,0.5684569478034973,12.43359661102295,0.3066253662109375,-0.9058087415534519,-1.2625249398929297,-1.627040055145419,-1.9088536549692243,-1.9716643059246906,0.4314460427940645,-0.10088093475975028,-1.0698704719543457,0.032094319661458336,0.5166168212890625,256
synthbuster,0,raise1k,1460108,0.6627375876476577,0.9310296261325108,PNG,0.017730712890625,135.46319580078125,4.032013893127441,256,0.9979283809661865,0.47269293665885925,0.4017229378223419,0.2501457201643856,0.019933549838500868,0.05999185610518763,0.030260696746185468,5.945588111877441,-0.042019184678792953,15.756084442138672,0.2469482421875,-0.7892380459625183,-1.410160554105099,-1.8805739351325235,-2.1447124004776192,-2.256864181554749,0.5997702788020769,-0.12135551147715613,-1.2255862951278687,0.06573994954427083,0.848052978515625,256
synthbuster,0,raise1k,1500885,0.6961715733181684,0.9519874195009687,PNG,0.000579833984375,124.36305236816406,3.3447799682617188,256,1.0084307193756104,0.611819863319397,0.27389904856681824,0.29469887045872606,-0.08914195451224319,0.007445261098742651,0.008334806087526488,3.3888955116271973,-0.31710395216941833,12.16908073425293,0.2256622314453125,-0.8455934323741712,-1.5092165351336018,-2.1140515139204776,-2.413336793774895,-2.510714273462038,0.7247740537650857,-0.1471688804262982,-1.5816082954406738,0.012054443359375,0.829376220703125,256
synthbuster,0,raise1k,1216776,0.9162677552507779,0.9519791935082625,PNG,0.214599609375,77.50257110595703,6.474438190460205,256,0.9326155781745911,0.03590956702828407,0.9809843897819519,0.33925566788515765,0.06337196511321612,0.06320173880175703,0.02249008778698681,15.993400573730469,0.4012512266635895,11.23052978515625,0.4781646728515625,-0.9288041124859028,-1.6334191299250804,-2.0980511981369894,-2.3924954414988964,-2.4545341002653958,0.639859708871878,-0.12448015127925421,-1.6740586757659912,0.016718546549479168,0.4221954345703125,256
synthbuster,0,raise1k,1130831,0.9251614245416953,0.914560989014899,PNG,0.019073486328125,134.77386474609375,5.247642517089844,256,0.9753919839859009,0.08442956209182739,0.5550082921981812,0.3290390352364619,0.103427621096012,0.15206447904892326,0.024260591358618792,19.975675582885742,-0.5163731575012207,11.373779296875,0.447998046875,-1.31609173069881,-2.181367604017833,-2.8774845909560023,-3.212776534309418,-3.293803846128518,0.863895649967759,-0.1618006637131761,-1.9191153049468994,0.060597737630208336,0.6813201904296875,256
synthbuster,0,raise1k,911077,0.8578824242427168,0.9037381450386053,PNG,0.058013916015625,39.44969940185547,7.266877174377441,256,1.0119661092758179,0.1811169534921646,0.7321920990943909,0.3537724898071444,0.007941671184327901,0.008228144925431308,0.0024580062712740653,72.13155364990234,-2.438822031021118,2.7271335124969482,0.684112548828125,-1.2887511456272147,-2.3204791741452704,-3.330213144427531,-3.7309894013722236,-3.8941078326588405,1.0930426206845656,-0.22915433663293988,-2.4805078506469727,0.059468587239583336,0.36651611328125,256
synthbuster,0,raise1k,832329,0.9740815711647388,0.9612542703285624,PNG,0.07891845703125,82.70195007324219,5.520068168640137,256,1.0382273197174072,0.15395434200763702,0.6085982918739319,0.3035593493626829,0.18353595320914903,0.15652128398222248,0.15793096665855944,15.170431137084961,-1.5385633707046509,10.797239303588867,0.3644561767578125,-0.8240737247366523,-1.5607108885989547,-1.9204857967855835,-2.175988829819577,-2.278639075299652,0.5043909086375855,-0.10483822180015565,-0.9559453129768372,0.11893717447916667,0.469573974609375,256
synthbuster,0,raise1k,1022188,0.9308727620840662,0.9483166317042652,PNG,0.0735321044921875,50.07981872558594,10.502119064331055,256,0.9960355758666992,0.29536011815071106,1.3495961427688599,0.326913578176759,0.11460538919045936,0.046532753958017425,-0.0041271066619518225,45.479698181152344,0.021437646821141243,7.754965305328369,0.531402587890625,-1.044671169314359,-1.9631958126679558,-2.497897600820621,-2.717914983518929,-2.741691109065897,0.5276116834678719,-0.1136542589547097,-1.626653790473938,0.0310211181640625,0.3377838134765625,256
synthbuster,0,raise1k,630741,0.7568922848238231,0.7748140974634135,PNG,0.1549530029296875,6.698418617248535,8.69202709197998,256,0.9693000316619873,0.3546580672264099,1.6796422004699707,0.16429618325400808,0.030553539168636554,0.0622496459864863,0.026776496010473803,305.9212646484375,-7.737650394439697,0.8049321174621582,0.80120849609375,-1.8860982194888178,-2.8118511555734247,-3.0402025923515295,-3.1283932896969313,-3.124869894083079,0.1584691606025448,-0.04799555335765348,-1.9973162412643433,1.0172526041666666e-05,0.0631561279296875,256
synthbuster,0,raise1k,1452553,0.9058506258450169,0.940226669560238,PNG,0.00201416015625,70.8920669555664,4.45564079284668,256,0.9443924427032471,0.4441758394241333,0.5480104088783264,0.2514324890928006,0.052727870977782865,0.03171633566058402,-0.024070237433756747,9.093116760253906,-0.38237038254737854,8.720696449279785,0.227203369140625,-1.150052620059606,-1.759627275190132,-2.2241829300246643,-2.458190370609315,-2.524763259146262,0.5187053625193014,-0.11027463005134863,-1.771337628364563,0.0001068115234375,0.46783447265625,256
synthbuster,0,raise1k,1008602,0.9414370108130447,0.9833269027128794,PNG,0.0848236083984375,62.35935974121094,8.08231258392334,256,0.9859453439712524,0.21672788262367249,1.0210520029067993,0.20741707615704677,-0.04906809521102699,0.00507524498651415,0.0024269060612028327,24.129947662353516,0.45079997181892395,8.24348258972168,0.5076141357421875,-1.1779096351948075,-1.9217405748271785,-2.4906024320827784,-2.7710086110736913,-2.831201371293587,0.5703508088804812,-0.12890150164974468,-1.7871171236038208,0.14571126302083334,0.3717193603515625,256
synthbuster,0,raise1k,892545,0.9346516473704304,0.9667479086357863,PNG,0.0880584716796875,28.14227294921875,7.647037029266357,256,1.017539381980896,0.22790582478046417,0.9711807370185852,0.24691883183585112,-0.0059241018964448595,0.04352928755060397,0.016702674063943466,26.92280387878418,0.5679263472557068,3.825728178024292,0.572509765625,-1.534659795912635,-2.280609991439394,-2.8610328076331077,-3.025061143083027,-3.167827549668587,0.5873029755671633,-0.12493182093562652,-2.0809531211853027,2.0345052083333332e-05,0.2679290771484375,256
synthbuster,0,raise1k,983454,0.9835455499941124,0.9885194607109806,PNG,0.0605316162109375,90.5025405883789,6.784860134124756,256,0.9417092800140381,0.03731166198849678,0.8660662770271301,0.5502796932187165,0.40832315069628616,0.3897726007816443,0.30209268812729173,16.84015655517578,-1.2032861709594727,11.175902366638184,0.4388580322265625,-1.4830636496545173,-2.401784950318066,-2.773711805747328,-3.0586680999800997,-3.2173298252462725,0.6782398823026723,-0.11958898124034101,-2.437666416168213,0.0004475911458333333,0.3567047119140625,256
synthbuster,0,raise1k,1174921,0.9780902859414101,0.9903603681346362,PNG,0.0708770751953125,74.53438568115234,6.731945037841797,256,0.9967211484909058,0.07207056879997253,0.929803729057312,0.22577884640752968,-0.01622376415411839,-0.0016251115636579869,-0.004737202138616664,17.303890228271484,1.0890066623687744,11.206401824951172,0.3835296630859375,-1.4132998762975273,-2.075396849538061,-2.3970341863991447,-2.592543390135268,-2.682275541420964,0.46831702835840794,-0.08985991616253128,-1.5724574327468872,0.039042154947916664,0.417877197265625,256
synthbuster,0,raise1k,850415,0.9381888175530739,0.935520931680271,PNG,0.101043701171875,21.695730209350586,9.788243293762207,256,0.9947210550308228,0.2572745978832245,1.3844162225723267,0.5550975673439458,0.18148840680370948,0.08622876484652484,0.04115940296391207,60.164939880371094,4.449175834655762,2.6679937839508057,0.6363372802734375,-1.4914330831596523,-2.3236943853329146,-2.98637105179178,-3.2879644059656785,-3.388529548784043,0.7011884139803914,-0.1499930363068614,-2.9109044075012207,0.009770711263020834,0.249298095703125,256
synthbuster,0,raise1k,1145744,0.8680938051740548,0.9279268567135385,PNG,0.0073089599609375,50.4365234375,5.753067493438721,256,0.9754246473312378,0.24137620627880096,0.7018399834632874,0.2847510911872122,0.08542126305950082,0.09812607854009935,0.05423995287744832,18.910768508911133,-0.2243177890777588,5.8067626953125,0.306365966796875,-1.2052917314785887,-2.0461664756731475,-2.5562512120347334,-2.7667123170888983,-2.8542887116289863,0.564639267939957,-0.11539056077175491,-1.6600611209869385,0.0020650227864583335,0.6692962646484375,256
synthbuster,0,raise1k,1000330,0.9901926202222621,0.9908055861532241,PNG,0.05023193359375,55.289451599121094,8.031189918518066,256,1.0215736627578735,0.16873641312122345,1.1308163404464722,0.7270134499663642,0.5726049127195552,0.4772322163883514,0.32189730235759284,19.499557495117188,-2.220977783203125,11.86245059967041,0.3841552734375,-1.86418049827894,-2.276125028011455,-2.6434226727427337,-2.7321090667159265,-2.848637636340019,0.39223409605858706,-0.07551479058166909,-2.1416945457458496,4.0690104166666664e-05,0.2917327880859375,256
synthbuster,0,raise1k,935394,0.8386646378354751,0.4508309698143105,PNG,0.0059661865234375,75.08557891845703,4.473133563995361,256,1.0242116451263428,0.38653144240379333,0.45334094762802124,0.4190444271726172,0.04568331456960758,0.005336871525939804,-0.005457328043595318,17.076858520507812,-0.8257327079772949,3.9976842403411865,0.48602294921875,-1.0274124739674297,-2.2116826792168975,-3.253357625241472,-3.612663202952361,-3.785060642389271,1.0513133511208466,-0.22737340024704092,-2.8870491981506348,0.13898722330729166,0.5520782470703125,256
synthbuster,0,raise1k,873009,0.9637607618532162,0.9618434211287367,PNG,0.0696258544921875,30.31739044189453,8.794902801513672,256,1.0622681379318237,0.3045388162136078,1.127061367034912,0.16988598712120898,0.04220723663577489,0.1750777282572144,0.14287256037806295,29.501651763916016,-1.7984551191329956,4.252805233001709,0.43670654296875,-0.9207769118591154,-1.3639921320009458,-2.0530425149206133,-2.6949710807074307,-2.9813060320930624,1.276815077279033,-0.23058005824746666,-1.8974772691726685,0.0,0.1585845947265625,256
synthbuster,0,raise1k,898945,0.6720164417396562,0.7692194093481799,PNG,0.2142181396484375,7.625492572784424,11.412699699401855,256,0.952648401260376,0.35525450110435486,1.5162514448165894,-0.0634527797192206,-0.07078106836961062,0.009558918014163812,-0.005113944860488341,76.49346160888672,0.5390713810920715,0.9764205813407898,0.6784210205078125,-1.6106677896329247,-2.480819589238921,-3.001884395235666,-3.2518727287999756,-3.3163059714113157,0.5966909205985385,-0.1253192842857306,-2.3349997997283936,0.01092529296875,0.07366943359375,256
synthbuster,0,raise1k,1521950,0.9164193587589214,0.9609486143026886,PNG,0.0314178466796875,107.55518341064453,5.707084655761719,256,0.9762192368507385,0.15451371669769287,0.6398609280586243,0.37923199831830934,0.1755367018416043,0.11104689229361338,0.03464936511521233,20.630043029785156,1.2939574718475342,11.120919227600098,0.3444366455078125,-1.1857346542004015,-1.9992585813095243,-2.6469122183235383,-2.925486511257426,-3.021835348403002,0.6566236398059839,-0.1411682420542799,-1.6478278636932373,0.008616129557291666,0.64031982421875,256
synthbuster,0,raise1k,1414585,0.9567481785020429,0.9752251034833685,PNG,0.00286865234375,78.798828125,6.553242206573486,256,0.9203969836235046,0.27099284529685974,0.7018501162528992,0.3473583209735936,0.18693214765266883,0.10085975855862689,0.1392902674352585,17.219810485839844,0.06624520570039749,9.483893394470215,0.2725982666015625,-1.3649791696601028,-2.2236871870028825,-2.4618521771265236,-2.697585504378176,-2.8914814198390566,0.5416915914509906,-0.08713545086788477,-1.494202971458435,0.0016123453776041667,0.66204833984375,256
synthbuster,0,raise1k,869891,0.9471277099139858,0.9204979108598724,PNG,0.01507568359375,62.018775939941406,6.062574863433838,256,0.8633574843406677,0.07537193596363068,0.8098665475845337,0.4963107807405155,0.20706990814818813,0.2341376191549376,0.2003910131953428,18.820741653442383,-2.0925354957580566,4.281986713409424,0.4880523681640625,-1.3318300631103508,-2.295177229207102,-3.1613405374827677,-3.7234203777187336,-3.936409110437177,1.0576633504145896,-0.23074014287639436,-2.7511579990386963,0.0,0.50323486328125,256
synthbuster,0,raise1k,1418744,0.6810262848852382,0.9650269012489905,PNG,0.004852294921875,93.92509460449219,5.562838077545166,256,0.9983517527580261,0.2244257926940918,0.5838263034820557,0.1785539254544545,-0.008681855402341683,0.0373861247705685,0.004543334815654402,17.772201538085938,1.58902907371521,12.17980670928955,0.27703857421875,-1.1409610128619496,-1.8840306370832618,-2.3459674120143807,-2.6002143626043583,-2.6948988630535835,0.6538790223668896,-0.12077814108405202,-1.5094014406204224,0.0348052978515625,0.6154022216796875,256
synthbuster,0,raise1k,1048085,0.9319132335298972,0.9161399320286365,PNG,0.021026611328125,52.84020233154297,6.867517948150635,256,0.99578857421875,0.07764379680156708,0.6827986240386963,0.2324309437960126,-0.0009804522472184414,0.03358289641525513,0.007008566672001566,79.84820556640625,5.554998874664307,7.100452423095703,0.3766326904296875,-1.0813030786361102,-1.596666573291606,-1.9911103899333567,-2.1735122106538993,-2.29952269982458,0.4809126222322817,-0.09566604262588421,-1.3121336698532104,0.0001678466796875,0.5229644775390625,256
synthbuster,0,raise1k,1312175,0.9886608733656262,0.9944674138887618,PNG,0.010406494140625,77.46089935302734,6.69972038269043,256,0.965693473815918,0.14510183036327362,0.8020486235618591,0.48701974658687097,0.17204688549103025,0.052397555933169304,0.020436211705007003,21.281953811645508,-1.6962966918945312,8.848310470581055,0.3202056884765625,-1.2073232286153441,-1.917232295087965,-2.480326394092441,-2.751430032283288,-2.903627506174675,0.7090958318899716,-0.1400697899543537,-1.7939931154251099,0.0117034912109375,0.2338714599609375,256
synthbuster,0,raise1k,1062241,0.912801861453143,0.9028006399765034,PNG,0.079620361328125,57.69785690307617,6.376131057739258,256,0.9534912705421448,0.06397891789674759,0.7648934125900269,0.41567565062942063,0.10036313359474532,0.052872800759079755,0.029212308040747873,19.249446868896484,-2.4069652557373047,8.872137069702148,0.395965576171875,-0.9859035268092704,-1.4861801548322617,-2.040360595236801,-2.2665380822702774,-2.317049653041619,0.5129063482754663,-0.11983138989131377,-1.075203776359558,0.024637858072916668,0.4820556640625,256
synthbuster,0,raise1k,1036224,0.916194589480538,0.9662294940379709,PNG,0.2069244384765625,56.51715850830078,6.572266578674316,256,0.9667489528656006,0.02266157604753971,0.9778017997741699,0.22376810741775477,0.054694285644467946,0.04399046800966609,0.044313794901578316,17.49791717529297,0.8125221133232117,6.990257740020752,0.4541473388671875,-1.3800617861888043,-1.987582134789763,-2.4453808467453273,-2.6737201903523102,-2.7992891502478727,0.544089393779168,-0.1130957948838294,-2.0427472591400146,0.11090087890625,0.50738525390625,256
synthbuster,0,raise1k,946558,0.925231438662942,0.9329945087222301,PNG,0.2346038818359375,28.84803581237793,19.045595169067383,256,0.9167651534080505,0.8827669024467468,1.954552412033081,0.19636118756920212,-0.05951120064322887,0.06173848717571126,0.0303502953845106,147.71578979492188,-5.503662586212158,4.704613208770752,0.676727294921875,-1.052718954231021,-1.9427628753103834,-2.640138500320628,-2.8043063377567545,-2.925634893828536,0.5618032634166097,-0.13799601158262803,-1.412638783454895,0.3243459065755208,0.1185760498046875,256
synthbuster,0,raise1k,810444,0.8426725766000498,0.8267110077239841,PNG,0.1616668701171875,6.200137138366699,8.441476821899414,256,1.0123120546340942,0.38183602690696716,0.8368150591850281,0.11898092135279235,-0.02108784930464812,-0.003303431552027132,0.008730814325120503,66.6827621459961,-1.6814719438552856,1.1735512018203735,0.69061279296875,-1.4911523807327973,-1.7099718988952497,-1.7674379287505677,-1.7595451178313337,-1.7964752464470641,0.05697611554955184,-0.010972400027138273,-2.542191982269287,0.05194091796875,0.085235595703125,256
synthbuster,0,raise1k,1111149,0.9925931575352275,0.9922154080646226,PNG,0.41265869140625,85.13834381103516,6.913000583648682,256,0.9473692774772644,0.18908154964447021,1.1225647926330566,0.017384000210912815,-0.05553784379596006,0.007870595727718803,0.02347718894732176,14.497322082519531,-0.21663165092468262,14.995559692382812,0.657562255859375,-0.8258847046153583,-1.4512621928672118,-1.8419132408493262,-2.2044380927873295,-2.189931967134333,0.4579208739434657,-0.11179891592838825,-1.0141210556030273,0.051793416341145836,0.2806396484375,256
synthbuster,0,raise1k,1116050,0.6515003230143284,0.9230157135546779,PNG,0.1047821044921875,85.84317779541016,6.783339977264404,256,0.9065419435501099,0.023159323260188103,0.8580179214477539,0.3165970837768322,-0.0378374373617089,0.01601462226463141,0.022657103904448014,30.45079803466797,2.6400980949401855,7.88923978805542,0.5290374755859375,-1.09367645948954,-1.9734389313213452,-2.801141538411981,-3.180863606642137,-3.3217697482201194,0.9433620099608797,-0.19349315163206532,-2.4167447090148926,0.18347676595052084,0.32513427734375,256
synthbuster,0,raise1k,1229156,0.9661943566155431,0.9868504883988582,PNG,0.0008087158203125,108.94120788574219,3.1215758323669434,256,1.007163166999817,0.6277571320533752,0.28414440155029297,0.04066078017068628,-0.13268060020460487,0.006708479877336444,0.0021994021760357294,2.6089744567871094,0.10411840677261353,13.169032096862793,0.1960601806640625,-0.9918183292768887,-1.5226845502013848,-1.8866571305569426,-2.0881074013750656,-2.1872476982158933,0.47403946885249404,-0.09504010268076307,-1.0461150407791138,0.0024871826171875,0.6674041748046875,256
synthbuster,0,raise1k,899143,0.46990582523774876,0.6744865549671,PNG,0.037261962890625,38.414974212646484,9.530088424682617,256,1.0232747793197632,0.14166559278964996,0.9787707328796387,0.3210664238529887,-0.023185207921363613,0.020727490283392404,0.007834788818267178,66.3760757446289,-1.0056865215301514,2.3835184574127197,0.5311737060546875,-1.453712072305068,-2.5475786316925575,-3.6542884163987184,-4.091391800183754,-4.278830589466494,1.2571412841974663,-0.25630445888400566,-3.0945193767547607,0.00103759765625,0.483001708984375,256
synthbuster,0,raise1k,1254997,0.8535201100964805,0.9389490453669239,PNG,0.0019989013671875,96.30708312988281,3.5723845958709717,256,0.9910986423492432,0.6070661544799805,0.3626820743083954,0.15142106044688552,-0.06529415044049534,0.01214165991027239,0.003687698367195756,5.573123931884766,0.6495081782341003,11.06999397277832,0.2337646484375,-0.36492497510684796,-0.9355829272421472,-1.4425773229940928,-1.712766061931915,-1.8730712055746643,0.6639326351058399,-0.13364990477130007,-0.9264549016952515,0.0040130615234375,0.51324462890625,256
synthbuster,0,raise1k,720160,0.9045720747324935,0.95528712954775,PNG,0.293487548828125,26.189743041992188,12.601028442382812,256,0.9465265870094299,0.5055294036865234,1.8941457271575928,0.2772369712412063,-0.07870546883148416,-0.011578199730486622,0.03091000263611108,55.82927322387695,3.2863993644714355,4.172422885894775,0.7653045654296875,-1.3200936930028666,-2.210952110957445,-3.110298461990772,-3.511675884859655,-3.624243938260961,0.9398836055833351,-0.20590163985746252,-3.2275123596191406,0.10156758626302083,0.1866607666015625,256
synthbuster,0,raise1k,1085380,0.6299508614932798,0.7262230718257552,PNG,0.012420654296875,51.972007751464844,4.2173638343811035,256,0.9808337688446045,0.5053218007087708,0.42038145661354065,0.28792818412826376,0.061290081785893624,-0.0007330578118872544,-0.02751092326008293,6.684690475463867,-0.8817852139472961,7.065152645111084,0.2523040771484375,-0.44550211937669726,-0.8374571917715494,-1.2104929570853935,-1.426597186566223,-1.5279382541090634,0.4871760608095075,-0.09905477154018513,-0.5471122860908508,0.003204345703125,0.6182861328125,256
synthbuster,0,raise1k,1231804,0.9781474307730317,0.9902660962425817,PNG,0.1014556884765625,110.9984130859375,5.527084827423096,256,0.9845674633979797,0.03767818585038185,0.6006285548210144,0.18640108962122304,0.006667231374356106,0.045146578051933284,0.037517460223702344,13.513399124145508,-0.6081352233886719,17.032360076904297,0.4487457275390625,-0.8605601892456143,-1.365871079670395,-1.7949204092145,-2.0754380372619714,-2.1631848905827686,0.5779041799018376,-0.11915641679251199,-1.1199532747268677,0.11148579915364583,0.4858856201171875,256
synthbuster,0,raise1k,998540,0.7609470620350449,0.8595195860540261,PNG,0.06622314453125,12.229381561279297,6.361286163330078,256,0.9951798915863037,0.36923646926879883,0.8688105940818787,0.11749135269642202,-0.022588232808254994,0.048336126669702065,0.021464772890860608,16.207887649536133,1.5617117881774902,1.5743658542633057,0.470916748046875,-1.3310330745504233,-2.093735093008892,-2.646667179372116,-2.903166628462496,-2.966222072383564,0.5626423133153491,-0.12515987834811904,-1.5374175310134888,0.0,0.0540618896484375,256
synthbuster,0,raise1k,1039842,0.7714029035639367,0.8882043154541538,PNG,0.025482177734375,72.16578674316406,7.026596546173096,256,1.0918478965759277,0.09899522364139557,0.7156108617782593,0.5245998088256496,0.3070142324953792,0.3138414989516184,0.200237131040289,29.162067413330078,1.046360731124878,6.058322429656982,0.411346435546875,-0.9771417154033966,-2.180294489860625,-2.8738963348590056,-3.0559446566664032,-3.2314730450229145,0.7949818191982931,-0.16388710137103144,-2.5017311573028564,0.049306233723958336,0.6794586181640625,256
synthbuster,0,raise1k,1029622,0.9762829357647435,0.9804374133951914,PNG,0.0398712158203125,48.83379364013672,9.382061004638672,256,1.1196105480194092,0.28436312079429626,1.063252329826355,0.4771351661325434,0.2845378538005982,0.07185337320848745,0.02273707615410328,35.7758674621582,-0.7472326755523682,8.328499794006348,0.535247802734375,-0.7364228580851053,-1.565948170837781,-2.009941289550878,-2.3258426511025094,-2.2930474980715383,0.2999937118322631,-0.10217815109058763,-1.0970407724380493,6.612141927083333e-05,0.2509765625,256
synthbuster,0,raise1k,918950,0.9335731599832046,0.955918171372958,PNG,0.2650909423828125,22.120895385742188,10.639373779296875,256,0.973945677280426,0.0,1.1729589700698853,0.27634942420636655,0.021184343833986582,0.03158538598628756,-0.0009303591428790154,62.85454559326172,2.331599712371826,2.515294075012207,0.5981597900390625,-1.767578305609491,-2.801338598067443,-3.5100372452231046,-3.7966720009971606,-3.903000119268704,0.6763196578407022,-0.1566988336375642,-3.1437551975250244,0.2837270100911458,0.21380615234375,256
synthbuster,0,raise1k,980040,0.9707578947588323,0.9871917101055864,PNG,0.1719512939453125,38.423072814941406,10.999606132507324,256,1.0172512531280518,0.25212594866752625,1.348680019378662,0.132491227907757,0.0036035093303798233,0.04582801026766059,0.04224802309074075,55.8853874206543,0.8635311126708984,6.717719554901123,0.61895751953125,-1.321112283315113,-2.153749736135622,-2.6205864910548575,-2.8888049574267605,-2.980640771457889,0.5715305987987547,-0.1138525314051273,-2.093759059906006,0.07525634765625,0.2360382080078125,256
synthbuster,0,raise1k,1061919,0.980978421925772,0.9772728653524446,PNG,0.095245361328125,69.84544372558594,6.063004970550537,256,0.9355922341346741,0.04267141595482826,0.9885383248329163,0.25157188253762586,0.08618304079681104,0.07516769457560882,0.02320113675772752,14.548723220825195,0.9383047223091125,10.400440216064453,0.424102783203125,-0.8429824940557697,-1.481735045811373,-1.9997876093341596,-2.248111611357209,-2.353496105256241,0.60761834618721,-0.1241517650505574,-1.4320627450942993,0.0,0.437286376953125,256
synthbuster,0,raise1k,1122366,0.9000158994579079,0.9628423255624925,PNG,0.0272369384765625,34.019447326660156,6.30437707901001,256,0.9930906295776367,0.27206099033355713,0.7756238579750061,0.1374731816066524,-0.054228530788024566,-0.007140856100444877,0.012666693516399659,17.864356994628906,0.5485767722129822,4.449575424194336,0.4081268310546875,-1.2124267047773172,-1.7856069986633392,-2.3644816876275643,-2.572218246602916,-2.647844688093924,0.5379982500833984,-0.1255605357278322,-2.3000662326812744,5.5948893229166664e-05,0.40386962890625,256
synthbuster,0,raise1k,999983,0.7124112114230916,0.824348798376297,PNG,0.0484466552734375,41.82143020629883,9.659618377685547,256,0.9746642112731934,0.6673622727394104,1.3129632472991943,-0.19223417690625702,0.015577476907889373,0.06331173647159395,-0.012753273901621695,46.485389709472656,1.9666402339935303,5.969825267791748,0.4287872314453125,-1.127070748222641,-2.217868489171938,-2.5825715222618495,-2.766834105152074,-2.858867083445352,0.512147292626814,-0.0924811455719614,-1.528442144393921,0.008260091145833334,0.3868408203125,256
synthbuster,0,raise1k,754288,0.9167349387246484,0.9083393016307828,PNG,0.4033203125,21.838621139526367,9.326467514038086,256,1.047559380531311,0.0,1.2777503728866577,0.11423343812169759,-0.05124171416938995,0.0053350223762083804,0.008272669472516057,42.57049560546875,-0.6208617687225342,4.3223443031311035,0.6461639404296875,-1.2624841851347979,-1.9794065966046892,-2.5532086047637943,-2.8080481881062163,-2.9359994768235333,0.6438540830199759,-0.13666895765067102,-2.5684421062469482,0.3286946614583333,0.2811279296875,256
synthbuster,0,raise1k,1377203,0.6887676887257154,0.8097218525087175,PNG,0.001251220703125,133.9570770263672,4.251274108886719,256,1.0290248394012451,0.4591527581214905,0.402241051197052,0.28544794508853255,-0.00894713549745461,0.020528912832341078,-0.006721959320228422,8.627084732055664,0.060546327382326126,12.376425743103027,0.2827911376953125,-1.114731802168282,-1.8231174504976337,-2.3732637970160484,-2.5866290930999405,-2.7245606682678343,0.6303494073914955,-0.12808725588848213,-1.276960849761963,0.034891764322916664,0.883758544921875,256
synthbuster,0,raise1k,1326166,0.9855096341081518,0.9874836402165745,PNG,0.02734375,65.75865936279297,4.867196083068848,256,0.9989098906517029,0.08673851937055588,0.6268125176429749,0.14289548180830505,-0.05429193474772505,-0.0053304320320985655,-0.008469416292282452,5.56675910949707,-0.6641250848770142,8.529888153076172,0.2875823974609375,-0.9615666755897125,-1.470378734997845,-1.9513443563780601,-2.1098823328347507,-2.164169674393592,0.5272583966019724,-0.10626419013509104,-1.5058817863464355,0.0,0.270172119140625,256
synthbuster,0,raise1k,1055399,0.9011237658830035,0.8690845668439137,PNG,0.0052032470703125,141.89788818359375,4.383929252624512,256,0.993314266204834,0.12480071187019348,0.5922651290893555,0.32119543398783235,-0.05962672521861416,0.04258638657585492,0.01834654284212243,6.697944641113281,0.7725881934165955,24.350910186767578,0.270538330078125,-0.9151181250992302,-1.123279165003889,-1.4704404406794218,-1.6766653354362528,-1.7829616416137597,0.42130475676316603,-0.08841584636409523,-1.1513373851776123,0.015055338541666666,0.7310943603515625,256
synthbuster,0,raise1k,1204705,0.9435822044189643,0.9696010398873152,PNG,0.00128173828125,75.79659271240234,4.356429100036621,256,0.9981731176376343,0.6031952500343323,0.528563916683197,0.21493172028370727,-0.06511392554147155,0.01072618123727838,0.009554886875215092,6.407688140869141,-0.6636290550231934,9.149957656860352,0.2163543701171875,-1.0441473232378833,-1.6816863414923882,-2.1445682720059853,-2.3812386810038664,-2.4506427946786573,0.5205744145972231,-0.11143823716160461,-0.98448646068573,0.0011393229166666667,0.50006103515625,256
synthbuster,0,raise1k,991652,0.8497036274379334,0.942109104852548,PNG,0.051849365234375,81.83924865722656,7.390467166900635,256,1.0239040851593018,0.2618749141693115,0.9172317981719971,0.5257767847913775,0.36999304262121013,0.42273102555720526,0.35363078161584677,26.404895782470703,-1.541069507598877,7.588406562805176,0.42120361328125,-1.3003661539595042,-2.269339063204166,-2.8644638184682822,-3.086768041316547,-3.4520774852566305,0.7285190934311832,-0.15773355957008414,-2.2369511127471924,0.05938720703125,0.647796630859375,256
synthbuster,0,raise1k,1018634,0.9221456097991347,0.9647828309950701,PNG,0.0053253173828125,42.59931564331055,6.8204345703125,256,0.9883596301078796,0.4357333183288574,0.6921729445457458,0.43636563264794687,0.1410898961222011,0.049727955901852555,0.011513349395611237,19.795387268066406,-1.8120867013931274,5.582380771636963,0.2745361328125,-0.32211647658316345,-0.9431697370159684,-1.429803908862672,-1.704541208812187,-1.8130318078028358,0.6707085321272528,-0.13044565085279186,-0.8375597596168518,0.0,0.2093505859375,256
synthbuster,0,raise1k,917487,0.9227919660171799,0.9537737515631431,PNG,0.0171966552734375,38.000732421875,5.475147247314453,256,1.0382682085037231,0.23350593447685242,0.7008373737335205,0.32328196157863054,0.09298659107940778,0.12031545157084673,0.052261287136004,25.91927146911621,2.036973476409912,4.652134418487549,0.324798583984375,-0.9295771003624846,-1.576320423862657,-2.128832234229278,-2.334389229194284,-2.4399141607849604,0.6639198493943175,-0.12753119057566709,-1.8528159856796265,0.0026499430338541665,0.3667144775390625,256
synthbuster,0,raise1k,911321,0.9651017367458286,0.9548770876772517,PNG,0.2950439453125,83.7206039428711,7.164044380187988,256,0.9498546719551086,0.012797893956303596,0.9350268840789795,0.3378805697432393,0.24706258298558118,0.21752560944617877,0.17362132910272787,19.444856643676758,-0.4380021393299103,11.565874099731445,0.5645751953125,-1.2619252963065692,-1.841899668537482,-2.463100543232711,-2.6327621454194166,-2.8539546447770947,0.7231751867212397,-0.13507150704686424,-1.5649863481521606,0.17594401041666666,0.4365234375,256
synthbuster,0,raise1k,967643,0.9106218891685592,0.8850691985585455,PNG,0.0255584716796875,83.06959533691406,6.623502254486084,256,0.9400544166564941,0.11807103455066681,0.5655435919761658,0.49324104760122056,0.308722553147005,0.20661689797213306,0.03865718562844426,42.87172317504883,-3.8630776405334473,5.423361301422119,0.5987701416015625,-1.1402272053560347,-2.160091047762415,-2.9051230046189502,-3.253245386361006,-3.340677912228279,0.8641342471725926,-0.1705123649631387,-1.9095088243484497,0.027933756510416668,0.5576171875,256
synthbuster,0,raise1k,1055426,0.898718316494356,0.9433370632141264,PNG,0.05010986328125,57.94328308105469,9.053081512451172,256,0.9212474822998047,0.07583397626876831,0.9724255800247192,0.4128417785782601,0.25162784467468324,0.1571750943774434,-0.04887821341228036,65.52869415283203,-0.8044076561927795,7.582917213439941,0.4887542724609375,-0.8478316283005825,-1.9375119115995645,-2.247423303426774,-2.742463887120599,-2.605037928315028,0.5034459995521745,-0.11501522543600733,-1.1110122203826904,0.0009969075520833333,0.43524169921875,256
synthbuster,0,raise1k,1247329,0.8484587841490393,0.9527082348844987,PNG,0.0628662109375,39.46879196166992,5.4308061599731445,256,1.0226668119430542,0.11662659794092178,0.7522218823432922,0.13412288534339573,-0.027272567435751106,0.0024013660168270322,-0.011254529559386082,10.351082801818848,0.4401734173297882,7.1172685623168945,0.502227783203125,-1.135049256756492,-1.5594812216950995,-1.885591036957785,-2.0691007374670463,-2.1482502821613485,0.447800192130857,-0.08741518197039334,-1.2965092658996582,0.00020853678385416666,0.408935546875,256
synthbuster,0,raise1k,751997,0.9016763459400375,0.936446274383496,PNG,0.023406982421875,29.888065338134766,10.783775329589844,256,1.014544129371643,0.4155888855457306,1.0404865741729736,0.04385447141980423,-0.16415939590715653,0.046406094894680915,0.0002607238024921997,58.14048767089844,0.49551549553871155,4.273191452026367,0.5796051025390625,-0.9114069500074313,-1.3489485129004946,-2.3674636948206915,-2.749202539599872,-2.8854775283237313,1.3321445289863298,-0.24563502046267277,-2.1259758472442627,0.004582722981770833,0.3346405029296875,256
synthbuster,0,raise1k,1036230,0.9373028591829764,0.9440303895977806,PNG,0.0426177978515625,86.30001068115234,7.078980445861816,256,1.0236269235610962,0.0950077474117279,0.6735933423042297,0.3763005525011856,0.10306588738538613,0.03656730008657428,-0.0009028125338593923,37.06425476074219,2.0184121131896973,9.251888275146484,0.4460906982421875,-1.024635871873775,-1.7147760353845705,-2.38702805747267,-2.657209256525478,-2.7651549504849022,0.6905575368413075,-0.14922396635500393,-1.6381784677505493,0.019755045572916668,0.5128173828125,256
synthbuster,0,raise1k,960741,0.9508228096743837,0.7249949514591879,PNG,0.0095367431640625,55.7076416015625,7.668674945831299,256,1.0212870836257935,0.23688046634197235,0.7455819249153137,0.353664014498503,0.006894348310440443,0.026036975488779156,0.002460065929970658,64.71344757080078,-0.45071732997894287,4.805522441864014,0.5430450439453125,-1.1720290646982017,-2.04097349628728,-2.7318462609458685,-3.1616206624247116,-3.231715644843961,0.797276450380199,-0.17738180711433554,-2.245821714401245,0.0276641845703125,0.5995941162109375,256
synthbuster,0,raise1k,914508,0.9200110402949327,0.9627656196556573,PNG,0.102386474609375,51.59150314331055,9.831659317016602,256,1.0831323862075806,0.055212195962667465,1.0704278945922852,0.13747218898715782,-0.04221700226613354,0.008715669440788283,-0.013503692567431332,50.385536193847656,2.765530824661255,6.076408386230469,0.485992431640625,-1.1132098455560717,-1.9686664709637673,-2.4575071970348707,-2.769381202555019,-2.8465943113065366,0.7540873360093894,-0.14133669996722792,-1.4636259078979492,0.019866943359375,0.3323516845703125,256
synthbuster,0,raise1k,840431,0.6751790050249094,0.8729054023744617,PNG,0.0067138671875,114.02970886230469,4.7730302810668945,256,1.0589649677276611,0.3982834815979004,0.35502007603645325,0.5651820701413331,0.38479798420837463,0.35717656630081634,0.21625350039840271,23.845748901367188,-0.6568028330802917,9.93293571472168,0.37786865234375,-1.072002635286272,-1.7904252909964748,-2.7408068382808057,-3.179982052198474,-3.293080630412642,1.1131585411959986,-0.23055599207238867,-2.0329129695892334,0.10528055826822917,0.6545257568359375,256
synthbuster,0,raise1k,943306,0.8817600153289239,0.915502160785818,PNG,0.02618408203125,55.8818359375,6.624316692352295,256,0.9936097860336304,0.09145151078701019,0.6952983736991882,0.25329903281329724,-0.043115129718076635,0.009821672641407413,0.011233766493383788,30.85626220703125,1.1689801216125488,4.156442165374756,0.4424896240234375,-1.5296828767580495,-2.5630575206371145,-3.2748399777652635,-3.6325528811767533,-3.7556132483869593,0.8415338113379383,-0.17387290025511712,-2.717039108276367,9.1552734375e-05,0.3674163818359375,256
synthbuster,0,raise1k,911006,0.9687197066122052,0.9654278382796364,PNG,0.052032470703125,36.90983581542969,10.378564834594727,256,0.9592365622520447,0.30033445358276367,1.2563059329986572,0.17694721678390424,-0.08069829999831596,0.06917293483256494,0.055611342801924375,48.87811279296875,2.3431835174560547,5.306329250335693,0.578369140625,-1.2557696755719139,-2.0557727870536153,-2.7184128775875127,-3.032108222466359,-3.0911044843668805,0.7818847851722444,-0.16179917107216654,-2.571934700012207,0.0,0.281646728515625,256
synthbuster,0,raise1k,807321,0.8582218569384659,0.9078395858336344,PNG,0.0325927734375,34.240631103515625,7.362388610839844,256,0.9868977665901184,0.36205247044563293,1.0068870782852173,0.28792622938745976,-0.058072761292133436,-0.025564509598141983,0.03192692755555267,38.325984954833984,1.5210450887680054,3.9929749965667725,0.50140380859375,-1.0569429468914207,-2.0567149292862528,-2.87170672466607,-3.2619570792128387,-3.3736891545688534,0.8454770699127705,-0.18674562401248995,-2.296109914779663,0.14823404947916666,0.415771484375,256
synthbuster,0,raise1k,946225,0.966533022691147,0.9600190514732093,PNG,0.0803070068359375,68.55896759033203,6.110250949859619,256,0.9692755341529846,0.15557947754859924,0.702792763710022,0.42158093790383644,0.1383574382873518,0.05889517881325466,-0.023748244296777004,24.36937713623047,-0.6652648448944092,6.245579719543457,0.38250732421875,-1.1803940294953277,-2.2122947269267943,-2.8353376794594443,-3.24735442191949,-3.4222366412890137,0.9494199218578379,-0.1851189993796203,-2.091599941253662,0.08198038736979167,0.4073333740234375,256
synthbuster,0,raise1k,1021786,0.9590090419848777,0.9642144174171676,PNG,0.1869659423828125,51.94261932373047,8.528474807739258,256,0.9805946350097656,0.04279204457998276,1.1071219444274902,0.2987257071299107,0.09681935692755889,0.11575947099919363,0.04029486628820707,25.37826919555664,-0.42678308486938477,7.294753551483154,0.5020294189453125,-1.3024995959158225,-2.0301305277415187,-2.434610349601636,-2.6228837696641607,-2.747611704805424,0.5251252897201084,-0.10297912271770958,-1.4822975397109985,0.0010172526041666667,0.3852081298828125,256
synthbuster,0,raise1k,1060352,0.9772820936031495,0.9814951274726055,PNG,0.0426483154296875,64.48030090332031,5.3934326171875,256,0.9976385235786438,0.05560562387108803,0.732528567314148,0.23761071576584802,0.031309344468891415,-0.03443703442521216,-0.017405976710538503,9.037750244140625,0.2234582155942917,8.387598037719727,0.3837432861328125,-1.166550366205918,-1.7278387546317537,-2.2825497830494923,-2.4845171828499497,-2.6198903203937265,0.5902685789978541,-0.12441912444730903,-1.366508960723877,0.0,0.3876953125,256
synthbuster,0,raise1k,929977,0.9083420093694827,0.9378930268861757,PNG,0.0229644775390625,33.68960952758789,4.325896739959717,256,1.0140633583068848,0.3171108365058899,0.5334751009941101,0.13617741009113604,-0.054104174701398805,0.039268298852840035,0.029402475626738124,9.954395294189453,0.4999915361404419,3.468822956085205,0.4042510986328125,-1.1944208573531636,-1.8463713698337996,-2.394425576324692,-2.6390670623274,-2.716956187542438,0.5387259202874857,-0.12287437125665188,-1.769434928894043,2.5431315104166668e-05,0.3847808837890625,256
synthbuster,0,raise1k,1294197,0.9363312393334071,0.9480372524277046,PNG,0.030181884765625,120.14634704589844,4.666843891143799,256,1.0108389854431152,0.1339038610458374,0.5920776724815369,0.05991854824456023,-0.02976026001442144,0.009911397532661593,0.013876363544927951,6.617795944213867,0.2259596884250641,17.004898071289062,0.298919677734375,-1.0072916176408278,-1.7619780238748692,-2.0997521169209916,-2.329244233403341,-2.431650184600211,0.446241874890827,-0.0886020822570803,-1.2363522052764893,0.1017303466796875,0.7280426025390625,256
synthbuster,0,raise1k,1566541,0.8769662002090816,0.93373123509177,PNG,0.0008087158203125,165.83531188964844,3.0950675010681152,256,0.9854709506034851,0.6474835276603699,0.23329609632492065,0.22528350858777857,-0.005128330564956227,0.023027173658055886,0.020664337937805973,2.5105600357055664,-0.09545634686946869,17.93613624572754,0.206451416015625,-0.7159311775148707,-1.2626958951609133,-1.7252527697357216,-1.9451949005547506,-2.005213061454591,0.47335431645533443,-0.10593956488864824,-0.7149094939231873,0.005462646484375,0.77947998046875,256
synthbuster,0,raise1k,1110889,0.9058340818143624,0.9507135079787338,PNG,0.0009002685546875,111.88389587402344,3.9517905712127686,256,1.0159448385238647,0.5832006931304932,0.4155738949775696,0.3145365939239889,-0.025435827911936226,0.013806659569116581,0.0033062430954734134,7.844516754150391,0.6043239235877991,11.509452819824219,0.2234344482421875,-0.7650059582982944,-1.5056625528536927,-2.133015514638643,-2.477075437564106,-2.5540208188110487,0.7401558959796057,-0.15533928681373543,-1.3784494400024414,0.0026702880859375,0.8149261474609375,256
synthbuster,0,raise1k,768244,0.9817031046992322,0.9903344997520975,PNG,0.2926483154296875,20.533004760742188,22.458242416381836,256,1.0442168712615967,0.6327899098396301,2.6783597469329834,0.0781079768823642,0.015205933164912467,0.0793610480094995,0.04557208904449635,109.8233871459961,0.37846505641937256,8.186490058898926,0.7019805908203125,-1.2115702281381813,-1.7136058149706814,-2.007373851172611,-2.2439819984230174,-2.341440953284009,0.4868194626685778,-0.09047727542152832,-2.354477882385254,0.0030314127604166665,0.1547393798828125,256
synthbuster,0,raise1k,1460306,0.8265239003199821,0.9708540917789729,PNG,0.0055694580078125,139.411376953125,3.9094104766845703,256,0.9945461750030518,0.5763658285140991,0.4064923822879791,0.35550727248621405,0.02411360639907259,0.039548360001266374,0.014423956701251092,4.18045711517334,0.53429114818573,14.365890502929688,0.240478515625,-1.1714752127281427,-1.8631953266083352,-2.4361747950172523,-2.671757708880974,-2.758758174162999,0.6223194316348666,-0.13585477511366667,-1.545935034751892,0.0411376953125,0.6412200927734375,256
synthbuster,0,raise1k,1216286,0.8339322619633771,0.9443110018068764,PNG,0.0435028076171875,141.09451293945312,6.27935266494751,256,1.0755853652954102,0.19516810774803162,0.5439725518226624,0.23888418438302714,0.014858474337506561,0.19402870026580654,0.0964841391270635,30.717575073242188,1.3212857246398926,11.945460319519043,0.462127685546875,-1.1493947093037225,-2.268657050140238,-3.062142863172318,-3.2924770887947252,-3.3573160416510266,0.826103198289351,-0.1772913095612258,-1.811981201171875,0.0533294677734375,0.6533966064453125,256
synthbuster,0,raise1k,1189513,0.9575877972583494,0.9440351102065638,PNG,0.0126190185546875,109.34156799316406,7.380314350128174,256,0.9546960592269897,0.18282289803028107,0.7224466800689697,0.26398303207670104,0.08471100872878727,0.09415197138402234,-0.009980183142059316,27.4564266204834,-0.5630470514297485,10.690400123596191,0.3850860595703125,-1.301993070286942,-2.064331770538188,-2.718290897186118,-2.7107687105700045,-3.0733915597889876,0.8712051970332491,-0.13792846189017377,-1.8563997745513916,0.058878580729166664,0.542205810546875,256
synthbuster,0,raise1k,811395,0.8651925394379224,0.8571873830406468,PNG,0.05889892578125,65.2234115600586,7.375992774963379,256,1.003013253211975,0.099004365503788,0.8762795329093933,0.38371978145163543,0.08920171469076303,0.008952842608095736,-0.031116553423632422,62.39561462402344,-0.627081036567688,2.9556350708007812,0.62109375,-1.4829352560741382,-2.7703403369350914,-3.4406050237833705,-3.7552360969348024,-3.8746908924340726,0.7762284037384308,-0.16185166413065125,-2.688737392425537,0.0247344970703125,0.55352783203125,256
synthbuster,0,raise1k,917180,0.9721973559228889,0.9728486342194206,PNG,0.07562255859375,22.148317337036133,13.669180870056152,256,0.9761747121810913,0.693851888179779,1.6310865879058838,0.4140066487448187,0.1669507355693951,0.10644530562556542,0.03939766797879298,70.5638656616211,-0.7833232879638672,3.953112840652466,0.4870758056640625,-1.2665040119533835,-1.9502708196201395,-2.4614348625664526,-2.6412619450444925,-2.737363293519757,0.46778448396813577,-0.11112670984240075,-1.8178255558013916,0.027130126953125,0.2023468017578125,256
synthbuster,0,raise1k,894521,0.9611917812327919,0.9559931422180924,PNG,0.231201171875,48.94974899291992,7.830431938171387,256,0.9611080288887024,0.028632694855332375,1.2333287000656128,0.548998938115172,0.2470024081326271,0.09147951321248847,0.023085889966147334,24.676597595214844,-0.01400600466877222,6.975892543792725,0.4889373779296875,-1.185840197742249,-1.6243947811092152,-2.170968669436644,-2.434811892759827,-2.5274986979269567,0.6548145074518406,-0.12819575874952022,-1.7479090690612793,0.0022633870442708335,0.26007080078125,256
synthbuster,0,raise1k,348083,0.9717036991230794,0.9832782984665213,PNG,0.74462890625,11.134578704833984,31.488473892211914,256,0.9491410255432129,0.0,3.0027432441711426,0.38370934337504253,0.1810967640174115,0.1497606743585589,0.0439806089307237,475.2451171875,1.546177864074707,2.4491007328033447,0.899505615234375,-1.5063371328209323,-2.316223109829778,-2.8666570076992928,-3.1665332039068494,-3.2808948452457023,0.6696445437009326,-0.13834985960689666,-2.395824432373047,0.001190185546875,0.0493927001953125,256
synthbuster,1,FLUX.1-schnell,1137044,0.9838825096733597,0.9685470695665007,PNG,0.022003173828125,69.79942321777344,7.119807243347168,256,1.1888755559921265,0.12721601128578186,0.6342387795448303,0.6824398681076275,0.5542016805526376,0.4965494299623934,0.429358546662257,26.80023956298828,-3.2668445110321045,8.874968528747559,0.345489501953125,-1.2127484428778619,-1.823790560433494,-2.494120451913571,-2.8741828004054897,-2.9026764921410537,0.7300592265253432,-0.1515380528057583,-2.1668031215667725,0.0003102620442708333,0.4818267822265625,256
synthbuster,1,FLUX.1-schnell,1560316,0.9674872291452212,0.974318960003416,PNG,0.002410888671875,179.70849609375,3.9416918754577637,256,0.9452877044677734,0.2701777517795563,0.41678234934806824,0.17293687012598408,0.01914370293309383,0.18039041424397656,0.1304497368263295,9.077887535095215,0.11447148770093918,18.594388961791992,0.2740478515625,-1.2095908443342012,-1.9591080832010368,-2.422023463664976,-2.7475713764814707,-2.8218241616662105,0.5585351634560212,-0.12299952640649975,-1.4353736639022827,0.024073282877604168,0.8585662841796875,256
synthbuster,0,raise1k,1156525,0.9235860911664914,0.8574077018154816,PNG,0.01397705078125,122.07467651367188,5.362371921539307,256,0.9681190848350525,0.20750325918197632,0.5221832990646362,0.22271526584468085,-0.07451048250611544,0.06392574537280468,0.02270909783350166,18.93438720703125,0.24456913769245148,9.81126880645752,0.4033966064453125,-1.2351467232523552,-2.0147903277445494,-2.734385919926525,-3.0082703906418855,-3.126420665460935,0.7627790813145898,-0.16310706885786244,-1.8026927709579468,0.031504313151041664,0.7827301025390625,256
synthbuster,0,raise1k,1128515,0.9891015680299194,0.9855185503099139,PNG,0.004180908203125,142.35264587402344,4.722031593322754,256,0.9978460073471069,0.19117669761180878,0.5410553216934204,0.35898856200249313,0.19565564225073842,0.20320576468310594,0.10559835789687871,10.646333694458008,0.23591624200344086,17.423837661743164,0.2602081298828125,-0.9479145173299361,-1.46763716664229,-2.0039395358152587,-2.297170112146042,-2.39475238327159,0.7166866631836104,-0.14248634563660265,-1.1512612104415894,0.0066680908203125,0.5702667236328125,256
synthbuster,0,raise1k,1279706,0.9415487172688659,0.9780476727251053,PNG,0.0102386474609375,76.16691589355469,4.446320533752441,256,1.0302588939666748,0.2779786288738251,0.4993301033973694,0.39263413588263507,0.13338180097584226,0.03569842838463154,0.018209904285637013,7.802206993103027,-0.6489986181259155,9.265254020690918,0.3027191162109375,-1.053686271332058,-1.6285689600746442,-2.1540399970135145,-2.3240380312189934,-2.4265166905190076,0.5896287365276214,-0.11839478678905607,-1.188320279121399,0.0,0.5428009033203125,256
synthbuster,0,raise1k,1413904,0.968438846706959,0.9661424715206322,PNG,0.0007781982421875,133.10333251953125,4.381582736968994,256,1.0102636814117432,0.6265357732772827,0.3283100128173828,0.35082472125891384,0.12756124682133116,0.06703512417490669,0.0064660610069300125,7.104944229125977,-1.5360409021377563,13.11166763305664,0.241973876953125,-0.3756154164063572,-1.1904547148936189,-1.8859909430025912,-2.22402775559768,-2.292538452583541,0.7428538833822067,-0.16465595678127212,-1.3405888080596924,0.0013478597005208333,0.677581787109375,256
synthbuster,1,FLUX.1-schnell,1302656,0.970777729356746,0.9883175133465025,PNG,0.015380859375,105.30972290039062,5.110073089599609,256,0.9761954545974731,0.08269760757684708,0.5701709985733032,0.17758806408578207,0.0659755542821662,-0.0537998639761079,-0.022548767643300428,5.135275840759277,-0.27863457798957825,17.3704833984375,0.2733306884765625,-1.3850344946020536,-1.840903303584807,-2.0014419099366254,-2.088832498467127,-2.113263865394172,0.18742356466971977,-0.04009929011890202,-0.7531062960624695,0.017328898111979168,0.723846435546875,256
synthbuster,1,FLUX.1-schnell,594173,0.4164156277689745,0.4967936868558455,PNG,0.1345062255859375,5.985349655151367,5.0413737297058105,256,0.9535815715789795,0.5703151822090149,1.2309895753860474,0.09105596355507281,0.08039655323212637,-0.031360148893893734,0.0072805556541670246,2.9334940910339355,-0.01270312536507845,0.6130306124687195,0.685882568359375,-1.1868410459719616,-1.7324802925136722,-2.150865010609085,-2.281357522562645,-2.387560861185566,0.5104495160478053,-0.0914727640175726,-1.5065957307815552,0.001129150390625,0.1029052734375,256
synthbuster,1,FLUX.1-schnell,1767036,0.8860406335337727,0.9695995627056652,PNG,0.0004730224609375,142.970947265625,3.795565366744995,256,0.9750896692276001,0.46172505617141724,0.3385327458381653,0.09482054871064463,-0.037696640909931425,-0.02924879653825923,0.007072017637574402,3.0909676551818848,0.17322301864624023,21.13286781311035,0.1714324951171875,-1.3732951468106789,-1.812592872511292,-1.985204981277061,-2.189336046238755,-2.3119635017517544,0.4104136083036538,-0.06374712075804255,-0.9578680992126465,0.055903116861979164,0.875091552734375,256
synthbuster,1,FLUX.1-schnell,1192556,0.9765773036830326,0.9886173995447283,PNG,0.01007080078125,62.87705993652344,6.592753887176514,256,0.9663177132606506,0.46978092193603516,0.6423757672309875,-0.1456989584292438,0.07395032664515805,0.01438681943583711,0.010510018666471757,6.215387344360352,0.24662691354751587,10.736612319946289,0.1871795654296875,-1.3211253101010785,-1.9257609195693988,-2.152827359341414,-2.273905097180566,-2.3507410364247168,0.284534132519763,-0.052580033106181416,-1.1012638807296753,0.0024871826171875,0.56561279296875,256
synthbuster,1,FLUX.1-schnell,1155455,0.976579953717292,0.985570350739785,PNG,0.0270843505859375,109.85346984863281,6.621360778808594,256,1.0713574886322021,0.062292564660310745,0.679146409034729,0.1492477598636458,0.12724800045143703,0.03271888592535876,0.021897634236005468,10.24055004119873,-0.16895730793476105,16.53631591796875,0.3707275390625,-1.2490495330444062,-1.8441419966185961,-2.3571135754181993,-2.50503133590726,-2.613398726885138,0.4098785777882137,-0.09713648430615873,-1.2182737588882446,0.026316324869791668,0.6141815185546875,256
synthbuster,1,FLUX.1-schnell,1205007,0.9800896619042591,0.9807808680232818,PNG,0.0532989501953125,68.36378479003906,8.481710433959961,256,0.9828301668167114,0.09890592843294144,0.9306206703186035,-0.02323977246290763,-0.013712118637855333,-0.02068214434642456,0.011337296936924974,18.378950119018555,0.6691256165504456,12.664724349975586,0.4104461669921875,-1.2774533671197155,-2.013874251647109,-2.391123922665196,-2.5085428535438536,-2.582921084996464,0.36795196903668437,-0.08058303131032929,-2.000168561935425,0.0057220458984375,0.5849609375,256
synthbuster,1,FLUX.1-schnell,1285823,0.9758317061430292,0.9645540573622853,PNG,0.02752685546875,78.69621276855469,8.039610862731934,256,1.0134196281433105,0.12110728770494461,0.7917523980140686,0.21219704805170145,0.07149826284437852,0.02713223180734499,0.02324272360874279,17.229061126708984,-0.6155058741569519,12.291537284851074,0.369873046875,-1.0287948392158421,-1.6223025628755998,-2.028601989358444,-2.1664020473899654,-2.2903031351029837,0.3372839405228918,-0.07896099793679301,-1.0498111248016357,0.0139312744140625,0.6795501708984375,256
synthbuster,1,FLUX.1-schnell,893896,0.9589808309199997,0.9521889247185483,PNG,0.013458251953125,60.53600311279297,5.866526126861572,256,1.02472722530365,0.1653367280960083,0.6791999936103821,0.3062106239746357,0.15673763442324293,0.15130042278761457,0.08509426382822399,60.62041473388672,0.9965096712112427,3.674226999282837,0.4716339111328125,-1.3853708749794986,-2.617997384156734,-3.117378815556334,-3.3098143578927415,-3.3148458730649475,0.42671512974340864,-0.10057595650648847,-2.382460355758667,5.0862630208333336e-05,0.4352264404296875,256
synthbuster,1,FLUX.1-schnell,858676,0.9736927823035856,0.975138128849427,PNG,0.00860595703125,51.026607513427734,7.810014724731445,256,0.8984085321426392,0.17313125729560852,0.762211799621582,0.15319210260573757,-0.02867528863208015,-0.00020072641735434152,0.014558192946495945,81.79249572753906,-4.448061466217041,3.19431734085083,0.5951690673828125,-1.8282764429368719,-2.8318645767844908,-3.410235953565712,-3.7258303939365227,-3.839294797368475,0.7014512075239576,-0.1463976707165483,-2.506977081298828,0.0008087158203125,0.372833251953125,256
synthbuster,1,FLUX.1-schnell,1863214,0.994947212688106,0.9958611807678359,PNG,0.00323486328125,253.19989013671875,3.312920570373535,256,0.9906736016273499,0.7017491459846497,0.2375778704881668,-0.01604109100189129,-0.08516243766650344,-0.021104958993350104,0.007440706534174325,1.7482805252075195,-0.24996888637542725,39.19481658935547,0.1670379638671875,-0.9079600469784088,-1.215839748830347,-1.3705763434231928,-1.5276401250243383,-1.641263014211404,0.35405846364673366,-0.057642570913576205,-0.5805314779281616,0.027608235677083332,0.6401214599609375,256
synthbuster,1,FLUX.1-schnell,1315622,0.9569381586756888,0.9936067675853524,PNG,0.006744384765625,91.85208129882812,4.3192009925842285,256,0.9690803289413452,0.5000491738319397,0.46926772594451904,0.062345116372745916,0.0932665677933481,0.0023702772635654156,0.015493704339687053,2.204249382019043,0.0051513547077775,18.90221405029297,0.175689697265625,-0.881426215996413,-1.1383175365042133,-1.1972936263802323,-1.163294271782612,-1.1959660202784645,0.00546931398321604,-0.003574394311562448,-0.00806442741304636,0.017033894856770832,0.7085723876953125,256
synthbuster,1,FLUX.1-schnell,798477,0.9192495594678037,0.8572722783281383,PNG,0.031829833984375,29.288331985473633,9.100696563720703,256,0.9899756908416748,0.15718364715576172,0.8089774250984192,0.3491843359812544,0.08911559882236476,0.009181393551344593,0.0036483140637830237,194.6747589111328,-2.5781919956207275,3.515537738800049,0.775543212890625,-1.6671585616006759,-2.070911025768777,-2.626703469399085,-2.7562317844263697,-2.716414232257585,0.34120344928718627,-0.09652523226103159,-1.9003924131393433,0.011118570963541666,0.5417327880859375,256
synthbuster,1,FLUX.1-schnell,823473,0.7809849002384843,0.9433622453529509,PNG,0.0154571533203125,39.308067321777344,7.930760383605957,256,0.9275391101837158,0.22693988680839539,0.6954339146614075,0.12464619163254625,-0.031047111566521807,0.028694239936874904,0.007618584462861542,86.18207550048828,3.051476001739502,4.004201412200928,0.63970947265625,-1.5116977773808884,-2.315518582771287,-2.948815823695516,-3.145987389088247,-3.2595110029483196,0.5908864295443568,-0.13272736979353714,-1.5568848848342896,0.013570149739583334,0.6810150146484375,256
synthbuster,1,FLUX.1-schnell,1420791,0.9946394037274053,0.9968597895221226,PNG,0.004974365234375,110.25189208984375,4.0291032791137695,256,0.9607098698616028,0.467401921749115,0.35312339663505554,-0.1855308212153211,0.024804755913983897,-0.05079261562748738,0.0036625201792036305,3.9517898559570312,0.10342719405889511,18.525419235229492,0.183685302734375,-1.2551592197728443,-1.8717951180053394,-1.9045227863659644,-1.9575160484717342,-2.1280973398903003,0.22254076519245913,-0.026347249761064496,-0.8774206042289734,0.012110392252604166,0.3448944091796875,256
synthbuster,1,FLUX.1-schnell,1064446,0.9231621143520512,0.9430802629346332,PNG,0.05810546875,24.057464599609375,8.479756355285645,256,0.922974705696106,0.2490941435098648,1.0940531492233276,0.04247641036144488,-0.03750819091268837,0.0013702967719020304,0.00445108995213769,96.44922637939453,1.4239128828048706,2.8111581802368164,0.500274658203125,-1.6856482382730338,-2.5376411012855513,-2.9354517013788763,-3.1574866006958615,-3.294458894897385,0.5711219444761468,-0.10786041012564905,-2.4265425205230713,0.0030059814453125,0.302001953125,256
synthbuster,1,FLUX.1-schnell,919751,0.9389221197197412,0.9632530936245678,PNG,0.0211639404296875,35.12076187133789,8.421056747436523,256,0.8803145289421082,0.26573696732521057,0.8245809078216553,-0.16964264789816677,-0.03705336099483144,0.02612196537846239,-0.023456841602306745,22.73470115661621,1.8017009496688843,4.603134632110596,0.4160919189453125,-1.62826107931427,-2.738718312178899,-3.2614830084911244,-3.4162608218635695,-3.539501634555492,0.4908216118733524,-0.1094882160001274,-2.0938689708709717,0.004033406575520833,0.344146728515625,256
synthbuster,1,FLUX.1-schnell,1564741,0.9813453081299525,0.9864936974757375,PNG,0.0031890869140625,117.73982238769531,4.560457229614258,256,1.0241836309432983,0.259774386882782,0.44651153683662415,0.18951686758574576,-0.08648391921009653,0.022975822822743883,0.0059683434814061815,11.768211364746094,0.7486655712127686,10.807929039001465,0.31329345703125,-1.3366544258930748,-2.197659164919118,-2.623059621560291,-2.9115712932041022,-3.0861529528816662,0.6888968141589427,-0.12456691408091716,-1.7324482202529907,0.0022786458333333335,0.7660675048828125,256
synthbuster,1,FLUX.1-schnell,1284429,0.9792018121696291,0.9923136154202403,PNG,0.0024261474609375,92.90998077392578,4.493249416351318,256,0.992336630821228,0.49079668521881104,0.4622097611427307,0.14882954942808513,-0.05479559221168031,-0.05159725792329545,-0.01914335412593375,4.182122707366943,-0.45235008001327515,19.491195678710938,0.15875244140625,-1.1832230157821524,-1.5888757219932392,-1.7139300227734626,-1.7063088737572443,-1.7882786138946258,0.0883118220511605,-0.023290908551403925,-0.4481910765171051,0.010899861653645834,0.7052764892578125,256
synthbuster,1,FLUX.1-schnell,1445720,0.9866611827147688,0.9873822411111873,PNG,0.0027923583984375,118.8709487915039,4.021617889404297,256,0.9674192667007446,0.41385191679000854,0.40991848707199097,0.043371670163825635,0.11801398935078146,0.16303204672088215,0.10498119585926347,5.664567947387695,-0.3343457281589508,15.306024551391602,0.2188568115234375,-1.1951166657866539,-1.707693415908448,-2.154548242519441,-2.312665167238137,-2.4371762081589985,0.5104687412612714,-0.10645346401741797,-1.0371134281158447,0.0024007161458333335,0.60797119140625,256
synthbuster,1,FLUX.1-schnell,1155818,0.9958843568745429,0.9972799254077243,PNG,0.0087127685546875,122.74569702148438,5.468031406402588,256,0.9952175617218018,0.28472772240638733,0.5443510413169861,-0.019280053567490248,-0.04720604044684645,-0.013050343098677286,0.004732495565238309,9.90495777130127,0.36976638436317444,21.997732162475586,0.314422607421875,-1.2389676804177823,-1.7582911288758094,-1.9440223363571603,-2.05877919154272,-2.131892952637008,0.17840882554258108,-0.04433603270174284,-0.592014491558075,0.0054931640625,0.4432525634765625,256
synthbuster,1,FLUX.1-schnell,1332245,0.9893954031982338,0.9892897376687911,PNG,0.0077362060546875,128.9939727783203,5.075157165527344,256,0.9813691973686218,0.26984190940856934,0.45205575227737427,0.3695958058426012,0.10963421436165482,0.02384870551527272,0.021367998407723247,15.083471298217773,1.3048096895217896,11.763948440551758,0.4415283203125,-1.014049719618484,-2.074343472189055,-2.5502528703152905,-2.7011682884024095,-2.8173227755612418,0.5662630621315214,-0.11489863775832451,-1.5085276365280151,0.0046234130859375,0.6028900146484375,256
synthbuster,1,FLUX.1-schnell,996022,0.98240487116897,0.9801516250338967,PNG,0.0261688232421875,31.51656723022461,8.884209632873535,256,0.945387065410614,0.2811487913131714,0.9849352240562439,0.35355202362171445,0.4357743098724974,0.349355606493563,0.27629595133282014,33.96604919433594,1.3201625347137451,5.1226806640625,0.4118804931640625,-1.890108873469182,-2.2674503446767247,-2.5913241429493468,-2.849507975023677,-2.9290046526192315,0.5822908900753916,-0.1038699439300997,-1.7799385786056519,0.0,0.36279296875,256
synthbuster,1,FLUX.1-schnell,1148998,0.9824471029386291,0.986473180520719,PNG,0.003143310546875,139.67007446289062,4.469545841217041,256,1.0189297199249268,0.45489099621772766,0.3732951283454895,0.14823016001478798,0.08726975093734263,0.08261801059443603,0.05859357888414317,8.340256690979004,-0.5046598315238953,14.879439353942871,0.3096160888671875,-1.3373892029233128,-2.3377991922650745,-2.616855166969968,-2.75676068626786,-2.8612674522797645,0.3877438418097858,-0.07478248638886864,-1.2651410102844238,0.011388142903645834,0.7727508544921875,256
synthbuster,1,FLUX.1-schnell,1189369,0.9721873939037267,0.9740651468065288,PNG,0.0160675048828125,37.361183166503906,7.629411697387695,256,0.9501112699508667,0.19929298758506775,0.7581214904785156,0.32547424586122403,0.2706462671085665,0.20269181233046504,0.10846608254387637,27.707181930541992,0.47588402032852173,4.980867862701416,0.3131866455078125,-1.452429628850438,-2.152983760955224,-2.3543144331805976,-2.6549769954124205,-2.7334375910860187,0.4704728191887293,-0.08517048937151205,-2.093590259552002,0.0,0.5569915771484375,256
synthbuster,1,FLUX.1-schnell,1715586,0.978785063498692,0.9799621966961733,PNG,0.006561279296875,127.67815399169922,4.530294895172119,256,0.9070188403129578,0.34314197301864624,0.4137975573539734,0.30033256574525796,0.12095505552757135,0.06563406904292803,0.06543132972016277,6.328710556030273,-0.04248640686273575,17.400819778442383,0.2658538818359375,-1.180817086870685,-2.0284128011624647,-2.371732415895212,-2.597035252491546,-2.6993693504970953,0.4592529398788665,-0.09047705945447987,-1.6215091943740845,0.006128946940104167,0.7994842529296875,256
synthbuster,1,FLUX.1-schnell,824869,0.9323544388692154,0.9421638172018361,PNG,0.263092041015625,6.704434871673584,6.2324652671813965,256,0.9893377423286438,0.462379515171051,3.387601613998413,-0.08370481579945975,-0.06936528892176017,0.007683603150365978,-0.031139364881667117,1004.6646728515625,-4.0345988273620605,1.6873191595077515,0.76458740234375,-1.5797231929243,-2.4631417422925193,-2.8326842942177466,-3.1199909018373484,-3.264722420851207,0.5598446323367767,-0.10774408896228777,-1.8238860368728638,0.00016276041666666666,0.0572662353515625,256
synthbuster,1,FLUX.1-schnell,1292996,0.9685665654189105,0.9831409311640965,PNG,0.00311279296875,81.70117950439453,5.4157209396362305,256,0.9778532981872559,0.20813558995723724,0.5905689597129822,0.19153090753616528,0.10481061772182586,0.05881531057778295,0.027689326262781665,6.677155494689941,-0.03983990475535393,14.681891441345215,0.1772918701171875,-0.5543287647694939,-1.2636274371488696,-1.4989667347292377,-1.556354495481413,-1.618729875578099,0.17369677628007718,-0.04075005577870194,-0.4686901569366455,0.0025177001953125,0.8302459716796875,256
synthbuster,1,FLUX.1-schnell,1001538,0.9896592617697608,0.9816330967342543,PNG,0.0622100830078125,89.79428100585938,6.712856292724609,256,0.9852064251899719,0.10028938204050064,0.8979477286338806,0.26726379094422825,0.16322531304388826,0.10358303981082326,0.12877983583512004,9.58480167388916,-0.5513828992843628,16.992284774780273,0.372039794921875,-0.6146815893632986,-1.3505983986976808,-1.6625929650998517,-1.8891732033383457,-2.0204943677563394,0.544673557805365,-0.09791963428355722,-0.7094047665596008,0.006067911783854167,0.6025390625,256
synthbuster,1,imagen3,2330133,0.8214928474534146,0.8828966074348782,PNG,0.0062255859375,64.59353637695312,5.402593612670898,256,0.830234706401825,0.3878583014011383,0.5672890543937683,0.47977574635507836,0.2587799043738341,0.2140674384829122,0.12499634046206519,19.6506404876709,1.1846189498901367,4.696263790130615,0.36822509765625,-0.9281988469798925,-1.691032645736665,-2.318661111529991,-2.579161047669997,-2.7530251109595394,0.6053015984159638,-0.14010789555227574,-1.5534228086471558,0.018910725911458332,0.4795074462890625,256
synthbuster,1,imagen3,2494186,0.8974118073610999,0.94130904386843,PNG,0.00164794921875,105.89801788330078,3.4983909130096436,256,0.8809671401977539,0.3894803524017334,0.28614288568496704,0.24329508908241212,0.03465143834056636,0.19531770528048972,0.14485101045613638,6.652634620666504,-0.06780368834733963,10.214801788330078,0.26812744140625,-1.0042654897759604,-1.7142316107341395,-2.3098461386998297,-2.6396511252466484,-2.763246770645072,0.7793386658667627,-0.15497285400469463,-1.3981434106826782,6.103515625e-05,0.787384033203125,256
synthbuster,1,imagen3,2254785,0.9650695028558133,0.9740252801097032,PNG,0.0193939208984375,95.39541625976562,5.792549133300781,256,0.9117916822433472,0.3132348656654358,0.7589024901390076,0.28098899711634906,0.025526307519737307,0.026552185067115024,0.017295709149844293,11.036584854125977,0.09543382376432419,14.44079875946045,0.287200927734375,-1.0875232368321024,-1.6074666701284093,-1.9634349321571456,-2.244483128917392,-2.382393409772254,0.5952149516719629,-0.11171156108781341,-1.3648521900177002,0.0007120768229166666,0.566986083984375,256
synthbuster,1,imagen3,1279647,0.20094382900420776,0.7199590421979521,PNG,0.0535125732421875,9.174543380737305,4.318822383880615,256,0.868401288986206,0.6286415457725525,0.7109314203262329,0.17595907377893005,-0.007885311152092076,-0.07617613710880042,0.02575705197395297,675.5906982421875,-11.897435188293457,1.1565929651260376,0.5112762451171875,-1.222108857330646,-1.8220986205344358,-2.1343914171394553,-2.4474848892645205,-2.559073631274513,0.39736347454069554,-0.09062611728085203,-1.6062308549880981,0.2911275227864583,0.045806884765625,256
synthbuster,1,imagen3,2663935,0.6194332879364661,0.9000864992690868,PNG,0.00054931640625,118.9402847290039,3.276710271835327,256,0.9041720628738403,0.6211910247802734,0.2709863483905792,0.318048005161111,0.05165674013041818,0.01601971787330842,0.010911692349145108,3.0560784339904785,0.6873913407325745,13.540122985839844,0.2090301513671875,-0.7954986177198329,-1.416110733835752,-1.8821828423326394,-2.1707000472147016,-2.2421203500734244,0.5688909458530471,-0.11982492012983346,-0.9376559853553772,0.0341033935546875,0.89007568359375,256
synthbuster,1,imagen3,1778813,0.906260120590976,0.925794103886703,PNG,0.1365509033203125,31.304977416992188,7.878528594970703,256,0.8983159065246582,0.09125459939241409,1.1083054542541504,0.09562192507019408,-0.02997286391224297,0.018845501763213195,0.026586827031321456,22.21647834777832,1.3612688779830933,5.109094619750977,0.5031890869140625,-1.3319404575507923,-1.9848389399951225,-2.5259285449641933,-2.79722669312073,-2.8750011373638378,0.6425899661543975,-0.13336285225340985,-2.2249395847320557,0.0,0.377716064453125,256
synthbuster,1,imagen3,1937560,0.9638558123387269,0.9400396340571064,PNG,0.0066375732421875,99.01724243164062,4.960778713226318,256,0.9762144684791565,0.07095327973365784,0.5198588371276855,0.4326740378229861,0.1646476264222356,-0.0003644823324916625,0.045887856194135775,15.860925674438477,-0.03977666422724724,11.312357902526855,0.3189697265625,-1.079863598001956,-1.764562787446227,-2.3049718725872532,-2.652304373192443,-2.771356110161002,0.8361210153855012,-0.1479250414095997,-1.4836450815200806,0.0005137125651041666,0.642578125,256
synthbuster,1,imagen3,1937745,0.9065711925745015,0.9187320442039202,PNG,0.0085906982421875,102.790771484375,5.041447162628174,256,1.0259820222854614,0.08648938685655594,0.5567406415939331,0.22400739078504323,0.002425089674237317,0.06667659862208503,0.043037432036547515,16.41846466064453,1.4023373126983643,10.770072937011719,0.3418121337890625,-1.2923543633910866,-1.7272950259720838,-2.4686120047838607,-2.7756272951739698,-2.907796356551284,0.7631188745408553,-0.1668224596422148,-1.4153913259506226,0.0012664794921875,0.6271820068359375,256
synthbuster,1,imagen3,1889317,0.870136544967328,0.9388094523239895,PNG,0.010345458984375,67.96422576904297,6.786574840545654,256,0.806073009967804,0.3907797336578369,0.8886750340461731,0.0068177409893130005,0.016258844470790675,0.05157591854808298,0.08624233378384531,27.643634796142578,0.5466046929359436,8.376470565795898,0.2911376953125,-0.9964422040630758,-1.6210642179223962,-2.241923062758908,-2.4125308087755144,-2.4591255796953124,0.5531521453028025,-0.12365150543259003,-1.3040238618850708,0.0008138020833333334,0.5501556396484375,256
synthbuster,1,imagen3,1749716,0.9599127457238661,0.9490643308445523,PNG,0.17236328125,69.44037628173828,8.179607391357422,256,0.8900365829467773,0.01147663127630949,0.8162559270858765,0.519973583497039,0.37001994995007575,0.3621721271137625,0.2963277324785169,88.08406066894531,6.813011646270752,8.214483261108398,0.55938720703125,-1.428181557981815,-2.2493867103705885,-2.9268479744293616,-3.1665243835433055,-3.28671649636253,0.6871556599724791,-0.14990069594192454,-2.2448487281799316,0.015101114908854166,0.4517059326171875,256
synthbuster,1,imagen3,1877673,0.937398728328095,0.9493485466617386,PNG,0.0063018798828125,67.95368957519531,7.2870917320251465,256,0.9532380700111389,0.212731271982193,0.7516931891441345,0.030469350749552735,-0.20049800887816133,0.035519549656796455,0.008629033584224845,60.1221923828125,-0.2717750668525696,5.972527980804443,0.449432373046875,-1.3262898384717436,-2.1075958408408706,-2.9718552267820355,-3.338700056859442,-3.420458843064252,0.8574322258388358,-0.18962250377132675,-2.036860942840576,0.0021921793619791665,0.431976318359375,256
synthbuster,1,imagen3,2786572,0.9513624365138638,0.9292207814470391,PNG,0.007537841796875,205.94143676757812,3.440788507461548,256,0.9765406847000122,0.5584699511528015,0.276632159948349,0.18174770423236072,-0.08125339018381879,0.015023900565812404,0.011481770879563818,3.3070216178894043,0.036694563925266266,20.853343963623047,0.2566375732421875,-0.9662353058259026,-1.5564204041837595,-2.090553281692494,-2.3589719276333465,-2.4354213146257626,0.6343453400251722,-0.12972390279472734,-0.9988181591033936,0.003021240234375,0.838836669921875,256
synthbuster,1,imagen3,1666823,0.642704794455604,0.8950716201269815,PNG,0.0039520263671875,79.46371459960938,3.7181131839752197,256,0.9085552096366882,0.6938651204109192,0.3611204922199249,0.44830237770085474,0.22704553406149758,0.2023857034570798,0.10541368998705791,5.420105934143066,0.6735285520553589,7.384098052978516,0.2891082763671875,-1.041702444089232,-1.839155662328876,-2.443545578706429,-2.6158477227316332,-2.782761215155709,0.5840484340844574,-0.1267807703005157,-1.5026761293411255,0.005696614583333333,0.662811279296875,256
synthbuster,1,imagen3,1576943,0.8369293675136895,0.6070914229037424,PNG,0.05859375,22.709373474121094,11.960542678833008,256,1.017565131187439,0.25919675827026367,1.0443284511566162,0.3221039421145743,0.021292086797470373,0.028028084603247207,0.03339555331143268,112.51527404785156,7.076715469360352,3.0878474712371826,0.6724090576171875,-1.136240282639581,-2.0209247959692744,-2.7038200045881373,-2.97173970233427,-3.109922241595705,0.7004383876497751,-0.15371055808154838,-2.568760395050049,0.028020222981770832,0.4086761474609375,256
synthbuster,1,imagen3,1548208,0.2638879223459294,0.9106590491118435,PNG,0.0482177734375,43.7789306640625,8.95422649383545,256,0.9641680121421814,0.11446995288133621,0.814955472946167,0.15575875938450998,-0.106364887130526,0.0295258734400984,-0.00814772309830351,162.49984741210938,4.602842807769775,3.367882013320923,0.6448822021484375,-1.4531722007451355,-2.283626996015256,-2.887439167205163,-3.1860354994916236,-3.3363910495670144,0.7631279349841433,-0.14952799188294344,-2.2756359577178955,0.06781005859375,0.4617462158203125,256
synthbuster,1,imagen3,2133694,0.9479973086540506,0.9520643739387664,PNG,0.0074005126953125,76.32823944091797,5.635055065155029,256,0.9050318002700806,0.2634083926677704,0.5898100733757019,0.37423659381819924,0.11824416170402095,0.10653520783985172,0.07839378486226735,24.847904205322266,1.6695924997329712,8.363188743591309,0.304229736328125,-1.2828619848389105,-2.020530276741904,-2.596088733682122,-2.9117727064456,-3.0314766189998315,0.6886644305494638,-0.1441476595791095,-1.6991355419158936,0.0,0.355072021484375,256
synthbuster,1,imagen3,1920158,0.8836520794767229,0.9397893678096528,PNG,0.0030059814453125,75.58062744140625,4.504031658172607,256,0.906670093536377,0.2640933096408844,0.5362175703048706,0.08134457822592554,-0.0905064833467094,0.016123151902903303,0.013748307965579876,7.190360069274902,0.8379784822463989,9.075736999511719,0.266387939453125,-0.9378010669048527,-1.4706121807974535,-1.9471499838215234,-2.2409072219531563,-2.3482299409309384,0.6348081746982288,-0.12177591444911484,-1.330827236175537,3.0517578125e-05,0.71630859375,256
synthbuster,1,imagen3,1888384,0.7761608125863967,0.7813339405718709,PNG,0.0449066162109375,14.189749717712402,7.810600757598877,256,0.8556413650512695,0.47850096225738525,1.628129243850708,0.2692680190904567,0.04744683098225163,0.01207491577685193,0.004836436026879424,48.696495056152344,2.9846551418304443,1.74832022190094,0.449066162109375,-0.7518990798029419,-1.3322566948212318,-1.739814017472396,-1.930734078968701,-2.05009224767875,0.5007387618670847,-0.10064897802813497,-1.7555968761444092,0.010808308919270834,0.149139404296875,256
synthbuster,1,imagen3,2656189,0.9501214541338947,0.9631111300766871,PNG,0.0010833740234375,176.92312622070312,3.5554440021514893,256,0.9754956960678101,0.4878457486629486,0.30588313937187195,0.2282974522075455,-0.08401750154061882,0.018651720533533655,0.012288086423621829,4.212454319000244,-0.022248806431889534,15.745293617248535,0.2433013916015625,-1.0591282818541092,-1.7970823315946145,-2.4373872204546947,-2.754912678727245,-2.8874419558152375,0.782118498135679,-0.1602577896827425,-1.3851336240768433,0.00011189778645833333,0.6200408935546875,256
synthbuster,1,imagen3,2068786,0.8757762586524486,0.9283427646627641,PNG,0.001983642578125,70.85317993164062,4.5655293464660645,256,0.9063243865966797,0.44474029541015625,0.5453917980194092,0.23225716698963617,-0.050400410706626625,-0.02350602012585899,-0.003593316831547706,8.923924446105957,0.5430787205696106,9.90727424621582,0.2113189697265625,-0.9638052668847035,-1.1671933850495897,-1.5684828420016679,-1.8225670351492615,-1.9417661713540655,0.5276000082959778,-0.10529595195977874,-0.6873897910118103,0.00022379557291666666,0.5977325439453125,256
synthbuster,1,imagen3,2230713,0.9347901607691341,0.9452283019815698,PNG,0.0046539306640625,85.67535400390625,5.628504276275635,256,0.9722059369087219,0.3312455415725708,0.45288872718811035,0.4886493523138557,0.31618950627692016,0.29359558537429203,0.20493376146058262,18.856218338012695,1.0081387758255005,9.106968879699707,0.3200836181640625,-1.007667636677879,-1.53026628874336,-2.1941111289248996,-2.4740952972219405,-2.6443194736022226,0.8035191318772137,-0.15971558647111883,-1.5385714769363403,0.004425048828125,0.59381103515625,256
synthbuster,1,imagen3,1987939,0.9741327613192259,0.9799728092249361,PNG,0.0123443603515625,98.06951904296875,7.128855228424072,256,0.9746458530426025,0.19073759019374847,0.7577863931655884,0.2186269138084371,-0.03880791381644324,0.024288194738237016,0.015407318982326649,25.265867233276367,1.3889487981796265,13.091848373413086,0.3906707763671875,-1.2166247451528829,-1.798381814242516,-2.383508555974821,-2.642104107525438,-2.8255325551186434,0.7713433847015159,-0.14654520422226622,-1.7876648902893066,0.021138509114583332,0.420013427734375,256
synthbuster,1,imagen3,1966453,0.8929847455922432,0.9435506373803294,PNG,0.0060272216796875,61.457969665527344,5.770215034484863,256,0.9671533703804016,0.3047952353954315,0.5516722202301025,0.5764836422969688,0.2709971348921095,0.09100700862189236,0.03990007030804962,35.57267379760742,4.22200345993042,5.874945640563965,0.4366607666015625,-1.1231691717618277,-1.8676272939676357,-2.517613381998526,-2.807296901489254,-2.9593677047353273,0.7384698822651323,-0.15641394888347246,-1.423187255859375,0.0115814208984375,0.4169769287109375,256
synthbuster,1,imagen3,2123817,0.8977914772183931,0.935589528152591,PNG,0.008209228515625,64.69381713867188,7.235357284545898,256,0.9342629313468933,0.2445722222328186,0.8908316493034363,0.270202962124687,-0.010401129232303005,0.013151419343434955,0.02975965280327547,26.18967628479004,1.5485963821411133,8.738338470458984,0.282135009765625,-1.0060215178742862,-1.553252418385095,-2.0507381605466506,-2.3078956788749387,-2.4669139555944692,0.6010439720407659,-0.1263381807578507,-1.4118419885635376,0.0003916422526041667,0.5849609375,256
synthbuster,1,imagen3,2063399,0.8990533321053765,0.9449735180302206,PNG,0.001800537109375,107.21282196044922,4.839722156524658,256,0.9638267159461975,0.22157461941242218,0.47668853402137756,0.26768732834961373,0.017476203065654075,0.08866864478841702,0.03467811365190817,11.028501510620117,-0.3356468379497528,9.377388000488281,0.288360595703125,-1.2281916167941764,-1.982637093650621,-2.588193480544833,-2.9032656865714443,-3.0570131586140814,0.8304772340491988,-0.15471808865360395,-1.6181949377059937,0.0014088948567708333,0.6898040771484375,256
synthbuster,1,imagen3,2451367,0.8486272121473108,0.9420495887879301,PNG,0.0010528564453125,113.61701965332031,3.729767322540283,256,0.9606032967567444,0.4577849209308624,0.38531294465065,0.2532275124246678,-0.037455797911123995,0.011145984570106335,0.03564001113625414,5.423845291137695,0.690003514289856,12.333837509155273,0.2614898681640625,-1.2335311508973028,-1.9587374951889682,-2.3191320647377163,-2.5900037831526195,-2.7412273510616867,0.5264076705776191,-0.1037294234855955,-1.2493517398834229,0.0022430419921875,0.7723541259765625,256
synthbuster,1,imagen3,2420127,0.8580544857783421,0.8875834063556225,PNG,0.0302276611328125,74.00676727294922,6.642192363739014,256,1.1669073104858398,0.04541015625,0.7900041937828064,0.4765457809572266,0.34942211864466965,0.36230495315385314,0.31595164053918967,23.21363067626953,-1.1947128772735596,9.38668441772461,0.4216156005859375,-1.2928360439508761,-1.9999235920441008,-2.7670808159026112,-3.0416551694991227,-3.179429864589819,0.8509121236408532,-0.18131754526942134,-1.6375577449798584,0.00921630859375,0.4199981689453125,256
synthbuster,1,imagen3,1765797,0.8766464034141711,0.956421088788429,PNG,0.0589599609375,90.20484924316406,5.184494495391846,256,1.003406286239624,0.027791304513812065,0.5984541177749634,0.2358785463510556,0.08940822292700334,0.12456119311021596,0.07899345245130594,14.094932556152344,-0.6786779165267944,9.353482246398926,0.3712005615234375,-1.1397387251256506,-1.8332612835714652,-2.423834453941173,-2.7409715033765263,-2.8500368581526754,0.6527828726017155,-0.14446217895276456,-1.6424531936645508,0.0003458658854166667,0.5638427734375,256
synthbuster,1,imagen3,1981989,0.7924556564239706,0.8848534533399334,PNG,0.0019073486328125,74.40411376953125,6.674915790557861,256,0.9410402178764343,0.39489156007766724,0.6902105808258057,0.39915854008787843,0.1714458179231759,0.11606944725406744,0.04398227131890463,29.064720153808594,0.802863359451294,8.432064056396484,0.23504638671875,-1.028730151412601,-1.7178704328830667,-2.2124108237072218,-2.5133722500888167,-2.530985620925847,0.5402749336314123,-0.12066045147897442,-1.1413547992706299,5.0862630208333336e-05,0.832305908203125,256
synthbuster,1,imagen3,1884357,0.9568459999952408,0.9464479846163543,PNG,0.0213623046875,85.61994934082031,6.716577053070068,256,0.9530879855155945,0.062000539153814316,0.8596627116203308,0.3425498271492164,0.20883662193327526,0.16648419373911594,0.0986804418436419,15.747596740722656,0.41454583406448364,13.872990608215332,0.27392578125,-0.5065819679483612,-1.0296579583018968,-1.561121788566143,-1.8807277461140188,-1.8822915982543895,0.4400705733820436,-0.12020356653497087,-0.6705445647239685,0.0006306966145833334,0.5490570068359375,256
synthbuster,1,FLUX.1-dev,1122607,0.9864723076520996,0.9814916574127992,PNG,0.0189208984375,90.14566040039062,6.214456558227539,256,0.9259943962097168,0.12223199009895325,0.5881034731864929,0.3629978616080657,0.2066867261589299,0.16775384300617407,0.1400682839504702,37.63985061645508,-0.5522133708000183,6.09235143661499,0.4417724609375,-0.8772637374165102,-2.0936974871617906,-2.7527094289447316,-2.823449545523178,-2.9765385776791486,0.6129681590883962,-0.1290400151579581,-2.073251724243164,0.046518961588541664,0.404815673828125,256
synthbuster,1,FLUX.1-dev,1307795,0.9738656035273666,0.9787299960035692,PNG,0.0111236572265625,71.73651885986328,5.143940448760986,256,1.0112839937210083,0.1401267647743225,0.6244560480117798,0.1479038140628847,0.15323836926426565,0.13227879437241583,0.10504493499067843,13.366992950439453,0.5223647356033325,9.215091705322266,0.3877716064453125,-1.2327148838834745,-2.151251412795933,-2.6742985674353843,-2.8465991289453916,-2.931213632624666,0.4752898540856121,-0.10864165493923869,-2.1427805423736572,0.00020853678385416666,0.6855621337890625,256
synthbuster,1,FLUX.1-dev,1258320,0.9886876618363554,0.9930486905553627,PNG,0.0068359375,82.7409439086914,4.760082721710205,256,0.9768369793891907,0.17928466200828552,0.6480148434638977,-0.17124413427879462,0.049985804438493306,-0.0022014348524302878,-0.014764744422110843,5.03619384765625,0.32822901010513306,15.533024787902832,0.2577362060546875,-1.132905498600441,-1.4068353530872626,-1.6106416949579714,-1.586313440790252,-1.660962239368831,0.19017593446891112,-0.032544286731810604,-0.6993647217750549,0.004389444986979167,0.67034912109375,256
synthbuster,1,FLUX.1-dev,589199,0.45005984192022214,0.5698741870935252,PNG,0.067962646484375,7.414365768432617,4.315945148468018,256,0.9267897009849548,0.6089495420455933,0.54078209400177,-0.03388934652722678,-0.047383943447063724,0.0023764625215499844,-0.027350297448010256,4.151865482330322,0.08005312830209732,0.7116432785987854,0.6441802978515625,-1.0438355044051653,-2.0399316206367075,-2.650781453056101,-2.7268055122289447,-2.818916096031622,0.3759233582519479,-0.10099977072866234,-1.9689874649047852,0.0447998046875,0.108612060546875,256
synthbuster,1,FLUX.1-dev,1460998,0.9406004999179574,0.9782574300402207,PNG,0.0041351318359375,111.97622680664062,4.268289566040039,256,0.986079216003418,0.26852136850357056,0.507459819316864,0.3092117083683987,0.07394179581383097,0.00801522491251255,-0.020905896950839116,7.372803688049316,0.657829999923706,15.030649185180664,0.23077392578125,-0.9020172377136397,-1.5011621951893117,-1.924737144287331,-2.139493587334945,-2.223756225561001,0.4774903903329486,-0.10609185308175904,-1.0903717279434204,0.030736287434895832,0.8252410888671875,256
synthbuster,1,FLUX.1-dev,1072139,0.9623300661480625,0.9864508239804093,PNG,0.031219482421875,54.989540100097656,6.762847423553467,256,1.017822027206421,0.07203583419322968,0.7826666831970215,0.20379796681204415,0.268452774349438,0.15789576979403774,0.05965463753971627,19.331541061401367,0.9150135517120361,8.91801929473877,0.3277130126953125,-1.0960397717114905,-1.8287643837447973,-2.0977137995753656,-2.2517251780862715,-2.2015820297347792,0.21045149112696304,-0.06115157619683683,-0.7713582515716553,0.00012715657552083334,0.6516571044921875,256
synthbuster,1,FLUX.1-dev,978610,0.9834499221440257,0.990682003220563,PNG,0.055450439453125,80.51423645019531,8.659660339355469,256,0.896561861038208,0.06931652128696442,0.9526730179786682,0.11616282740847805,0.030929424805892013,-0.018346971917312344,0.01959987820565063,39.98219680786133,-0.4146701395511627,10.12730598449707,0.48095703125,-1.3665050142075597,-2.1929114564828645,-2.6784683226391204,-2.8903748233095063,-2.943741710671188,0.5730490740500152,-0.11442471591829514,-1.9121780395507812,0.09818013509114583,0.4586334228515625,256
synthbuster,1,FLUX.1-dev,1114297,0.966784453239385,0.9637592721516071,PNG,0.017913818359375,115.68435668945312,5.9842915534973145,256,0.8052055835723877,0.16537880897521973,0.5625983476638794,-0.0051905025634023105,-0.014887961884393872,0.06727748341588355,0.004010546356320588,21.56640625,-0.19705425202846527,11.62536334991455,0.340240478515625,-0.7665335382182139,-1.6550776637531692,-2.383496509789082,-2.594500052485607,-2.6981800111498746,0.7633179155936229,-0.15903311559430763,-1.6270455121994019,0.037694295247395836,0.7829742431640625,256
synthbuster,1,FLUX.1-dev,1120652,0.9840144177675924,0.9741077490809904,PNG,0.031280517578125,64.72734832763672,9.261252403259277,256,1.1256290674209595,0.15160785615444183,1.0800864696502686,0.05789830726368541,0.01210422304120305,0.05880749986424542,0.023208160182906026,32.63822937011719,0.003391633741557598,10.163650512695312,0.427520751953125,-1.1403205890402157,-1.8230900030679376,-2.4171607935282697,-2.6271441177822537,-2.789300726393872,0.6310317996258377,-0.13471900519820784,-1.5703150033950806,0.019734700520833332,0.5910797119140625,256
synthbuster,1,FLUX.1-dev,729198,0.919097145634494,0.9088566277727874,PNG,0.0276947021484375,37.251434326171875,5.520623683929443,256,0.9784249663352966,0.20734351873397827,0.6332674622535706,0.4328666344725769,0.256787832613631,0.12625687606078193,0.0473980369304123,216.1539764404297,-4.7570953369140625,1.6585882902145386,0.714447021484375,-1.8420325623273168,-3.0274402755380603,-3.8431668054950263,-4.095185640289503,-4.21194916567709,0.7663693102204832,-0.16968507889894968,-2.91361927986145,0.0002288818359375,0.559783935546875,256
synthbuster,1,FLUX.1-dev,812106,0.9718925170831536,0.9770717656890123,PNG,0.0135345458984375,42.250484466552734,9.688615798950195,256,0.8829711079597473,0.2223455309867859,0.9498752951622009,-0.02890421386097655,-0.03383430219344384,0.014279907464910356,-0.0013814425552642025,91.66357421875,-3.108398914337158,2.926753282546997,0.674346923828125,-1.5580951227104523,-2.4537669723972257,-3.0160919442065754,-3.1810732155072294,-3.2027212982722393,0.4020018373867362,-0.11116866129824358,-1.7869776487350464,0.0016937255859375,0.2071533203125,256
synthbuster,1,FLUX.1-dev,1533335,0.9920540638125246,0.9824791907264685,PNG,0.03173828125,130.39944458007812,4.303621768951416,256,0.9718387126922607,0.4229592978954315,0.3573773205280304,0.20236782938625275,0.017882428378189263,0.0017397700773285017,0.008046568607650226,10.655123710632324,-1.055273413658142,16.983596801757812,0.28887939453125,-1.338550123242766,-1.8107046047142807,-2.211557629557034,-2.3584933014995775,-2.408151213801194,0.40670271003036973,-0.08634499876560098,-0.9801618456840515,0.07090250651041667,0.5824737548828125,256
synthbuster,1,FLUX.1-dev,1203708,0.9604957933998806,0.9917639811096799,PNG,0.015655517578125,83.12394714355469,4.666396141052246,256,0.9283679723739624,0.13580983877182007,0.49984654784202576,0.0015171235383935832,0.10358969071507895,0.011841477697025225,0.0023031536816462517,8.547704696655273,0.06621799618005753,13.877790451049805,0.24835205078125,-1.1232141735507462,-1.6858517738333196,-1.8664264689144305,-1.895376693096349,-1.9390628914109138,0.14007991247260776,-0.03303332917774057,-0.4462222456932068,0.0027872721354166665,0.6958465576171875,256
synthbuster,1,FLUX.1-dev,791470,0.9788463664965416,0.9338509533496553,PNG,0.071502685546875,49.96485900878906,8.297039031982422,256,1.0168920755386353,0.07516098022460938,0.8320783972740173,0.2222160288330711,0.06512239371360312,0.010899749853821061,-0.005967329982466408,42.514503479003906,2.6301894187927246,7.852217197418213,0.621368408203125,-1.1517582301435025,-1.8979149297573752,-2.373279463088484,-2.480964480905075,-2.4711863228982605,0.3565670796013052,-0.09085269251568856,-1.2012463808059692,0.033345540364583336,0.549468994140625,256
synthbuster,1,FLUX.1-dev,690309,0.43665774310557254,0.809227866351703,PNG,0.084564208984375,9.904624938964844,11.339893341064453,256,0.8705122470855713,0.3962186276912689,1.525909423828125,0.3098587483863794,0.16869786608573065,0.023166123745630356,0.010703441387158008,509.84674072265625,1.1186637878417969,1.1043241024017334,0.658233642578125,-1.1845267824453138,-1.9192794999202656,-2.384942932683879,-2.486972167638214,-2.5156259530048812,0.38237446628682337,-0.0845006876116074,-2.0063986778259277,0.0024566650390625,0.32965087890625,256
synthbuster,1,FLUX.1-dev,1148495,0.9942113925752328,0.9953849435318678,PNG,0.023956298828125,65.19001007080078,7.015375137329102,256,0.9649772644042969,0.12325804680585861,0.846500813961029,0.16575471345024334,0.316616046905076,0.08965275440534001,-0.0053805856887456415,10.163105010986328,-0.13290518522262573,12.6061372756958,0.2731170654296875,-1.0836638745992904,-1.6718564281703276,-1.9619772603286698,-1.9896444063322392,-2.047528068146753,0.21628444358607535,-0.05146623000934144,-0.6931713223457336,0.00537109375,0.2964019775390625,256
synthbuster,1,FLUX.1-dev,1260142,0.9819621167730024,0.989605738026194,PNG,0.0425567626953125,39.995018005371094,5.608811855316162,256,0.9504870772361755,0.10473477095365524,0.7444105744361877,-0.04260597484313271,-0.015335682365131111,-0.00976710213945642,-0.015861566923145276,10.161233901977539,0.48389434814453125,8.029809951782227,0.36383056640625,-1.031918287358038,-1.4561417416878353,-1.7228466956107527,-1.6845626273296777,-1.7167859594277664,0.17411899549667176,-0.03918770068684067,-0.7423115968704224,0.0004679361979166667,0.4816436767578125,256
synthbuster,1,FLUX.1-dev,831490,0.9853277451810246,0.9852238829270301,PNG,0.0721435546875,23.787818908691406,13.405887603759766,256,1.0121124982833862,0.31326326727867126,1.4326838254928589,-0.1881759505282696,-0.14771211092805894,0.04516016983402783,0.00349583998309953,359.4093933105469,5.4240803718566895,5.207828521728516,0.6278839111328125,-1.5733860940952464,-2.5206347207500874,-3.040647086545685,-3.3109000618016076,-3.3945971833678663,0.6524695303840953,-0.13252472126875067,-2.3718974590301514,0.012410481770833334,0.2442169189453125,256
synthbuster,1,FLUX.1-dev,1069248,0.9099931024395235,0.8894845549111233,PNG,0.013397216796875,42.5799560546875,5.692826271057129,256,0.9749539494514465,0.19435995817184448,0.749685525894165,0.2754162802564834,0.0654975840069296,0.023528767795575785,-0.004309808691727343,348.6537170410156,-6.328865051269531,1.5804883241653442,0.72918701171875,-2.4736302894084474,-3.80292120791471,-4.619344926781664,-4.738368871832433,-4.7960786151007095,0.5789648947322474,-0.13944180611366438,-3.3686318397521973,0.0004831949869791667,0.6017913818359375,256
synthbuster,1,FLUX.1-dev,1115797,0.9642882790035141,0.9854639410834177,PNG,0.002227783203125,64.97642517089844,5.015727996826172,256,0.9716867804527283,0.5610340237617493,0.6126356720924377,0.3268478008497646,0.08210587808493111,-0.030639232969495778,-0.010432090553247442,8.079975128173828,0.6995545625686646,11.454731941223145,0.187652587890625,-1.1130083570626343,-1.4635138627710766,-1.61554882917231,-1.7693393606401244,-1.8286148523634083,0.30380497459977196,-0.05363668299356593,-0.3349037766456604,0.0026041666666666665,0.575164794921875,256
synthbuster,1,FLUX.1-dev,1150644,0.9821455314925586,0.9836289286061609,PNG,0.0012969970703125,105.16445922851562,4.273928165435791,256,0.9224147796630859,0.49192166328430176,0.3457811772823334,0.11969194532340886,0.16405762143309596,0.14921708548701462,0.09924424884998352,13.051042556762695,-0.18219059705734253,11.257637977600098,0.295257568359375,-1.1347168055608368,-2.0391010447404954,-2.2855656798197757,-2.4933096044045087,-2.564126736102282,0.5375640410369567,-0.09340016877143431,-0.9984918832778931,0.007359822591145833,0.6888427734375,256
synthbuster,1,FLUX.1-dev,1037760,0.9936234759825018,0.9958466383689301,PNG,0.0262908935546875,72.80267333984375,5.886923313140869,256,0.9923133850097656,0.0867549479007721,0.743526816368103,-0.007663092213153149,-0.028403735762777847,0.008570689931967112,0.01027840293618649,20.95343589782715,2.193781852722168,11.76949405670166,0.469024658203125,-1.048067550554041,-1.4549734758271269,-1.884320522920535,-1.9466742200325209,-1.9871620729698547,0.2770080633161047,-0.07765148022228008,-0.8086860775947571,0.00860595703125,0.2738037109375,256
synthbuster,1,FLUX.1-dev,1127732,0.9945745018208909,0.9948457876567975,PNG,0.0513153076171875,98.42085266113281,6.763656139373779,256,0.9748899936676025,0.06693682074546814,0.6618406772613525,0.42616575323724176,0.20137111135863098,0.05549732507012267,0.017691796693004636,25.312332153320312,3.0547900199890137,10.77246379852295,0.607330322265625,-1.2521931817711112,-2.116924942902478,-2.751299794486031,-2.87316286751403,-2.9505344878609163,0.5232192897835697,-0.1196182426836121,-1.5522470474243164,0.0796966552734375,0.46722412109375,256
synthbuster,1,FLUX.1-dev,961143,0.9835420255532193,0.9829073697209282,PNG,0.0366668701171875,37.796627044677734,8.516854286193848,256,0.9466204643249512,0.10730964690446854,0.9448997378349304,0.283747059602853,0.32658474102255414,0.12077832477160734,0.02073616702050168,28.68056869506836,0.4954870343208313,5.5456061363220215,0.417694091796875,-1.7634425085544656,-2.612430817584153,-2.9166058593423942,-2.9397113558259838,-2.946447197069345,0.12586462739078108,-0.045070590364547566,-1.7511260509490967,0.009953816731770834,0.460906982421875,256
synthbuster,1,FLUX.1-dev,987012,0.9869142169226792,0.9909536252890631,PNG,0.002593994140625,131.888671875,4.701927185058594,256,0.9465712904930115,0.3165823221206665,0.41413426399230957,0.05804453236570687,0.2184903015752563,0.12676688226625085,0.06000620884265289,14.343791961669922,-0.4187927842140198,13.267820358276367,0.36590576171875,-1.23921082085496,-2.102631805041577,-2.495729909133912,-2.5493159342594387,-2.496509576152956,0.13408263689319888,-0.05446847849068804,-0.9126926064491272,0.015416463216145834,0.766357421875,256
synthbuster,1,FLUX.1-dev,1153289,0.9753961981130383,0.9803412022296137,PNG,0.03277587890625,24.32304573059082,9.030892372131348,256,0.9485578536987305,0.33803147077560425,1.1949756145477295,0.004356027122086735,0.10803146991491526,0.05986522531152176,0.01470716277719573,57.46845245361328,-0.7067002654075623,4.704980850219727,0.3606414794921875,-1.3197877774976687,-1.8998079428363193,-2.2107820103531495,-2.3740357383781268,-2.436035021578024,0.33270152238048833,-0.0714788098890139,-1.2284784317016602,0.0,0.487579345703125,256
synthbuster,1,FLUX.1-dev,1418055,0.966393781035359,0.9767876980893506,PNG,0.0440521240234375,114.55464172363281,5.532264232635498,256,1.1314691305160522,0.032076749950647354,0.6132379174232483,0.34824465330739807,0.21808110697336439,0.2027240086874653,0.1126330500411497,22.74325180053711,0.7818647623062134,10.680577278137207,0.4600372314453125,-1.4407052936223899,-2.239778789738317,-2.79613170285086,-2.9905283211319214,-3.0813807366284625,0.4784210458129623,-0.1179447025717914,-1.6841833591461182,0.055440266927083336,0.7029876708984375,256
synthbuster,1,FLUX.1-dev,1123019,0.9899641715856917,0.9895729974833707,PNG,0.0213165283203125,91.84515380859375,5.3997650146484375,256,0.9525952935218811,0.06342589110136032,0.6187212467193604,0.20694463433335678,0.18739006324414764,0.09539655164373476,0.04003594698460072,11.350214958190918,-0.2705569267272949,13.29755687713623,0.3280181884765625,-1.1397078955088373,-1.749995802209745,-2.1423558018608784,-2.21724599673204,-2.260840565521991,0.20550770719626765,-0.0680963744188459,-0.6821141839027405,0.0001983642578125,0.6353759765625,256
synthbuster,1,FLUX.1-dev,1115823,0.9792239038953681,0.9878416722603564,PNG,0.0037994384765625,66.54180145263672,6.177270889282227,256,0.9966159462928772,0.4397464394569397,0.7049505114555359,0.30215927924999136,0.2937222978760829,0.17269596663626524,0.10413801023852488,19.275367736816406,1.1956541538238525,13.233919143676758,0.210540771484375,-1.2683194482251805,-1.592622335023182,-1.9117875137081919,-1.9367972177189117,-1.9771102015562132,0.2496845740452569,-0.05320395453726833,-0.5635553598403931,0.0005900065104166666,0.6308746337890625,256
synthbuster,1,FLUX.1-dev,968135,0.9901952764398219,0.9801381482839211,PNG,0.0667266845703125,82.73477172851562,7.3554253578186035,256,0.9488602876663208,0.1406225711107254,1.0482137203216553,0.2681409272576811,0.25160876100481494,0.15891275956684459,0.11084855841042002,16.107677459716797,-0.9272770881652832,16.52298927307129,0.4354095458984375,-0.9728043724320656,-1.5535808074624544,-1.82513457141736,-1.9634131861317554,-2.046089529642482,0.39087975117547025,-0.07563627875737311,-0.7062086462974548,0.001953125,0.58172607421875,256
synthbuster,1,SD3-medium,1361813,0.9298752334911007,0.9380614564271973,PNG,0.017242431640625,120.78610229492188,5.526906490325928,256,0.8404901027679443,0.16368724405765533,0.6512521505355835,0.07422465278164017,-0.14301078406839177,0.04753205590016992,0.02021562563905848,13.928136825561523,1.052441120147705,15.250926971435547,0.336944580078125,-0.8925098013966233,-1.3258842845744452,-2.0869887244646463,-2.4369283320331796,-2.5764308742699455,0.7023839935311473,-0.16313775363137425,-1.556065320968628,0.013682047526041666,0.58868408203125,256
synthbuster,1,SD3-medium,1446926,0.9597735311331974,0.9527377287690796,PNG,0.0058746337890625,79.74044799804688,6.282070636749268,256,0.9817352294921875,0.19914737343788147,0.6517888903617859,0.3977442171459099,0.2699940868674334,0.36783339167022977,0.3470278259096116,24.432231903076172,1.7345050573349,8.311959266662598,0.3830108642578125,-1.5668393528473619,-2.510062548975175,-3.1313853721750293,-3.4301918644841782,-3.538475964238507,0.7220713208096621,-0.14727753439652744,-2.2359135150909424,0.0026295979817708335,0.834747314453125,256
synthbuster,1,SD3-medium,1433434,0.990589925035953,0.994448336579154,PNG,0.0018463134765625,174.23678588867188,3.343959093093872,256,1.014312982559204,0.2591281533241272,0.4209703505039215,0.2578216214567772,-0.007796021608697468,-0.016815108442128936,0.0030986386580623294,2.3842358589172363,0.012224499136209488,24.27887725830078,0.2085723876953125,-0.6078722197752295,-0.8803973176900968,-1.253805843182609,-1.5591537446885786,-1.6560879957930537,0.7390794879324396,-0.12307699251525879,-0.9619786143302917,0.016087849934895832,0.6202850341796875,256
synthbuster,1,SD3-medium,701960,0.2280014545335479,0.4362400049575709,PNG,0.132354736328125,8.832481384277344,8.540305137634277,256,1.0728381872177124,0.31126412749290466,1.4498121738433838,0.03680068487292179,0.008820446981744523,-0.018902283934682844,-0.026292277126457694,350.7752685546875,-7.432967185974121,0.6059606671333313,0.776458740234375,-1.8953535087022315,-3.1800744772117486,-4.122651325452579,-4.3657639954376535,-4.4761320717732085,0.7663552363863699,-0.18754149653990038,-3.252436876296997,0.0685882568359375,0.16802978515625,256
synthbuster,1,SD3-medium,1735674,0.9694808718183583,0.985534184470058,PNG,0.00048828125,147.92308044433594,3.431539535522461,256,0.9990535974502563,0.4640769064426422,0.32157036662101746,0.05681069459388321,-0.15950873500711857,0.008735899432185439,-0.009727258594105411,2.283148765563965,0.5127620697021484,18.649951934814453,0.1807403564453125,-0.9441341193020447,-1.1381248217817461,-1.743889881552379,-1.9533866029055869,-2.061399149818496,0.6977649597862845,-0.13965809277553173,-1.0956549644470215,0.0036214192708333335,0.8819122314453125,256
synthbuster,1,SD3-medium,1219660,0.981759705875799,0.9868568931512346,PNG,0.0245361328125,70.22564697265625,5.004340648651123,256,0.978018045425415,0.1088099479675293,0.7368174195289612,-0.05054845090834015,-0.06495009559376715,-0.011582002981269107,0.027572706404602142,5.140645980834961,0.5753582715988159,10.754046440124512,0.24212646484375,-1.3527508404182047,-1.9307179391924993,-2.3047504472533733,-2.5617983183646924,-2.686673801446827,0.6527317315739998,-0.1173889352360461,-1.7731075286865234,0.0008748372395833334,0.55810546875,256
synthbuster,1,SD3-medium,1155649,0.9878745691383691,0.9618656100486145,PNG,0.0370330810546875,111.44031524658203,6.112175941467285,256,1.0935087203979492,0.045883141458034515,0.6948240995407104,0.09265084033843315,-0.0566818951358168,0.07781103564916923,0.03740382730652915,15.200525283813477,0.533404529094696,13.661844253540039,0.402374267578125,-1.0154936110391226,-1.5528873398234087,-2.320634393916812,-2.574139864982606,-2.7137733276282345,0.832811877250764,-0.17468281764454266,-1.911048412322998,0.010564168294270834,0.6044769287109375,256
synthbuster,1,SD3-medium,1286030,0.9402659840469499,0.8813637958727094,PNG,0.018280029296875,191.73782348632812,4.141530990600586,256,1.1131129264831543,0.42966511845588684,0.3447931408882141,-0.05800290393746554,-0.1763098900562465,0.03408440478938703,0.0370164035732467,7.7436065673828125,-0.06919267773628235,21.812240600585938,0.3017120361328125,-0.9502916757899618,-1.3969080122257482,-1.903812266595156,-2.477677421072456,-2.486664533478505,0.8645292209341431,-0.1748777471761982,-1.1845906972885132,0.11860148111979167,0.801513671875,256
synthbuster,1,SD3-medium,1574107,0.9837288086015789,0.9731661231679003,PNG,0.00439453125,139.86068725585938,5.0663371086120605,256,1.0907869338989258,0.15910324454307556,0.6090801954269409,0.25598181590803276,0.10104328093019252,0.08792013942069601,0.06188332871619374,5.138669967651367,0.20928260684013367,19.89818000793457,0.1934051513671875,-0.8653256757221124,-1.2674983541189002,-1.7115033295840663,-2.0380058788360813,-2.100070601136715,0.5869965673935198,-0.12488076076479998,-1.0078442096710205,0.029810587565104168,0.748779296875,256
synthbuster,1,SD3-medium,1132164,0.9829866078938079,0.9800075700008858,PNG,0.002655029296875,111.43245697021484,6.1204071044921875,256,1.000065565109253,0.41900837421417236,0.6770594120025635,0.41166243662568897,0.2830734484980893,0.3400745817243112,0.2856880426119615,13.008270263671875,-0.03397510573267937,10.335589408874512,0.2491302490234375,-1.1545610628448273,-1.8886980423378308,-2.6814226799850074,-3.0403264619146313,-3.2512062336008,0.9202246425062732,-0.18795658185777545,-1.7106164693832397,0.004399617513020833,0.3984375,256
synthbuster,1,SD3-medium,871607,0.9817930874883246,0.9836232984931876,PNG,0.0204010009765625,94.4209976196289,7.236083507537842,256,1.0172934532165527,0.2210700362920761,0.6109510064125061,0.20025563249661404,-0.04781467418634326,0.04458816756043545,0.012265885790020428,53.21006774902344,0.024423150345683098,4.977357387542725,0.549957275390625,-1.4395817545983265,-2.674343467513718,-3.8336205872094995,-4.224412948856957,-4.366235134801876,1.0402751018607068,-0.24112443925518526,-3.1615185737609863,0.012715657552083334,0.380462646484375,256
synthbuster,1,SD3-medium,1842320,0.9744697726070506,0.9740298176323123,PNG,0.005645751953125,189.52333068847656,3.047043561935425,256,1.0004879236221313,0.5673729181289673,0.31289368867874146,0.1377661240286626,-0.18819151338405493,-0.01887331660145336,0.0034405143097582386,1.232065200805664,0.1054389476776123,23.190950393676758,0.19329833984375,-0.7046168831957278,-0.8455673663436896,-1.4236409671589723,-1.786746855677146,-1.9472492698831694,0.8644211107287143,-0.16248373692155402,-0.9794463515281677,0.009114583333333334,0.851287841796875,256
synthbuster,1,SD3-medium,1692363,0.9663320988400353,0.9905489980527947,PNG,0.000335693359375,144.4076385498047,2.6719391345977783,256,0.9635142683982849,0.6264537572860718,0.22606299817562103,-0.21728089051487348,-0.21104586181855617,-0.09765827309542513,0.016446037668261037,0.8421204090118408,0.274274080991745,21.436311721801758,0.1556549072265625,-0.3995383387016931,-0.3318794755270078,-0.6724052914338863,-1.0010199242353153,-1.1401436916016756,0.6534076812296838,-0.11847542624363393,-0.5081623196601868,0.0030873616536458335,0.681854248046875,256
synthbuster,1,SD3-medium,862909,0.9142091608091081,0.8376456792886522,PNG,0.124847412109375,48.618263244628906,11.754642486572266,256,1.071812629699707,0.088045135140419,1.2522895336151123,0.17560695770305168,-0.13299590155688706,0.01441122116577944,0.0030292415029371197,102.15206909179688,2.2993435859680176,4.6166582107543945,0.5731048583984375,-1.347068211281746,-2.3570356680622275,-3.2246071046805342,-3.5232803783743645,-3.62861815384276,0.8717551253508313,-0.18661950055080093,-2.37174129486084,0.11652628580729167,0.483489990234375,256
synthbuster,1,SD3-medium,898940,0.29218201873817756,0.7272841626652156,PNG,0.018463134765625,24.739517211914062,7.285861968994141,256,1.0293431282043457,0.3121514916419983,0.7990314364433289,0.25760858517451773,-0.004393637429654019,-0.0004832801961703767,-0.02491413934567492,135.80194091796875,-1.5806770324707031,1.3547987937927246,0.6883697509765625,-1.6759388388809704,-2.6776047575625253,-3.401351301065694,-3.7565112727560406,-3.8665107223158994,0.9228114123006677,-0.18414474704515194,-2.763073444366455,0.008138020833333334,0.4674835205078125,256
synthbuster,1,SD3-medium,1440343,0.9946805033969933,0.9951504318571696,PNG,0.0003662109375,154.05148315429688,3.5901384353637695,256,0.9944901466369629,0.41255050897598267,0.36796432733535767,0.058751576334302454,-0.011327461435944585,0.022142896419889792,0.02641244800290401,2.149995803833008,0.20837590098381042,22.716154098510742,0.15911865234375,-0.9072158857654271,-1.1624123327840232,-1.56779291056914,-1.7115290223507564,-1.796420774387185,0.4617258071844885,-0.08830689983483904,-0.657281756401062,0.0016835530598958333,0.446014404296875,256
synthbuster,1,SD3-medium,1308940,0.9909336701765026,0.9923460311361416,PNG,0.00677490234375,76.41221618652344,5.346390247344971,256,0.9775906801223755,0.18457889556884766,0.7539162635803223,-0.048730006516918896,-0.14885005437210394,-0.002307812165969642,0.008862352785096131,6.563031196594238,0.7014288306236267,12.845683097839355,0.264190673828125,-1.3310070600788544,-1.6210114967876805,-2.0055852630800315,-2.1735700412100325,-2.2853541389430667,0.555038870585765,-0.10151034761710266,-1.544140100479126,0.0005696614583333334,0.39013671875,256
synthbuster,1,SD3-medium,1269201,0.9652131557314927,0.9412149169302442,PNG,0.0179290771484375,29.327789306640625,5.544496059417725,256,0.9699729084968567,0.3677162230014801,0.8935627341270447,0.02132646374564627,-0.12386467045891654,-0.06800480642584394,-0.009084361260417497,11.723921775817871,1.0946662425994873,4.098349094390869,0.330810546875,-1.2462323393307884,-1.7187345807532601,-2.0041872954022537,-2.2670527902602853,-2.4515288956459464,0.6542440304920687,-0.10608851180067282,-1.59029221534729,0.0036671956380208335,0.3415374755859375,256
synthbuster,1,SD3-medium,1526762,0.8619115606682367,0.9337894488965168,PNG,0.002471923828125,121.23084259033203,4.638791561126709,256,1.023008108139038,0.5368839502334595,0.5430135726928711,0.2791103987711625,-0.03633213145409488,-0.007228614190775203,-0.010341210122563001,5.843794822692871,-0.23490406572818756,9.872818946838379,0.2714996337890625,-1.2919393688623062,-2.251416383340728,-3.0510965670951764,-3.493950680618479,-3.6635574299313705,1.035798040812974,-0.20459106227944238,-2.3982839584350586,0.022588094075520832,0.8111572265625,256
synthbuster,1,SD3-medium,1359690,0.9714499518922612,0.9860903911354635,PNG,0.00115966796875,87.88081359863281,4.61136531829834,256,1.0116448402404785,0.4854068160057068,0.618218719959259,0.18635449737064386,-0.0790328949885697,-0.05548948743552688,0.004839782740546891,6.365778923034668,0.487362265586853,12.4862699508667,0.192657470703125,-1.1063936646133934,-1.6277170874053333,-2.1594314141800286,-2.4064290892235682,-2.507630874321575,0.5919289005377548,-0.12716564932797936,-1.2497947216033936,0.0023956298828125,0.530548095703125,256
synthbuster,1,SD3-medium,1401564,0.9876261154502606,0.9873870444498459,PNG,0.002471923828125,115.75346374511719,5.490844249725342,256,1.11579167842865,0.47534847259521484,0.581538200378418,0.29398554682391365,0.1699134236922375,0.16233378543934032,0.1279744944802721,7.153961181640625,0.35191264748573303,14.068161010742188,0.20843505859375,-1.4562453651357474,-1.9976489065739944,-2.453721995614174,-2.7678270326741803,-2.896518605653756,0.6918398249692856,-0.1296468008517481,-1.4497745037078857,0.007558186848958333,0.6425933837890625,256
synthbuster,1,SD3-medium,932096,0.9897355179955226,0.9928776321257999,PNG,0.1115570068359375,85.36054992675781,10.683085441589355,256,0.9932599067687988,0.02971983142197132,1.006624460220337,0.13324508836486132,-0.05983051700067568,0.05087645231964501,0.011460610532779757,75.88996124267578,-4.1874098777771,10.685942649841309,0.562469482421875,-1.1326075078089852,-1.7864012725902496,-2.4162435683170225,-2.714533221722286,-2.848409764956161,0.6406443813800351,-0.1475253323200108,-1.744469165802002,0.040252685546875,0.2547454833984375,256
synthbuster,1,SD3-medium,1387646,0.889689346873909,0.9434326524289451,PNG,0.0079345703125,112.58821105957031,5.581510543823242,256,1.0430983304977417,0.1638251394033432,0.48520922660827637,0.18381597913092024,-0.09553529397460711,-0.021636632352425068,-0.0032494731860348226,14.105358123779297,1.341798186302185,12.030183792114258,0.317047119140625,-0.9849150301546343,-1.671962966351904,-2.3036063867155017,-2.619262515296241,-2.714552615169503,0.7772917794944192,-0.15605122217624884,-1.5192111730575562,0.0384063720703125,0.7617340087890625,256
synthbuster,1,SD3-medium,1045824,0.9533272020816281,0.9505454138155223,PNG,0.014556884765625,19.195072174072266,3.6393189430236816,256,0.9859543442726135,0.4414031505584717,0.5759409666061401,0.08144788297537348,-0.10674637469112493,-0.021641513850795133,0.030279566464775576,4.725488662719727,0.37535083293914795,2.6046667098999023,0.372039794921875,-1.0832139765634832,-1.2933268033641108,-1.679896859801473,-2.010742383394729,-2.072964691136466,0.6162553500532049,-0.1161409354973569,-1.9937821626663208,0.0,0.1588897705078125,256
synthbuster,1,SD3-medium,1216933,0.9286639440953881,0.9379687746053224,PNG,0.01348876953125,145.91848754882812,5.026492118835449,256,0.935006320476532,0.32086312770843506,0.46446675062179565,0.1159206175400724,-0.03321444398401134,0.06283935262634165,0.04949097960789909,13.931991577148438,0.05840063840150833,12.576979637145996,0.351776123046875,-1.09592711197375,-1.886377021916644,-2.5223041694622577,-2.810030035056629,-2.9153041987785366,0.705631166585559,-0.1471308686740687,-1.6353083848953247,0.0475921630859375,0.7291107177734375,256
synthbuster,1,SD3-medium,1473869,0.934387201783776,0.9821343193796395,PNG,0.0016326904296875,110.08773040771484,3.832695245742798,256,0.9716187119483948,0.18626178801059723,0.5949306488037109,0.06350996535720117,-0.11178473472182683,0.0017323968953746442,0.005791872087678845,4.227715015411377,0.5251724123954773,19.576906204223633,0.19281005859375,-1.0230849886298339,-1.0967056559109016,-1.4376233910975111,-1.6280358543031852,-1.7432928414396347,0.5613859879213452,-0.09769714135035826,-0.6803560256958008,0.004450480143229167,0.8615570068359375,256
synthbuster,1,SD3-medium,1575780,0.963205963634716,0.9762047531812886,PNG,0.0237579345703125,111.61515808105469,5.3680806159973145,256,1.0406938791275024,0.15354813635349274,0.5591941475868225,0.33678925709070845,0.14483420581598602,0.1591184283052211,0.09749156587102567,10.62723159790039,0.2103758603334427,12.836407661437988,0.3115081787109375,-0.9657761001309106,-1.682580350834873,-2.3113259296749877,-2.612563620625929,-2.743443987655745,0.6637547544133842,-0.15002007804667108,-1.286872148513794,0.014322916666666666,0.70941162109375,256
synthbuster,1,SD3-medium,1147270,0.9861896458422292,0.9847079578897207,PNG,0.059051513671875,102.81488037109375,5.31585168838501,256,1.013718605041504,0.03463425114750862,0.6676934957504272,0.18036835914353477,0.06878885303992921,0.13280973211677163,0.08995871711624165,7.148974418640137,-0.49669668078422546,14.773828506469727,0.3363189697265625,-1.054040920389907,-1.4973527509281572,-2.0907697715155384,-2.34897354268864,-2.4321186574018725,0.6262450067047212,-0.13834414435042044,-1.2723404169082642,0.0003611246744791667,0.5648345947265625,256
synthbuster,1,SD3-medium,1271070,0.9388782639996268,0.9628014272226095,PNG,0.0008392333984375,88.07325744628906,3.540705442428589,256,0.9896313548088074,0.49121806025505066,0.42508912086486816,-0.01575764284779501,-0.17014536245702688,-0.019990514498343822,-0.005307103798451678,3.261044502258301,0.29238513112068176,10.523777961730957,0.1978912353515625,-1.2588124356515715,-1.7515498426425875,-2.2037384660039825,-2.5226972850049236,-2.6015087769690295,0.6903644701136669,-0.13148227182886874,-1.6972085237503052,0.0026753743489583335,0.8055877685546875,256
synthbuster,1,SD3-medium,1107536,0.9858042722742315,0.9604478483843576,PNG,0.0904693603515625,91.9107894897461,6.555881023406982,256,1.060678243637085,0.04712661728262901,0.9313110709190369,0.034086463607031006,-0.033489353682993286,0.03860892432682301,0.023416760268829814,17.923442840576172,-0.3484252095222473,15.596179008483887,0.3818206787109375,-0.9901033054139523,-1.403101399026264,-1.7958444205416129,-2.2538242232575127,-2.271719136351713,1.0057320955412479,-0.15287536063481746,-0.8974639177322388,0.0069122314453125,0.59197998046875,256
