dataset,label,source,bytes,color.banded_fraction,color.colorfulness,color.gray_region_rb_cast,color.saturation_std,fmt,frequency.best_lattice_db,frequency.best_lattice_period,frequency.hf_energy_ratio,frequency.max_peak_db,frequency.mid_energy_ratio,frequency.n_peaks_significant,frequency.power_law_exponent,h,jpeg.is_jpeg,noise.noise_hf_ratio,noise.noise_sigma,noise.sensor_periodicity_db,noise.spatial_uniformity,noise.tile_std_cv,texture.fractal_dimension,texture.glcm_contrast,texture.glcm_energy,texture.glcm_homogeneity,texture.lbp_entropy,texture.lbp_uniform_ratio,w
synthbuster,1,dalle2,3147977,0.019067796610169493,0.16442924737930298,-0.009869375266134739,0.14735473582634176,PNG,19.66582679748535,10.0,0.0353575125336647,16.71343421936035,0.22257128357887268,20.0,-2.0885610312791116,256,0.0,0.8125019669532776,11.6726655960083,3.680692195892334,0.8162490129470825,0.18375098705291748,1.670987606090333,8.182497807333714,0.07971807913809634,0.40499412535707496,0.41019719566914414,1.0,256
synthbuster,1,dalle2,3147977,0.03417818740399386,0.26276737451553345,-0.00012559234164655209,0.31672809971641125,PNG,23.01846694946289,10.0,0.0022039369214326143,16.68629264831543,0.022888902574777603,20.0,-3.295020660000266,256,0.0,0.7527408003807068,3.5823123455047607,2.5806376934051514,0.7827692031860352,0.21723079681396484,1.1328518203711815,1.5040421502547083,0.11773844653589,0.690690433306991,0.40459420782044964,1.0,256
synthbuster,1,dalle2,3147977,0.016736401673640166,0.23730657994747162,-0.007254544645547867,0.20790823687104723,PNG,13.920202255249023,10.0,0.018084337934851646,15.041128158569336,0.10242146253585815,20.0,-2.4446611774406595,256,0.0,0.8216047883033752,8.014034271240234,2.0012402534484863,0.7571982145309448,0.2428017556667328,1.3746027051001168,3.9597074442522135,0.10274587322325468,0.5208761471801606,0.4106226664272314,1.0,256
synthbuster,1,dalle2,3147977,0.01655202063628547,0.13588571548461914,-0.002951384522020817,0.24692347351366203,PNG,22.151752471923828,10.0,0.00670506339520216,23.95810317993164,0.035554178059101105,20.0,-2.8768041268908204,256,0.0,0.8501037955284119,4.087863445281982,2.3339176177978516,0.6721888780593872,0.3278111219406128,1.2261814070685118,1.126977920150903,0.20007614200144577,0.7318308416652104,0.3991606405553402,1.0,256
synthbuster,1,dalle2,3147977,0.005012531328320802,0.10481155663728714,0.0010228732135146856,0.16067694320470102,PNG,14.572734832763672,10.0,0.02894238755106926,14.58874797821045,0.14221696555614471,20.0,-2.4490774864859977,256,0.0,0.8447855114936829,9.939038276672363,2.309262275695801,0.9132484197616577,0.08675161004066467,1.467660061718801,5.789530544141681,0.08724706112298874,0.44416206199381847,0.41016038053252835,1.0,256
synthbuster,1,dalle2,3147977,0.04171994884910486,0.356913298368454,0.010588234290480614,0.32724582276655606,PNG,28.38150405883789,10.0,0.005259320605546236,23.687726974487305,0.09059633314609528,20.0,-2.717474335068278,256,0.0,0.617587149143219,5.336264610290527,6.698718547821045,0.6661709547042847,0.3338290750980377,1.3910032367101097,2.7970433547193387,0.2078562765612565,0.712009137215707,0.4039379967581401,1.0,256
synthbuster,1,dalle2,3147977,0.03641866822886155,0.26930490136146545,0.0,0.2286269876601958,PNG,36.0151481628418,10.0,0.0022700608242303133,29.957426071166992,0.07065623998641968,20.0,-2.9134726868064904,256,0.0,0.4538726806640625,6.261171817779541,7.319855690002441,0.794227123260498,0.20577289164066315,1.4300922937218539,4.927164552095348,0.2681385883719582,0.7560163455775011,0.40144671871331805,1.0,256
synthbuster,1,dalle2,3147977,0.044919145538031544,0.3246065676212311,-0.008399930782616138,0.44758456476394237,PNG,26.8421630859375,10.0,0.003723492380231619,25.30065155029297,0.031058305874466896,20.0,-2.9742247872168477,256,0.0,0.7717080116271973,2.3886499404907227,5.040894031524658,0.73533034324646,0.2646696865558624,1.0576686035283744,0.665912224264706,0.21899772944554027,0.8140571198018867,0.4020237217083525,1.0,256
synthbuster,1,dalle2,3147977,0.08380809595202399,0.5548778772354126,-0.006851087789982557,0.36603002554414193,PNG,26.390968322753906,10.0,0.004298957996070385,25.27362060546875,0.06124397739768028,20.0,-2.992765907337107,256,0.0,0.6779592633247375,3.903251886367798,6.529085159301758,0.5672974586486816,0.43270254135131836,1.2739340312943104,1.610027528474625,0.23468406179948284,0.7823420590360348,0.4011392634331391,1.0,256
synthbuster,1,dalle2,3147977,0.024742268041237112,0.24201270937919617,0.013589559122920036,0.27777366348288945,PNG,21.87120819091797,10.0,0.007566235493868589,17.07803726196289,0.08948858082294464,20.0,-2.647727147464512,256,0.0,0.7151769995689392,3.9102487564086914,0.47381138801574707,0.6552483439445496,0.34475165605545044,1.303680731525918,1.427224429906769,0.1686652398878513,0.7148826018249388,0.4068452670512501,1.0,256
synthbuster,1,dalle2,3147977,0.08924223419169187,0.10171109437942505,-0.020287862047553062,0.11973195856815276,PNG,26.949954986572266,10.0,0.0031729405745863914,19.417797088623047,0.03899030014872551,20.0,-2.9601597753298123,256,0.0,0.7252047657966614,5.352457046508789,7.627418041229248,0.5903478860855103,0.40965214371681213,1.2005783504509568,2.380915498245865,0.41744827855277333,0.7932653814113356,0.39544191966357334,1.0,256
synthbuster,1,dalle2,3147977,0.03673225998807394,0.40894970297813416,0.015291965566575527,0.35930773939406835,PNG,28.45986557006836,10.0,0.0018634857842698693,23.731971740722656,0.016859665513038635,20.0,-3.309948135964878,256,0.0,0.7015774846076965,2.566450834274292,2.049348831176758,0.7136347889900208,0.28636521100997925,1.2301494802189763,1.1057966136822373,0.16331300876352509,0.7718209446948214,0.40347586278096204,1.0,256
synthbuster,1,dalle2,3147977,0.07478232892964147,0.11050025373697281,0.0,0.005966890966420241,PNG,2.194547176361084,5.0,0.6085940003395081,11.565054893493652,0.357191801071167,20.0,-0.4898254204081803,256,0.0,0.9698730707168579,0.7732101082801819,4.82081937789917,0.9878328442573547,0.012167178094387054,1.7769625363057215,0.0,1.0,1.0,0.3533052848660069,1.0,256
synthbuster,1,dalle2,3147977,0.006396588486140725,0.08802323043346405,0.019177192822098732,0.11546353329928176,PNG,13.750204086303711,10.0,0.04488733410835266,13.741514205932617,0.18488618731498718,20.0,-2.2687850037937443,256,0.0,0.8572503924369812,7.419375419616699,2.5077099800109863,0.868884801864624,0.13111522793769836,1.1844958554322282,3.066622302720114,0.1459927344942354,0.5195052461232937,0.4103456075021304,1.0,256
synthbuster,1,dalle2,3147977,0.008361204013377926,0.06353314220905304,0.0,0.05007168854485776,PNG,12.479853630065918,10.0,0.100461944937706,13.103206634521484,0.24488025903701782,20.0,-2.0774634235409035,256,0.0,0.9068911075592041,7.367159366607666,2.7607040405273438,0.9286017417907715,0.07139825820922852,1.4193963344123266,2.7584283688965785,0.17007191891332402,0.5183161363931527,0.40270737117759353,1.0,256
synthbuster,1,dalle2,3147977,0.09392265193370165,0.22200606763362885,-0.00312143936753273,0.22528437349901012,PNG,19.902055740356445,8.0,0.007870402187108994,17.058317184448242,0.06650795042514801,20.0,-2.618927946147955,256,0.0,0.7744554281234741,6.908778190612793,3.5009191036224365,0.838067352771759,0.16193264722824097,1.2527969025465615,3.530311193411189,0.11983830294176245,0.5902498759947395,0.40739726514514407,1.0,256
synthbuster,1,dalle2,3147977,0.050570110540517015,0.20343706011772156,-0.012482739053666592,0.10301890232646035,PNG,27.120054244995117,10.0,0.004207823891192675,28.576814651489258,0.029543142765760422,20.0,-3.0482066111754618,256,0.0,0.7941035628318787,3.130767583847046,2.3526759147644043,0.25210505723953247,0.7478949427604675,1.234151369779748,0.8223761293733172,0.4058193991696775,0.8580761206680936,0.38297412364131067,1.0,256
synthbuster,1,dalle2,3147977,0.03403244954491492,0.040562424808740616,-0.009543027728796005,0.047589998236165394,PNG,23.077184677124023,10.0,0.004924337845295668,22.931718826293945,0.027765359729528427,20.0,-3.109607182068238,256,0.0,0.8364309668540955,1.9721806049346924,2.1675500869750977,0.5841416120529175,0.41585835814476013,0.9016049334035794,0.42141805435409463,0.24739207896150833,0.8419859210615048,0.40222946812052157,1.0,256
synthbuster,1,dalle2,3147977,0.043820224719101124,0.3159821629524231,0.0156862735748291,0.10020070040192627,PNG,16.865751266479492,10.0,0.02385813184082508,13.473902702331543,0.20836327970027924,20.0,-2.13144236220643,256,0.0,0.7755404710769653,8.38914966583252,1.2453587055206299,0.6566154956817627,0.3433845341205597,1.2936748635240225,4.911164365868909,0.19097931084534525,0.5879354874669114,0.410006011593403,1.0,256
synthbuster,1,dalle2,3147977,0.018150388936905792,0.16649124026298523,0.002936409320682287,0.16396295307022768,PNG,23.173442840576172,10.0,0.009168697521090508,23.46950340270996,0.08861205726861954,20.0,-2.659081885249868,256,0.0,0.7554507851600647,6.012498378753662,3.5239858627319336,0.7920067310333252,0.207993283867836,1.308325961019355,2.7639899017204916,0.10974729787892086,0.5859050683583015,0.406224312183138,1.0,256
synthbuster,1,dalle2,3147977,0.03740719588806397,0.18154044449329376,0.014268968254327774,0.155504715731832,PNG,29.209077835083008,10.0,0.00485991733148694,27.75864028930664,0.03862123191356659,20.0,-3.2277793863029367,256,0.0,0.7508456110954285,2.083606719970703,2.1957943439483643,0.7149831056594849,0.28501686453819275,1.1567339015074543,0.658613063485198,0.2694648714864365,0.8408388255109375,0.39168070790175363,1.0,256
synthbuster,1,dalle2,3147977,0.0443804522740747,0.06602171808481216,-0.0007620921242050827,0.05927381933092736,PNG,24.971580505371094,10.0,0.006157021503895521,27.845916748046875,0.03779004514217377,20.0,-3.1037975304664127,256,0.0,0.8276808857917786,2.131216526031494,2.86700439453125,0.6486402750015259,0.3513597548007965,1.100594291329366,0.4433931961264899,0.24951030033219657,0.8376121093844955,0.40166309945921413,1.0,256
synthbuster,1,dalle2,3147977,0.08476530965286587,0.36130648851394653,-0.00026749729295261204,0.32482636142797383,PNG,20.77667999267578,10.0,0.007627787534147501,20.151748657226562,0.08924073725938797,20.0,-2.635818646776572,256,0.0,0.728168785572052,7.893681049346924,1.6762906312942505,0.48147040605545044,0.5185295939445496,1.5483826379488392,4.946248678392928,0.3227490230384721,0.7031690968596973,0.40093165158801014,1.0,256
synthbuster,1,dalle2,3147977,0.03711952487008166,0.06271916627883911,0.02635294198989868,0.10480768743749304,PNG,15.2237548828125,10.0,0.040966443717479706,13.75209903717041,0.22084389626979828,20.0,-2.179084560757042,256,0.0,0.8257465362548828,14.315463066101074,2.004511594772339,0.8119160532951355,0.1880839467048645,1.602605853631866,11.899669733395829,0.08782953430084714,0.4040024319946781,0.4100587448234892,1.0,256
synthbuster,1,dalle2,3147977,0.03074285714285714,0.2622009515762329,0.010683849453926086,0.06677366409804045,PNG,29.56416893005371,10.0,0.004350496456027031,23.208141326904297,0.0338163897395134,20.0,-2.9926098317716034,256,0.0,0.8045517802238464,2.7581987380981445,9.199189186096191,0.6779992580413818,0.3220007121562958,1.1966343066826373,0.7276778312427921,0.2136846510780266,0.8141485423636845,0.396105839874381,1.0,256
synthbuster,1,dalle2,3147977,0.04853051996985682,0.09639433771371841,-0.004994451068341732,0.12051478393304386,PNG,33.815025329589844,10.0,0.002533078659325838,34.08280563354492,0.01826239749789238,20.0,-3.0240937314577354,256,0.0,0.7170649766921997,1.708587884902954,1.3451862335205078,0.6343200206756592,0.3656799793243408,1.2536193182847108,0.5774549001585926,0.33139701750714007,0.8038072055768153,0.3798683692708352,1.0,256
synthbuster,1,dalle2,3147977,0.004705882352941176,0.07421492040157318,-0.008157444186508656,0.09372544199987143,PNG,16.53076934814453,10.0,0.02653483673930168,16.194683074951172,0.14134785532951355,20.0,-2.2954797778992333,256,0.0,0.8360045552253723,9.462908744812012,2.5924768447875977,0.8857845067977905,0.11421551555395126,1.1640563462539268,5.235238955569972,0.11362890052206996,0.46510293437423617,0.40940940621252453,1.0,256
synthbuster,1,dalle2,3147977,0.057283142389525366,0.09286744892597198,0.024901192635297775,0.1859094311061148,PNG,18.261459350585938,10.0,0.00976874865591526,16.9570255279541,0.09132258594036102,20.0,-2.5585535295047745,256,0.0,0.7617823481559753,11.27596664428711,1.2576839923858643,0.6940715312957764,0.30592846870422363,1.5257497427421725,8.919105722558633,0.1937086200906102,0.5739826671975711,0.4071777283278564,1.0,256
synthbuster,1,dalle2,3147977,0.022967386311437757,0.0656869113445282,0.014678030274808407,0.18642689446786406,PNG,23.67292022705078,8.0,0.007047109771519899,19.179365158081055,0.07998635619878769,20.0,-2.7954840630399707,256,0.0,0.7158328890800476,6.247756481170654,3.426469564437866,0.7769684791564941,0.22303155064582825,1.241591465880013,3.46597415957805,0.12233429541186648,0.6118018559181579,0.4059949119185984,1.0,256
synthbuster,1,dalle2,3147977,0.023043388000830393,0.091260626912117,0.0004956560442224145,0.09329020480070008,PNG,30.246379852294922,10.0,0.006763444282114506,23.099395751953125,0.07817225158214569,20.0,-2.5140746549207957,256,0.0,0.7483875751495361,3.039806365966797,6.5439252853393555,0.7181147336959839,0.2818852663040161,1.2430490803772274,0.924103740148021,0.2003670434265425,0.7996740908780823,0.3920288921291889,1.0,256
synthbuster,1,dalle3,2241618,0.18694690265486727,0.17664283514022827,0.00359642063267529,0.15692918080808882,PNG,18.943439483642578,10.0,0.01891324669122696,16.930709838867188,0.09820105880498886,20.0,-2.6039589513588806,256,0.0,0.8402407765388489,10.197598457336426,5.7253007888793945,0.8025698065757751,0.19743020832538605,1.4788103682565539,6.187908196366788,0.09087665073269802,0.5185563614584786,0.40533946152484357,1.0,256
synthbuster,1,dalle3,2055766,0.6339157245632066,0.1377621293067932,0.004995331168174744,0.19097193487447797,PNG,24.368160247802734,10.0,0.004745459649711847,26.224773406982422,0.050228290259838104,20.0,-2.7730595980825443,256,0.0,0.7102029919624329,6.0492987632751465,2.511016845703125,0.47669947147369385,0.5233005285263062,1.1922391300213395,2.9251880736976155,0.22079765114189273,0.7870846745733737,0.37934724160253114,1.0,256
synthbuster,1,dalle3,1832098,0.534162520729685,0.11837230622768402,0.010385541245341301,0.10881667176495154,PNG,17.558258056640625,10.0,0.012803603895008564,18.15406036376953,0.05810757353901863,20.0,-2.8240847644510776,256,0.0,0.855204164981842,6.295159816741943,3.6280570030212402,0.5910375714302063,0.4089624285697937,1.1750155952447994,2.3580875144175324,0.15802237303045844,0.6781014751169565,0.39917065641337446,1.0,256
synthbuster,1,dalle3,3389335,0.17785714285714285,0.10347403585910797,0.00022311524662654847,0.13169435788381978,PNG,12.010621070861816,8.0,0.09190058708190918,12.134441375732422,0.257037878036499,20.0,-2.087579319575967,256,0.0,0.8996528387069702,13.188029289245605,3.2453384399414062,0.8877310752868652,0.11226891726255417,1.515051013458442,8.81221304606402,0.11970771022595961,0.4270279946902878,0.40344864241913875,1.0,256
synthbuster,1,dalle3,2107265,0.13825569871159563,0.13230371475219727,0.002978238509967923,0.13987361501362755,PNG,25.51449203491211,8.0,0.013067455030977726,20.274812698364258,0.1417350172996521,20.0,-2.4326122468584237,256,0.0,0.7046205401420593,9.324652671813965,8.309832572937012,0.6287238001823425,0.37127619981765747,1.4476735097040072,6.317272908857174,0.10312517815446298,0.5844337294680865,0.4044413212578038,1.0,256
synthbuster,1,dalle3,1475877,0.5238664673642253,0.18697911500930786,-0.0006412959774024785,0.2035172618052075,PNG,22.465984344482422,10.0,0.019400902092456818,19.831417083740234,0.11320637166500092,20.0,-2.593814357169983,256,0.0,0.8277024030685425,8.939498901367188,1.5554004907608032,0.43252289295196533,0.5674771070480347,1.271737039167456,5.054672872212616,0.18243725024643365,0.6732014217028408,0.3887748567627407,1.0,256
synthbuster,1,dalle3,2021062,0.09285714285714286,0.10542721301317215,-0.0006413779919967055,0.12087207636146259,PNG,14.85650634765625,8.0,0.022912852466106415,13.79157829284668,0.1286640763282776,20.0,-2.448393591909464,256,0.0,0.8159503936767578,7.139407157897949,3.9763166904449463,0.8055217266082764,0.19447830319404602,1.336051345803462,3.1499997296712805,0.11427546361952332,0.5633858104221297,0.40960400622325593,1.0,256
synthbuster,1,dalle3,3361190,0.23615307150050352,0.25617873668670654,-0.0008677574805915356,0.296216986485525,PNG,16.882064819335938,10.0,0.02243487723171711,15.18979549407959,0.0837637335062027,20.0,-2.560108998551015,256,0.0,0.8731070756912231,12.621846199035645,6.7520904541015625,0.7986108660697937,0.2013891488313675,1.464072716182894,8.44847849985583,0.08736694966339148,0.4947679652034499,0.40530069075696185,1.0,256
synthbuster,1,dalle3,2137102,0.3106151990349819,0.0740823745727539,-0.022587524726986885,0.1967163522316052,PNG,19.890750885009766,10.0,0.045027315616607666,17.393301010131836,0.27614474296569824,20.0,-2.0123509590361346,256,0.0,0.7925158143043518,21.37388801574707,8.284468650817871,0.8512158989906311,0.1487841159105301,1.656651539771265,27.217517511293735,0.08404332808480196,0.3776814836266619,0.4029658926465791,1.0,256
synthbuster,1,dalle3,1682387,0.5572135333546122,0.4101886749267578,-0.007119211368262768,0.38103242248181324,PNG,24.913639068603516,10.0,0.02739264816045761,33.59215545654297,0.19154730439186096,20.0,-2.367672267663274,256,0.0,0.7621182799339294,13.395410537719727,12.378195762634277,0.7289330959320068,0.2710668742656708,1.5682366800035208,10.816469777249134,0.13718738929143892,0.6668138888746209,0.38454088254206553,1.0,256
synthbuster,1,dalle3,1423234,0.5200170028595719,0.3372439742088318,0.004705882165580988,0.30517636110614277,PNG,19.12593650817871,10.0,0.006327835377305746,20.20123291015625,0.02803751826286316,20.0,-2.8808423301709913,256,0.0,0.8669841289520264,3.433785915374756,2.754882335662842,0.34081006050109863,0.6591899394989014,1.2302734246984148,0.7599462496395611,0.23775418026548528,0.8718000853875215,0.37158204345976364,1.0,256
synthbuster,1,dalle3,3468719,0.009925558312655087,0.07484003901481628,-0.00563013507053256,0.09100075195882801,PNG,15.453568458557129,10.0,0.05692845210433006,17.28959083557129,0.21162699162960052,20.0,-2.226738885164395,256,0.0,0.8640143275260925,14.422148704528809,4.335705757141113,0.7607521414756775,0.2392478734254837,1.4752397625314642,10.809906210952516,0.07877279932224975,0.3933197167037501,0.4047095941000844,1.0,256
synthbuster,1,dalle3,2101869,0.13389121338912133,0.11369271576404572,0.020168067887425423,0.07252543536576819,PNG,11.473873138427734,10.0,0.08550995588302612,15.075846672058105,0.2595326602458954,20.0,-1.9421248803470617,256,0.0,0.8760622143745422,15.105708122253418,2.971033811569214,0.8744401335716248,0.12555985152721405,1.4813186302283052,11.500546349360825,0.07964200897181578,0.3496381205201877,0.3991410353570334,1.0,256
synthbuster,1,dalle3,2046603,0.06995412844036697,0.19507256150245667,0.0005673217820003629,0.2741005279118809,PNG,18.381820678710938,10.0,0.019102392718195915,16.553607940673828,0.14934204518795013,20.0,-2.3622011529028657,256,0.0,0.7734586596488953,11.546401023864746,3.9856317043304443,0.7059494853019714,0.29405051469802856,1.5339328247262483,8.931704798034412,0.08063267811737515,0.47821762509819754,0.4040209085157843,1.0,256
synthbuster,1,dalle3,1525327,0.5491987419499775,0.11275698244571686,0.0036569605581462383,0.12437473456882933,PNG,28.908817291259766,8.0,0.020068027079105377,30.44734001159668,0.17741696536540985,20.0,-2.261924064066848,256,0.0,0.7842856645584106,7.3051838874816895,14.366889953613281,0.7024036049842834,0.29759639501571655,1.4030058933243186,3.3368956801470593,0.26200130905936364,0.7792655079346629,0.34251387753957213,1.0,256
synthbuster,1,dalle3,1603759,0.5524088814411395,0.10476811230182648,-0.009483801200985909,0.12691273514236234,PNG,19.26179313659668,10.0,0.017088020220398903,19.71472930908203,0.07446670532226562,20.0,-2.4866394338041617,256,0.0,0.8530582189559937,10.826081275939941,3.5236117839813232,0.3268739581108093,0.6731260418891907,1.5395708469120983,6.386582218978283,0.17975903842110547,0.680734820367106,0.39745356556089473,1.0,256
synthbuster,1,dalle3,2115294,0.1392346703550023,0.15337052941322327,0.0007242986466735601,0.1524988366919122,PNG,14.158683776855469,10.0,0.027813144028186798,13.126028060913086,0.14052140712738037,20.0,-2.4587546824929,256,0.0,0.8358165621757507,10.190347671508789,2.973702907562256,0.6585203409194946,0.341479629278183,1.3342373480862277,6.037189542483668,0.1035271990824263,0.5653539361001754,0.40484905800156445,1.0,256
synthbuster,1,dalle3,1892658,0.3010717765508282,0.17978526651859283,-0.0017521320842206478,0.15558561444555274,PNG,13.134198188781738,10.0,0.02341766096651554,18.250587463378906,0.06590402126312256,20.0,-2.514811928524406,256,0.0,0.8922756314277649,9.089093208312988,2.200863838195801,0.6571356654167175,0.34286433458328247,1.3413010074227272,4.2723156958861965,0.1147928616246395,0.5334332428737378,0.4024396744306808,1.0,256
synthbuster,1,dalle3,1695303,0.3160667251975417,0.11342894285917282,0.0029062945395708084,0.1599749996775112,PNG,20.785663604736328,10.0,0.010101376101374626,16.06951904296875,0.052185285836458206,20.0,-2.8328303580080068,256,0.0,0.843265950679779,6.384924411773682,2.33474063873291,0.6148433685302734,0.38515666127204895,1.2929153053378943,2.6033694222174173,0.12208487370698448,0.7062841667347154,0.3848913359641395,1.0,256
synthbuster,1,dalle3,2014711,0.289002557544757,0.3751005232334137,0.0016559865325689316,0.1961861013005615,PNG,25.23493766784668,10.0,0.012981684878468513,14.62865924835205,0.17054133117198944,20.0,-2.262523883588645,256,0.0,0.7134526968002319,8.821731567382812,4.820952892303467,0.35867828130722046,0.6413217186927795,1.4971939551620843,5.974146467104004,0.12985156448534943,0.6351234401703725,0.3749303049577865,1.0,256
synthbuster,1,dalle3,1470817,0.724268332785268,0.12676575779914856,0.001211456605233252,0.11512099928209198,PNG,21.941911697387695,10.0,0.005372093059122562,17.2808837890625,0.07251454889774323,20.0,-2.685258669421986,256,0.0,0.6823567152023315,7.241202354431152,0.9165651798248291,0.4991328716278076,0.5008671283721924,1.3307346935014934,4.620694744809681,0.22952736975428412,0.6983020309610193,0.3882821732010336,1.0,256
synthbuster,1,dalle3,2307963,0.3308917197452229,0.18865899741649628,-0.0008193066460080445,0.23748478521720423,PNG,17.719879150390625,10.0,0.014833333902060986,15.739994049072266,0.08063800632953644,20.0,-2.7772154571472907,256,0.0,0.8252516388893127,8.26084041595459,4.804593563079834,0.8068709969520569,0.19312900304794312,1.2971229312082375,4.258779465830446,0.11218974776630074,0.6124326458774093,0.40264071782481864,1.0,256
synthbuster,1,dalle3,2225500,0.2153846153846154,0.3642673194408417,0.002443977165967226,0.2308010658323272,PNG,17.0622501373291,8.0,0.03600231185555458,14.911027908325195,0.23525050282478333,20.0,-1.8759166789463702,256,0.0,0.7981979846954346,12.149622917175293,3.7328007221221924,0.6713382005691528,0.32866182923316956,1.632742899947159,8.966784199586709,0.08704815744052771,0.49272725843851084,0.4016146901800296,1.0,256
synthbuster,1,dalle3,2181015,0.1921182266009852,0.13205070793628693,-0.003884670091792941,0.13329102028337003,PNG,16.547460556030273,10.0,0.043530646711587906,16.90009307861328,0.15682783722877502,20.0,-2.4591468896886095,256,0.0,0.8699445724487305,17.497169494628906,8.532478332519531,0.8344545364379883,0.16554546356201172,1.613337857321483,15.819658394607849,0.07510488955272916,0.4056959624315947,0.40429657243129224,1.0,256
synthbuster,1,dalle3,2181364,0.3788786064235166,0.21384644508361816,-0.006653855089098215,0.18134024674552274,PNG,22.008663177490234,10.0,0.016186291351914406,18.547805786132812,0.11887122690677643,20.0,-2.5861278434673993,256,0.0,0.7856782674789429,10.401078224182129,12.684077262878418,0.4496471881866455,0.5503528118133545,1.4255119964251355,7.623725775543058,0.11025576766760048,0.5658123486836136,0.38809354594212475,1.0,256
synthbuster,1,dalle3,1910577,0.20560393790230974,0.1343313455581665,0.0013667960884049535,0.15013276301712405,PNG,28.64862632751465,10.0,0.005626237485557795,20.514318466186523,0.09253428876399994,20.0,-2.6749181041816352,256,0.0,0.6658605933189392,8.002476692199707,9.392107963562012,0.6449282169342041,0.3550717830657959,1.3481276973600291,5.9846571631103345,0.18370296578924888,0.669239006973694,0.39874478343286585,1.0,256
synthbuster,1,dalle3,2025507,0.17291414752116083,0.30555459856987,0.0,0.11929837171043298,PNG,15.565422058105469,10.0,0.05862967669963837,16.3247127532959,0.2645435631275177,20.0,-1.941463939322627,256,0.0,0.8446726202964783,13.28498363494873,2.6482954025268555,0.7050711512565613,0.2949288487434387,1.7278000400571554,9.847929657463478,0.08194938684381067,0.4076611680151023,0.40411835923521977,1.0,256
synthbuster,1,dalle3,1580285,0.25925925925925924,0.15737521648406982,0.0037841550074517727,0.10675805685397116,PNG,17.19513702392578,10.0,0.01521687489002943,17.505151748657227,0.07140475511550903,20.0,-2.783598663445051,256,0.0,0.8380682468414307,4.956920623779297,3.966085910797119,0.5503702759742737,0.4496297240257263,1.2442432663427316,1.5467190203287196,0.16581650952936045,0.7353147004899756,0.4017511205473492,1.0,256
synthbuster,1,dalle3,2265674,0.3036852313660294,0.22969399392604828,0.007754308637231588,0.24721362017722115,PNG,21.666881561279297,10.0,0.007049401290714741,16.069698333740234,0.11358300596475601,20.0,-2.632394283830019,256,0.0,0.6667490005493164,8.396498680114746,1.2330816984176636,0.6106423735618591,0.38935762643814087,1.3232294027539835,6.172314149005187,0.11456484612062792,0.6321640596535147,0.39529668845011207,1.0,256
synthbuster,1,dalle3,2480418,0.011804384485666104,0.27544113993644714,0.0005399262881837785,0.2159032382540041,PNG,15.581768989562988,10.0,0.029395699501037598,15.097517967224121,0.09391923993825912,20.0,-2.515293451245276,256,0.0,0.8858186602592468,10.753103256225586,2.883810520172119,0.8500908017158508,0.14990918338298798,1.4671689245108372,6.015900975586312,0.08301605712059915,0.4591104400961252,0.40548301813019044,1.0,256
synthbuster,1,firefly,1688756,0.20965360590573537,0.20063145458698273,0.011945061385631561,0.20974007176138953,JPEG,20.167112350463867,10.0,0.010232358239591122,20.264995574951172,0.08397534489631653,20.0,-2.4791869074047743,256,0.0,0.7741234302520752,8.705522537231445,3.481839895248413,0.28959447145462036,0.7104055285453796,1.4288221857948356,4.932332681540755,0.14971341697674911,0.7077440911749906,0.40577738699381893,1.0,256
synthbuster,1,firefly,1444188,0.2561014771997431,0.0983353927731514,0.00378601485863328,0.11977294959511764,JPEG,32.43796920776367,10.0,0.003176091006025672,24.29170799255371,0.08073302358388901,20.0,-2.705288030599985,256,0.0,0.5424085855484009,4.521212577819824,6.085955619812012,0.5752818584442139,0.42471814155578613,1.1611122520779218,2.4246329536716646,0.15131945264950272,0.7351812862653346,0.37472560675038225,1.0,256
synthbuster,1,firefly,1008539,0.17414043583535108,0.11181134730577469,0.0,0.06628761322126223,JPEG,31.314098358154297,10.0,0.005026291124522686,31.286888122558594,0.03483673930168152,20.0,-2.8062383187693425,256,0.0,0.7904741168022156,0.9935706853866577,7.713429927825928,0.721397340297699,0.278602659702301,0.9061952451720657,0.17678341863706293,0.2941420499666034,0.9180031654111559,0.3968691307345342,1.0,256
synthbuster,1,firefly,1052725,0.3650413582934262,0.1291118860244751,0.0,0.06289758337643492,JPEG,23.341657638549805,10.0,0.005027272738516331,30.9292049407959,0.027491480112075806,20.0,-2.7478875059160104,256,0.0,0.8299323916435242,0.5038499236106873,5.217338562011719,0.8009577393531799,0.19904226064682007,0.8815171374983939,0.07699376441753171,0.5799289472851377,0.9618671424452134,0.3553736401394552,1.0,256
synthbuster,1,firefly,1789613,0.15510887772194304,0.009697340428829193,0.00579529395326972,0.018988801206472995,JPEG,20.61382484436035,10.0,0.01299437414854765,18.878896713256836,0.1843937337398529,20.0,-2.3163567410623984,256,0.0,0.6718915104866028,5.4987263679504395,3.384983777999878,0.4676346778869629,0.5323653221130371,1.2239174665759445,2.412980854719341,0.1900458951916903,0.7319828684159004,0.40749098106577886,1.0,256
synthbuster,1,firefly,1333640,0.15153243050605844,0.09069141000509262,-0.009134942665696144,0.10739770363858374,JPEG,21.30011558532715,10.0,0.01431009266525507,18.28587532043457,0.16464652121067047,20.0,-2.3717727883691384,256,0.0,0.7228926420211792,5.670062065124512,3.729346990585327,0.7086602449417114,0.2913397252559662,1.1555590169317005,2.412881223567861,0.2256126539476041,0.7094340463860662,0.4070443345724891,1.0,256
synthbuster,1,firefly,1097950,0.35957173681479254,0.06047841161489487,0.019618850201368332,0.08911721808764081,JPEG,32.73469543457031,10.0,0.0017689187079668045,36.675872802734375,0.0162249356508255,20.0,-3.049131593763437,256,0.0,0.6194812655448914,1.7622755765914917,5.922370910644531,0.17079472541809082,0.8292052745819092,1.2870860311000685,0.3674774876249516,0.5199761374915777,0.9287058335733445,0.37452306852645323,1.0,256
synthbuster,1,firefly,1468451,0.357880962050449,0.0937599390745163,-0.009877604432404041,0.19707324098340098,JPEG,31.123027801513672,10.0,0.003337627509608865,32.823970794677734,0.02625584788620472,20.0,-3.0129185806365233,256,0.0,0.7450951933860779,2.2528185844421387,3.5281176567077637,-0.1745210886001587,1.1745210886001587,1.1569792486364219,0.5052784836361013,0.2500352311059251,0.9183612406764797,0.37668387099124395,1.0,256
synthbuster,1,firefly,1786888,0.18132183908045976,0.14116743206977844,-0.011508708819746971,0.19050046212270452,JPEG,20.150835037231445,2.0,0.01166686974465847,14.844016075134277,0.09780602157115936,20.0,-2.4514234207492467,256,0.0,0.778606116771698,8.240564346313477,4.968146800994873,0.6842089891433716,0.31579098105430603,1.4194930465258555,4.4638900903498655,0.12956683623430384,0.6299391222897269,0.40780326594797917,1.0,256
synthbuster,1,firefly,1781593,0.20464327637928786,0.005112616345286369,0.00017149682389572263,0.007010522520112708,JPEG,19.7218074798584,10.0,0.016745325177907944,15.626811027526855,0.18151862919330597,20.0,-2.2200390268078336,256,0.0,0.7316305637359619,7.638454914093018,3.6297667026519775,0.2391766905784607,0.7608233094215393,1.4556008343480502,4.023266336865632,0.1657791009679947,0.7225981935932551,0.4068895332429901,1.0,256
synthbuster,1,firefly,1471678,0.08894995660977727,0.22485731542110443,0.00611168472096324,0.1480221276813937,JPEG,26.495182037353516,10.0,0.005062550771981478,24.65240478515625,0.07708895951509476,20.0,-2.4978259999010333,256,0.0,0.6197147965431213,4.372801303863525,3.316852569580078,0.1990576982498169,0.8009423017501831,1.2277712622234978,1.7471546550605535,0.18850674143232016,0.8044818601300097,0.4069889237308038,1.0,256
synthbuster,1,firefly,897668,0.15854616895874263,0.2052137553691864,0.0,0.14642686699238772,JPEG,24.351280212402344,10.0,0.004853142891079187,27.350109100341797,0.025959143415093422,20.0,-2.7383815923919785,256,0.0,0.8629593253135681,0.8945974111557007,7.185978412628174,0.8678689002990723,0.13213108479976654,1.3762144371721836,0.1499659385813149,0.4218884513183441,0.9250677083333332,0.3965865798574023,1.0,256
synthbuster,1,firefly,2183519,0.3280418158939115,0.08368899673223495,-0.0011106268502771854,0.09135292871964659,JPEG,28.763504028320312,10.0,0.0017745131626725197,28.374387741088867,0.021347705274820328,20.0,-2.949537183366033,256,0.0,0.6912762522697449,4.019894599914551,6.3668670654296875,0.4908486008644104,0.5091513991355896,1.2186007924000544,1.541250540657439,0.1683127415042042,0.7900049831074776,0.39369658038808863,1.0,256
synthbuster,1,firefly,1968382,0.17221030042918456,0.20475834608078003,-0.0009370025945827365,0.27050537405114405,JPEG,23.99479103088379,10.0,0.007099112030118704,23.39763832092285,0.12354286015033722,20.0,-2.4429073316624828,256,0.0,0.6575235724449158,8.16851806640625,7.018003463745117,0.8057686686515808,0.194231316447258,1.379511639024354,5.489476072904652,0.11486416066505566,0.6287282289867293,0.3942376892271549,1.0,256
synthbuster,1,firefly,1214537,0.23342273878706601,0.12034924328327179,-0.0034397330600768328,0.1253657429624163,JPEG,23.833349227905273,10.0,0.00439878087490797,24.09457778930664,0.055783238261938095,20.0,-2.8469025157756027,256,0.0,0.689812958240509,1.5882211923599243,5.818104267120361,0.6597970724105835,0.3402029573917389,1.1107569015495693,0.33237648981161105,0.29871671610458805,0.8656842977566528,0.39956908461475127,1.0,256
synthbuster,1,firefly,996223,0.2102097624018292,0.1107785701751709,0.0,0.07831472269608873,JPEG,29.34604835510254,10.0,0.0061703892424702644,31.221330642700195,0.039053961634635925,20.0,-2.970808927842263,256,0.0,0.8170915842056274,1.0403822660446167,6.3950276374816895,0.6492770910263062,0.35072287917137146,1.1002536889941323,0.18561019199346404,0.4159812581801584,0.9107469131287174,0.39704023648768644,1.0,256
synthbuster,1,firefly,1960124,0.03287070854638422,0.06512026488780975,0.00619007833302021,0.09094239001088304,JPEG,19.641035079956055,2.0,0.030788429081439972,17.26282501220703,0.1532517671585083,20.0,-2.249545416852502,256,0.0,0.830126941204071,8.585527420043945,2.532320499420166,0.6958359479904175,0.3041640520095825,1.1072512717537732,4.176101514441562,0.11921361558161565,0.553637793628294,0.4066240032603989,1.0,256
synthbuster,1,firefly,2104451,0.1655683690280066,0.06767766177654266,0.006119487341493368,0.11323093297003789,JPEG,17.212921142578125,2.0,0.025182999670505524,15.508646965026855,0.2244303822517395,20.0,-2.0709087654235137,256,0.0,0.7575078010559082,15.692119598388672,3.4470109939575195,0.7826193571090698,0.21738065779209137,1.560001703283371,15.776757722390418,0.09156652516065845,0.48839693015972063,0.40714076952471795,1.0,256
synthbuster,1,firefly,1854285,0.11263157894736842,0.0985836386680603,0.006693633273243904,0.2013502376720635,JPEG,20.247802734375,10.0,0.008561132475733757,17.411745071411133,0.10912027209997177,20.0,-2.585125845789822,256,0.0,0.6970782279968262,8.16452407836914,3.416426420211792,0.5931177139282227,0.40688231587409973,1.3230268700915848,5.092600291955018,0.10721752054337252,0.6468786346555218,0.39934120303009774,1.0,256
synthbuster,1,firefly,1568258,0.3006066200712119,0.0435478650033474,0.021227391436696053,0.05935746234302648,JPEG,29.277599334716797,6.0,0.022310899570584297,35.08171081542969,0.34833866357803345,20.0,-1.9052761043150088,256,0.0,0.7107837200164795,8.557816505432129,13.905362129211426,0.6972124576568604,0.30278751254081726,1.300460760591472,4.94087527933968,0.27891722399722685,0.7683975895446111,0.39124982713153855,1.0,256
synthbuster,1,firefly,1051372,0.18735265566495632,0.11601373553276062,0.01697395183146,0.1985077481788358,JPEG,30.529705047607422,10.0,0.0037703386042267084,24.24565887451172,0.043604589998722076,20.0,-2.902302784303522,256,0.0,0.6955615878105164,3.7129549980163574,8.413599967956543,0.5351107716560364,0.4648892283439636,0.9762321621779827,1.227049737480776,0.1542081934397477,0.7729546112630871,0.40184089395288075,1.0,256
synthbuster,1,firefly,2260303,0.1821488528259653,0.05571600794792175,0.015003256499767303,0.09256673596267793,JPEG,24.279239654541016,10.0,0.005665902979671955,25.048276901245117,0.07165820896625519,20.0,-2.6553157586860774,256,0.0,0.7152851223945618,6.378978729248047,5.978653907775879,0.7368892431259155,0.26311078667640686,1.2688106069084604,3.1879470185745875,0.12396211238348256,0.6436148337424198,0.3989777865710622,1.0,256
synthbuster,1,firefly,1092151,0.3854555966219983,0.25477010011672974,0.0,0.0063755410095152005,JPEG,18.598323822021484,10.0,0.025731859728693962,32.41015625,0.10365553945302963,20.0,-2.3608194395573503,256,0.0,0.8429213166236877,0.4620113670825958,4.9022698402404785,0.887972891330719,0.1120271310210228,1.6462889344356972,0.07531786151960784,0.7401591572199304,0.962341069240196,0.34792614462828647,1.0,256
synthbuster,1,firefly,1752587,0.22707236439329007,0.23141998052597046,0.003030303167179227,0.1536164497777697,JPEG,16.976716995239258,2.0,0.04781392216682434,15.001243591308594,0.1874610036611557,20.0,-2.171800594087729,256,0.0,0.8651484847068787,9.803982734680176,6.76878547668457,0.22818541526794434,0.7718145847320557,1.4818114606766863,4.883210529003266,0.26739881062671667,0.7912433449692905,0.4001081203805873,1.0,256
synthbuster,1,firefly,2289359,0.19315374661804494,0.4066087305545807,-0.0030938182026147842,0.1894216152503399,JPEG,18.941551208496094,8.0,0.024476589635014534,20.03154754638672,0.2858414053916931,20.0,-1.9076628131661746,256,0.0,0.70770663022995,10.402999877929688,6.662668228149414,0.2054465413093567,0.7945534586906433,1.3977845559446023,7.501380298442902,0.18031316416232102,0.7298497082283795,0.4011158218071967,1.0,256
synthbuster,1,firefly,1443529,0.40395286159699834,0.05930444598197937,-0.012574370950460434,0.05266149215624636,JPEG,32.60442352294922,10.0,0.003948394674807787,34.97767639160156,0.05526895821094513,20.0,-3.0040733813698823,256,0.0,0.549058735370636,3.0051441192626953,7.348761081695557,0.4577009081840515,0.5422990918159485,1.036711366731194,1.060740250144176,0.3384104726025045,0.8474953651232563,0.3708919649059351,1.0,256
synthbuster,1,firefly,1520382,0.3307904958533086,0.1160556823015213,0.020522627979516983,0.21035370928424096,JPEG,35.05283737182617,10.0,0.0027891299687325954,26.305667877197266,0.02297271601855755,20.0,-3.0984353781739813,256,0.0,0.6333940625190735,1.0466563701629639,8.618315696716309,0.450261652469635,0.549738347530365,1.143943226694207,0.25611491073144943,0.4416983521748795,0.8971629508947352,0.37936918616393583,1.0,256
synthbuster,1,firefly,2024729,0.012552301255230125,0.37401455640792847,0.0,0.23198009363358119,JPEG,18.074462890625,2.0,0.048592161387205124,15.745271682739258,0.43004339933395386,20.0,-1.7594651668352417,256,0.0,0.7649577856063843,13.286796569824219,2.7976484298706055,0.610632061958313,0.3893679082393646,1.5807187219318282,10.933058544189729,0.094403708820493,0.441631065422003,0.408773794068918,1.0,256
synthbuster,1,glide,69616,0.4308335237846485,0.12520642578601837,0.00022117074695415795,0.3894869224894066,PNG,39.577781677246094,6.0,0.0007957396446727216,42.6864013671875,0.06999410688877106,20.0,-2.792445033997556,256,0.0,0.43236953020095825,4.811232089996338,12.930343627929688,0.30899733304977417,0.6910026669502258,1.3715408861244769,3.1193773278306516,0.47785501802850383,0.8074566129911511,0.33158338725394687,1.0,256
synthbuster,1,glide,82563,0.5855953796500765,0.5092445015907288,-0.0008500965777784586,0.42836189777432854,PNG,40.58973693847656,10.0,0.0015246979892253876,38.582149505615234,0.08248908817768097,20.0,-2.7022874207299443,256,0.0,0.33242014050483704,6.444326400756836,5.775139331817627,0.3256400227546692,0.6743599772453308,1.5050525708240166,6.512295481305267,0.4116368890539424,0.7635585859430365,0.3172030438748765,1.0,256
synthbuster,1,glide,101453,0.6163875189218223,0.3788737952709198,0.0004712495720013976,0.2169898322729902,PNG,32.68318557739258,10.0,0.0022244290448725224,27.896465301513672,0.1332099437713623,20.0,-2.608521204369759,256,0.0,0.4027632772922516,5.6177239418029785,1.7543460130691528,0.6478275060653687,0.35217252373695374,1.4685347823433315,4.386490637615335,0.1578521471986848,0.6933929844031973,0.3572840735968254,1.0,256
synthbuster,1,glide,90218,0.4084568061693094,0.18195202946662903,0.002197886584326625,0.24297145782711146,PNG,41.21100616455078,10.0,0.003636356210336089,36.00844955444336,0.0894167572259903,20.0,-2.548904501547452,256,0.0,0.481449693441391,7.313704013824463,14.965571403503418,0.6879818439483643,0.31201815605163574,1.3158879201827427,5.604936788134366,0.1606408828128663,0.6901888026422541,0.3457266501571478,1.0,256
synthbuster,1,glide,87206,0.6912193541419159,0.23998162150382996,0.020492184907197952,0.21524637624334794,PNG,37.19241714477539,10.0,0.0022490823175758123,36.83342742919922,0.03797455132007599,20.0,-2.855393304983871,256,0.0,0.46753108501434326,3.748244285583496,6.429874420166016,0.7297581434249878,0.2702418863773346,1.168130099286193,1.859061043228563,0.26474577222938367,0.7728359089538792,0.37632707022993894,1.0,256
synthbuster,1,glide,113127,0.3396806623299823,0.17396384477615356,0.0004462049400899559,0.2898543958226096,PNG,25.96485137939453,8.0,0.0021398563403636217,25.589597702026367,0.07323676347732544,20.0,-2.577831134168277,256,0.0,0.4949870705604553,6.091511249542236,3.570702075958252,0.572758674621582,0.42724132537841797,1.405434235239727,4.401375582708573,0.12530571122491663,0.6400770388778908,0.3761392786855079,1.0,256
synthbuster,1,glide,84693,0.5836189696628639,0.3512970507144928,0.0026121537666767836,0.21907515422989818,PNG,33.415626525878906,10.0,0.0024938902352005243,29.2655029296875,0.07569240033626556,20.0,-2.803141453390063,256,0.0,0.5983250141143799,5.099818229675293,9.792783737182617,0.4284479022026062,0.5715520977973938,1.4162362950348608,2.747390877306804,0.26771772308477515,0.7733647265986423,0.3708398477158347,1.0,256
synthbuster,1,glide,91689,0.4133639929663195,0.31724268198013306,0.012770578265190125,0.3164264235353145,PNG,32.740234375,10.0,0.000523046066518873,22.037551879882812,0.05840105190873146,20.0,-2.971877191189879,256,0.0,0.39598920941352844,3.8589916229248047,4.938718795776367,0.3120344281196594,0.6879655718803406,1.3237254147169313,2.656458873990774,0.2060416470719629,0.7447695259826329,0.32985906909785734,1.0,256
synthbuster,1,glide,95801,0.7196758979320353,0.22345907986164093,0.0013880841434001923,0.23021346138461912,PNG,32.53944778442383,10.0,0.00470620347186923,33.43236541748047,0.06667510420084,20.0,-2.8648034581901083,256,0.0,0.5215596556663513,3.908083438873291,1.745589017868042,0.5706733465194702,0.4293266534805298,1.4145692133859347,1.8038360246059217,0.14113703111055484,0.7017303724601965,0.37102959748738706,1.0,256
synthbuster,1,glide,91909,0.6458980449479261,0.3273913562297821,-0.004795041400939226,0.25972190783515564,PNG,38.182796478271484,10.0,0.0006677390774711967,38.47443389892578,0.03490947559475899,20.0,-2.6975012909920038,256,0.0,0.2541373074054718,2.680196523666382,7.985244274139404,0.572523832321167,0.4274761974811554,1.3768816036720597,1.3849655330882347,0.14312365438773395,0.7205390796441836,0.3377959659517124,1.0,256
synthbuster,1,glide,96509,0.10637597154525096,0.11849705874919891,-0.0008562113507650793,0.16104632458738247,PNG,27.768648147583008,10.0,0.00397716648876667,27.55122184753418,0.05633696913719177,20.0,-2.9095516612916272,256,0.0,0.6452022790908813,4.799257755279541,2.401402711868286,-0.049367547035217285,1.0493675470352173,1.3530683897541091,2.291906553368896,0.2555575715925153,0.791544702444674,0.3987793373562834,1.0,256
synthbuster,1,glide,96017,0.5590631364562119,0.43120330572128296,0.0059946561232209206,0.13795379316658574,PNG,27.55791664123535,10.0,0.001761841238476336,23.644210815429688,0.06479831784963608,20.0,-2.6030927874999628,256,0.0,0.5080785155296326,5.0306196212768555,-5.012813091278076,0.5365951657295227,0.4634048342704773,1.3360930282203636,2.788748122717227,0.12079631037511582,0.6992723958903806,0.35629941165834633,1.0,256
synthbuster,1,glide,82048,0.5606028888423696,0.11549536138772964,0.002253693761304021,0.21748772911685363,PNG,30.179574966430664,10.0,0.0024570433888584375,30.170612335205078,0.050727423280477524,20.0,-2.96094057208199,256,0.0,0.5164908170700073,6.352014541625977,9.499405860900879,0.6297375559806824,0.3702624440193176,1.3167990737426278,5.205492884347365,0.36585417219129107,0.7849354286247866,0.3528105309310398,1.0,256
synthbuster,1,glide,91286,0.24207135777998018,0.3993472456932068,0.015139538794755936,0.3190922830597855,PNG,33.029380798339844,10.0,0.0008361410000361502,24.588632583618164,0.05412101000547409,20.0,-3.1758713939146874,256,0.0,0.34127718210220337,3.6483757495880127,6.467139720916748,0.5814475417137146,0.4185524582862854,1.2727990131650246,2.8589954284409815,0.20405590372726046,0.757157083530562,0.3097596958839543,1.0,256
synthbuster,1,glide,69820,0.4513793103448276,0.32554861903190613,-0.008245590142905712,0.2893821307877717,PNG,42.65879821777344,10.0,0.003278762334957719,51.901466369628906,0.03607747703790665,20.0,-3.070999492295975,256,0.0,0.28006061911582947,1.2233920097351074,9.240518569946289,0.7161120772361755,0.28388792276382446,1.0722634936754885,0.36919742406766637,0.2578335714887048,0.8782887700143385,0.3593169594218908,1.0,256
synthbuster,1,glide,105522,0.38759984785089385,0.3251478672027588,-0.0015050185611471534,0.21946174685186032,PNG,32.03497314453125,10.0,0.0016572270542383194,23.936309814453125,0.08895564824342728,20.0,-2.7001166267240135,256,0.0,0.33150213956832886,4.348968029022217,5.723031997680664,0.7448589205741882,0.25514107942581177,1.2842209808803344,2.8260301176230302,0.11201296561604737,0.659779517941068,0.3400950831712908,1.0,256
synthbuster,1,glide,86792,0.6977568572756857,0.3184436559677124,0.001089743571355939,0.3138039478703665,PNG,32.853668212890625,10.0,0.0037246623542159796,33.26392364501953,0.09108393639326096,20.0,-2.37291709764483,256,0.0,0.5487356185913086,5.075355052947998,7.522006034851074,0.20524924993515015,0.7947507500648499,1.38030303759692,2.6087997254661675,0.2203211949147429,0.7313942036792821,0.3718216224561124,1.0,256
synthbuster,1,glide,113144,0.5748979988342724,0.2320915311574936,0.002846789313480258,0.12866631515610794,PNG,27.099933624267578,10.0,0.0026631199289113283,29.462177276611328,0.050875693559646606,20.0,-2.5013174870721455,256,0.0,0.5830889940261841,4.515573501586914,1.1248530149459839,0.75291508436203,0.24708491563796997,1.0294284227003807,2.0228353127402916,0.15245543297638398,0.6538059366824114,0.3975279362923392,1.0,256
synthbuster,1,glide,71253,0.3464228079612695,0.39400649070739746,0.0005368024576455355,0.29045888699539507,PNG,30.263233184814453,10.0,0.0012051303638145328,27.80809211730957,0.04139426350593567,20.0,-3.0611341450285017,256,0.0,0.41854408383369446,2.585336923599243,1.915509581565857,0.30927574634552,0.69072425365448,1.1652366940239798,1.0363304978854289,0.4427172376407474,0.8686926698281,0.3140682657273112,1.0,256
synthbuster,1,glide,75962,0.6487946187460107,0.16035321354866028,0.008876770734786987,0.3054274608459451,PNG,29.39882469177246,8.0,0.0033400263637304306,33.46384811401367,0.1036061942577362,20.0,-2.68650732013404,256,0.0,0.5117179751396179,9.904706954956055,11.253499031066895,0.7745460271835327,0.2254539579153061,1.4978666189889853,11.7819821703191,0.32569655410117115,0.7362461945604795,0.33765491214288745,1.0,256
synthbuster,1,firefly,1148109,0.3964899713467049,0.04912756755948067,-0.0016562992241233587,0.03385654586293459,JPEG,33.61941146850586,10.0,0.0032921512611210346,35.223114013671875,0.026048218831419945,20.0,-3.020729798738596,256,0.0,0.6754012703895569,1.2324720621109009,3.575032949447632,0.305694043636322,0.694305956363678,1.133364423593187,0.20584986844002312,0.3951298337205553,0.9459960229476894,0.3742837700612909,1.0,256
synthbuster,1,firefly,1059447,0.23433757720912643,0.3883661925792694,-0.003779697697609663,0.40956019696287493,JPEG,25.20248794555664,10.0,0.00468003423884511,17.60126495361328,0.05105927586555481,20.0,-2.7428044176383675,256,0.0,0.6687934398651123,3.2021868228912354,5.1494927406311035,0.43864530324935913,0.5613546967506409,1.1815844078907483,0.9273354749375239,0.19481927399451215,0.8077515641079567,0.39688218975542544,1.0,256
synthbuster,1,glide,88968,0.6291499181182075,0.46639394760131836,0.005273523740470409,0.27803357622671154,PNG,31.70426368713379,10.0,0.0012012211373075843,24.86539077758789,0.05409917235374451,20.0,-2.872191549682469,256,0.0,0.4301464259624481,4.287820339202881,2.7168526649475098,0.5429762005805969,0.4570237994194031,1.172825894836759,2.5792353601979965,0.1659208214793818,0.7715062964002336,0.366053950602494,1.0,256
synthbuster,1,glide,97713,0.5496786950074147,0.4229310154914856,0.002098335651680827,0.3575555537914464,PNG,26.73513412475586,10.0,0.004321963060647249,22.306655883789062,0.10398519039154053,20.0,-2.701524935518894,256,0.0,0.578568160533905,7.259644985198975,6.984746932983398,0.5543197989463806,0.4456802010536194,1.455937028224072,5.827588502619189,0.13589301997079292,0.7124033912917712,0.36573742697457245,1.0,256
synthbuster,1,glide,77668,0.39287840895557935,0.16671591997146606,-0.02048715017735958,0.21597288863840045,PNG,35.52399444580078,10.0,0.0009611973655410111,27.092941284179688,0.08028881996870041,20.0,-3.040129531949498,256,0.0,0.3686160743236542,2.662703275680542,4.9328413009643555,0.29783928394317627,0.7021607160568237,1.1762478343912781,1.4400269727989259,0.1902261450723079,0.7872976067151156,0.3192243939424832,1.0,256
synthbuster,1,glide,82713,0.44380602160422894,0.3292524516582489,0.016837559640407562,0.23705962854832022,PNG,35.63045120239258,10.0,0.0016157692298293114,30.193958282470703,0.025600282475352287,20.0,-3.438366897579103,256,0.0,0.3600636124610901,1.8198574781417847,3.6208178997039795,0.34338492155075073,0.6566150784492493,1.1911585706387693,1.0392259137110729,0.1732546130206642,0.805766372739951,0.28757988125653305,1.0,256
synthbuster,1,glide,74985,0.5331816047108124,0.18335175514221191,0.01093126367777586,0.10767619059523921,PNG,34.38277816772461,10.0,0.0016663871938362718,34.31562042236328,0.019373025745153427,20.0,-2.901956516721296,256,0.0,0.5228055715560913,2.66762113571167,1.8871748447418213,0.09681934118270874,0.9031806588172913,1.2430110997029886,0.9962441128412151,0.21613757177869541,0.8606380183193517,0.363367814784292,1.0,256
synthbuster,1,glide,89209,0.5002598246183826,0.24964690208435059,0.001692230929620564,0.16439947644616282,PNG,28.18514060974121,10.0,0.002143928548321128,29.496238708496094,0.07529544085264206,20.0,-2.595407428331669,256,0.0,0.4741215109825134,4.64380407333374,2.55137300491333,0.17354118824005127,0.8264588117599487,1.4853941344472963,2.548293549956746,0.25624177761926614,0.7675057106063933,0.3673855080047178,1.0,256
synthbuster,1,glide,95940,0.6107311320754717,0.1483520120382309,0.002555950079113245,0.3101780410296867,PNG,33.70728302001953,10.0,0.0012499478179961443,21.161121368408203,0.06195688992738724,20.0,-2.824461292950469,256,0.0,0.46268555521965027,5.682275772094727,5.672314167022705,0.43822163343429565,0.5617783665657043,1.3529968863191046,4.273835904459821,0.1649751038168084,0.6952409067204312,0.3540281603967802,1.0,256
synthbuster,1,glide,64529,0.5946611132146914,0.34804877638816833,0.0074773747473955154,0.3669292649278344,PNG,34.96953582763672,10.0,0.0011634617112576962,31.098098754882812,0.05903521180152893,20.0,-2.8285772311974133,256,0.0,0.4798614978790283,3.7861838340759277,6.413959980010986,0.461037278175354,0.538962721824646,1.277771157152346,1.9346014904123396,0.27339017507122637,0.8328289928179982,0.3328241976651852,1.0,256
synthbuster,1,glide,54375,0.4462523277467412,0.121609628200531,-0.002090683439746499,0.09962647468544138,PNG,37.93545150756836,10.0,0.0012121443869546056,38.97005081176758,0.012732063420116901,20.0,-2.9620229038933013,256,0.0,0.40475091338157654,1.200929880142212,2.525092363357544,0.21373504400253296,0.786264955997467,1.167340588495412,0.30913362648981135,0.2805918127928688,0.941560855049586,0.33970785393162084,1.0,256
synthbuster,1,glide,120790,0.11996348937279959,0.47648686170578003,0.012788895517587662,0.36162095262677335,PNG,19.344240188598633,10.0,0.007729574106633663,16.581830978393555,0.08801854401826859,20.0,-2.50497004369359,256,0.0,0.746298611164093,6.250087738037109,5.024867534637451,0.6559031009674072,0.3440968990325928,1.28599060796207,2.9887135656958868,0.21460650595608405,0.6431230699118485,0.40679919495255423,1.0,256
synthbuster,1,midjourney-v5,2547995,0.028391167192429023,0.19156095385551453,-0.003967538010329008,0.15463223932338763,PNG,15.197713851928711,10.0,0.05622834712266922,16.441146850585938,0.15361589193344116,20.0,-2.4662027676187672,256,0.0,0.8916239142417908,13.579788208007812,5.800012588500977,0.8452961444854736,0.15470384061336517,1.3274618028949403,9.299983930459444,0.08630678871945024,0.4041643683777122,0.3964646054898967,1.0,256
synthbuster,1,midjourney-v5,1972749,0.16042914171656686,0.10095157474279404,0.002208928344771266,0.20254305588063187,PNG,20.550941467285156,10.0,0.019773103296756744,25.600719451904297,0.06231474131345749,20.0,-2.8604650464825827,256,0.0,0.9033308625221252,7.519491672515869,3.800748348236084,0.5376490354537964,0.4623509347438812,1.295860529284662,2.8999717055940044,0.12318807181971855,0.6239171398982506,0.4020293236788493,1.0,256
synthbuster,1,midjourney-v5,1213520,0.47442884668318197,0.014637377113103867,-0.007203970570117235,0.014014319117371946,PNG,35.249664306640625,10.0,0.0032253803219646215,34.57252502441406,0.020467519760131836,20.0,-3.1590559934192934,256,0.0,0.8798187375068665,0.40869638323783875,6.329588890075684,0.49866783618927,0.50133216381073,1.2007078170877628,0.0811406820693964,0.32992772646082513,0.9601242214356187,0.3450639886774154,1.0,256
synthbuster,1,midjourney-v5,2633395,0.01907356948228883,0.19245779514312744,0.003186275251209736,0.1966759182265877,PNG,10.004007339477539,10.0,0.1038786843419075,17.13717269897461,0.2031591385602951,20.0,-2.2243753303350298,256,0.0,0.9171720743179321,18.42987632751465,4.048614978790283,0.9198053479194641,0.0801946371793747,1.6237489225258903,15.80996723015187,0.06892786447286119,0.32976769147830864,0.398227425506571,1.0,256
synthbuster,1,midjourney-v5,2083894,0.12447078746824725,0.07769030332565308,0.0001270723296329379,0.0691355252712675,PNG,26.7911376953125,10.0,0.013279663398861885,27.459171295166016,0.1498824954032898,20.0,-2.3857543836566335,256,0.0,0.7095158100128174,8.619945526123047,11.545560836791992,0.7448279857635498,0.2551720142364502,1.3567344391522616,5.63777408328528,0.1099138340574547,0.5921941259034469,0.3975073220841949,1.0,256
synthbuster,1,midjourney-v5,1492571,0.4142059058260176,0.11979538202285767,0.0014411513693630695,0.316762584522099,PNG,17.921226501464844,10.0,0.004920522682368755,17.875890731811523,0.021988505497574806,20.0,-3.063744208014974,256,0.0,0.8490802645683289,6.216131210327148,1.7156888246536255,0.3234065771102905,0.6765934228897095,1.0964996204192223,2.5471136852412606,0.2774446581563503,0.7548318240774621,0.3909364268573733,1.0,256
synthbuster,1,midjourney-v5,2307879,0.049089906232763374,0.06335897743701935,0.008692257106304169,0.10661205807467253,PNG,12.535449981689453,10.0,0.053795017302036285,15.65993881225586,0.1452799290418625,20.0,-2.4116056253118945,256,0.0,0.8930824398994446,10.66601276397705,4.102671146392822,0.7475188970565796,0.2524811327457428,1.3631416725825498,5.828652786788746,0.15359498197353139,0.5086353161708137,0.4038869221035333,1.0,256
synthbuster,1,midjourney-v5,1995813,0.29179292929292927,0.15385709702968597,-0.02146930806338787,0.18833305945273568,PNG,16.23633575439453,10.0,0.026807712391018867,13.049101829528809,0.08057061582803726,20.0,-2.5688842573025363,256,0.0,0.8970507979393005,12.37259578704834,4.844287872314453,0.5135244131088257,0.4864755868911743,1.4725976828045722,8.021198547433682,0.15848160582953508,0.6116793659419046,0.4062245215550061,1.0,256
synthbuster,1,midjourney-v5,2142693,0.264666368114644,0.023709790781140327,0.02139284275472164,0.03650149096617254,PNG,21.11467742919922,10.0,0.04665643721818924,14.618721961975098,0.10468386113643646,20.0,-2.4267314345450157,256,0.0,0.9079900979995728,15.425256729125977,10.926530838012695,0.7520689368247986,0.24793104827404022,1.4594571038511384,11.095716926782972,0.09199710410642772,0.5096797007953469,0.3983372589825168,1.0,256
synthbuster,1,midjourney-v5,1557796,0.5003694527752424,0.36313703656196594,0.0,0.15294428539629126,PNG,24.91469383239746,8.0,0.00750030716881156,26.59796714782715,0.04133984073996544,20.0,-2.978196355517751,256,0.0,0.835782527923584,6.2601237297058105,9.431646347045898,0.5333913564682007,0.46660861372947693,1.3473759344284428,2.605425482386586,0.2207558241437294,0.7829267068228033,0.3835326089398208,1.0,256
synthbuster,1,midjourney-v5,1705232,0.09050546448087432,0.08344417810440063,-0.004435032140463591,0.1591781326073482,PNG,13.085092544555664,10.0,0.09541477262973785,18.05228614807129,0.15918175876140594,20.0,-2.2579239282142964,256,0.0,0.9298892617225647,7.913452625274658,3.2184858322143555,0.7167782783508301,0.28322169184684753,1.22308564481905,2.8471807117454855,0.20533687406776802,0.646613545044672,0.3942262109301315,1.0,256
synthbuster,1,midjourney-v5,2328104,0.22255899545356136,0.1895037591457367,0.0021669529378414154,0.20240914329775117,PNG,14.337759971618652,10.0,0.04733392968773842,13.511663436889648,0.08065816760063171,20.0,-2.525514658530562,256,0.0,0.9325428605079651,10.583632469177246,4.230013370513916,0.6049636602401733,0.39503633975982666,1.2497025435135771,5.093986312355835,0.13511810253847814,0.5459974824632737,0.38597600595657444,1.0,256
synthbuster,1,midjourney-v5,2720875,0.0034129692832764505,0.09153527021408081,0.015294116921722889,0.0703253906613937,PNG,10.764057159423828,10.0,0.13302235305309296,15.134683609008789,0.20718221366405487,20.0,-2.003204085106682,256,0.0,0.9321507215499878,16.2353572845459,3.772944450378418,0.902695894241333,0.0973040908575058,1.4224459170350137,11.732499068867744,0.0781162956093758,0.3317861413339913,0.3855507782882598,1.0,256
synthbuster,1,midjourney-v5,1609721,0.120175089534421,0.08918467909097672,0.010099912993609905,0.22988968154688913,PNG,28.950376510620117,8.0,0.0017836956540122628,18.86753273010254,0.15929001569747925,20.0,-2.496442510356257,256,0.0,0.3445952236652374,9.77666187286377,2.412127733230591,0.7289211750030518,0.27107885479927063,1.5786001498685462,11.94659088451556,0.10912847301709486,0.5477451284125763,0.3611267104722944,1.0,256
synthbuster,1,midjourney-v5,1348179,0.35948191593352885,0.015067532658576965,0.01679074391722679,0.013667875190807347,PNG,31.161685943603516,10.0,0.008360558189451694,19.31460189819336,0.1327422857284546,20.0,-2.4630240721002497,256,0.0,0.6602602601051331,3.8069558143615723,10.475844383239746,0.3295677900314331,0.6704322099685669,1.2756960136063635,1.3084006001297577,0.315798272413699,0.8671710525180829,0.3714396571007049,1.0,256
synthbuster,1,midjourney-v5,2548575,0.019967400162999183,0.14288653433322906,-0.0012586195953190327,0.19181600005832591,PNG,13.134411811828613,10.0,0.06484370678663254,16.087432861328125,0.055554524064064026,20.0,-2.659996638861773,256,0.0,0.960682213306427,14.74081802368164,5.474768161773682,0.36200201511383057,0.6379979848861694,1.4734003559537427,8.798672550821793,0.1377671170440471,0.5245134058098865,0.38168191020521336,1.0,256
synthbuster,1,midjourney-v5,1908211,0.2888047593293672,0.1757882833480835,0.016167057678103447,0.20210143706039846,PNG,21.55794906616211,8.0,0.006720676086843014,25.975866317749023,0.06457188725471497,20.0,-2.6634969487871283,256,0.0,0.7303501963615417,7.810367584228516,5.114889621734619,0.5480648279190063,0.45193517208099365,1.4143723667727521,4.681780294838528,0.1575708287333431,0.6671113626468487,0.4021318915591198,1.0,256
synthbuster,1,midjourney-v5,2262795,0.060240963855421686,0.10921981930732727,-0.004836423322558403,0.1283725744615874,PNG,13.907491683959961,10.0,0.06433159112930298,14.127693176269531,0.2509702444076538,20.0,-2.143996863901735,256,0.0,0.8612685799598694,12.253437042236328,0.19333066046237946,0.7291644215583801,0.2708355784416199,1.432630123656913,8.103686848207431,0.12253488861679104,0.5021363956735764,0.40646853900838886,1.0,256
synthbuster,1,midjourney-v5,1682216,0.33561158037268685,0.11860910058021545,-0.02032940834760666,0.09618667553114456,PNG,32.077911376953125,10.0,0.007114401087164879,32.65449523925781,0.04313201457262039,20.0,-2.7593194831778978,256,0.0,0.8832417726516724,2.053955316543579,5.518223762512207,-0.10390043258666992,1.10390043258667,1.289356713862158,0.3549860930891963,0.21056100777692127,0.9059792470000766,0.3741641167870868,1.0,256
synthbuster,1,midjourney-v5,1908161,0.11509785647716682,0.3485397696495056,0.019019607454538345,0.14236300331828206,PNG,19.690950393676758,10.0,0.024319687858223915,18.482826232910156,0.11212334781885147,20.0,-2.6543543040581676,256,0.0,0.8524051904678345,11.37209701538086,6.572793960571289,0.1868913173675537,0.8131086826324463,1.4142394254512585,7.451121308511142,0.13408419005145295,0.6417212482102683,0.38998196015239106,1.0,256
synthbuster,1,midjourney-v5,1734028,0.12776630274417233,0.07724535465240479,0.0031599155627191067,0.10435762246484825,PNG,15.514144897460938,10.0,0.027665669098496437,17.8181095123291,0.09099981188774109,20.0,-2.6756548047357764,256,0.0,0.8885915279388428,12.66637897491455,2.0362894535064697,0.5241694450378418,0.4758305549621582,1.323048872835708,8.63104271794503,0.12572610398171036,0.5434212122262382,0.39944207863645687,1.0,256
synthbuster,1,midjourney-v5,1754425,0.4323139547020144,0.16202236711978912,-0.00573916407302022,0.1868762128407164,PNG,21.92818832397461,10.0,0.010395752266049385,17.25499153137207,0.09814434498548508,20.0,-2.672236540234954,256,0.0,0.762195348739624,5.513813495635986,4.143321990966797,0.4084359407424927,0.5915640592575073,1.3074499613242387,2.4265481575595924,0.13876811872327555,0.654860486804757,0.4000851977139224,1.0,256
synthbuster,1,midjourney-v5,1733895,0.5186101587077162,0.2570975720882416,-0.005187191069126129,0.21662373270406385,PNG,18.28915023803711,10.0,0.02471776306629181,20.818498611450195,0.08462054282426834,20.0,-2.5754771284069333,256,0.0,0.8798877000808716,10.034257888793945,7.718805313110352,0.3444400429725647,0.6555599570274353,1.4778248681795563,5.216050347222225,0.2983399740029635,0.7094245500970727,0.37293648139356145,1.0,256
synthbuster,1,midjourney-v5,2056448,0.30017990233873043,0.2959076166152954,0.003610387211665511,0.3189117787142352,PNG,21.06058120727539,10.0,0.03337156027555466,20.32254409790039,0.13775767385959625,20.0,-2.3836926945047052,256,0.0,0.8667365312576294,10.222892761230469,8.633679389953613,0.6418987512588501,0.3581012189388275,1.2737369037382895,5.803219975490201,0.13138459285738266,0.6096520380153957,0.4016339917295589,1.0,256
synthbuster,1,midjourney-v5,2132987,0.059441707717569785,0.199809730052948,-0.0012642660876736045,0.27935380301934565,PNG,20.966934204101562,10.0,0.018575068563222885,17.922809600830078,0.11185015738010406,20.0,-2.4615477357650097,256,0.0,0.8214929103851318,15.56830883026123,8.765172004699707,0.5299389362335205,0.4700610339641571,1.4522736186655452,14.566195498726426,0.11373756054969414,0.5924218106781369,0.4047541312688948,1.0,256
synthbuster,1,midjourney-v5,2239550,0.1262172999809051,0.2305983006954193,0.022266892716288567,0.18325085839470204,PNG,33.63658142089844,10.0,0.0064560044556856155,31.36073112487793,0.12786865234375,20.0,-2.610218114909651,256,0.0,0.5606725215911865,3.169231414794922,8.625348091125488,0.45614326000213623,0.5438567399978638,1.1534306079397962,1.1970156310073068,0.2004442236254654,0.761147063352466,0.38445377231598576,1.0,256
synthbuster,1,midjourney-v5,2186505,0.06195060694851402,0.33579790592193604,0.012892156839370728,0.2552673829449882,PNG,15.736956596374512,10.0,0.03838980942964554,12.710050582885742,0.18411672115325928,20.0,-2.3615610002115184,256,0.0,0.8343304991722107,11.925774574279785,3.445953369140625,0.8279953002929688,0.17200466990470886,1.5296032243745474,8.304649233467892,0.11373788363545495,0.5394207255210159,0.4067339488687067,1.0,256
synthbuster,1,midjourney-v5,1887598,0.038487060384870604,0.13532622158527374,-0.008474048227071762,0.17008074498393502,PNG,23.524139404296875,10.0,0.015630198642611504,26.226118087768555,0.051497142761945724,20.0,-2.7534209987733385,256,0.0,0.9204017519950867,3.7368361949920654,7.2962446212768555,0.7883738875389099,0.2116261124610901,1.2259101821402247,0.8055618181708959,0.2209362795945752,0.7462691806284413,0.3946970804661844,1.0,256
synthbuster,1,stable-diffusion-1-3,653038,0.056338028169014086,0.026610713452100754,-0.010556753724813461,0.09243086439290601,PNG,12.41817569732666,10.0,0.13995341956615448,15.730201721191406,0.5206685662269592,20.0,-1.3990347938465089,256,0.0,0.8593028783798218,21.96639060974121,4.523994445800781,0.8985291719436646,0.10147085785865784,1.6711690249136997,24.75653045102844,0.06118404230258591,0.26113871386106235,0.40453644572814873,1.0,256
synthbuster,1,stable-diffusion-1-3,539394,0.13943488943488944,0.13140138983726501,0.009122774004936218,0.1872835679325745,PNG,19.216228485107422,10.0,0.02335372567176819,17.965885162353516,0.08533915877342224,20.0,-2.5976136235341123,256,0.0,0.8700292706489563,11.096270561218262,4.645442485809326,0.659758448600769,0.34024155139923096,1.1889507351466317,6.550071201581127,0.10430000625637903,0.4917109311129636,0.4051403650342097,1.0,256
synthbuster,1,stable-diffusion-1-3,653699,0.013333333333333334,0.2203371822834015,0.0024170989636331797,0.22495083150842024,PNG,10.492172241210938,10.0,0.14542779326438904,17.15665626525879,0.3345602750778198,20.0,-1.849045603804339,256,0.0,0.8989821076393127,16.01637077331543,4.297526836395264,0.9011280536651611,0.09887192398309708,1.7308478227321134,12.05782015931374,0.08014664702149105,0.3382024742397486,0.4036653022484029,1.0,256
synthbuster,1,stable-diffusion-1-3,496424,0.057803468208092484,0.05428963899612427,0.015234782360494137,0.10966980930030998,PNG,21.217567443847656,10.0,0.01881272904574871,25.297910690307617,0.1801632046699524,20.0,-2.3870891461441346,256,0.0,0.745755136013031,10.3649263381958,6.549651145935059,0.848505437374115,0.151494562625885,1.3904736595356022,7.328364916738767,0.10231347923220037,0.5277601205934687,0.4076552980303087,1.0,256
synthbuster,1,stable-diffusion-1-3,526361,0.05558468799160986,0.37051862478256226,0.009726055897772312,0.1878949007183502,PNG,16.862913131713867,10.0,0.017944756895303726,15.198516845703125,0.19581739604473114,20.0,-2.294312414930993,256,0.0,0.7309051752090454,10.356367111206055,3.4268569946289062,0.7950149774551392,0.20498502254486084,1.4275846692933534,8.070578893935027,0.11096623327869581,0.5930309003980804,0.3945753744705901,1.0,256
synthbuster,1,stable-diffusion-1-3,647541,0.0,0.15473541617393494,0.017377054318785667,0.16280751441054975,PNG,11.28002643585205,10.0,0.14228710532188416,13.019367218017578,0.28806668519973755,20.0,-1.9090951935393277,256,0.0,0.9110748767852783,16.562965393066406,5.520689964294434,0.8062030076980591,0.19379699230194092,1.4483763489829833,12.50321955497886,0.08123959951734462,0.3403524474598581,0.39894498014075663,1.0,256
synthbuster,1,stable-diffusion-1-3,579310,0.07605633802816901,0.21127939224243164,-0.0077816820703446865,0.24866085548766867,PNG,16.336503982543945,10.0,0.02292519435286522,20.730350494384766,0.0977732241153717,20.0,-2.5155001926783735,256,0.0,0.8514182567596436,11.93921947479248,3.769463539123535,0.806766927242279,0.19323308765888214,1.3347441462702612,7.816991616806041,0.07849207333069565,0.4327200529238864,0.40896702078423613,1.0,256
synthbuster,1,stable-diffusion-1-3,543018,0.322477650063857,0.011469063349068165,-0.0005504452856257558,0.054333084052626074,PNG,16.911821365356445,10.0,0.03807615116238594,13.19815731048584,0.13976091146469116,20.0,-2.228590725275067,256,0.0,0.8594451546669006,14.010470390319824,3.405926465988159,0.6645674705505371,0.3354325294494629,1.5549068467140057,10.298331080594009,0.10774196656412277,0.4874695542996562,0.40255804375680554,1.0,256
synthbuster,1,stable-diffusion-1-3,448186,0.6556824078879087,0.15089264512062073,0.0032735939603298903,0.2825552482698446,PNG,33.470848083496094,10.0,0.002155453898012638,24.16692352294922,0.157620370388031,20.0,-2.4589393612000916,256,0.0,0.3102952837944031,8.71068286895752,5.241023063659668,0.657173752784729,0.342826247215271,1.611899261395597,11.433395133482314,0.13846196868179875,0.5170279597245213,0.365032349374195,1.0,256
synthbuster,1,stable-diffusion-1-3,312746,0.2078902758514409,0.06568767875432968,-0.0029000600334256887,0.1443613334079236,PNG,33.498836517333984,8.0,0.005709939636290073,28.578641891479492,0.1001405268907547,20.0,-2.5152725445630355,256,0.0,0.6379833817481995,4.959987163543701,13.750213623046875,0.5578923225402832,0.4421076476573944,1.1842000006662958,2.2327398566657055,0.17364398520343488,0.8089010873679547,0.3859611307061408,1.0,256
synthbuster,1,stable-diffusion-1-3,527046,0.02753623188405797,0.18193155527114868,-0.002784313866868615,0.12449576836281605,PNG,13.808399200439453,10.0,0.05961841717362404,14.124359130859375,0.19832313060760498,20.0,-2.310153573084014,256,0.0,0.8731606602668762,9.86931037902832,4.688481330871582,0.9163363575935364,0.08366364985704422,1.6116968708166688,5.150018727772974,0.1021900719360139,0.4549788387094788,0.40829015891408726,1.0,256
synthbuster,1,stable-diffusion-1-3,507452,0.11866641552081371,0.10601481795310974,0.014191942289471626,0.28262840964323704,PNG,21.05573844909668,10.0,0.011610283516347408,19.30756950378418,0.07292687892913818,20.0,-2.622431929734107,256,0.0,0.8084152936935425,9.733489990234375,6.780080795288086,0.7375029921531677,0.2624970078468323,1.3476577400727994,5.861744656502317,0.18183566519807204,0.6031287524651108,0.4072816639826072,1.0,256
synthbuster,1,stable-diffusion-1-3,439285,0.2102777252975628,0.37724485993385315,0.006873286794871092,0.24655779942678654,PNG,23.69066047668457,10.0,0.016694284975528717,25.5413818359375,0.08884460479021072,20.0,-2.713405437572383,256,0.0,0.8389269709587097,11.963146209716797,5.436904430389404,0.5564815998077393,0.44351840019226074,1.3732953429118593,8.764840085544023,0.16593398232354523,0.6756046657636705,0.403460424998788,1.0,256
synthbuster,1,stable-diffusion-1-3,574944,0.011695906432748537,0.13361263275146484,0.0035597619134932756,0.20634807261677338,PNG,14.881621360778809,10.0,0.06296674907207489,15.11189079284668,0.23168575763702393,20.0,-2.167817653341368,256,0.0,0.8635441660881042,10.119897842407227,4.239735126495361,0.7778658270835876,0.22213415801525116,1.3901035091355043,5.3497756872356845,0.12935563691258725,0.5031161028005814,0.40811301716456283,1.0,256
synthbuster,1,stable-diffusion-1-3,624506,0.061386138613861385,0.110589399933815,0.0019754657987505198,0.2031948465091471,PNG,15.877805709838867,10.0,0.046601857990026474,15.814619064331055,0.26606637239456177,20.0,-2.0943178872895034,256,0.0,0.8207804560661316,18.714311599731445,3.7509634494781494,0.7829497456550598,0.21705026924610138,1.6742986529056723,20.13730479262785,0.06343893111156246,0.33599196673906256,0.4080561551198001,1.0,256
synthbuster,1,stable-diffusion-1-3,593734,0.015748031496062992,0.09866933524608612,0.018476620316505432,0.1814580176013757,PNG,16.067489624023438,10.0,0.04388907179236412,15.325521469116211,0.29323896765708923,20.0,-1.892146349943448,256,0.0,0.7950984835624695,13.773062705993652,3.7550535202026367,0.8846572041511536,0.11534277349710464,1.5909700794739603,11.284094443843722,0.07737417227901777,0.3621198790158988,0.4098185715610344,1.0,256
synthbuster,1,stable-diffusion-1-3,584874,0.0036231884057971015,0.12255990505218506,-0.0016776928678154945,0.1550319312852484,PNG,13.110675811767578,10.0,0.08148529380559921,13.724885940551758,0.33719584345817566,20.0,-1.9238001047337832,256,0.0,0.8472515344619751,9.50777530670166,2.939023733139038,0.7569947242736816,0.24300524592399597,1.1571130252921709,4.974742947424074,0.1421595744079053,0.47753337551123265,0.4056917984147939,1.0,256
synthbuster,1,stable-diffusion-1-3,565542,0.10349462365591398,0.16154631972312927,0.0005195197300054133,0.2642580802087997,PNG,13.79849910736084,10.0,0.04232935234904289,16.666988372802734,0.12502403557300568,20.0,-2.4991459134059064,256,0.0,0.8884122967720032,12.62917423248291,4.058771133422852,0.6494587659835815,0.35054120421409607,1.3901961108897984,8.011633716599405,0.08435775797711313,0.4374414954462074,0.40844735850186337,1.0,256
synthbuster,1,stable-diffusion-1-3,583513,0.4178082191780822,0.4209771156311035,0.0073007927276194096,0.22308726379933774,PNG,21.10044288635254,10.0,0.0225612074136734,15.380486488342285,0.30010202527046204,20.0,-2.0520421976355454,256,0.0,0.6958303451538086,13.533758163452148,4.066373348236084,0.8010820150375366,0.19891797006130219,1.6069408080873075,13.365247591070741,0.07796890019570923,0.4112587467426229,0.3997616778007847,1.0,256
synthbuster,1,stable-diffusion-1-3,565026,0.3381033746262281,0.16508933901786804,0.015462449751794338,0.19373785606470204,PNG,20.597827911376953,10.0,0.015156274661421776,22.819746017456055,0.11831372231245041,20.0,-2.5414504151593205,256,0.0,0.7839732766151428,12.363181114196777,4.615077018737793,0.7309108972549438,0.26908907294273376,1.5223781697781318,9.796599535034613,0.14117831438906625,0.5464539815993587,0.4054890463785298,1.0,256
synthbuster,1,midjourney-v5,1461991,0.28207989288105334,0.19421252608299255,0.018155409023165703,0.15212368430074952,PNG,29.80712890625,10.0,0.0029107569716870785,27.15789794921875,0.03880700096487999,20.0,-3.174464471847353,256,0.0,0.5691956877708435,2.187777042388916,5.174475193023682,0.3186827301979065,0.6813172698020935,1.0739291172999437,1.0359071480920798,0.16970802384976247,0.7992699715802779,0.3108825607927091,1.0,256
synthbuster,1,midjourney-v5,2646406,0.023762376237623763,0.261608749628067,0.022457746788859367,0.29120863173812656,PNG,15.55118465423584,10.0,0.04422776401042938,11.966978073120117,0.12106097489595413,20.0,-2.316261246499087,256,0.0,0.899876058101654,13.1013765335083,5.372492790222168,0.724838137626648,0.27516189217567444,1.3956120346456962,8.474608263648605,0.0784393559734327,0.4254688168896351,0.40167202438738153,1.0,256
synthbuster,1,stable-diffusion-1-3,577084,0.08025477707006369,0.09006109088659286,0.0217888206243515,0.186511801085915,PNG,15.896315574645996,8.0,0.08765853941440582,16.00568962097168,0.3070301115512848,20.0,-1.826539596269578,256,0.0,0.8674523830413818,14.023733139038086,6.2920122146606445,0.8416930437088013,0.15830692648887634,1.5784877935056285,10.09319771842561,0.08995195859458442,0.4165875588534132,0.40736099069163945,1.0,256
synthbuster,1,stable-diffusion-1-3,576627,0.014018691588785047,0.29825007915496826,0.0013091982109472156,0.24254949426585914,PNG,15.913704872131348,10.0,0.025110376998782158,15.370210647583008,0.12067530304193497,20.0,-2.601239845912555,256,0.0,0.8380876779556274,11.06397819519043,5.021279335021973,0.8264771103858948,0.17352287471294403,1.4677810415624077,7.178112039239726,0.08884736977458323,0.46473034986440065,0.4096000775469258,1.0,256
synthbuster,1,stable-diffusion-1-3,647768,0.05102040816326531,0.1620057076215744,-0.0016962311929091811,0.1528275821623422,PNG,17.743797302246094,10.0,0.058987800031900406,15.044370651245117,0.4696502685546875,20.0,-1.4829417829458444,256,0.0,0.7815179824829102,23.17217445373535,2.743818521499634,0.9022890329360962,0.0977109894156456,1.7833726035586988,33.879795436250504,0.12917364938194908,0.40980340426714235,0.4074727238842081,1.0,256
synthbuster,1,stable-diffusion-1-3,561631,0.026743075453677174,0.38076406717300415,0.008921820670366287,0.22476716007205946,PNG,17.270212173461914,10.0,0.06273885071277618,14.521145820617676,0.2534893751144409,20.0,-2.158413994671738,256,0.0,0.8640292882919312,14.826483726501465,8.47489070892334,0.6683081388473511,0.3316918611526489,1.576789571831889,11.703414732314506,0.09947320487839098,0.4795894308633178,0.4056574969475006,1.0,256
synthbuster,1,stable-diffusion-1-3,500967,0.24127310061601642,0.22783297300338745,-0.0021942676976323128,0.2585106709032721,PNG,17.80913543701172,8.0,0.03647105023264885,15.900689125061035,0.2831956446170807,20.0,-2.038011192942114,256,0.0,0.7853492498397827,15.9269437789917,4.7689666748046875,0.48994290828704834,0.5100570917129517,1.5522665437299323,15.221990084943311,0.10065539250896303,0.4756404966247437,0.40843999321195484,1.0,256
synthbuster,1,stable-diffusion-1-3,498948,0.10023310023310024,0.08958329260349274,0.007387153338640928,0.17685130651025766,PNG,20.94405746459961,10.0,0.027026938274502754,20.485137939453125,0.15153475105762482,20.0,-2.482866284589037,256,0.0,0.8235191106796265,13.0514497756958,11.930849075317383,0.6076667308807373,0.3923332393169403,1.3946504288792823,9.812796520569023,0.10072687052259345,0.5509805686991277,0.4040558442804297,1.0,256
synthbuster,1,stable-diffusion-1-3,531898,0.05544840887174542,0.1913214921951294,0.012815074063837528,0.2044189081168488,PNG,25.36285400390625,8.0,0.023734869435429573,27.75495719909668,0.16950088739395142,20.0,-2.425320251605954,256,0.0,0.7937811613082886,14.45443058013916,12.726107597351074,0.6531736850738525,0.34682634472846985,1.528456788921914,12.489499906886778,0.10545416428933846,0.54188176545266,0.4037683970106684,1.0,256
synthbuster,1,stable-diffusion-1-3,621669,0.07062146892655367,0.3782369792461395,0.004985559731721878,0.24848894195174362,PNG,15.308792114257812,10.0,0.0677550658583641,15.405291557312012,0.4111698865890503,20.0,-1.6298452222816973,256,0.0,0.8153185844421387,19.486513137817383,4.401091575622559,0.8659315705299377,0.13406841456890106,1.7697589097494113,22.18255344999522,0.06781603557534298,0.3279813527722746,0.40701439898809594,1.0,256
synthbuster,1,stable-diffusion-1-3,523377,0.02865329512893983,0.05741334334015846,0.01005638763308525,0.11064157175340651,PNG,16.36771583557129,10.0,0.03838659077882767,17.09690284729004,0.17750631272792816,20.0,-2.2911491865975555,256,0.0,0.8430823683738708,10.808629989624023,3.7262442111968994,0.7294459342956543,0.2705540955066681,1.4289341947939558,6.477507689350261,0.10652286425526147,0.4716647854142993,0.4078012095458575,1.0,256
synthbuster,1,stable-diffusion-1-3,485593,0.11204481792717087,0.22407299280166626,-0.005475725047290325,0.27514960503547886,PNG,24.331045150756836,10.0,0.010522592812776566,26.71521759033203,0.11792604625225067,20.0,-2.549179018989466,256,0.0,0.7270681858062744,9.299603462219238,6.742966651916504,0.7327091693878174,0.267290860414505,1.4149711847397284,6.774967185097086,0.09660412372680198,0.5621183454965393,0.39605415578852227,1.0,256
synthbuster,1,stable-diffusion-1-4,584951,0.16491924057806745,0.3827608823776245,-0.003489371621981263,0.34480601554906926,PNG,24.227561950683594,10.0,0.02961747907102108,23.304445266723633,0.16353774070739746,20.0,-2.4414990190190013,256,0.0,0.8378404974937439,10.722400665283203,9.385542869567871,0.7429476380348206,0.25705236196517944,1.3253801707066397,6.675005421592653,0.1216308747003906,0.5724389146154537,0.4050141418828677,1.0,256
synthbuster,1,stable-diffusion-1-4,531420,0.07155322862129145,0.27932673692703247,-0.006173100788146257,0.298125267577978,PNG,21.977136611938477,10.0,0.012239114381372929,20.52686882019043,0.07874271273612976,20.0,-2.7820916061229504,256,0.0,0.7968623042106628,8.559192657470703,5.6065778732299805,0.7130050659179688,0.28699493408203125,1.4254109691599686,4.8957009473519815,0.09982806717626372,0.552942331329315,0.40769723051733736,1.0,256
synthbuster,1,stable-diffusion-1-4,583096,0.09458023379383634,0.0849754810333252,0.001937235239893198,0.10295658733512104,PNG,10.491207122802734,10.0,0.0584111362695694,16.335908889770508,0.11658387631177902,20.0,-2.281642320070337,256,0.0,0.9180915951728821,14.05543327331543,4.9875264167785645,0.6858342885971069,0.3141656816005707,1.4818362024955782,9.01972973135333,0.09726574332676602,0.4476415330622593,0.4008271640891279,1.0,256
synthbuster,1,stable-diffusion-1-4,511271,0.1809825673534073,0.18314006924629211,-0.001127963769249618,0.18906932918227512,PNG,16.316999435424805,10.0,0.010407364927232265,17.55970573425293,0.05960205942392349,20.0,-2.7160851055034705,256,0.0,0.8270078897476196,9.072063446044922,3.8700456619262695,0.5780966877937317,0.4219033122062683,1.268656746568208,4.968668345708386,0.10917814745026821,0.5764828831168104,0.4077631675860705,1.0,256
synthbuster,1,stable-diffusion-1-4,543870,0.16727834653274096,0.11704064160585403,-0.01036105863749981,0.1990376573238328,PNG,16.180831909179688,10.0,0.02337055280804634,17.49883270263672,0.09109622240066528,20.0,-2.401689037824908,256,0.0,0.8625062704086304,13.69601821899414,3.7586374282836914,0.4626752734184265,0.5373247265815735,1.5249603083297667,10.020906141868503,0.11956738705802704,0.5322599594065762,0.4072805340720937,1.0,256
synthbuster,1,stable-diffusion-1-4,535075,0.33867207298530155,0.010320940986275673,-0.0007232494535855949,0.028175293488905972,PNG,16.302785873413086,10.0,0.037486251443624496,16.50967025756836,0.11407283693552017,20.0,-2.2220675720370417,256,0.0,0.8870669603347778,14.431059837341309,6.782966136932373,0.6559215188026428,0.3440784811973572,1.5603106086508745,10.198565365484445,0.14525646699050437,0.4868871430382295,0.3998310457165618,1.0,256
synthbuster,1,stable-diffusion-1-4,603548,0.3010062709639784,0.3774046301841736,0.0001989572774618864,0.2082293059978148,PNG,19.42786407470703,8.0,0.0232711099088192,21.169347763061523,0.05129706859588623,20.0,-2.9103773605358065,256,0.0,0.9118519425392151,11.938735008239746,10.460129737854004,0.5797815322875977,0.42021843791007996,1.2878484709058768,7.042137008602459,0.18644156752861887,0.6399122688814325,0.39542973831746836,1.0,256
synthbuster,1,stable-diffusion-1-4,571727,0.025746652935118436,0.12999287247657776,0.00672894436866045,0.18978383213686742,PNG,15.93069076538086,10.0,0.04908403009176254,17.744054794311523,0.20494014024734497,20.0,-2.239506754070788,256,0.0,0.8493415713310242,9.996695518493652,4.3617658615112305,0.7409460544586182,0.2590539753437042,1.3798495165261093,5.4036828833862085,0.13693909545260433,0.5217072223378535,0.4087911999223266,1.0,256
synthbuster,1,stable-diffusion-1-4,608105,0.0026246719160104987,0.12259561568498611,0.0071368953213095665,0.20062293555628913,PNG,12.69060230255127,10.0,0.10863227397203445,15.641178131103516,0.36574774980545044,20.0,-1.7981816759227003,256,0.0,0.8795207738876343,18.66240692138672,4.433808326721191,0.593515157699585,0.40648481249809265,1.5874514769385113,17.484232341527317,0.11312323563478432,0.4007077229398899,0.40790199995839954,1.0,256
synthbuster,1,stable-diffusion-1-4,602061,0.02040816326530612,0.19092530012130737,0.01230664923787117,0.17204792784891862,PNG,17.604047775268555,10.0,0.04852131009101868,16.234268188476562,0.29653850197792053,20.0,-1.9883753566899691,256,0.0,0.8104022741317749,16.422563552856445,4.062814235687256,0.8269951343536377,0.1730048805475235,1.6373204479005494,15.89562361831987,0.06589673132157652,0.3405768786018965,0.40985959882884226,1.0,256
synthbuster,1,stable-diffusion-1-4,476778,0.32801235839340886,0.18115951120853424,0.0036177190486341715,0.31948906324681753,PNG,33.49028396606445,10.0,0.0025532557629048824,20.476421356201172,0.18736857175827026,20.0,-2.315179849104225,256,0.0,0.3718798756599426,10.05095386505127,3.2373883724212646,0.8306706547737122,0.16932933032512665,1.612119112788765,13.236104863514022,0.10418045708057969,0.46112575438033293,0.3704609104847961,1.0,256
synthbuster,1,stable-diffusion-1-4,284116,0.23035056827277092,0.08742164075374603,0.011341423727571964,0.19437651186298802,PNG,35.43809127807617,10.0,0.004498466849327087,31.880247116088867,0.0659063532948494,20.0,-2.7707317848901716,256,0.0,0.6772723197937012,5.006253719329834,15.101221084594727,0.6542456150054932,0.3457544147968292,1.2912693498761112,2.281064058895616,0.21481701347000134,0.8355294432422051,0.3924959097852335,1.0,256
synthbuster,1,stable-diffusion-1-4,642546,0.012345679012345678,0.1292806714773178,0.008250896818935871,0.19557929355981815,PNG,11.775612831115723,10.0,0.14442932605743408,13.409208297729492,0.4743197560310364,20.0,-1.5070581656485196,256,0.0,0.870771050453186,19.770349502563477,3.812709331512451,0.8714615106582642,0.12853851914405823,1.719722668681233,19.61428586661382,0.07198777894694063,0.29884584713802986,0.40770184293323075,1.0,256
synthbuster,1,stable-diffusion-1-4,488288,0.04029605263157895,0.05108330026268959,0.012423601001501083,0.09978678814562739,PNG,20.52311134338379,10.0,0.01540779322385788,16.89694595336914,0.1769980937242508,20.0,-2.3150371613141267,256,0.0,0.713500440120697,8.63558578491211,4.080727577209473,0.7501704692840576,0.24982956051826477,1.3440598296953412,5.577333627691284,0.10548484858567558,0.5508420271763663,0.4054565139568265,1.0,256
synthbuster,1,stable-diffusion-1-4,444065,0.14393939393939395,0.3572480082511902,0.022875815629959106,0.212579213231687,PNG,23.506481170654297,10.0,0.0038278610445559025,18.79869842529297,0.05750293284654617,20.0,-3.0717423250377083,256,0.0,0.6346219778060913,4.910280704498291,3.3470354080200195,0.3885830044746399,0.6114169955253601,1.3486787012256516,3.1552161127931537,0.13816127426596636,0.6938561962225948,0.36078899484541666,1.0,256
synthbuster,1,stable-diffusion-1-4,563833,0.3129268000479214,0.07766203582286835,-0.0010818119626492262,0.25214798538351096,PNG,14.48713493347168,10.0,0.03879278525710106,14.608381271362305,0.15609239041805267,20.0,-2.1912848679836836,256,0.0,0.8578782677650452,16.17184829711914,4.026129245758057,0.6398565173149109,0.3601434826850891,1.592388580863635,13.769908058198773,0.1446063281932602,0.522955192858475,0.4041939958707275,1.0,256
synthbuster,1,stable-diffusion-1-4,602126,0.279045643153527,0.17609557509422302,0.009823955595493317,0.2683591529591661,PNG,13.649833679199219,8.0,0.04969713091850281,14.05099868774414,0.12378859519958496,20.0,-2.3694237722072438,256,0.0,0.9002649188041687,16.506200790405273,5.015469074249268,0.6441794633865356,0.35582053661346436,1.5339874653845784,12.998437049452146,0.09504380013673466,0.44143492425285397,0.40336037352395615,1.0,256
synthbuster,1,stable-diffusion-1-4,578602,0.09789932619896947,0.11407783627510071,0.006807329598814249,0.2143073406115216,PNG,20.025148391723633,10.0,0.026593158021569252,20.485475540161133,0.22755056619644165,20.0,-2.1540762845111274,256,0.0,0.7798927426338196,11.054229736328125,6.257791042327881,0.677528977394104,0.3224709928035736,1.3690548513671008,7.912711802551906,0.1273538976349162,0.529252212454338,0.4060163737161626,1.0,256
synthbuster,1,stable-diffusion-1-4,605797,0.0,0.13899198174476624,-0.0007295723771676421,0.1594565725876244,PNG,14.994014739990234,10.0,0.07032106071710587,15.758995056152344,0.4418255090713501,20.0,-1.6629160402108059,256,0.0,0.7952921986579895,10.949621200561523,3.173922538757324,0.9468725919723511,0.05312740057706833,1.3714818773533415,7.254227610774713,0.1045023266898554,0.39092184192731977,0.40923023601870206,1.0,256
synthbuster,1,stable-diffusion-1-4,563393,0.13643659711075443,0.1530534029006958,-0.0036939627025276423,0.26693797773347844,PNG,13.903203010559082,10.0,0.04240019991993904,16.178234100341797,0.12695109844207764,20.0,-2.5101071995113173,256,0.0,0.8864374160766602,12.50650691986084,3.7698209285736084,0.6580153703689575,0.3419845998287201,1.4531570924659782,7.897602169237816,0.0846018637268888,0.4329498750993771,0.40849045943232626,1.0,256
synthbuster,1,stable-diffusion-1-4,637585,0.06689419795221843,0.37036916613578796,-0.0025261014234274626,0.19952811254212827,PNG,15.248231887817383,10.0,0.0848575159907341,13.396331787109375,0.3743666708469391,20.0,-1.8552647677969407,256,0.0,0.843177080154419,18.565603256225586,6.296561241149902,0.8400580883026123,0.1599418818950653,1.6230410898260714,18.43720238309785,0.08214055584334432,0.3650721138958123,0.4074643377703424,1.0,256
synthbuster,1,stable-diffusion-1-4,602903,0.2459396751740139,0.12656210362911224,-0.008733355440199375,0.19805112352861037,PNG,17.71702003479004,10.0,0.02982393465936184,15.323887825012207,0.18804609775543213,20.0,-2.3444408759460167,256,0.0,0.799830973148346,13.227513313293457,3.728773355484009,0.5485701560974121,0.4514298439025879,1.4584254134294907,10.366775834414645,0.09687425063352718,0.4946269373381119,0.4047534162948908,1.0,256
synthbuster,1,stable-diffusion-1-4,534170,0.18823529411764706,0.07867331802845001,-0.00801632646471262,0.1854054629587179,PNG,18.275829315185547,10.0,0.025651805102825165,14.96090030670166,0.17626887559890747,20.0,-2.2604345626372973,256,0.0,0.7995045781135559,14.28366756439209,5.527154922485352,0.8211260437965393,0.1788739413022995,1.5511800691313213,12.427653907151099,0.09681571182645785,0.40801223206161225,0.4090091942657192,1.0,256
synthbuster,1,stable-diffusion-1-4,563897,0.014598540145985401,0.40529564023017883,0.004136330913752317,0.24018600893540032,PNG,19.369373321533203,10.0,0.05187312141060829,14.852328300476074,0.2545495331287384,20.0,-2.1161600504777223,256,0.0,0.849079430103302,14.949049949645996,8.948569297790527,0.6319313645362854,0.3680686354637146,1.6000399000833345,12.423544069588619,0.10335020801025543,0.46476524030755845,0.4068447129130873,1.0,256
synthbuster,1,stable-diffusion-1-4,540887,0.16336633663366337,0.17657789587974548,0.0008967575267888606,0.232621300137313,PNG,18.77405548095703,8.0,0.0776442140340805,19.484169006347656,0.4823768436908722,20.0,-1.6406650460009713,256,0.0,0.7953354716300964,26.339746475219727,6.972833633422852,0.8274047374725342,0.17259526252746582,1.7504558406911417,39.36342036416285,0.05532727898701931,0.27267075503299276,0.40896791757674056,1.0,256
synthbuster,1,stable-diffusion-1-4,509239,0.11709539121114684,0.1410340517759323,0.0028602590318769217,0.20346748288846406,PNG,21.88011932373047,10.0,0.022380800917744637,20.117733001708984,0.20813678205013275,20.0,-2.2003583716439192,256,0.0,0.7601163983345032,14.507362365722656,7.601597785949707,0.8421255350112915,0.1578744500875473,1.5671819824726598,13.979134107074188,0.09947990217714917,0.528357866449824,0.40392839125030744,1.0,256
synthbuster,1,stable-diffusion-1-4,601330,0.06752258678078935,0.17443221807479858,0.007211531512439251,0.24790439665334185,PNG,18.5968074798584,8.0,0.021191105246543884,24.743377685546875,0.1118098646402359,20.0,-2.3414565425876086,256,0.0,0.8353855013847351,14.195046424865723,7.713249206542969,0.6170567274093628,0.3829432427883148,1.5795257700253404,11.300764940167223,0.10845649547714285,0.5324887925032264,0.4054601614891262,1.0,256
synthbuster,1,stable-diffusion-1-4,602833,0.0627062706270627,0.3858388364315033,0.006570347584784031,0.2714916337388319,PNG,12.996844291687012,10.0,0.060491278767585754,12.85150146484375,0.32017982006073,20.0,-1.8833615034036517,256,0.0,0.821161150932312,16.964801788330078,4.555154323577881,0.8848761916160583,0.11512380838394165,1.7105528319229202,16.594152399317583,0.06833162979862885,0.3575257029954434,0.4073790438959167,1.0,256
synthbuster,1,stable-diffusion-1-4,527074,0.008818342151675485,0.06379229575395584,0.0055991183035075665,0.11820322493058161,PNG,16.65376853942871,10.0,0.036411941051483154,16.908985137939453,0.1941344439983368,20.0,-2.2646579690880313,256,0.0,0.8218562006950378,11.681286811828613,4.4467549324035645,0.7576878666877747,0.24231211841106415,1.4885192774885316,7.851909647130915,0.09613458313197076,0.4544053137048324,0.40754398546628967,1.0,256
synthbuster,1,stable-diffusion-1-4,492985,0.17747747747747747,0.20084992051124573,0.001821594312787056,0.25612885417338654,PNG,26.849414825439453,8.0,0.013588979840278625,28.692014694213867,0.24394257366657257,20.0,-2.201356854542377,256,0.0,0.6313661932945251,11.672006607055664,7.960951805114746,0.7540006041526794,0.24599939584732056,1.4766144876050584,10.543229992671067,0.11399685552395646,0.5644753695077134,0.4011775329569789,1.0,256
synthbuster,1,stable-diffusion-2,1983885,0.01781970649895178,0.4001491069793701,-0.003573270980268717,0.24033541163531277,PNG,13.055078506469727,10.0,0.07057280093431473,16.070858001708984,0.0993885025382042,20.0,-2.6359431464439464,256,0.0,0.9417750239372253,8.119104385375977,5.81569766998291,0.9036107063293457,0.09638926386833191,1.4498169498624824,3.012237676014034,0.175359217933693,0.5587882255634438,0.38986800499805707,1.0,256
synthbuster,1,stable-diffusion-2,2127242,0.18444523724580805,0.14384257793426514,0.00819573737680912,0.15214489525940422,PNG,17.91267204284668,10.0,0.01576816290616989,20.022052764892578,0.08720847219228745,20.0,-2.667765136173347,256,0.0,0.8260912895202637,8.026098251342773,4.474196434020996,0.7974388599395752,0.202561154961586,1.342504623398262,4.0078495049980765,0.09677676397855137,0.5711744688187887,0.4082671654520184,1.0,256
synthbuster,1,stable-diffusion-2,2186089,0.08056872037914692,0.17306773364543915,0.00014157569967210293,0.20006107463183764,PNG,19.335893630981445,10.0,0.021879397332668304,15.299957275390625,0.1871625930070877,20.0,-2.2506962965190094,256,0.0,0.7687159776687622,10.106890678405762,6.290007591247559,0.6094765663146973,0.39052343368530273,1.4270355435891584,6.820589466791615,0.14211147709814892,0.6136192435001345,0.40709895619982917,1.0,256
synthbuster,1,stable-diffusion-2,1811240,0.00702576112412178,0.013599186204373837,0.027726544067263603,0.023537096167263967,PNG,19.244359970092773,10.0,0.03514673933386803,18.553327560424805,0.27130377292633057,20.0,-2.0991478445535785,256,0.0,0.7780430316925049,9.21737289428711,3.735764265060425,0.6268596649169922,0.3731403648853302,1.4993512600386996,5.483005454632834,0.15266726748094514,0.5536625597388934,0.40798282872910974,1.0,256
synthbuster,1,stable-diffusion-2,1545833,0.045454545454545456,0.0028461934998631477,0.000488341087475419,0.006069455079304844,PNG,27.19719886779785,10.0,0.00804135575890541,23.177425384521484,0.21124574542045593,20.0,-2.300380040553651,256,0.0,0.5808422565460205,6.495387077331543,5.017062187194824,0.8516305685043335,0.1483694165945053,1.5247002907815281,4.010738508025759,0.10350290219237272,0.5388881740033736,0.38777051820621505,1.0,256
synthbuster,1,stable-diffusion-2,1829983,0.045924225028702644,0.10881166905164719,0.006949780974537134,0.2631061389363557,PNG,20.615846633911133,10.0,0.012025936506688595,19.244701385498047,0.09293591976165771,20.0,-2.3112308130533985,256,0.0,0.7806953191757202,9.174118995666504,5.96748161315918,0.802232027053833,0.19776798784732819,1.351353512074518,5.46418824790946,0.09062201706650613,0.5039286053391063,0.4091171751780494,1.0,256
synthbuster,1,stable-diffusion-2,2048591,0.009966777408637873,0.07704823464155197,-0.001983014866709709,0.09765599361262825,PNG,20.070878982543945,10.0,0.03208698332309723,17.038843154907227,0.4285486936569214,20.0,-1.763196162779184,256,0.0,0.7158275842666626,9.0291166305542,3.0085434913635254,0.8263256549835205,0.1736743450164795,1.5394498189476382,5.729042165272977,0.10565738729417051,0.44379446994456506,0.40679939285687833,1.0,256
synthbuster,1,stable-diffusion-2,2149386,0.03818269695505075,0.05619145557284355,-0.00565051194280386,0.06281653966893166,PNG,14.991889953613281,10.0,0.13697482645511627,14.604694366455078,0.21175721287727356,20.0,-2.2199406068790686,256,0.0,0.9304121732711792,12.414125442504883,10.57060432434082,0.844878613948822,0.15512137115001678,1.42028428914763,6.787617668084392,0.13502770987527593,0.530944144124687,0.39684934846256564,1.0,256
synthbuster,1,stable-diffusion-2,2142052,0.021398002853067047,0.14120763540267944,-0.0007019697804935277,0.16696631303669188,PNG,16.215368270874023,10.0,0.02447987161576748,13.911670684814453,0.1870710551738739,20.0,-2.3231190422571437,256,0.0,0.780582845211029,8.462268829345703,2.9856183528900146,0.9082379937171936,0.09176202118396759,1.513108104417161,4.801842140042295,0.09985537459726655,0.5232401841513674,0.4058108160763163,1.0,256
synthbuster,1,stable-diffusion-2,1897259,0.1398337112622827,0.010496921837329865,0.017751025035977364,0.037423991607378866,PNG,22.13930892944336,10.0,0.019088607281446457,18.682153701782227,0.27809208631515503,20.0,-2.11602512857716,256,0.0,0.6653547883033752,13.757476806640625,7.961432456970215,0.9032818675041199,0.09671815484762192,1.6906783155842648,14.396011915489229,0.08324116968771544,0.38444766290328886,0.401788751447654,1.0,256
synthbuster,1,stable-diffusion-2,2101589,0.04067321178120617,0.04965021088719368,0.011304793879389763,0.0789997572939112,PNG,14.056734085083008,10.0,0.021415380761027336,16.096031188964844,0.07253415137529373,20.0,-2.7703084638070274,256,0.0,0.87798672914505,9.483072280883789,2.82027006149292,0.8527690768241882,0.14723093807697296,1.2795704527213119,4.862231653690889,0.08883031934915829,0.48293274930809715,0.40833849475418543,1.0,256
synthbuster,1,stable-diffusion-2,1688910,0.011004126547455296,0.004058975726366043,0.0020062015391886234,0.006758353260212609,PNG,21.63134765625,10.0,0.018351340666413307,16.080617904663086,0.1337437927722931,20.0,-2.2189884171410887,256,0.0,0.776750922203064,9.218730926513672,6.359652996063232,0.685685396194458,0.3143146336078644,1.3250960619011807,5.641186457732607,0.14425265588295083,0.6057375533369717,0.40426260661465563,1.0,256
synthbuster,1,stable-diffusion-2,1994429,0.025179856115107913,0.018186958506703377,0.02303416095674038,0.042306201884670734,PNG,24.571733474731445,10.0,0.003972730133682489,22.787378311157227,0.24792098999023438,20.0,-2.2305375028079184,256,0.0,0.400574654340744,8.298978805541992,0.9786413908004761,0.9065496325492859,0.09345036000013351,1.6439934250264476,7.740623918685115,0.07403615831474486,0.43716346666350075,0.3820089759303269,1.0,256
synthbuster,1,stable-diffusion-2,1885707,0.05736543909348442,0.060840193182229996,0.0025024882052093744,0.14981848605927775,PNG,22.94902801513672,10.0,0.01942826434969902,16.921894073486328,0.1431157886981964,20.0,-2.4533426819153887,256,0.0,0.7899826169013977,10.381346702575684,8.117755889892578,0.740841269493103,0.259158730506897,1.538106100797477,7.053634404435794,0.19585868672883786,0.6113644595985195,0.406652312624303,1.0,256
synthbuster,1,stable-diffusion-2,1904211,0.2851519790072163,0.4011598527431488,0.004131215158849955,0.3721272975458723,PNG,17.52432632446289,10.0,0.018652986735105515,13.738321304321289,0.09774025529623032,20.0,-2.6283545944190956,256,0.0,0.827921986579895,12.588424682617188,3.2511348724365234,0.6457899808883667,0.3542100191116333,1.3228127260588902,9.349078374303172,0.11609202119595088,0.5639811084235756,0.408199257477252,1.0,256
synthbuster,1,stable-diffusion-2,1894081,0.04010238907849829,0.0477454736828804,0.02874179370701313,0.04968089253341727,PNG,20.660968780517578,10.0,0.025719333440065384,16.043134689331055,0.23126021027565002,20.0,-2.0337311832965597,256,0.0,0.7585535645484924,10.7515230178833,7.70294713973999,0.7974836230278015,0.20251639187335968,1.6051822606171602,7.799808171736833,0.1015778869089774,0.51525846684428,0.40505389104544337,1.0,256
synthbuster,1,stable-diffusion-2,2324496,0.02482758620689655,0.15796759724617004,0.00961572490632534,0.1281226305606177,PNG,17.85880470275879,10.0,0.025940990075469017,16.494272232055664,0.20846346020698547,20.0,-2.2761372647839795,256,0.0,0.7751564979553223,11.021827697753906,2.7571120262145996,0.922979474067688,0.07702052593231201,1.4191424117914802,7.9584161290128765,0.08659513772485655,0.4716006871694909,0.40933216794628624,1.0,256
synthbuster,1,stable-diffusion-2,2167862,0.04139433551198257,0.044007912278175354,-0.016220567747950554,0.06450705701432688,PNG,14.831792831420898,10.0,0.0642431378364563,12.89885425567627,0.26764804124832153,20.0,-2.135428997597479,256,0.0,0.8453500270843506,10.708504676818848,3.407040596008301,0.9343703985214233,0.06562962383031845,1.3705631339230502,6.317353001249526,0.10490777845309762,0.42116044845497674,0.40905992121125817,1.0,256
synthbuster,1,stable-diffusion-2,2094232,0.021834061135371178,0.034319907426834106,0.009567809291183949,0.10850742734124756,PNG,15.254935264587402,10.0,0.03803940862417221,15.543061256408691,0.259341835975647,20.0,-2.071628933181013,256,0.0,0.7953277230262756,11.29457950592041,2.6589913368225098,0.8880825042724609,0.11191752552986145,1.6793926222421764,7.939217233155523,0.088547573405243,0.43124499321800613,0.4089377372561659,1.0,256
synthbuster,1,stable-diffusion-2,2342064,0.02952755905511811,0.11576427519321442,0.0173940546810627,0.061905768431420205,PNG,10.900050163269043,10.0,0.12133578211069107,17.301816940307617,0.18848155438899994,20.0,-2.2460610301805,256,0.0,0.9344479441642761,14.847615242004395,4.25506591796875,0.9045928120613098,0.0954071655869484,1.5995772555148295,9.744283328527501,0.10637007495990433,0.4460881749617329,0.39051706466758224,1.0,256
synthbuster,1,stable-diffusion-2,1864763,0.11764705882352941,0.08114155381917953,-0.007652424741536379,0.11607086568202621,PNG,22.52887535095215,8.0,0.008580215275287628,18.407127380371094,0.13460423052310944,20.0,-2.5375441654695066,256,0.0,0.666996419429779,8.10501766204834,3.140934467315674,0.7728869318962097,0.2271130532026291,1.4116025997681567,5.450823105896771,0.09380978932292584,0.5424754923557353,0.3964056104164004,1.0,256
synthbuster,1,stable-diffusion-2,2274037,0.013440860215053764,0.1697247326374054,-0.002120944205671549,0.13856620755629384,PNG,17.94723129272461,10.0,0.02613549306988716,13.70532512664795,0.2748556435108185,20.0,-2.0615062451455617,256,0.0,0.7322861552238464,10.325817108154297,2.5546069145202637,0.9455525875091553,0.05444742739200592,1.484868372541349,7.768538137375051,0.08933313458045831,0.46096836282234654,0.404380108370443,1.0,256
synthbuster,1,stable-diffusion-2,1640870,0.05930335097001763,0.06666207313537598,0.014614364132285118,0.0656935781592134,PNG,18.689085006713867,10.0,0.016245510429143906,20.17353057861328,0.13449759781360626,20.0,-2.4557394121048346,256,0.0,0.7732154130935669,4.744213104248047,0.7955783009529114,0.4683189392089844,0.5316810607910156,1.4004090705688694,1.6015758812716259,0.27029947490206474,0.7299706904701376,0.4060085140546346,1.0,256
synthbuster,1,stable-diffusion-2,2181693,0.022770398481973434,0.02612416446208954,0.0313725471496582,0.04990834197484826,PNG,15.7808198928833,10.0,0.035374321043491364,14.893250465393066,0.2307898998260498,20.0,-2.1472789626756414,256,0.0,0.8045157194137573,8.93220329284668,3.1680562496185303,0.8821483850479126,0.1178516373038292,1.2951847165777253,5.042447315936182,0.10412602194812845,0.49677725026523084,0.40858303236705207,1.0,256
synthbuster,1,stable-diffusion-2,1816850,0.007722007722007722,0.003801947459578514,0.002891690470278263,0.004676868914546687,PNG,19.86581039428711,10.0,0.03952084481716156,16.52562141418457,0.4485277235507965,20.0,-1.6903361168839108,256,0.0,0.7435235977172852,8.17175006866455,4.848151683807373,0.912251353263855,0.08774863928556442,1.6302378111882176,4.500700451749328,0.12111894490057766,0.45435837231147685,0.4074397406169428,1.0,256
synthbuster,1,stable-diffusion-2,2139098,0.023391812865497075,0.07392577826976776,0.003951166290789843,0.09631743926483595,PNG,19.062089920043945,10.0,0.03583839535713196,19.677724838256836,0.13857220113277435,20.0,-2.4046163407373067,256,0.0,0.8650179505348206,12.7907075881958,9.501124382019043,0.8611948490142822,0.13880516588687897,1.4081093454053661,8.93118696835351,0.08613765595626272,0.47854347270937725,0.4044514912034518,1.0,256
synthbuster,1,stable-diffusion-2,1861910,0.1455,0.08451443910598755,0.0011388029670342803,0.10249485231839663,PNG,14.246541023254395,10.0,0.07138232886791229,12.783299446105957,0.2284308522939682,20.0,-2.073828688298795,256,0.0,0.8795091509819031,14.29683780670166,3.4188902378082275,0.6686040163040161,0.3313959538936615,1.5623366826473337,10.47354043516917,0.11731172538048094,0.49718263625250597,0.4080472322571683,1.0,256
synthbuster,1,stable-diffusion-2,1935647,0.016960651289009497,0.062369246035814285,0.0035811401903629303,0.13732283981061272,PNG,15.536962509155273,10.0,0.02265140414237976,15.84158706665039,0.055877868086099625,20.0,-2.751782680106527,256,0.0,0.9080047011375427,10.241817474365234,3.6881918907165527,0.7709441184997559,0.22905588150024414,1.3812915934899532,5.175592200115339,0.1367464843825078,0.5465434053128087,0.3965972742744796,1.0,256
synthbuster,1,stable-diffusion-2,1975606,0.10356347438752785,0.078397735953331,0.006789908278733492,0.0724115485804869,PNG,20.54153823852539,10.0,0.02732168324291706,15.988767623901367,0.42225202918052673,20.0,-1.645058253299354,256,0.0,0.675456166267395,7.736393451690674,2.275949001312256,0.9142828583717346,0.08571711927652359,1.6353543583427466,4.658632617262591,0.11523094910214286,0.46465692655533386,0.4046609359762912,1.0,256
synthbuster,1,stable-diffusion-2,2311474,0.01368421052631579,0.0909036323428154,0.01111111044883728,0.06826121866722493,PNG,12.070606231689453,10.0,0.05711483210325241,12.974180221557617,0.13121864199638367,20.0,-2.4008751103592596,256,0.0,0.9033832550048828,9.982220649719238,4.549981117248535,0.7822558879852295,0.2177441269159317,1.2540730719736137,4.875341034698195,0.12881284663181025,0.5353043286749378,0.4020317505948245,1.0,256
synthbuster,1,stable-diffusion-xl,1383535,0.04960835509138381,0.1254744827747345,-0.004379760008305311,0.12719782421346063,PNG,21.212955474853516,10.0,0.008931271731853485,19.835676193237305,0.07374008744955063,20.0,-2.7089416209227237,256,0.0,0.7649492025375366,3.592721700668335,2.065516471862793,0.596021831035614,0.403978168964386,1.3224040972781976,1.1107354142637451,0.1678183018443724,0.7302897809395563,0.40370731181364633,1.0,256
synthbuster,1,stable-diffusion-xl,1624995,0.06507059545733579,0.08142808824777603,0.016212448477745056,0.1097749365158165,PNG,19.755775451660156,10.0,0.036576900631189346,19.53200340270996,0.10107886791229248,20.0,-2.6069116771873206,256,0.0,0.8944689035415649,8.772760391235352,11.69638729095459,0.6000667214393616,0.3999332785606384,1.4027620971345662,3.9118206939638607,0.22533142058276287,0.6327265703489975,0.3928703271808345,1.0,256
synthbuster,1,stable-diffusion-xl,1778794,0.046966731898238745,0.22089259326457977,-0.008920392021536827,0.16293122824414022,PNG,16.536781311035156,10.0,0.020850621163845062,13.39847469329834,0.1129152923822403,20.0,-2.5756574221531574,256,0.0,0.8380163908004761,7.392715930938721,2.9301061630249023,0.7247095108032227,0.27529051899909973,1.1358072473460663,3.509148164167632,0.15202898085818398,0.6044194773518083,0.4043037039437845,1.0,256
synthbuster,1,stable-diffusion-xl,1841054,0.05268389662027833,0.09563703835010529,0.001043661730363965,0.10601593074537954,PNG,23.86448097229004,10.0,0.00876676570624113,25.648860931396484,0.07582613080739975,20.0,-2.7238830708579633,256,0.0,0.7637105584144592,7.549501419067383,9.73391342163086,0.7080231308937073,0.2919768691062927,1.4432560114482036,4.011416582564399,0.12626052669105867,0.6392447733835479,0.4039981291863673,1.0,256
synthbuster,1,stable-diffusion-xl,1820936,0.07087113761817143,0.12688103318214417,0.019650937989354134,0.08036571961401735,PNG,23.78863525390625,10.0,0.03335167095065117,28.541772842407227,0.07893368601799011,20.0,-2.39174172535102,256,0.0,0.9438345432281494,5.713023662567139,18.056251525878906,-0.12973809242248535,1.1297380924224854,1.3623923913178022,1.6141776750528631,0.26143065498947843,0.8081363577729896,0.3625664898568215,1.0,256
synthbuster,1,stable-diffusion-xl,1449215,0.11347517730496454,0.09062035381793976,0.0022739230189472437,0.18560769453304213,PNG,20.21457290649414,10.0,0.005430961959064007,20.03778839111328,0.062352292239665985,20.0,-2.8723375221016783,256,0.0,0.6973239183425903,5.7069501876831055,1.5069090127944946,0.3592403531074524,0.6407596468925476,1.3142509787169856,3.00038763636582,0.12118891088416055,0.68495358482875,0.3670038707438764,1.0,256
synthbuster,1,stable-diffusion-xl,1220561,0.20501285347043702,0.16513848304748535,-0.008191016502678394,0.16262986590205578,PNG,25.468364715576172,10.0,0.004869295284152031,18.963905334472656,0.12177202105522156,20.0,-2.6331014826974637,256,0.0,0.5438651442527771,3.055304765701294,2.958569288253784,0.5453523397445679,0.45464766025543213,1.1879220008189264,1.2688103583958097,0.21089288097873368,0.7984237784221448,0.3644302267418328,1.0,256
synthbuster,1,stable-diffusion-xl,1877484,0.02522935779816514,0.14420992136001587,-0.015243764966726303,0.11071001159190817,PNG,19.116308212280273,10.0,0.013557649217545986,24.165956497192383,0.01991669274866581,20.0,-3.0244319616693898,256,0.0,0.9595156311988831,4.823598384857178,12.517257690429688,0.6721817255020142,0.32781824469566345,1.2358195479618643,1.1390557267637451,0.16802881840013964,0.6976973762720913,0.3681612323403716,1.0,256
synthbuster,1,stable-diffusion-xl,1802475,0.08796090626388271,0.1427219659090042,0.009178602136671543,0.11628860873429453,PNG,20.386075973510742,10.0,0.02394893579185009,21.042686462402344,0.185974583029747,20.0,-2.303281169749578,256,0.0,0.7951315641403198,9.896601676940918,9.288529396057129,0.814141035079956,0.18585893511772156,1.519979382517339,6.322153814037871,0.10992686337016572,0.5291468786768632,0.4065032842776186,1.0,256
synthbuster,1,stable-diffusion-xl,1583132,0.0338123415046492,0.060412339866161346,0.009787868708372116,0.055711939851177866,PNG,23.69219970703125,10.0,0.02489137463271618,18.982126235961914,0.22302140295505524,20.0,-2.2698625863303405,256,0.0,0.7611815333366394,3.9260802268981934,6.314714431762695,0.669284462928772,0.33071550726890564,1.1047025937654293,1.1518065017060755,0.2531419324724339,0.7197578251242267,0.40757431354907114,1.0,256
synthbuster,1,stable-diffusion-xl,1694733,0.32525402201524134,0.16833563148975372,-0.009561645798385143,0.23946496869799136,PNG,19.079381942749023,10.0,0.024818647652864456,22.183204650878906,0.0377725251019001,20.0,-2.8855520975686715,256,0.0,0.9595378041267395,8.195714950561523,5.379508972167969,0.36199796199798584,0.6380020380020142,1.3696159499914005,2.948158085231643,0.20867410863697014,0.664395628519539,0.37860357310389414,1.0,256
synthbuster,1,stable-diffusion-xl,2009198,0.06567028985507246,0.08636349439620972,-0.007296476513147354,0.23915355658649942,PNG,23.545433044433594,10.0,0.004050121176987886,23.257436752319336,0.03867993876338005,20.0,-2.770258583241066,256,0.0,0.7496441006660461,7.2158522605896,6.163315773010254,0.5856084227561951,0.41439157724380493,1.267979794481974,4.192108879397338,0.16073162510810296,0.7161675912522578,0.40393321287766865,1.0,256
synthbuster,1,stable-diffusion-xl,1682712,0.2493215125746336,0.043334778398275375,-0.0017641131998971105,0.09527770178172383,PNG,18.46844482421875,10.0,0.012578627094626427,13.825212478637695,0.10009361058473587,20.0,-2.459035371183905,256,0.0,0.7868096232414246,10.076507568359375,2.255188465118408,0.6521541476249695,0.3478458523750305,1.4702319472983767,7.003050314182049,0.15436927902046843,0.5714026529680903,0.40306438394954025,1.0,256
synthbuster,1,stable-diffusion-xl,1951331,0.025974025974025976,0.07629802823066711,0.0058595603331923485,0.08848982944868897,PNG,20.629968643188477,10.0,0.01353439036756754,16.918258666992188,0.1211506724357605,20.0,-2.5168927866284108,256,0.0,0.7720330953598022,7.331748962402344,7.128713130950928,0.7666745185852051,0.23332548141479492,1.4229648939609318,3.9315963361447563,0.1104640424064073,0.590083791254945,0.408716780637512,1.0,256
synthbuster,1,stable-diffusion-xl,1822448,0.10381306672866775,0.12040308862924576,0.0029377692844718695,0.11747146063213973,PNG,18.615257263183594,10.0,0.012101082131266594,21.234302520751953,0.02720274217426777,20.0,-2.807785895879158,256,0.0,0.9289133548736572,4.092592239379883,4.495444297790527,0.5957918167114258,0.40420815348625183,1.2641930804408439,0.871966025687236,0.3455481114128265,0.7569779527193391,0.392297370667014,1.0,256
synthbuster,1,stable-diffusion-xl,1795934,0.29695585453766815,0.08747244626283646,0.003700847504660487,0.08610878378007723,PNG,27.5959415435791,10.0,0.003130052238702774,30.30767059326172,0.017522213980555534,20.0,-3.3225962200838466,256,0.0,0.8540205359458923,1.1874397993087769,2.560596466064453,0.3287046551704407,0.6712953448295593,1.1596136733022593,0.21207630478662048,0.24380659367866642,0.9128151133874426,0.39014004771394145,1.0,256
synthbuster,1,stable-diffusion-xl,1490469,0.41147153722055774,0.08356520533561707,-0.0069906217977404594,0.06452326600698975,PNG,30.058183670043945,8.0,0.006094089709222317,28.455547332763672,0.06715498864650726,20.0,-2.8252040466343837,256,0.0,0.6733823418617249,2.4166789054870605,8.016498565673828,0.503485381603241,0.49651461839675903,1.0951372341136631,0.5660344879373322,0.30130103577449324,0.9037521260528665,0.3665990262104718,1.0,256
synthbuster,1,stable-diffusion-xl,1487529,0.085496866606983,0.11173343658447266,0.022505737841129303,0.07652742316190796,PNG,23.044221878051758,10.0,0.0036328930873423815,20.788925170898438,0.04940835013985634,20.0,-2.928220109148066,256,0.0,0.6717742085456848,3.38248610496521,3.831395149230957,0.37930887937545776,0.6206911206245422,1.1976165049951042,1.269992881343713,0.14849203205967895,0.7392878033860473,0.36793525597246807,1.0,256
synthbuster,1,stable-diffusion-xl,1974497,0.092455786881576,0.2543463706970215,-0.0014827260747551918,0.16725458679469019,PNG,20.704097747802734,10.0,0.013394924812018871,18.6564998626709,0.08173403143882751,20.0,-2.712072949125411,256,0.0,0.8106739521026611,8.322796821594238,8.66746711730957,0.8062605261802673,0.19373945891857147,1.3753034357167944,4.546560277297193,0.13010480505169364,0.6294808870998102,0.40319397541269886,1.0,256
synthbuster,1,stable-diffusion-xl,1681406,0.12842210054753608,0.08134213089942932,0.013913935050368309,0.1429630632912942,PNG,21.105756759643555,10.0,0.009048916399478912,23.889110565185547,0.1413278430700302,20.0,-2.4511816847161274,256,0.0,0.6847742795944214,11.029149055480957,6.297638893127441,0.6423593163490295,0.35764068365097046,1.5024041821436973,9.571501781165887,0.11370196306461959,0.5706561066613564,0.3983737765568933,1.0,256
synthbuster,1,stable-diffusion-xl,1852214,0.003816793893129771,0.07353343069553375,-0.0006484418991021812,0.10485893315315555,PNG,16.07538414001465,2.0,0.3955603837966919,15.305828094482422,0.12707914412021637,20.0,-2.207033372470515,256,0.0,0.985205352306366,13.228606224060059,7.177070617675781,0.7728856801986694,0.22711433470249176,1.3031703624334063,6.578956426014041,0.15181106407668707,0.4249907467245739,0.3505711396600696,1.0,256
synthbuster,1,stable-diffusion-xl,1322740,0.1436502428868841,0.09893541038036346,0.008321885950863361,0.12556988712237852,PNG,22.7781982421875,10.0,0.004079819191247225,20.445907592773438,0.06680808961391449,20.0,-2.9418159614889756,256,0.0,0.650333046913147,5.1324334144592285,2.5381417274475098,0.7003884315490723,0.2996115982532501,1.3288100216769982,2.6344391880526703,0.1263545975692419,0.6875279593306248,0.3846711569063256,1.0,256
synthbuster,1,stable-diffusion-xl,1648693,0.07345175228036485,0.2247552126646042,0.012160425074398518,0.20195272737995346,PNG,21.12331771850586,10.0,0.010943219996988773,17.497493743896484,0.12340737879276276,20.0,-2.502006936545921,256,0.0,0.7217379212379456,6.026955604553223,2.984095811843872,0.7081946730613708,0.29180532693862915,1.23730325221449,2.9779517493271843,0.1662881492572788,0.6999535449068071,0.3997017489705151,1.0,256
synthbuster,1,stable-diffusion-xl,1470273,0.16260441698134798,0.05895571783185005,-0.015317094512283802,0.0825285669059917,PNG,24.850692749023438,10.0,0.005755329970270395,26.417156219482422,0.03939801827073097,20.0,-2.8503144220864653,256,0.0,0.8040234446525574,2.246758460998535,4.059658527374268,0.4115695357322693,0.5884304642677307,1.0851922856490512,0.4656075337610534,0.26878199421449517,0.8748521099515603,0.4006756087060281,1.0,256
synthbuster,1,stable-diffusion-xl,2117683,0.23824269401974066,0.0903889611363411,0.003932626452296972,0.13527739229513958,PNG,13.643399238586426,10.0,0.05653748661279678,15.995388984680176,0.09576168656349182,20.0,-2.652729342564246,256,0.0,0.9357640147209167,8.122865676879883,5.7460503578186035,0.7545933127403259,0.24540667235851288,1.1693022714325478,3.107773227244331,0.13589960089242964,0.5707250345272193,0.39572197352078436,1.0,256
synthbuster,1,stable-diffusion-xl,1558538,0.03748180494905386,0.020986037328839302,0.027893025428056717,0.011672896782216122,PNG,18.347400665283203,8.0,0.017083732411265373,15.026987075805664,0.10773494839668274,20.0,-2.491999699614357,256,0.0,0.8167423009872437,4.229339599609375,3.9801578521728516,0.7734118700027466,0.2265881597995758,1.3448989030948246,1.3310892445213378,0.1954991769642796,0.6982576895894439,0.406218270387394,1.0,256
synthbuster,1,stable-diffusion-xl,1549893,0.1606155155297121,0.12476050853729248,0.027086928486824036,0.11205138135515189,PNG,18.025876998901367,10.0,0.008334322832524776,16.932723999023438,0.04745163396000862,20.0,-2.8334219823148814,256,0.0,0.819094181060791,4.628310203552246,5.894644737243652,0.555964469909668,0.44403553009033203,1.3150530508212486,1.4894612799163782,0.2514134377742732,0.7643240224604646,0.40142789820205793,1.0,256
synthbuster,1,stable-diffusion-xl,1411505,0.26015050028942366,0.18896588683128357,-0.02397332154214382,0.1523547144795166,PNG,22.625572204589844,10.0,0.004184590186923742,24.92950439453125,0.0225762240588665,20.0,-2.9324179518877096,256,0.0,0.8513429760932922,3.121579170227051,4.53854513168335,0.09776955842971802,0.902230441570282,1.1676632868714374,0.7042832534361788,0.3195860867185326,0.8915795961997939,0.38156246280070377,1.0,256
synthbuster,0,raise1k,1124905,0.5741945477075588,0.15238264203071594,-0.011425766162574291,0.19535897125049048,PNG,19.50578498840332,8.0,0.012579458765685558,17.305028915405273,0.08956221491098404,20.0,-2.6558436046178655,256,0.0,0.7973310351371765,11.994555473327637,7.71800422668457,0.7146599292755127,0.2853400707244873,1.3752671189944474,9.14846972919068,0.1850220627507698,0.6462051262648696,0.3905800370599237,1.0,256
synthbuster,0,raise1k,1204280,0.502350687793836,0.17184102535247803,0.016180124133825302,0.32876927732336964,PNG,21.617408752441406,10.0,0.020119933411478996,20.018108367919922,0.21363092958927155,20.0,-2.1901548374015114,256,0.0,0.7428804039955139,17.358854293823242,5.152221202850342,0.6693834066390991,0.3306165635585785,1.5698711772123006,20.701993464052272,0.25744955944202774,0.5739367228391448,0.4000331486251883,1.0,256
synthbuster,0,raise1k,1201627,0.9283879381891476,0.23767507076263428,-0.009821746498346329,0.17041142714687355,PNG,24.13161277770996,10.0,0.015197010710835457,20.10881233215332,0.11096461862325668,20.0,-2.3347435755250885,256,0.0,0.7807928919792175,10.119665145874023,7.891083240509033,0.130263090133667,0.869736909866333,1.5572255586153068,6.428803915561318,0.25958344534455685,0.7286002275765389,0.3811848987111735,1.0,256
synthbuster,0,raise1k,774288,0.533000088472087,0.2067488431930542,0.013780361041426659,0.25329204503649505,PNG,31.878326416015625,10.0,0.001879055518656969,34.941650390625,0.01938706450164318,20.0,-2.9835953673440847,256,0.0,0.6017893552780151,3.368417501449585,2.3644306659698486,0.3013465404510498,0.6986534595489502,1.151561314230643,1.3519247855392136,0.3722355416746308,0.873898413400103,0.3755847943156392,1.0,256
synthbuster,0,raise1k,1270101,0.6664784756527876,0.1877676248550415,0.0055150482803583145,0.29125808625359256,PNG,17.291419982910156,10.0,0.014484765939414501,14.92723560333252,0.10196768492460251,20.0,-2.51842337408025,256,0.0,0.7834872007369995,13.11798095703125,2.7568700313568115,0.8266260623931885,0.17337392270565033,1.475014524258822,10.987234071631097,0.12656177049498468,0.5007117475610398,0.40552659157104765,1.0,256
synthbuster,0,raise1k,616594,0.8970517416662208,0.31798794865608215,0.0,0.043480145760778514,PNG,25.687538146972656,10.0,0.0036049257032573223,24.346220016479492,0.03629544749855995,20.0,-2.98832803379649,256,0.0,0.6803544759750366,0.3893367052078247,2.7716054916381836,0.5257699489593506,0.4742300808429718,1.1817678401434881,0.06919033544790465,0.550669484061042,0.9674254207233639,0.305501774273042,1.0,256
synthbuster,0,raise1k,1615362,0.08878504672897196,0.2889387607574463,0.022497421130537987,0.15388625448888643,PNG,16.43293571472168,10.0,0.042160339653491974,17.152189254760742,0.2803528904914856,20.0,-1.8809227744302803,256,0.0,0.7895721793174744,13.890253067016602,2.79008412361145,0.8731146454811096,0.12688535451889038,1.4912196720233648,11.645092737769135,0.07379177839305827,0.35586100909541196,0.4100823499911498,1.0,256
synthbuster,0,raise1k,1225166,0.6194658921867252,0.14362239837646484,-0.008495687507092953,0.11060997133307114,PNG,18.472673416137695,10.0,0.004876879509538412,17.532814025878906,0.026869691908359528,20.0,-2.7038369549201393,256,0.0,0.8337012529373169,5.721954822540283,6.2084455490112305,0.4681955575942993,0.5318044424057007,1.1489044374970863,2.051105674500193,0.16233274279020907,0.7330491966473685,0.4035957473591914,1.0,256
synthbuster,1,stable-diffusion-xl,2008075,0.03795066413662239,0.12579941749572754,0.00751385698094964,0.2419077903567791,PNG,16.88910675048828,10.0,0.034904807806015015,15.352679252624512,0.10958020389080048,20.0,-2.593660775906503,256,0.0,0.8878840208053589,13.34742259979248,5.13176965713501,0.809410572052002,0.19058944284915924,1.3097569799142585,9.184638915921756,0.1099486488476678,0.4814780936335067,0.3886247069525676,1.0,256
synthbuster,1,stable-diffusion-xl,1773439,0.17012717363093693,0.05756552517414093,0.0,0.02700782937258108,PNG,21.538543701171875,10.0,0.014314534142613411,23.33452606201172,0.06863153725862503,20.0,-2.675723969131477,256,0.0,0.8586804270744324,3.3420138359069824,4.063773155212402,0.5581927299499512,0.4418072998523712,1.1944038191653277,0.7879959330545941,0.23666497682786022,0.7703211796951426,0.4060026956857975,1.0,256
synthbuster,0,raise1k,1062411,0.6755,0.031094830483198166,0.003571248846128583,0.16473299591783158,PNG,30.307971954345703,10.0,0.005157670471817255,30.754186630249023,0.13594608008861542,20.0,-2.440612585765493,256,0.0,0.5998311638832092,10.743467330932617,7.823126316070557,0.6694909334182739,0.3305090665817261,1.555864970535948,12.648667309448264,0.2529358757432603,0.6881546519171896,0.3551761298953465,1.0,256
synthbuster,0,raise1k,1431558,0.022818791946308724,0.2791678011417389,0.016339868307113647,0.1479357304831856,PNG,17.801143646240234,8.0,0.11293482035398483,22.87022590637207,0.39021655917167664,20.0,-1.8042477290588232,256,0.0,0.8810995221138,13.021492004394531,9.143552780151367,0.7345456480979919,0.26545435190200806,1.628380230048195,8.75473135332565,0.1184244390816648,0.48778189830979835,0.40692230305118166,1.0,256
synthbuster,0,raise1k,908915,0.1834899877400899,0.21711501479148865,0.0026007622946053743,0.17361178977338376,PNG,31.25641632080078,10.0,0.004354563076049089,22.00172233581543,0.0875367671251297,20.0,-2.835450913907668,256,0.0,0.5976672172546387,4.350534439086914,7.781398773193359,0.3957425355911255,0.6042574644088745,1.2006122831823742,2.144536536428298,0.213513002034998,0.8052744888510126,0.39434474849535484,1.0,256
synthbuster,0,raise1k,1699923,0.4849906191369606,0.1523718237876892,0.005608689039945602,0.2557936945544805,PNG,17.045310974121094,10.0,0.02607646770775318,15.09885311126709,0.20461754500865936,20.0,-2.0650751328876664,256,0.0,0.7763990759849548,16.424612045288086,1.2660048007965088,0.8457474708557129,0.1542525291442871,1.5781097710239227,17.411652174043642,0.0740675812135094,0.38510214127008197,0.40542110759448047,1.0,256
synthbuster,0,raise1k,1446764,0.014925373134328358,0.19775182008743286,0.008215388283133507,0.19338241765288075,PNG,14.384217262268066,10.0,0.04732154309749603,15.779909133911133,0.2488810122013092,20.0,-2.0546768345369215,256,0.0,0.8233004808425903,16.64377212524414,4.4037628173828125,0.8964958190917969,0.10350418090820312,1.5389207828180016,15.732725679426164,0.0799021130296365,0.356895234251176,0.40982039066873566,1.0,256
synthbuster,0,raise1k,901512,0.2747005988023952,0.25833845138549805,0.0019863697234541178,0.20045282257143887,PNG,26.875614166259766,10.0,0.0030438313260674477,21.74557876586914,0.03633164241909981,20.0,-2.8388370423310807,256,0.0,0.6488719582557678,2.6415936946868896,2.6562652587890625,0.6179648637771606,0.38203513622283936,0.9896198881690447,0.8290869797673979,0.1512577072445647,0.7750410295928865,0.3913756294212398,1.0,256
synthbuster,0,raise1k,926919,0.2534875011703024,0.3369779586791992,0.0,0.19104817395851034,PNG,24.563444137573242,10.0,0.002614014782011509,15.129094123840332,0.08499491959810257,20.0,-2.814121473053141,256,0.0,0.4500282108783722,1.2528743743896484,-0.477510929107666,0.444610595703125,0.555389404296875,1.168060157554711,0.3251691506872358,0.33281431548324103,0.8890034813622958,0.3765653276038272,1.0,256
synthbuster,0,raise1k,1289906,0.2539108418482684,0.01705995574593544,-0.0034656429197639227,0.01018989006955225,PNG,21.614892959594727,10.0,0.028684768825769424,22.02861976623535,0.2774825394153595,20.0,-1.9074379743279661,256,0.0,0.746054470539093,3.573166608810425,6.330993175506592,0.7722846865653992,0.22771532833576202,1.4828554190508934,0.9687707101835834,0.2971915719096532,0.7827110963921123,0.39965032188549576,1.0,256
synthbuster,0,raise1k,1082766,0.4655957500632431,0.18715369701385498,0.003104574978351593,0.0808490346327923,PNG,14.26845932006836,10.0,0.04753420874476433,14.855096817016602,0.20507755875587463,20.0,-2.1930516451435893,256,0.0,0.8446347713470459,7.849757671356201,2.5397305488586426,0.47410881519317627,0.5258911848068237,1.2083380654479938,3.443084375600732,0.18202618480495736,0.6425807387815433,0.4010143748977719,1.0,256
synthbuster,0,raise1k,806639,0.32517273735391966,0.12531523406505585,0.015069453977048397,0.17736875694872156,PNG,32.91886901855469,10.0,0.002556032268330455,25.860929489135742,0.025948230177164078,20.0,-2.8868000530847393,256,0.0,0.5530747771263123,2.5643022060394287,0.6877454519271851,0.2535877823829651,0.7464122176170349,1.2724504477761809,0.9521904435793935,0.2271073930143658,0.8091160115075307,0.3728067117014274,1.0,256
synthbuster,0,raise1k,1280632,0.22064896755162242,0.14702722430229187,-0.0030322440434247255,0.1278016101995107,PNG,26.032140731811523,10.0,0.009395109489560127,23.938583374023438,0.12414394319057465,20.0,-2.5961029210732947,256,0.0,0.6566777229309082,5.242702007293701,-1.0750688314437866,0.7765792608261108,0.22342073917388916,1.291010020411925,2.46400027933968,0.12878147101278856,0.6146837964255981,0.39219576058608435,1.0,256
synthbuster,0,raise1k,1378544,0.034482758620689655,0.07788459211587906,0.011120829731225967,0.08470009334225313,PNG,15.89652156829834,10.0,0.02572386898100376,15.269697189331055,0.1451398879289627,20.0,-2.210755387496906,256,0.0,0.816450834274292,10.255239486694336,2.6345345973968506,0.8052337765693665,0.19476623833179474,1.4419454531971416,6.236816113393896,0.09924039418219126,0.47360912786388143,0.41013745870011453,1.0,256
synthbuster,0,raise1k,1285423,0.6410661847752428,0.29557329416275024,0.01472381129860878,0.17578181756224673,PNG,23.763648986816406,10.0,0.025369400158524513,23.705408096313477,0.21445320546627045,20.0,-2.2594659565174755,256,0.0,0.7849951982498169,14.683171272277832,10.615468978881836,0.7705157995223999,0.22948423027992249,1.4950939248325106,13.97724381848327,0.1101826426564204,0.5801494500507649,0.39670645698743723,1.0,256
synthbuster,0,raise1k,1190173,0.2463686096962837,0.06601012498140335,-0.00047271404764615,0.127751764912458,PNG,16.9749755859375,10.0,0.020180193707346916,14.063833236694336,0.16263340413570404,20.0,-2.4955674471363745,256,0.0,0.7616824507713318,13.970333099365234,2.640033006668091,0.5036393404006958,0.4963606595993042,1.486646746693676,12.950807021337928,0.15869762248594604,0.5947149817916499,0.39948140613353655,1.0,256
synthbuster,0,raise1k,1115351,0.36275433308214017,0.08352217823266983,0.01716717518866062,0.27263477345903075,PNG,23.594388961791992,10.0,0.009928055107593536,18.402847290039062,0.21132813394069672,20.0,-2.382479811760652,256,0.0,0.5640931129455566,5.31992769241333,2.401399850845337,0.5267947912216187,0.47320523858070374,1.2339728220544388,2.586233164528072,0.24025094152126103,0.7621924462868312,0.39657532855495575,1.0,256
synthbuster,0,raise1k,1289321,0.25702956020187456,0.14073583483695984,-0.008033658377826214,0.1690292222446125,PNG,18.61571502685547,10.0,0.015368194319307804,15.402597427368164,0.0926523357629776,20.0,-2.3025928047845103,256,0.0,0.8064471483230591,6.928969860076904,4.135826110839844,0.5315390825271606,0.46846088767051697,1.206153170916314,2.968732008121877,0.1268910629512638,0.6256909621086089,0.40869384364997824,1.0,256
synthbuster,0,raise1k,1257556,0.03434816549570648,0.2554948925971985,0.01788407564163208,0.07192947844774343,PNG,19.48371696472168,10.0,0.013272727839648724,15.288119316101074,0.15211084485054016,20.0,-2.442031660701947,256,0.0,0.7308008670806885,7.428169250488281,4.136542797088623,0.7183070182800293,0.2816929817199707,1.303719086426167,4.27467527513457,0.11716561258189273,0.5900057951236627,0.4011037470692108,1.0,256
synthbuster,0,raise1k,951758,0.07832278481012658,0.1646750420331955,0.010893245227634907,0.13184951321744498,PNG,29.47620391845703,10.0,0.005647188518196344,24.176464080810547,0.10660561174154282,20.0,-2.6774054427446776,256,0.0,0.6297709345817566,5.11001443862915,12.143779754638672,0.5420172214508057,0.4579828083515167,1.2689599922470407,2.500420271049598,0.14053725398382333,0.6494602084385482,0.37676357559765683,1.0,256
synthbuster,0,raise1k,1542890,0.29591836734693877,0.19917646050453186,0.007020957302302122,0.33843965120795355,PNG,21.717994689941406,10.0,0.013507924042642117,17.08662223815918,0.1288198083639145,20.0,-2.548046049061508,256,0.0,0.7583543658256531,13.035848617553711,5.669778823852539,0.7363021373748779,0.26369789242744446,1.4865222940692722,11.553425500408498,0.11967431497165934,0.5509573012829487,0.40584963489254244,1.0,256
synthbuster,0,raise1k,686239,0.991193595342067,0.10362780839204788,-0.00675054220482707,0.05784688334742455,PNG,31.78680419921875,10.0,0.0047667683102190495,33.88545227050781,0.035365454852581024,20.0,-3.0580955394959553,256,0.0,0.7293428182601929,0.22844819724559784,2.949082374572754,0.757775068283081,0.24222496151924133,0.9566906704697815,0.04406000696847366,0.6255716155189507,0.9780391826460977,0.26738026874921883,1.0,256
synthbuster,0,raise1k,1116777,0.035595105672969966,0.2600996792316437,0.0,0.20316855728739155,PNG,18.51976776123047,10.0,0.01572652906179428,18.62387466430664,0.1281156837940216,20.0,-2.310724896863785,256,0.0,0.7592368125915527,6.033812522888184,3.4479305744171143,0.8002064824104309,0.19979353249073029,1.1774074118818327,2.5264060397443284,0.1201180387023082,0.5815292909191467,0.40842542220660927,1.0,256
synthbuster,0,raise1k,867493,0.39057855626326965,0.13051310181617737,-0.012729753740131855,0.08175365750201251,PNG,17.78353500366211,10.0,0.027687182649970055,17.34054183959961,0.1769835501909256,20.0,-2.0666099627695096,256,0.0,0.8077077865600586,4.83073616027832,10.003911018371582,-0.028559327125549316,1.0285593271255493,1.3642329647718388,1.4528615796808912,0.338089816296037,0.8302501680914725,0.37346393571261316,1.0,256
synthbuster,0,raise1k,923262,0.6620713509240044,0.2896891236305237,0.009961294010281563,0.23664648826977322,PNG,21.142669677734375,10.0,0.0076269833371043205,17.98586082458496,0.0589761808514595,20.0,-2.5417873776138213,256,0.0,0.7754174470901489,8.54392147064209,1.9825670719146729,0.24127107858657837,0.7587289214134216,1.3581615381100738,4.909378198889846,0.26834837984782445,0.75909650587245,0.39557488988205103,1.0,256
synthbuster,0,raise1k,1346610,0.4261682242990654,0.24588075280189514,0.009956931695342064,0.28362476370616074,PNG,25.431072235107422,10.0,0.028481412678956985,26.16329574584961,0.20523373782634735,20.0,-2.304744322881635,256,0.0,0.7932153344154358,18.070035934448242,11.073013305664062,0.8488706350326538,0.1511293351650238,1.5713400355659504,20.149042645857328,0.06793542597209436,0.4090889319752258,0.3973706448990915,1.0,256
synthbuster,0,raise1k,1381898,0.3291341731653669,0.3595363199710846,0.015991266816854477,0.21818859873049043,PNG,19.976016998291016,10.0,0.05007440224289894,21.261394500732422,0.35384202003479004,20.0,-1.9037536024763904,256,0.0,0.7984861135482788,24.838884353637695,5.735793590545654,0.7621665000915527,0.23783349990844727,1.7313764167345331,37.07230235966934,0.14945587756500198,0.41015301431616397,0.4046248181434816,1.0,256
synthbuster,0,raise1k,1191293,0.07563025210084033,0.04985325038433075,0.001362578826956451,0.05867365852431517,PNG,23.893022537231445,10.0,0.007025711238384247,24.999412536621094,0.05008114129304886,20.0,-2.6089239089681877,256,0.0,0.7876397371292114,3.715611696243286,2.462817668914795,0.7131572961807251,0.2868426740169525,1.2046380259991667,1.0293725370049978,0.1514800329558029,0.7371147638411975,0.40953741030880825,1.0,256
synthbuster,0,raise1k,1119863,0.17950963222416813,0.19571977853775024,0.024255629628896713,0.1857315699538876,PNG,30.17259407043457,10.0,0.005091103725135326,20.52813720703125,0.08736332505941391,20.0,-2.580520179965579,256,0.0,0.5923683047294617,4.764322757720947,2.7912979125976562,0.7091379761695862,0.2908620238304138,1.2154021949093734,2.368312968569785,0.10720525833886743,0.6309669214296532,0.39098744133978425,1.0,256
synthbuster,0,raise1k,1213285,0.5999283667621776,0.3297060430049896,0.002653516363352537,0.2805577816830965,PNG,20.153846740722656,10.0,0.008828016929328442,18.204113006591797,0.15059998631477356,20.0,-2.3716500618661085,256,0.0,0.6310655474662781,8.53367805480957,1.1342618465423584,0.18800002336502075,0.8119999766349792,1.471428798525689,6.050858579032106,0.1654894078543463,0.5918164340960954,0.3861365129532591,1.0,256
synthbuster,0,raise1k,1211905,0.060906515580736544,0.12825430929660797,-0.012991086579859257,0.15932103884205137,PNG,13.134011268615723,10.0,0.05930739641189575,14.677233695983887,0.3309761881828308,20.0,-1.910840732625328,256,0.0,0.820784330368042,9.517574310302734,3.6090478897094727,0.8415275812149048,0.15847241878509521,1.172732642413729,5.313625994208962,0.12442556372036483,0.46019922575528477,0.41025201862435134,1.0,256
synthbuster,0,raise1k,927599,0.39766180955608266,0.3060726821422577,0.021465426310896873,0.1262034799238015,PNG,30.956485748291016,8.0,0.002761771669611335,30.532533645629883,0.07895301282405853,20.0,-2.7991490460912525,256,0.0,0.4739525020122528,4.252699375152588,5.002512454986572,0.5866780281066895,0.41332200169563293,1.3141893052921652,2.3408911085880466,0.14876383885691905,0.7353757420226248,0.3833696905483761,1.0,256
synthbuster,0,raise1k,1385973,0.6442332391471872,0.169126957654953,0.0033049029298126698,0.23527113010641013,PNG,21.865215301513672,6.0,0.007027429062873125,31.05168342590332,0.07839753478765488,20.0,-2.5466147617125143,256,0.0,0.7218707203865051,7.868398189544678,6.382840156555176,0.8070926666259766,0.19290736317634583,1.1606908045080693,4.5771793450836284,0.11399076797291507,0.5863097556518753,0.4030829057521576,1.0,256
synthbuster,0,raise1k,957454,0.9591950292126495,0.35844868421554565,0.004370423033833504,0.1889940054030695,PNG,15.889575958251953,10.0,0.01733400858938694,15.082799911499023,0.12267140299081802,20.0,-2.264961466594165,256,0.0,0.7765957117080688,3.2899374961853027,3.432692289352417,0.27145981788635254,0.7285401821136475,0.9497064088173472,0.7885238550076905,0.3171263458696508,0.8259254197894929,0.4011731680861944,1.0,256
synthbuster,0,raise1k,959305,0.9105052743124127,0.2709576189517975,0.019508562982082367,0.28360451289766236,PNG,25.03045082092285,8.0,0.010011914186179638,22.955568313598633,0.10392941534519196,20.0,-2.281453549533262,256,0.0,0.7614086866378784,12.790360450744629,10.854410171508789,0.48213672637939453,0.5178632736206055,1.4938053754660454,11.095597336361005,0.33602580826355355,0.7228686209247064,0.3920332402310108,1.0,256
synthbuster,0,raise1k,826715,0.3083199356913183,0.14310488104820251,0.010611237958073616,0.13763882908704927,PNG,30.620197296142578,10.0,0.0053749228827655315,31.093427658081055,0.04170362278819084,20.0,-2.8413536930407135,256,0.0,0.7748653292655945,4.576324939727783,13.328357696533203,-0.18008196353912354,1.1800819635391235,1.3879513659984237,1.4587235077854657,0.360539570979055,0.9029457107052492,0.363126891538528,1.0,256
synthbuster,0,raise1k,999766,0.6673514962036623,0.1709187924861908,0.017133884131908417,0.3307951090804407,PNG,23.76089096069336,10.0,0.004934422671794891,24.975812911987305,0.036223169416189194,20.0,-2.7939783584934763,256,0.0,0.7840326428413391,7.348041534423828,6.685033798217773,0.38805776834487915,0.6119422316551208,1.346795586174261,3.688666077950793,0.16236181662711296,0.703257082322823,0.39740829564208013,1.0,256
synthbuster,0,raise1k,1001618,0.8750832576445655,0.301412969827652,-0.008322518318891525,0.27405301853746905,PNG,23.65369987487793,10.0,0.007602837402373552,26.646739959716797,0.06420925259590149,20.0,-2.6187898934353226,256,0.0,0.7362691164016724,4.1681904792785645,3.1162428855895996,0.3069395422935486,0.6930604577064514,1.4175813678500762,1.280947532199155,0.20196384433712716,0.7484706840135713,0.38993622704327663,1.0,256
synthbuster,0,raise1k,1138542,0.28181457216597183,0.20554247498512268,-0.003103340044617653,0.20670887816319952,PNG,26.20218276977539,8.0,0.0038949765730649233,19.485271453857422,0.060700591653585434,20.0,-2.782997076618788,256,0.0,0.6470285058021545,7.212291717529297,6.029958248138428,0.8111603260040283,0.18883968889713287,1.290273713561846,4.9130822129709735,0.15384660255434765,0.6882936611275062,0.37787325905816493,1.0,256
synthbuster,0,raise1k,946231,0.13483939286974939,0.3676501214504242,0.013508239760994911,0.24135368335446694,PNG,19.636245727539062,10.0,0.012557582929730415,19.181129455566406,0.10387912392616272,20.0,-2.6984842691949096,256,0.0,0.7630298733711243,4.540201663970947,3.438523054122925,0.8655269145965576,0.13447308540344238,1.0963220992019465,1.5341059778690918,0.20528275862443418,0.672399494802549,0.40906697606660064,1.0,256
synthbuster,0,raise1k,1353935,0.6190576801183182,0.17451325058937073,0.017330031841993332,0.25670398182391,PNG,17.46537208557129,10.0,0.025512991473078728,15.06933307647705,0.1312045007944107,20.0,-2.46551175671757,256,0.0,0.8322024345397949,13.757484436035156,2.7866578102111816,0.7621129155158997,0.23788709938526154,1.4052186492373007,10.841860987961379,0.11397585408005192,0.4762137446997269,0.40754395325080395,1.0,256
synthbuster,0,raise1k,821419,0.6408633560532294,0.20363855361938477,-0.02119642309844494,0.3261289152403623,PNG,26.1593074798584,10.0,0.006653078831732273,23.97043228149414,0.05683828517794609,20.0,-2.563606201584492,256,0.0,0.7805983424186707,8.654585838317871,7.365882396697998,0.5552538633346558,0.44474613666534424,1.4372852037199608,5.2743751051278345,0.19391049772249364,0.7038648657515741,0.39841935029558373,1.0,256
synthbuster,0,raise1k,966583,0.556167584710399,0.21592816710472107,-0.008668034337460995,0.36521950878623194,PNG,27.92646026611328,10.0,0.0026291266549378633,23.188888549804688,0.05266352742910385,20.0,-2.5322358638470943,256,0.0,0.616888165473938,6.2820563316345215,7.96378231048584,0.43829911947250366,0.5617008805274963,1.313709487183247,3.4580221699586713,0.1167989070363528,0.6180902944436537,0.3907650680024744,1.0,256
synthbuster,0,raise1k,1090125,0.5500204582651391,0.14534899592399597,0.0051755416207015514,0.2036139661469857,PNG,25.170005798339844,10.0,0.00409947894513607,22.506366729736328,0.06518039107322693,20.0,-2.6579126785579215,256,0.0,0.6687053442001343,6.918765544891357,8.020037651062012,0.7053419947624207,0.29465800523757935,1.3583131489548892,4.29772920871779,0.13685640264043047,0.6694999395961558,0.382994987705782,1.0,256
synthbuster,0,raise1k,638268,0.680830942849037,0.06904517114162445,-0.019607841968536377,0.05080262026522938,PNG,30.22609519958496,10.0,0.003434058977290988,33.50885772705078,0.02236861363053322,20.0,-2.9350212805838716,256,0.0,0.833618700504303,1.4538112878799438,3.9296653270721436,0.2767494320869446,0.7232505679130554,0.7769729816693719,0.22729546628700498,0.31085311706109375,0.9180905276997244,0.36554152655115135,1.0,256
synthbuster,0,raise1k,1102205,0.04226020892687559,0.13144037127494812,0.012215724214911461,0.058496636874991195,PNG,15.331350326538086,10.0,0.024615559726953506,18.214553833007812,0.16208651661872864,20.0,-2.4213952085592068,256,0.0,0.803384006023407,4.515535831451416,11.17874526977539,0.77775639295578,0.22224359214305878,1.0354649550406732,1.3995392397154953,0.26122311688358896,0.7027411735163452,0.4096756504809697,1.0,256
synthbuster,0,raise1k,1239355,0.031914893617021274,0.15935608744621277,0.00654637673869729,0.1529344640929356,PNG,15.257854461669922,10.0,0.046141814440488815,15.660005569458008,0.2301621288061142,20.0,-2.2036839929264844,256,0.0,0.8438214063644409,12.410589218139648,3.7684383392333984,0.8297876715660095,0.17021232843399048,1.3330514371730187,8.974731683727413,0.09304556108635348,0.4351883059987676,0.40437590094206766,1.0,256
synthbuster,0,raise1k,1100599,0.19062697910069665,0.08850361406803131,0.02254520170390606,0.21801805181299383,PNG,21.83091926574707,10.0,0.007873548194766045,21.687747955322266,0.05223236605525017,20.0,-2.717036126644351,256,0.0,0.7939557433128357,7.418280601501465,4.958482265472412,0.3740634322166443,0.6259365677833557,1.3130317146365196,3.558353607987312,0.27772389633639405,0.7004202599046049,0.4064990379238194,1.0,256
synthbuster,0,raise1k,1101637,0.23581011351909184,0.07355257123708725,2.4101393137243576e-05,0.06514157498774127,PNG,19.941162109375,10.0,0.027548320591449738,21.499317169189453,0.16982842981815338,20.0,-2.360209118977397,256,0.0,0.807629406452179,7.405365467071533,3.335223436355591,0.6841850280761719,0.31581494212150574,1.4014833112348266,3.4013096074826965,0.12311572328287496,0.5722585723747204,0.40924345851121857,1.0,256
synthbuster,0,raise1k,1116641,0.141328144003892,0.3912627100944519,0.008602149784564972,0.1459340339673762,PNG,21.07610321044922,10.0,0.007725062780082226,14.875423431396484,0.07461948692798615,20.0,-2.6385257377089704,256,0.0,0.7330626845359802,7.222529411315918,1.1963287591934204,0.6299145221710205,0.3700855076313019,1.2154286448274259,3.924503916762783,0.11696902339909451,0.6292987097662397,0.40201672098478053,1.0,256
synthbuster,0,raise1k,1522029,0.06733608978145304,0.2098819464445114,0.007442981004714966,0.1973788331020967,PNG,21.280628204345703,10.0,0.04375031590461731,22.171344757080078,0.2822819948196411,20.0,-1.9828394486379126,256,0.0,0.8203083276748657,11.114480018615723,4.885917663574219,0.42396456003189087,0.5760354399681091,1.5401719094480264,7.411852682862358,0.13265918910583674,0.5686832478346299,0.4012927302781037,1.0,256
synthbuster,0,raise1k,591882,0.714922876788701,0.03940549120306969,0.0,0.0448111588167555,PNG,17.542268753051758,10.0,0.02353447861969471,19.077852249145508,0.18406574428081512,20.0,-2.16843399400514,256,0.0,0.7606772184371948,7.9264302253723145,2.555004358291626,-0.04298579692840576,1.0429857969284058,1.6125849395197118,4.013513462370241,0.3088014508434372,0.7162852124450312,0.3870365476710455,1.0,256
synthbuster,0,raise1k,987485,0.5973471022879017,0.1709548979997635,0.0033915056847035885,0.20615355618612471,PNG,15.650772094726562,10.0,0.026687514036893845,15.68005657196045,0.12919186055660248,20.0,-2.192773130402111,256,0.0,0.8373777270317078,14.419114112854004,2.9410979747772217,0.14427953958511353,0.8557204604148865,1.5611284741138494,11.63763442846501,0.43766353654212775,0.6903673791639169,0.3665070966159056,1.0,256
synthbuster,0,raise1k,1326416,0.17416829745596868,0.09373549371957779,-0.0009509625378996134,0.194729978316641,PNG,15.295984268188477,10.0,0.03724969923496246,13.237434387207031,0.18164344131946564,20.0,-2.099618052526638,256,0.0,0.8334742784500122,12.020859718322754,4.023627281188965,0.867108941078186,0.13289102911949158,1.248345289837646,8.157591085760302,0.08028773096249692,0.4032332426645082,0.4109826994405666,1.0,256
synthbuster,0,raise1k,1507323,0.09233449477351917,0.08670319616794586,0.014182797633111477,0.14330793903184705,PNG,15.52079963684082,8.0,0.03970355913043022,16.48176383972168,0.20398609340190887,20.0,-2.2719196876630305,256,0.0,0.8257145285606384,10.14511489868164,6.790824890136719,0.7916719913482666,0.2083280086517334,1.253854244894294,5.854092491469628,0.14449230334653515,0.46323116171216017,0.40853536058073686,1.0,256
synthbuster,0,raise1k,932953,0.9469676658265859,0.20438840985298157,0.003177437698468566,0.22323840522549782,PNG,16.35687255859375,10.0,0.021839015185832977,17.654699325561523,0.13858862221240997,20.0,-2.2338883198918214,256,0.0,0.810519814491272,15.708298683166504,4.000487804412842,0.46126770973205566,0.5387322902679443,1.5144516083953734,14.82762406586408,0.18880244052760775,0.571232225432239,0.3911611744005736,1.0,256
synthbuster,0,raise1k,1167159,0.8118210862619808,0.2133161872625351,0.014992190524935722,0.21075613240644148,PNG,21.127166748046875,10.0,0.017963701859116554,20.480382919311523,0.12132040411233902,20.0,-2.3721092768843577,256,0.0,0.8031374216079712,11.313493728637695,7.448151111602783,0.6914666891098022,0.30853334069252014,1.5170497367962208,7.815178071534996,0.15928941384352463,0.5234041941677775,0.4030963787070018,1.0,256
synthbuster,0,raise1k,1087259,0.9255007877560207,0.1200442984700203,0.0007711542421020567,0.09960563211625074,PNG,16.927677154541016,10.0,0.04798518121242523,15.277488708496094,0.17502421140670776,20.0,-2.3621571974343776,256,0.0,0.8712881207466125,15.212135314941406,5.975130081176758,0.692328691482544,0.30767133831977844,1.3978127914573717,12.085993533136303,0.11039403473128906,0.46907224210752557,0.40235523996955347,1.0,256
synthbuster,0,raise1k,1002883,0.25680182552220465,0.16757652163505554,-0.00823472160845995,0.2534059089359433,PNG,25.299489974975586,10.0,0.010882770642638206,29.25617027282715,0.16559116542339325,20.0,-2.443707163135873,256,0.0,0.6538259983062744,10.20925521850586,10.828614234924316,0.6866624355316162,0.3133375942707062,1.4371842859608104,8.154957528354476,0.20904523797216265,0.7097336740610917,0.3932357145389365,1.0,256
synthbuster,0,raise1k,1473878,0.1862204724409449,0.1441856324672699,0.011162434704601765,0.1736916289227985,PNG,21.711734771728516,10.0,0.018018489703536034,14.884254455566406,0.19310466945171356,20.0,-2.3497345805370236,256,0.0,0.7387251853942871,12.16319465637207,3.440566062927246,0.7366329431533813,0.26336708664894104,1.405136559687828,10.927665906742579,0.12372560128972791,0.5621476009383726,0.395614154586387,1.0,256
synthbuster,0,raise1k,1632813,0.11574074074074074,0.14376088976860046,-0.0026603257283568382,0.11681479980890161,PNG,14.090509414672852,8.0,0.08707454055547714,13.450332641601562,0.40406763553619385,20.0,-1.7364528106548816,256,0.0,0.8328180909156799,17.112958908081055,2.8128771781921387,0.898485004901886,0.10151498764753342,1.6114962014852598,16.086741082155896,0.0731695607388047,0.32346279285425555,0.407462014989236,1.0,256
synthbuster,0,raise1k,1241880,0.08114961961115807,0.14756742119789124,0.016037700697779655,0.16449059163609778,PNG,22.834251403808594,10.0,0.036646097898483276,17.38045883178711,0.20856615900993347,20.0,-2.2100743291583416,256,0.0,0.8326833844184875,13.236483573913574,9.057633399963379,0.751991868019104,0.2480081170797348,1.3905858171257124,10.586255151263938,0.0801585523016719,0.4654802875906207,0.4033747254989569,1.0,256
synthbuster,0,raise1k,1610728,0.011235955056179775,0.23553328216075897,0.014124908484518528,0.23096913144943124,PNG,14.571600914001465,10.0,0.0841866284608841,14.824708938598633,0.3832381069660187,20.0,-1.7600734655465622,256,0.0,0.8309921622276306,18.897886276245117,4.978695392608643,0.6365392208099365,0.3634607493877411,1.53822637626621,19.368620572616305,0.07439519638415937,0.3339500220749605,0.4101944321586821,1.0,256
synthbuster,0,raise1k,1182518,0.8369980386084444,0.12022839486598969,0.005208595190197229,0.36289641757346247,PNG,22.397024154663086,10.0,0.010624556802213192,16.976106643676758,0.08393280953168869,20.0,-2.5007652535062608,256,0.0,0.7895034551620483,12.895344734191895,6.9618024826049805,0.7574705481529236,0.2425294667482376,1.3825975883625536,10.61142080269609,0.14965397752351214,0.5707084168624608,0.4005600506011929,1.0,256
synthbuster,0,raise1k,1131340,0.10797060486150367,0.09635249525308609,0.014109703712165356,0.11944470442263297,PNG,27.005821228027344,8.0,0.008168470114469528,18.629390716552734,0.13500311970710754,20.0,-2.4686352935211646,256,0.0,0.6326403021812439,6.329858303070068,6.817730903625488,0.6743969917297363,0.3256029784679413,1.2930279789826478,3.86574326881488,0.11817927652960838,0.6188547355616005,0.3908888826107637,1.0,256
synthbuster,0,raise1k,1591138,0.5983606557377049,0.19040973484516144,-0.0019945637322962284,0.2147790721084414,PNG,14.726905822753906,10.0,0.05820748209953308,14.220830917358398,0.33617058396339417,20.0,-1.9116086036562359,256,0.0,0.8216188549995422,16.34735107421875,3.5157763957977295,0.824542224407196,0.17545779049396515,1.601695317575708,15.551656243992698,0.06880428404740935,0.36970757611830707,0.4079141349775736,1.0,256
synthbuster,0,raise1k,776663,0.6525763152197446,0.0913655161857605,-0.02171461097896099,0.08950461880604185,PNG,32.98859405517578,10.0,0.0027368199080228806,35.013275146484375,0.02010253630578518,20.0,-2.871379612002909,256,0.0,0.7334157824516296,1.700344204902649,2.597954511642456,0.09490525722503662,0.9050947427749634,1.2741481944506234,0.30608900422914254,0.30636507549249836,0.9063577646645293,0.34905405661161304,1.0,256
synthbuster,0,raise1k,907812,0.23390260789291484,0.1099066510796547,-0.0032537372317165136,0.15369419214346153,PNG,22.937374114990234,10.0,0.00845031812787056,23.733848571777344,0.10202402621507645,20.0,-2.48396023587311,256,0.0,0.7119954824447632,6.093952655792236,4.621978759765625,-0.014799952507019043,1.014799952507019,1.3541844106254033,2.9041854244761627,0.2580711414900607,0.7756952099514113,0.38968725034231694,1.0,256
synthbuster,0,raise1k,1593996,0.2943396226415094,0.16675400733947754,-0.0027754763141274452,0.22385410057949487,PNG,18.446170806884766,10.0,0.041625574231147766,14.924307823181152,0.5035364627838135,20.0,-1.5317232990871394,256,0.0,0.7108193635940552,16.19818115234375,1.4689446687698364,0.8679333925247192,0.13206660747528076,1.7589474685293907,18.214441335664183,0.07200963717041416,0.3454796058101017,0.40363418661914413,1.0,256
synthbuster,0,raise1k,1119678,0.2977303070761015,0.37514835596084595,0.02038409188389778,0.2147405515877058,PNG,22.332115173339844,10.0,0.007221493870019913,18.27351951599121,0.14253239333629608,20.0,-2.5899802508141727,256,0.0,0.6300219893455505,8.567126274108887,3.5228421688079834,0.6965334415435791,0.3034665882587433,1.402199509504342,7.106595825523847,0.09608304315463832,0.5688283454254004,0.37625100072318374,1.0,256
synthbuster,0,raise1k,800122,0.2956858662965533,0.38436567783355713,0.009269162081182003,0.1048052579869187,PNG,25.631330490112305,10.0,0.004533847328275442,25.36353302001953,0.0698695108294487,20.0,-2.5775357303668116,256,0.0,0.6615913510322571,7.795631408691406,2.7286508083343506,0.07200407981872559,0.9279959201812744,1.3192656925613728,4.8439981918012265,0.24068375053327024,0.7865732402231176,0.40034637886792224,1.0,256
synthbuster,0,raise1k,1138880,0.6173490488006617,0.16554763913154602,0.009972912259399891,0.3033409681000159,PNG,24.32065773010254,10.0,0.0056556290946900845,20.896709442138672,0.06776171177625656,20.0,-2.617472557748703,256,0.0,0.6989049315452576,9.97218132019043,6.857475757598877,0.6350809335708618,0.36491909623146057,1.3955190699549664,7.469615081939613,0.18035778619011814,0.671920105380363,0.3982281667093796,1.0,256
synthbuster,0,raise1k,1169627,0.09175084175084175,0.22027942538261414,0.010797597467899323,0.2012100435640919,PNG,22.60852813720703,10.0,0.004193740896880627,17.71269416809082,0.10178192704916,20.0,-2.4725012107428808,256,0.0,0.5399852991104126,6.766318321228027,0.8620535135269165,0.760535478591919,0.23946450650691986,1.3138287729704416,4.337879556540761,0.09184333689853652,0.5735941702619433,0.38799580845685955,1.0,256
synthbuster,0,raise1k,1072647,0.03367496339677892,0.09064991027116776,-0.005325444042682648,0.08747808051380807,PNG,17.820545196533203,10.0,0.03205488622188568,12.919492721557617,0.18770569562911987,20.0,-2.3428439987513343,256,0.0,0.8140562176704407,7.317000865936279,3.900181770324707,0.872182309627533,0.12781767547130585,1.452316554196164,3.348890585952521,0.12052818232422595,0.5294816379558008,0.41089179771191464,1.0,256
synthbuster,0,raise1k,1233688,0.5504541701073493,0.22964026033878326,0.01147489994764328,0.3009867506287888,PNG,29.21808433532715,10.0,0.01059792097657919,25.952852249145508,0.13915503025054932,20.0,-2.1653300386441683,256,0.0,0.6971409320831299,13.570571899414062,7.752053737640381,0.8069837093353271,0.19301627576351166,1.5020516363871486,14.412008617478843,0.13245345697350186,0.5711458287208241,0.39464473334385,1.0,256
synthbuster,0,raise1k,1021739,0.33204301075268816,0.15286603569984436,0.006093514151871204,0.06003841430034192,PNG,21.082839965820312,10.0,0.017760736867785454,23.90131187438965,0.128606379032135,20.0,-2.4536123054976025,256,0.0,0.7975046634674072,3.094188690185547,3.2346127033233643,0.1507890224456787,0.8492109775543213,1.1495418344308026,0.7021379998077664,0.3603231083610593,0.8394135109446861,0.3952409698966863,1.0,256
synthbuster,0,raise1k,962733,0.15123564218586844,0.15362368524074554,-0.006611584685742855,0.12487738150779827,PNG,21.215045928955078,10.0,0.0166372861713171,17.48754119873047,0.12758511304855347,20.0,-2.367658362606305,256,0.0,0.781094491481781,5.928349018096924,5.535933971405029,-0.009825825691223145,1.0098258256912231,1.4922435287384679,2.4002024762110734,0.24752115720645926,0.7903083690036398,0.4015594916348775,1.0,256
synthbuster,0,raise1k,1036565,0.10099573257467995,0.12087283283472061,-0.011264513246715069,0.09431766479625536,PNG,22.001964569091797,10.0,0.02313126251101494,16.874914169311523,0.2244846075773239,20.0,-1.9934898837211756,256,0.0,0.736479640007019,8.732502937316895,6.793844223022461,0.7064663171768188,0.29353365302085876,1.4189057511999679,5.16651591335063,0.15579636373652733,0.6357805767640872,0.4018616001236732,1.0,256
synthbuster,0,raise1k,1364219,0.5420560747663551,0.19802352786064148,0.0074470192193984985,0.19685108699824763,PNG,17.266111373901367,10.0,0.024043332785367966,14.80344295501709,0.1561046540737152,20.0,-2.3077277721779095,256,0.0,0.8004034757614136,12.350439071655273,3.3181488513946533,0.5008752346038818,0.49912476539611816,1.434507505565805,9.36316365700693,0.09574723693668374,0.5185521392684428,0.40854710125081223,1.0,256
synthbuster,0,raise1k,928071,0.6123695976154993,0.23895692825317383,0.0,0.21649812890429623,PNG,25.351078033447266,10.0,0.005159875378012657,28.840274810791016,0.041928764432668686,20.0,-2.607043210233431,256,0.0,0.7515676617622375,4.5163116455078125,6.020629405975342,0.5770533084869385,0.4229466915130615,1.118353137808934,1.5223998732458681,0.1383325811952155,0.7054419066550047,0.40236728177512837,1.0,256
synthbuster,0,raise1k,1250533,0.00392156862745098,0.09859871864318848,0.0,0.10912590553301306,PNG,14.60837173461914,10.0,0.0681968703866005,14.300153732299805,0.430768758058548,20.0,-1.654591434093064,256,0.0,0.8012308478355408,10.273305892944336,2.6891849040985107,0.9190248847007751,0.08097510784864426,1.6487288122859796,6.303073862817186,0.10872637190411229,0.40980361453737335,0.410924298181129,1.0,256
synthbuster,0,raise1k,1056891,0.3931916607916205,0.16299739480018616,0.00618392787873745,0.2900007256943935,PNG,17.212669372558594,8.0,0.01279677078127861,18.422714233398438,0.08985894173383713,20.0,-2.422441175591921,256,0.0,0.793387234210968,13.897663116455078,4.207571029663086,0.7020873427391052,0.2979126572608948,1.3820759329204264,12.095210000360424,0.140621146361595,0.540071509399841,0.4043051379139091,1.0,256
synthbuster,0,raise1k,1013203,0.4914995952188199,0.16095207631587982,-0.0040713101625442505,0.16424428218538206,PNG,16.327945709228516,10.0,0.021070446819067,17.906394958496094,0.15186302363872528,20.0,-2.3696704645548685,256,0.0,0.7927458882331848,9.996968269348145,2.107078790664673,0.1738165020942688,0.8261834979057312,1.5648758122963562,6.476330122428869,0.20330566101785663,0.6902638865471461,0.38933115809395524,1.0,256
synthbuster,0,raise1k,866184,0.07278174288483567,0.20509758591651917,0.0,0.09626510736727585,PNG,31.215679168701172,10.0,0.004243010655045509,24.85118865966797,0.06233341246843338,20.0,-2.8183908230590644,256,0.0,0.5421326756477356,2.1122334003448486,3.8854012489318848,0.7133725881576538,0.2866273820400238,1.1635497127344583,0.6486156316080351,0.23841367764361032,0.8227892726890651,0.3999477651768948,1.0,256
synthbuster,0,raise1k,1319787,0.1987513007284079,0.22975291311740875,0.0082120131701231,0.22617899840132302,PNG,17.876026153564453,10.0,0.03293085843324661,18.772424697875977,0.2322801798582077,20.0,-2.0637234668086415,256,0.0,0.8081912994384766,18.888778686523438,4.494862079620361,0.5788086652755737,0.42119133472442627,1.5708594102201412,21.49606860942907,0.08476521915248197,0.4552596950569343,0.4034781009314922,1.0,256
synthbuster,0,raise1k,792202,0.630057803468208,0.2271908074617386,0.024852940812706947,0.28059302546139975,PNG,25.538593292236328,10.0,0.002803148003295064,20.269927978515625,0.06805520504713058,20.0,-2.6337526726590617,256,0.0,0.5523599982261658,3.090898036956787,0.4676879048347473,0.37225210666656494,0.6277478933334351,1.2003781156329274,1.1874670349144565,0.18333602805729673,0.7806681340784858,0.364456162091484,1.0,256
synthbuster,0,raise1k,1083566,0.875950136819702,0.18786421418190002,-0.000530900142621249,0.17852227777767107,PNG,16.998611450195312,8.0,0.04412774369120598,17.797534942626953,0.1962159126996994,20.0,-2.2367742056697324,256,0.0,0.840451180934906,14.737130165100098,5.7797441482543945,0.6781240701675415,0.3218759596347809,1.4529291600350476,11.870370110053821,0.09441018107223795,0.4273463492451185,0.40831913951402293,1.0,256
synthbuster,0,raise1k,1019618,0.7182998025956571,0.05121394991874695,-0.0038543702103197575,0.11675445354688974,PNG,22.00880241394043,10.0,0.00731919938698411,26.097286224365234,0.04152015224099159,20.0,-2.580940910007202,256,0.0,0.8143096566200256,9.22118854522705,9.449165344238281,0.44271379709243774,0.5572862029075623,1.268552968997394,5.125752685265277,0.23168528777793007,0.691587384134419,0.37401013577104586,1.0,256
synthbuster,0,raise1k,765200,0.3044654939106901,0.31411829590797424,0.0,0.11662713965535226,PNG,27.712657928466797,10.0,0.004139658063650131,25.237455368041992,0.0839775949716568,20.0,-2.7528413416962003,256,0.0,0.5738359689712524,3.13346529006958,2.5027811527252197,0.4412505030632019,0.5587494969367981,1.047600475553336,1.2331233479911565,0.21837164639997375,0.8642194590378672,0.3772820290762975,1.0,256
synthbuster,0,raise1k,1703677,0.05976095617529881,0.19369764626026154,0.022109534591436386,0.17873188721571232,PNG,16.029367446899414,10.0,0.04109380394220352,14.623894691467285,0.2163710743188858,20.0,-2.1775922221872017,256,0.0,0.8249977231025696,16.207639694213867,2.370926856994629,0.8897598385810852,0.1102401465177536,1.6351380941292688,15.043536154964462,0.06175964290342355,0.3399469819974584,0.41127532787343235,1.0,256
synthbuster,0,raise1k,1098975,0.4481911778596392,0.20976108312606812,0.0027903467416763306,0.3072173054040507,PNG,24.92400360107422,10.0,0.004764133598655462,26.23295783996582,0.0392986424267292,20.0,-2.667262235948582,256,0.0,0.7441453337669373,4.504981517791748,1.9276714324951172,0.38282567262649536,0.6171743273735046,1.1715764605790004,1.515512302960399,0.2075762843420088,0.7337302384522828,0.40290749605954473,1.0,256
synthbuster,0,raise1k,810305,0.6814444548257498,0.05692258104681969,0.006992440205067396,0.21617498746367036,PNG,25.258886337280273,10.0,0.01347836758941412,25.81641960144043,0.16106678545475006,20.0,-2.2668129560111283,256,0.0,0.7311185598373413,11.672694206237793,8.669536590576172,0.6656439304351807,0.33435606956481934,1.4452368386440133,10.241847321342751,0.31364114606748356,0.7396228519240314,0.37396230711271033,1.0,256
synthbuster,0,raise1k,1218101,0.050130208333333336,0.25262758135795593,-0.005171863362193108,0.24605051830956354,PNG,20.924699783325195,10.0,0.03645354136824608,27.457534790039062,0.3006315231323242,20.0,-2.0835190574458746,256,0.0,0.7968401908874512,15.419513702392578,10.288217544555664,0.7954458594322205,0.20455415546894073,1.528390347617125,14.810574688821609,0.10048696732209965,0.47914552201118354,0.4034910455989647,1.0,256
synthbuster,0,raise1k,1444676,0.025768911055694097,0.12443804740905762,-0.0008038580417633057,0.1227586009473778,PNG,16.95123863220215,10.0,0.02595411241054535,21.576650619506836,0.15447846055030823,20.0,-2.38924959907842,256,0.0,0.8191254734992981,8.233145713806152,3.213123083114624,0.7684458494186401,0.23155416548252106,1.3801805265571345,4.11418584498751,0.13023991616254665,0.5694626127507685,0.4059578686837124,1.0,256
synthbuster,0,raise1k,1030665,0.5779908798283262,0.1293589025735855,0.018635336309671402,0.10156512506129664,PNG,36.6727409362793,10.0,0.005782876629382372,38.039005279541016,0.03927077725529671,20.0,-2.8214158592837077,256,0.0,0.7219119668006897,1.2726937532424927,5.308798789978027,0.30777478218078613,0.6922252178192139,0.9294106175745,0.2552361321366782,0.27170771448527936,0.900186600877594,0.3717637556908269,1.0,256
synthbuster,0,raise1k,939622,0.44092304060434373,0.08183253556489944,-0.008057702332735062,0.05966425556074755,PNG,21.361722946166992,10.0,0.019991738721728325,21.53921127319336,0.15802010893821716,20.0,-2.208870976078472,256,0.0,0.7766778469085693,6.121822357177734,10.766347885131836,0.4468066692352295,0.5531933307647705,1.391675994357011,2.4835633079825072,0.2485229520660437,0.745979970140334,0.39705900666940047,1.0,256
synthbuster,0,raise1k,1231129,0.39767054908485855,0.12122140824794769,0.004595793318003416,0.2051126026628489,PNG,19.709632873535156,10.0,0.028789345175027847,23.096311569213867,0.31404900550842285,20.0,-1.9248375190682678,256,0.0,0.7182682752609253,17.073001861572266,6.544559478759766,0.8437923192977905,0.15620765089988708,1.6660446027867373,20.132804990868898,0.07334995045882987,0.4124780549308376,0.4004558650775015,1.0,256
synthbuster,0,raise1k,1300246,0.4175720358998583,0.20963093638420105,0.013499788008630276,0.28449097431860093,PNG,17.135181427001953,10.0,0.020846473053097725,15.719902038574219,0.14541158080101013,20.0,-2.3462678494587363,256,0.0,0.7935876846313477,12.303464889526367,4.063347339630127,0.7639511227607727,0.2360488772392273,1.419539545162384,9.540753030685325,0.07817757499734712,0.44502326756025173,0.40953576815718207,1.0,256
synthbuster,0,raise1k,788648,0.9708149430870272,0.05472061038017273,-9.925217455020174e-05,0.0752604047655762,PNG,20.197362899780273,10.0,0.017115790396928787,23.957443237304688,0.10809864103794098,20.0,-2.582452447065261,256,0.0,0.812396764755249,6.413028717041016,4.671713829040527,-0.31939995288848877,1.3193999528884888,1.4608545803920374,2.5429248065647823,0.7462469996511378,0.8492916295420007,0.21976855402830298,1.0,256
synthbuster,0,raise1k,1087616,0.17189514396218306,0.23256468772888184,0.0025846699718385935,0.1801634573135216,PNG,19.839414596557617,10.0,0.018279410898685455,14.539045333862305,0.16742044687271118,20.0,-2.454353732036955,256,0.0,0.7600423097610474,9.696821212768555,2.588578701019287,0.4779796600341797,0.5220203399658203,1.3278641381605274,6.5217120818915895,0.1248125270979567,0.6196435120134195,0.3806771187841684,1.0,256
synthbuster,0,raise1k,1044132,0.3708100558659218,0.13143639266490936,0.023524267598986626,0.15721962952416865,PNG,23.338294982910156,10.0,0.02757059782743454,15.879924774169922,0.2358303666114807,20.0,-2.066704570248928,256,0.0,0.7663776278495789,14.071510314941406,8.849974632263184,0.7590603232383728,0.2409396916627884,1.4807857584406903,12.709463232290457,0.1231973695713707,0.5337394727520709,0.40188181718749305,1.0,256
synthbuster,0,raise1k,1001054,0.3914593186647474,0.2643410563468933,0.018886227160692215,0.20210195284439347,PNG,21.172813415527344,6.0,0.008318363688886166,20.933208465576172,0.10052146017551422,20.0,-2.3094682848432324,256,0.0,0.648935854434967,8.325066566467285,8.37785816192627,0.2836454510688782,0.7163545489311218,1.5088281316993946,4.9828126652008855,0.32647099733636625,0.7334147821068561,0.3850256109935542,1.0,256
synthbuster,0,raise1k,1441064,0.07515151515151515,0.24348768591880798,0.011764707043766975,0.12975280297647376,PNG,11.414831161499023,8.0,0.09863211959600449,16.061174392700195,0.4325254559516907,20.0,-1.6539184588776112,256,0.0,0.8421544432640076,13.262299537658691,2.767942428588867,0.4588179588317871,0.5411820411682129,1.5080200827178762,9.539761029411771,0.13040426387495252,0.5279876577131097,0.40601554873432627,1.0,256
synthbuster,0,raise1k,1186572,0.1900121802679659,0.12796059250831604,-0.0010967670241370797,0.13363822329723554,PNG,17.81061363220215,8.0,0.03161325305700302,21.261423110961914,0.1887645423412323,20.0,-2.1370196520518787,256,0.0,0.8119093775749207,12.852456092834473,7.896035194396973,0.7737610340118408,0.22623896598815918,1.4680063951977784,9.70402735726643,0.13035104533141229,0.476041986389691,0.4084089348411018,1.0,256
synthbuster,0,raise1k,1020534,0.5032663776787349,0.1920265108346939,0.014971859753131866,0.18402701700724686,PNG,30.560304641723633,8.0,0.0036283708177506924,30.492389678955078,0.044235046952962875,20.0,-2.7344778941709578,256,0.0,0.7467067837715149,6.652154445648193,11.311491966247559,0.7171633839607239,0.2828366160392761,1.072762112549435,3.5742391147635484,0.17651287632023588,0.7874391755417152,0.38907894700448115,1.0,256
synthbuster,0,raise1k,1312986,0.11770428015564202,0.19041943550109863,0.01789136603474617,0.24444565523038728,PNG,22.322052001953125,10.0,0.019975878298282623,22.780027389526367,0.21682479977607727,20.0,-2.257912691517956,256,0.0,0.7153592705726624,10.318035125732422,9.447242736816406,0.72096848487854,0.27903151512145996,1.4638922437053703,7.702901363057476,0.11077578147003891,0.5885382546052674,0.4037408724871004,1.0,256
synthbuster,0,raise1k,876220,0.5817729035965711,0.19719383120536804,-0.011651454493403435,0.13092161836810542,PNG,20.645843505859375,10.0,0.009798803366720676,18.87530517578125,0.07481414079666138,20.0,-2.6122702638256023,256,0.0,0.7852352857589722,3.8883140087127686,5.1038594245910645,0.5263736248016357,0.47362634539604187,1.1893836149039752,1.1347971333141098,0.25639323351815513,0.7540303199117822,0.3935992036926738,1.0,256
synthbuster,0,raise1k,1241720,0.81696053736356,0.3262665867805481,-0.002482527866959572,0.2698564297021245,PNG,18.91641616821289,10.0,0.027926767244935036,14.825210571289062,0.391931414604187,20.0,-1.7541424936863845,256,0.0,0.6756954193115234,15.834680557250977,1.522026538848877,0.9061013460159302,0.09389865398406982,1.69448911130327,18.17075803176663,0.07846942068758336,0.3595955460797302,0.4025733768891599,1.0,256
synthbuster,0,raise1k,905813,0.9169950189576983,0.1355000138282776,0.002646925626322627,0.25594980950523544,PNG,23.114913940429688,10.0,0.0076540131121873856,26.17917823791504,0.0555201917886734,20.0,-2.638807460174964,256,0.0,0.7859480381011963,8.16529655456543,7.079521179199219,-0.06928861141204834,1.0692886114120483,1.3471286570397278,4.252430735774698,0.29867313086898917,0.7708083289224179,0.3498541000106433,1.0,256
synthbuster,0,raise1k,936475,0.8223134437765723,0.11460623890161514,-0.0004443425277713686,0.18539564134256944,PNG,23.563613891601562,8.0,0.02010229416191578,29.697072982788086,0.11441095918416977,20.0,-2.362346298136184,256,0.0,0.8108742833137512,11.897544860839844,12.876471519470215,0.6262085437774658,0.37379148602485657,1.47344657359137,8.138853626009231,0.114055685830956,0.5255183537170885,0.40468121402247836,1.0,256
synthbuster,0,raise1k,1460108,0.6782383419689119,0.37276652455329895,0.008186977356672287,0.3023575858230932,PNG,15.931642532348633,10.0,0.029964713379740715,17.04193115234375,0.17660997807979584,20.0,-2.1111352690217937,256,0.0,0.8072530031204224,15.18224048614502,4.178079605102539,0.8254884481430054,0.17451155185699463,1.4978750734270243,13.523220981713756,0.07544805211731356,0.41316713715899334,0.4096712791396632,1.0,256
synthbuster,0,raise1k,1500885,0.011583011583011582,0.32523778080940247,0.0,0.09432117861387969,PNG,17.41135597229004,8.0,0.026053117588162422,18.170644760131836,0.2221660017967224,20.0,-2.0087599351196856,256,0.0,0.7586539387702942,11.794696807861328,2.432258129119873,0.8548873662948608,0.14511264860630035,1.614014519128533,8.941814972005963,0.07555119537904717,0.39837268014003085,0.40928932184217337,1.0,256
synthbuster,0,raise1k,1216776,0.7211189408498826,0.16617156565189362,0.019367817789316177,0.2615760783454547,PNG,20.639026641845703,10.0,0.014842482283711433,18.2054443359375,0.10956426709890366,20.0,-2.173106278022668,256,0.0,0.7846680879592896,10.8215913772583,5.328040599822998,0.2861621379852295,0.7138378620147705,1.4599092301051515,7.344986558655328,0.33453651855732813,0.6704019570597046,0.3806436405168116,1.0,256
synthbuster,0,raise1k,1130831,0.38282138794084186,0.25593888759613037,0.008647854439914227,0.28901955040776794,PNG,21.985637664794922,10.0,0.009449644014239311,22.049741744995117,0.14879147708415985,20.0,-2.506605739405241,256,0.0,0.6555745005607605,13.019547462463379,6.15877628326416,0.7266980409622192,0.2733019292354584,1.5369002053833758,13.599313920727592,0.12993591411697428,0.5670696120549996,0.3863533683929632,1.0,256
synthbuster,0,raise1k,911077,0.5167665640693342,0.15073730051517487,0.012104114517569542,0.17902456115682747,PNG,27.25621223449707,10.0,0.0038085414562374353,21.712631225585938,0.07687608897686005,20.0,-2.7162538540861934,256,0.0,0.5515180826187134,3.390179395675659,0.39939048886299133,0.7081590294837952,0.29184097051620483,1.2709669150764666,1.3745111705834296,0.20658427102128873,0.8023213624369572,0.36296525535027035,1.0,256
synthbuster,0,raise1k,832329,0.7816677275620624,0.12179118394851685,-0.001314814086072147,0.09484251889510037,PNG,22.004817962646484,10.0,0.05259628966450691,22.921478271484375,0.3404581546783447,20.0,-1.8593742192897098,256,0.0,0.8102440237998962,10.538124084472656,8.509786605834961,0.6460736989974976,0.35392627120018005,1.4152894959130402,6.685585997573045,0.17056332159959392,0.5955758001336491,0.4008218653281794,1.0,256
synthbuster,0,raise1k,1022188,0.27631678379808056,0.2726515233516693,-0.0038166434969753027,0.2055346002877881,PNG,21.502914428710938,8.0,0.009929753839969635,22.31525230407715,0.10904689878225327,20.0,-2.3738697760197947,256,0.0,0.7328412532806396,8.157247543334961,6.764714241027832,-0.26041853427886963,1.2604185342788696,1.5766490556098942,4.7353887627354805,0.2657224841098244,0.8059597798420322,0.39697910734156155,1.0,256
synthbuster,0,raise1k,630741,0.46566303338384085,0.07148350775241852,0.007238259073346853,0.03822480480183281,PNG,30.994680404663086,10.0,0.014666701667010784,27.152748107910156,0.12315844744443893,20.0,-2.4000067491543597,256,0.0,0.6721962094306946,0.8892827033996582,6.69889497756958,-0.005207657814025879,1.0052076578140259,1.1925181712364576,0.13008943375144175,0.5544736539782378,0.9568342842866598,0.3502205174018098,1.0,256
synthbuster,0,raise1k,1452553,0.038680318543799774,0.14570264518260956,0.007441326044499874,0.11022421787043923,PNG,15.79766845703125,10.0,0.015359674580395222,17.10830307006836,0.07867752015590668,20.0,-2.3703434189358927,256,0.0,0.8277921676635742,8.21918773651123,4.653210639953613,0.8046284914016724,0.19537153840065002,1.2081823334386006,3.986890033280472,0.10439474741984556,0.5394932576874003,0.4097797756006022,1.0,256
synthbuster,0,raise1k,1008602,0.7797401664371669,0.17544367909431458,-0.0031161364167928696,0.15649011467765542,PNG,16.765522003173828,10.0,0.01020139828324318,14.42552375793457,0.10120411962270737,20.0,-2.443709813984362,256,0.0,0.7420826554298401,8.242158889770508,2.7791035175323486,0.31714510917663574,0.6828548908233643,1.4390646837637349,4.986988808391002,0.1747223957763627,0.7202660005774342,0.39635574237809734,1.0,256
synthbuster,0,raise1k,892545,0.484364237498278,0.06710267066955566,-0.0042148008942604065,0.05830264823793534,PNG,20.365610122680664,10.0,0.00971126276999712,23.615467071533203,0.07909123599529266,20.0,-2.458655012373299,256,0.0,0.7596188187599182,3.8214075565338135,3.309898614883423,0.010444581508636475,0.9895554184913635,1.4623534493569383,1.0704100135765091,0.3293472626643797,0.8235049801762637,0.3904718871405791,1.0,256
synthbuster,0,raise1k,983454,0.4757274762171237,0.14024044573307037,-0.010452637448906898,0.2429059394270694,PNG,24.897808074951172,10.0,0.009988498874008656,26.056987762451172,0.08850298821926117,20.0,-2.4663468752606548,256,0.0,0.7581847906112671,11.844663619995117,11.11818790435791,0.4137864112854004,0.5862135887145996,1.4821422424329989,9.251833354358892,0.19338148764194787,0.6524811694844541,0.39808729744667093,1.0,256
synthbuster,0,raise1k,1174921,0.5642681929681111,0.06730715185403824,0.0019288583425804973,0.14287988485388717,PNG,19.822021484375,10.0,0.00988312903791666,21.96333885192871,0.05144975334405899,20.0,-2.6292201515775306,256,0.0,0.8345388174057007,10.63408374786377,3.9150075912475586,0.5167059302330017,0.4832940697669983,1.2955629992646431,6.721607209366593,0.23809268032967107,0.6272038710761045,0.4020094503845477,1.0,256
synthbuster,0,raise1k,850415,0.5317359062275736,0.08087979257106781,-0.0006734476191923022,0.12747526578724547,PNG,30.23580551147461,10.0,0.002121823839843273,30.245193481445312,0.018887901678681374,20.0,-2.9490006237713704,256,0.0,0.7239537239074707,3.318755626678467,8.323352813720703,0.18524444103240967,0.8147555589675903,1.0783173847812466,0.8876070351547471,0.3394572743779567,0.8655691478819506,0.38025816700594983,1.0,256
synthbuster,0,raise1k,1145744,0.08081732235437633,0.18720634281635284,0.01684045046567917,0.13405566429613905,PNG,20.691329956054688,10.0,0.013963326811790466,17.93634796142578,0.10818688571453094,20.0,-2.4619067632530323,256,0.0,0.7876481413841248,5.634400844573975,6.16506290435791,0.6424344182014465,0.35756558179855347,1.156862856840363,2.2298338679834693,0.14903462751238133,0.6696199154062121,0.40822608893871304,1.0,256
synthbuster,0,raise1k,1000330,0.4908117752007137,0.05164280906319618,-0.006242955569177866,0.15908300802569236,PNG,20.1927547454834,10.0,0.010122638195753098,25.18401336669922,0.03050185553729534,20.0,-2.671904887007549,256,0.0,0.8916552662849426,10.432455062866211,15.05650520324707,0.3798246383666992,0.6201753616333008,1.2629609179671402,5.5065121587850765,0.20165894406391002,0.6806828115326828,0.4008224908795438,1.0,256
synthbuster,0,raise1k,935394,0.302471557473519,0.41223248839378357,0.009313725866377354,0.1918550939712535,PNG,27.665916442871094,10.0,0.0030774911865592003,21.94491958618164,0.1388380080461502,20.0,-2.670396145398413,256,0.0,0.4241182208061218,4.668717861175537,-0.21573199331760406,0.8535417318344116,0.14645828306674957,1.3568777022705059,2.774861201220685,0.12066735552615815,0.6265086559538124,0.36460989915322023,1.0,256
synthbuster,0,raise1k,873009,0.11861797350519156,0.0342007577419281,-0.0004863621143158525,0.08991000500643391,PNG,31.369434356689453,10.0,0.01453295350074768,26.403169631958008,0.24889305233955383,20.0,-2.095587504450556,256,0.0,0.735927939414978,4.27903938293457,7.393562316894531,0.5391045212745667,0.46089547872543335,1.4396521990766271,1.4969777849865435,0.36139649588311396,0.834265772129155,0.38872652504597327,1.0,256
synthbuster,0,raise1k,898945,0.516887249584147,0.07149039208889008,0.0018881625728681684,0.029604632202491855,PNG,28.72990608215332,10.0,0.002833825768902898,31.542890548706055,0.021808285266160965,20.0,-2.905955073840029,256,0.0,0.7518014907836914,1.1167396306991577,3.3029863834381104,0.489917516708374,0.510082483291626,1.0714124912404233,0.18016508073817752,0.3305809613240238,0.9384252848873053,0.35707222218666324,1.0,256
synthbuster,0,raise1k,1521950,0.5333468889792599,0.20199242234230042,0.009357571601867676,0.2359126873399846,PNG,20.369760513305664,10.0,0.01114672888070345,19.32526397705078,0.11086178570985794,20.0,-2.428647238134607,256,0.0,0.7359439134597778,12.028769493103027,5.936822414398193,0.8141469359397888,0.18585304915905,1.4611470779359206,10.169960051422528,0.136879687588206,0.5779264809772503,0.40487801565784337,1.0,256
synthbuster,0,raise1k,1414585,0.04416403785488959,0.138203427195549,0.0028448898810893297,0.2003272103763366,PNG,24.090347290039062,10.0,0.019898341968655586,22.094036102294922,0.13335612416267395,20.0,-2.393632385995655,256,0.0,0.800297737121582,9.99000358581543,9.947854042053223,0.7028278708457947,0.2971721291542053,1.3408391991381343,6.398170310097079,0.13642380998387127,0.5946473018360645,0.4074717736684791,1.0,256
synthbuster,0,raise1k,869891,0.1612950916617386,0.13441452383995056,0.01999002881348133,0.13579865739524574,PNG,31.35490608215332,8.0,0.003946946933865547,31.943931579589844,0.1040993183851242,20.0,-2.3853834945746213,256,0.0,0.5537046194076538,4.961820125579834,5.9488525390625,0.47817444801330566,0.5218255519866943,1.4777316620276597,2.7572544964677057,0.23330078780817728,0.7027950114025858,0.3874823572479631,1.0,256
synthbuster,0,raise1k,1036224,0.8342617645498435,0.11342006176710129,0.0008153540547937155,0.2394200925984916,PNG,24.09636688232422,10.0,0.005090398248285055,22.772724151611328,0.03528313711285591,20.0,-2.7748957647461183,256,0.0,0.7983383536338806,6.987162113189697,4.269172668457031,0.4933156371116638,0.5066843628883362,1.2074230731611137,3.308649482771054,0.2660209115167985,0.6625663380797735,0.3844512591899835,1.0,256
synthbuster,0,raise1k,946558,0.957158874092724,0.29336825013160706,0.0043118856847286224,0.1623366726393483,PNG,25.087657928466797,8.0,0.011180470697581768,23.512073516845703,0.15415064990520477,20.0,-2.5118276968260784,256,0.0,0.6703975796699524,6.140265941619873,5.9502434730529785,-0.3526930809020996,1.3526930809020996,1.4096069965867193,3.0737571486928146,0.3286426464507931,0.8956836772369077,0.356348132265005,1.0,256
synthbuster,0,raise1k,810444,0.41903440869837577,0.07899011671543121,-0.01243503112345934,0.06311858357768917,PNG,32.66594314575195,10.0,0.004721379838883877,34.88948440551758,0.028780275955796242,20.0,-2.961479041194898,256,0.0,0.8488470315933228,1.0612740516662598,1.919549584388733,-0.11225128173828125,1.1122512817382812,1.2639554250472607,0.13161222546616683,0.2719476215535176,0.9462556117647766,0.36630872274902665,1.0,256
synthbuster,0,raise1k,1111149,0.8399576457219596,0.06546726822853088,-0.006571508478373289,0.1425734113149611,PNG,19.79800033569336,10.0,0.026746485382318497,19.412202835083008,0.14272920787334442,20.0,-2.1376908875061567,256,0.0,0.821814775466919,14.52462387084961,9.08910846710205,0.0420457124710083,0.9579542875289917,1.5706595059868043,11.742978707107838,0.52555302415633,0.7199249366734763,0.3170952175271552,1.0,256
synthbuster,0,raise1k,1418744,0.11092077087794433,0.19959190487861633,0.008182639256119728,0.32810469245599994,PNG,16.60434341430664,10.0,0.029074201360344887,16.177215576171875,0.18293236196041107,20.0,-2.2219338071014723,256,0.0,0.8097435832023621,11.985267639160156,4.7398762702941895,0.6224116086959839,0.3775884211063385,1.4015654603695002,8.674925224072485,0.11502531724866079,0.5682852160940361,0.4084936452947204,1.0,256
synthbuster,0,raise1k,1048085,0.17309697601668406,0.27605578303337097,0.021357424557209015,0.12314213272038763,PNG,21.896923065185547,10.0,0.00994390994310379,22.10707664489746,0.06951162964105606,20.0,-2.7537910823790988,256,0.0,0.7896696925163269,6.70544958114624,2.0140860080718994,0.7182337045669556,0.28176629543304443,0.996267748418993,3.0281645881391834,0.13886628135204954,0.699732467916185,0.40576830294956934,1.0,256
synthbuster,0,raise1k,1312175,0.2727272727272727,0.04754725098609924,-0.001988588599488139,0.038411026872889976,PNG,20.324190139770508,10.0,0.015603949315845966,17.87054443359375,0.14613313972949982,20.0,-2.5038574170358383,256,0.0,0.7553747892379761,9.21146011352539,5.098280906677246,0.6349854469299316,0.36501458287239075,1.3866933289784307,5.967649581891581,0.18628889273600457,0.6235165535803338,0.4067152741259292,1.0,256
synthbuster,0,raise1k,1062241,0.6363417569193742,0.31193894147872925,-0.007230391725897789,0.13370317686744657,PNG,18.208642959594727,10.0,0.03580878674983978,16.27944564819336,0.2084178775548935,20.0,-2.163045812368716,256,0.0,0.8009127378463745,8.053933143615723,5.216236114501953,0.4739724397659302,0.5260275602340698,1.2054102205154078,3.839948382232797,0.18498430620258813,0.6582709878292956,0.4004007223369153,1.0,256
synthbuster,0,raise1k,1116050,0.566282507693236,0.24372702836990356,0.014409039169549942,0.24372964047856518,PNG,22.949926376342773,10.0,0.004928916227072477,17.497224807739258,0.09980819374322891,20.0,-2.5067951203851915,256,0.0,0.6188929677009583,8.538078308105469,0.8914837837219238,0.517107367515564,0.48289260268211365,1.3658008063494982,6.552696438869658,0.36877108117293045,0.6830679155217374,0.3847491802631916,1.0,256
synthbuster,0,raise1k,1229156,0.0380952380952381,0.09154395759105682,-0.00339147774502635,0.09762954800075013,PNG,16.081693649291992,10.0,0.036683399230241776,18.435760498046875,0.16248401999473572,20.0,-2.1563583942529494,256,0.0,0.8508649468421936,12.204459190368652,3.044647693634033,0.8548824191093445,0.14511756598949432,1.5988044298263617,8.138044967680706,0.08642954086883659,0.39548343951750203,0.4102751198769243,1.0,256
synthbuster,0,raise1k,899143,0.14880144730890998,0.36390221118927,0.01893520914018154,0.206330852986522,PNG,25.94476318359375,10.0,0.0019998180214315653,24.53089141845703,0.0653383806347847,20.0,-2.8463772692635683,256,0.0,0.46004337072372437,3.517612934112549,-0.3538033366203308,0.42804384231567383,0.5719561576843262,1.3832321467409465,1.7161585387831602,0.1807029714318698,0.8195972532861837,0.39811494001168113,1.0,256
synthbuster,0,raise1k,1254997,0.26126126126126126,0.18207994103431702,0.023479875177145004,0.255334114293843,PNG,15.891274452209473,10.0,0.0397639274597168,15.337423324584961,0.25276464223861694,20.0,-1.978101557455797,256,0.0,0.7938622236251831,10.190350532531738,2.4981765747070312,0.6305148601531982,0.36948511004447937,1.2452595584556732,6.17073358203576,0.12588535614182148,0.46225884429471653,0.40951977241369275,1.0,256
synthbuster,0,raise1k,720160,0.699667202962114,0.11537864804267883,0.01151368673890829,0.20598756528329962,PNG,28.091384887695312,10.0,0.0042889234609901905,19.426055908203125,0.04850797355175018,20.0,-2.809844580690454,256,0.0,0.6286901831626892,4.029205322265625,-0.44989168643951416,-0.46971166133880615,1.4697116613388062,1.471771251356298,1.4471121533785058,0.5252058877141172,0.8770456672244635,0.3238550959667519,1.0,256
synthbuster,0,raise1k,1085380,0.4273643158921027,0.21769291162490845,0.0028811523225158453,0.10950668167447541,PNG,18.2509708404541,10.0,0.06018020957708359,16.341407775878906,0.2328745573759079,20.0,-2.1592422471658628,256,0.0,0.8532821536064148,6.5852437019348145,3.647871494293213,0.6783106327056885,0.3216893970966339,1.278942315706676,2.4292656970876587,0.19505576246281217,0.60349458146465,0.4077871459378517,1.0,256
synthbuster,0,raise1k,1231804,0.532470551766894,0.07561194151639938,0.0025169977452605963,0.1393480054780127,PNG,17.658885955810547,10.0,0.033899690955877304,19.630844116210938,0.1676848828792572,20.0,-2.2857400495173525,256,0.0,0.8365081548690796,16.663759231567383,4.591894626617432,0.5636998414993286,0.436300128698349,1.5520615840367395,15.639262978782169,0.1637217709507788,0.6198812678904273,0.396592452914798,1.0,256
synthbuster,0,raise1k,998540,0.15782482691998068,0.060520194470882416,-0.008664052002131939,0.03903907875020334,PNG,17.994911193847656,10.0,0.027335183694958687,16.684370040893555,0.2283276468515396,20.0,-2.1789878732950965,256,0.0,0.7607326507568359,1.465110421180725,3.199775457382202,0.5651938915252686,0.43480610847473145,1.1802276009382184,0.25032197652345256,0.7168554111538298,0.8976231526301424,0.3965275476081358,1.0,256
synthbuster,0,raise1k,1039842,0.31348100337391815,0.27269813418388367,0.00852440856397152,0.27970112528934676,PNG,31.000947952270508,10.0,0.005184669513255358,26.238412857055664,0.0844012051820755,20.0,-2.8881336377666904,256,0.0,0.6395323276519775,6.916368007659912,12.074971199035645,0.6497517228126526,0.3502482771873474,1.3360532638553817,4.368117986471553,0.11799431292963893,0.6687551313515547,0.39572278471930383,1.0,256
synthbuster,0,raise1k,1029622,0.2983268302360955,0.12309138476848602,-0.013452058658003807,0.2106112837911084,PNG,21.300859451293945,10.0,0.0169414933770895,26.98927116394043,0.10477764904499054,20.0,-2.417736814716526,256,0.0,0.8266874551773071,8.532234191894531,10.817163467407227,0.21444731950759888,0.7855526804924011,1.3603763629472898,4.350896064614569,0.27635815994392127,0.7712402154580448,0.39771660623342403,1.0,256
synthbuster,0,raise1k,918950,0.6523665278303673,0.11498697847127914,-0.0007414445281028748,0.13237102926450245,PNG,26.79837417602539,10.0,0.0021530194208025932,22.73188591003418,0.02775392308831215,20.0,-2.8989596482469078,256,0.0,0.6518672704696655,2.666645050048828,1.8404566049575806,0.45266014337539673,0.5473398566246033,1.3400036549908754,0.797588893094002,0.3284702280289358,0.8668055434468709,0.37016766433431936,1.0,256
synthbuster,0,raise1k,980040,0.670046895667161,0.04919716715812683,-0.0031448090448975563,0.0967906598867115,PNG,23.98089599609375,10.0,0.008828083984553814,25.549449920654297,0.05785548314452171,20.0,-2.760408255680322,256,0.0,0.7983828186988831,6.762363910675049,4.60888147354126,0.019604504108428955,0.980395495891571,1.4199169570374315,3.043526933751443,0.4370006584034852,0.8339126632523371,0.3743245794821567,1.0,256
synthbuster,0,raise1k,1061919,0.33602649488663244,0.13983972370624542,0.00041916119516827166,0.11464816669984083,PNG,15.332906723022461,10.0,0.02913586236536503,15.946733474731445,0.19388873875141144,20.0,-2.121879411195054,256,0.0,0.8007546067237854,9.878252029418945,6.185405254364014,0.19811946153640747,0.8018805384635925,1.566206366095265,5.864724099504997,0.4626634338388095,0.6894500354829654,0.3976400922776332,1.0,256
synthbuster,0,raise1k,1122366,0.3515877147319105,0.13558048009872437,-0.012378656305372715,0.10165697022951634,PNG,22.95427703857422,10.0,0.006268123630434275,22.941112518310547,0.040343575179576874,20.0,-2.6231089606058364,256,0.0,0.7979505062103271,4.401040554046631,3.8523430824279785,0.33892393112182617,0.6610760688781738,1.1869930844519512,1.2917152957996914,0.15099904399238004,0.759909280326174,0.4057952340260348,1.0,256
synthbuster,0,raise1k,999983,0.141141889198884,0.21899139881134033,0.008891783654689789,0.24633518296163928,PNG,23.858240127563477,10.0,0.012072279118001461,20.18050193786621,0.13477648794651031,20.0,-2.4143072481474586,256,0.0,0.745029866695404,5.906932353973389,12.924761772155762,0.03809666633605957,0.9619033336639404,1.4155231011465157,2.6895330071366774,0.3000100994652813,0.7896716689460634,0.4018566112243324,1.0,256
synthbuster,0,raise1k,754288,0.9113912403386087,0.11888054758310318,-0.009244014509022236,0.12298250155072764,PNG,25.41802406311035,10.0,0.007760482840240002,27.572494506835938,0.04094469174742699,20.0,-2.6271248694628526,256,0.0,0.8521854877471924,4.150070667266846,3.684401512145996,-0.0823143720626831,1.082314372062683,1.2433293579913725,1.0312493241782001,0.3723568344505771,0.8495305777223732,0.334926727011352,1.0,256
synthbuster,0,raise1k,1377203,0.20502092050209206,0.3896767497062683,0.01984952948987484,0.28603674839058,PNG,18.204181671142578,10.0,0.03223852813243866,14.117074966430664,0.28889545798301697,20.0,-1.9247254391178228,256,0.0,0.7567803859710693,12.978279113769531,2.2892160415649414,0.7594859600067139,0.24051403999328613,1.4508851673693945,11.40371374591503,0.07954709900643904,0.4338677108590749,0.4037463082404019,1.0,256
synthbuster,0,raise1k,1326166,0.28023720866087437,0.11851337552070618,0.008050777949392796,0.10689633519602978,PNG,16.176334381103516,10.0,0.02127266861498356,16.245271682739258,0.10495445877313614,20.0,-2.3874829830519815,256,0.0,0.8394004106521606,8.188179016113281,3.945556879043579,0.5992615222930908,0.4007384777069092,1.2172189450717228,3.871661605512303,0.12425074234044925,0.5690714542844479,0.40763303071458323,1.0,256
synthbuster,0,raise1k,1055399,0.09253499222395023,0.35593971610069275,0.007313739508390427,0.2521005768155328,PNG,11.917078018188477,6.0,0.07209678739309311,14.972201347351074,0.20526720583438873,20.0,-1.8478771070347224,256,0.0,0.875195324420929,22.0646915435791,4.096608638763428,0.40095770359039307,0.5990422964096069,1.6045693408782193,24.00478642529316,0.1362323378926627,0.47517834485930593,0.40898986901495776,1.0,256
synthbuster,0,raise1k,1204705,0.02576489533011272,0.1596096158027649,0.0,0.16108616113819443,PNG,16.723609924316406,10.0,0.037510260939598083,17.36803436279297,0.2059919834136963,20.0,-2.2079634782140114,256,0.0,0.8218085765838623,8.653797149658203,2.621415138244629,0.8109089136123657,0.18909111618995667,1.131833013361083,4.389505508698578,0.14368351391820436,0.5149273181914323,0.4093972116069928,1.0,256
synthbuster,0,raise1k,991652,0.6559063497694217,0.2054750770330429,0.0029820811469107866,0.2363929840736305,PNG,29.796255111694336,10.0,0.006729212123900652,30.025470733642578,0.11121340841054916,20.0,-2.550171423974432,256,0.0,0.6443058848381042,8.778390884399414,11.120543479919434,0.5683043003082275,0.4316956698894501,1.426683230515681,6.43349455437812,0.1639211144931478,0.664434503632517,0.3951989542188243,1.0,256
synthbuster,0,raise1k,1018634,0.03172978505629478,0.1312655359506607,0.02823529578745365,0.039299785099223966,PNG,18.504514694213867,10.0,0.05364080145955086,17.971284866333008,0.3919318914413452,20.0,-1.7156569791718794,256,0.0,0.7650244235992432,5.6664042472839355,3.243912696838379,0.7531290650367737,0.24687093496322632,1.0726227880361308,2.0869502715301804,0.25265320795353824,0.6952975942411739,0.4080708954183775,1.0,256
synthbuster,0,raise1k,917487,0.26089285714285715,0.08889378607273102,0.003702508984133601,0.25448555380521715,PNG,26.120121002197266,10.0,0.005912131629884243,28.19066619873047,0.04210002347826958,20.0,-2.6564187580738543,256,0.0,0.7844740748405457,4.428010940551758,4.953031063079834,0.5609802007675171,0.4390197694301605,1.1099968426533295,1.3859608383794715,0.15340772886440668,0.7240911600975953,0.408813842754178,1.0,256
synthbuster,0,raise1k,911321,0.9321240056501375,0.15775790810585022,0.008499057032167912,0.218463781142177,PNG,22.305187225341797,10.0,0.009133094921708107,25.294010162353516,0.06560547649860382,20.0,-2.537443232615181,256,0.0,0.808142364025116,12.016554832458496,9.840954780578613,0.42790377140045166,0.5720962285995483,1.4388231486858962,9.110677218497688,0.27609472823155146,0.6844913552224312,0.3550276617313551,1.0,256
synthbuster,0,raise1k,967643,0.36385397965290245,0.2086656540632248,-0.0018780030077323318,0.17729817248363547,PNG,30.405616760253906,10.0,0.006582242902368307,24.98344612121582,0.1436217725276947,20.0,-2.3219622311726233,256,0.0,0.6013075709342957,7.61002779006958,10.821918487548828,0.7781460881233215,0.22185389697551727,1.4368355033028033,5.625804963836018,0.13472289995451278,0.6930463459016689,0.3665870588576611,1.0,256
synthbuster,0,raise1k,1055426,0.1618163166135738,0.1856553554534912,0.017371026799082756,0.1581501769571752,PNG,21.810272216796875,10.0,0.01847604103386402,21.53826904296875,0.16638502478599548,20.0,-2.473890822857916,256,0.0,0.7610507011413574,8.469528198242188,7.887577056884766,0.5593345165252686,0.44066551327705383,1.3037183915271722,5.042601913927336,0.38053880168299054,0.7705315308250913,0.3979189497918869,1.0,256
synthbuster,0,raise1k,1247329,0.4388888888888889,0.2795715630054474,-0.023032989352941513,0.21566958529718733,PNG,17.88330078125,10.0,0.02696850895881653,21.811813354492188,0.09773646295070648,20.0,-2.416559522999918,256,0.0,0.8646366000175476,6.462708473205566,2.958991050720215,0.05500215291976929,0.9449978470802307,1.5296052004395182,2.200180534529991,0.2248736681669807,0.72896981508639,0.398998449738534,1.0,256
synthbuster,0,raise1k,751997,0.20319303338171263,0.15761815011501312,0.0051679229363799095,0.22337424493096134,PNG,18.99650764465332,10.0,0.010583085007965565,18.05886459350586,0.12211431562900543,20.0,-2.489823451738301,256,0.0,0.7516074180603027,4.6877827644348145,-0.2307690531015396,0.15471184253692627,0.8452881574630737,1.2879102375085698,1.6878926975201847,0.25225981005190556,0.8416285986354235,0.39315363531668146,1.0,256
synthbuster,0,raise1k,1036230,0.5110137833311864,0.11188057065010071,0.0028543558437377214,0.19935190516357945,PNG,23.937570571899414,10.0,0.010248092003166676,24.29971694946289,0.09879563748836517,20.0,-2.4689461107566038,256,0.0,0.7402454614639282,10.200199127197266,5.764875888824463,0.7725088000297546,0.22749118506908417,1.3155238906112983,7.549811550845824,0.13296582906913662,0.6491149527964346,0.3954654067250334,1.0,256
synthbuster,0,raise1k,960741,0.18310826276035705,0.3422606289386749,0.025708060711622238,0.27720890092131284,PNG,23.919649124145508,10.0,0.00544994929805398,22.309295654296875,0.08538912981748581,20.0,-2.725994015498233,256,0.0,0.6130399703979492,5.630789756774902,0.4310151934623718,0.574809730052948,0.425190269947052,1.3026944956530997,2.972430480464243,0.1392257221271594,0.7436878263048939,0.37313483203261566,1.0,256
synthbuster,0,raise1k,914508,0.2312465902891435,0.2754984498023987,-0.0008149338536895812,0.17142581184209216,PNG,16.84613609313965,10.0,0.012676039710640907,16.083431243896484,0.11707072705030441,20.0,-2.4872558792040413,256,0.0,0.7686275243759155,7.754685401916504,5.6395745277404785,0.4103720188140869,0.5896279811859131,1.3065178329901352,4.344415324034026,0.31487620472872735,0.7597620651919065,0.3919380203739208,1.0,256
synthbuster,0,raise1k,840431,0.5750845002414292,0.34025701880455017,0.0,0.11671535326105692,PNG,25.707483291625977,10.0,0.014191428199410439,28.920974731445312,0.2249838411808014,20.0,-2.1150684309152203,256,0.0,0.6753369569778442,10.687968254089355,8.319745063781738,0.7380819320678711,0.2619180977344513,1.4447566747748732,8.840872921472512,0.09076523017312081,0.5381787594260548,0.39038535605752345,1.0,256
synthbuster,0,raise1k,943306,0.1413237924865832,0.08744427561759949,0.010658638551831245,0.21547618287462836,PNG,22.901765823364258,8.0,0.0040329257026314735,20.049169540405273,0.0850888192653656,20.0,-2.8040182346738907,256,0.0,0.5932060480117798,4.878145694732666,0.6490418910980225,0.7202557325363159,0.2797442674636841,1.4481588494111206,2.6432312692233757,0.24947163329026437,0.729560605767957,0.401190390735871,1.0,256
synthbuster,0,raise1k,911006,0.38802339423425286,0.13549456000328064,-0.0028122805524617434,0.08115629496110906,PNG,24.783233642578125,10.0,0.0032791646663099527,24.267345428466797,0.0352148562669754,20.0,-2.7757101058053677,256,0.0,0.7047350406646729,5.454831600189209,4.7866411209106445,0.24327993392944336,0.7567200660705566,1.332033225176898,2.2782063389081095,0.2748740113799111,0.8154549015254927,0.3935367677094611,1.0,256
synthbuster,0,raise1k,807321,0.6453344343517754,0.19320273399353027,0.021568628028035164,0.22078098815408637,PNG,20.585277557373047,10.0,0.009273054078221321,17.160842895507812,0.12528401613235474,20.0,-2.527021802870469,256,0.0,0.6675369739532471,4.133237361907959,0.3043147325515747,0.06654083728790283,0.9334591627120972,1.29978725016383,1.4342779519896218,0.259512126213433,0.8037337737112111,0.40207905462287585,1.0,256
synthbuster,0,raise1k,946225,0.7352857549047483,0.1209193617105484,0.0031045523937791586,0.14510841604762542,PNG,25.64261245727539,10.0,0.0072481161914765835,25.3580265045166,0.09201870858669281,20.0,-2.6096453181506294,256,0.0,0.6841093301773071,6.845037937164307,5.658764362335205,0.8314095735549927,0.16859044134616852,1.2808916365140812,3.8682162809976965,0.1704722670486149,0.64949025807547,0.402803708914696,1.0,256
synthbuster,0,raise1k,1021786,0.5589754627636677,0.20465420186519623,0.020190779119729996,0.26388566558562543,PNG,22.469377517700195,10.0,0.008545627817511559,24.239957809448242,0.06016559526324272,20.0,-2.7796395272430914,256,0.0,0.7909363508224487,7.697838306427002,6.419585227966309,0.3341185450553894,0.6658814549446106,1.3117486871031645,3.943579332468275,0.3682801305029335,0.7388316796319805,0.3785963661510299,1.0,256
synthbuster,0,raise1k,1060352,0.4175824175824176,0.18418298661708832,0.0020220589358359575,0.15157467484013265,PNG,15.24390983581543,10.0,0.020613081753253937,16.411592483520508,0.11467495560646057,20.0,-2.381796317827227,256,0.0,0.8217310309410095,8.287763595581055,3.3092689514160156,0.49353063106536865,0.5064693689346313,1.383597904046325,4.179846738634181,0.17749660975990655,0.6352623233747645,0.4044522219683121,1.0,256
synthbuster,0,raise1k,929977,0.4715695067264574,0.05356927216053009,-0.011001881211996078,0.0784258790524827,PNG,26.958099365234375,10.0,0.004238273482769728,30.690441131591797,0.02993275783956051,20.0,-2.9334919979579266,256,0.0,0.7769842743873596,3.299410104751587,4.952122688293457,0.5748879313468933,0.4251120686531067,0.9460447286553163,0.8714287323385237,0.1661849233244463,0.748725338439427,0.4023013167225079,1.0,256
synthbuster,0,raise1k,1294197,0.8460428193408708,0.17616969347000122,0.003149057738482952,0.23849923132208944,PNG,15.32042121887207,10.0,0.02669345773756504,17.45986557006836,0.1083984524011612,20.0,-2.3870601037480235,256,0.0,0.8582813739776611,15.957115173339844,4.158479690551758,0.656204104423523,0.34379589557647705,1.4380154128116387,13.699760293516908,0.08381789666372243,0.45833436841445646,0.40807011709656843,1.0,256
synthbuster,0,raise1k,1566541,0.18209876543209877,0.24400919675827026,0.002689662156626582,0.2840136575232515,PNG,16.17242431640625,10.0,0.08352687954902649,15.874151229858398,0.47788330912590027,20.0,-1.5640579721656827,256,0.0,0.8131723999977112,17.384618759155273,3.2204079627990723,0.8863643407821655,0.11363568156957626,1.731774757783716,17.26395801794983,0.06849552179016835,0.31835142629180824,0.4094614518063784,1.0,256
synthbuster,0,raise1k,1110889,0.10855263157894737,0.1571802943944931,-0.004833894316107035,0.1724630005574571,PNG,17.466800689697266,10.0,0.0265967957675457,16.90696907043457,0.22115172445774078,20.0,-2.144960594198452,256,0.0,0.7555087804794312,10.917679786682129,2.7195892333984375,0.8005452752113342,0.19945473968982697,1.4070518161565857,7.7175874363225745,0.08945690523296355,0.43152232157517345,0.4101455842207666,1.0,256
synthbuster,0,raise1k,768244,0.4844991225918448,0.13952438533306122,0.007512057665735483,0.0906078365913869,PNG,17.981779098510742,10.0,0.03975187614560127,20.117279052734375,0.1697503924369812,20.0,-2.333781364595393,256,0.0,0.851287305355072,7.526097774505615,5.142995834350586,-1.3484532833099365,2.3484532833099365,1.4409227584237423,3.058074208237221,0.4489221197491479,0.9176057860839297,0.334151892265182,1.0,256
synthbuster,0,raise1k,1460306,0.5,0.17915326356887817,0.008616386912763119,0.24661624418776362,PNG,16.64151382446289,10.0,0.030844982713460922,15.74179744720459,0.22987107932567596,20.0,-2.062994292031159,256,0.0,0.7823560237884521,14.052932739257812,3.7190868854522705,0.873254656791687,0.12674537301063538,1.373356676115825,12.35613530553154,0.08370706672628944,0.3894936400317874,0.4103420159289674,1.0,256
synthbuster,0,raise1k,1216286,0.6570936243538197,0.19949471950531006,0.011146890930831432,0.3016050762677899,PNG,26.361806869506836,10.0,0.010167401283979416,26.962738037109375,0.20222517848014832,20.0,-2.102035466684118,256,0.0,0.6805492639541626,14.143343925476074,8.407798767089844,0.716191828250885,0.283808171749115,1.5105526187410854,16.426304185890043,0.17331261174695775,0.5785284932341278,0.38861774692408174,1.0,256
synthbuster,0,raise1k,1189513,0.556305763202315,0.12116771936416626,-0.0006381971179507673,0.19588679938779252,PNG,19.930952072143555,10.0,0.01088821142911911,18.266063690185547,0.13536551594734192,20.0,-2.6061174668517193,256,0.0,0.7252919673919678,12.733399391174316,6.421605110168457,0.7215880155563354,0.27841198444366455,1.4181719338201402,12.329833327326016,0.16020085041978865,0.6078787327268529,0.4004679330834037,1.0,256
synthbuster,0,raise1k,811395,0.48792908336476803,0.23614493012428284,0.017448337748646736,0.303913126700385,PNG,27.1749324798584,10.0,0.002701746765524149,21.478116989135742,0.06352081894874573,20.0,-2.9465324425388912,256,0.0,0.5182915925979614,4.678469657897949,2.320347309112549,0.4377638101577759,0.5622361898422241,1.1524310690325554,3.1246718960255686,0.13450938724378736,0.7110933424890481,0.3621688009371052,1.0,256
synthbuster,0,raise1k,917180,0.19768726813481727,0.24615220725536346,-0.006282988004386425,0.2035566120346053,PNG,24.389602661132812,10.0,0.008025946095585823,26.092111587524414,0.06691640615463257,20.0,-2.7817462471797123,256,0.0,0.7507977485656738,4.250344276428223,5.868529796600342,-0.01884293556213379,1.0188429355621338,1.3139608366277897,1.3634083044982694,0.2280235270977874,0.8672703859178946,0.39428891100690877,1.0,256
synthbuster,0,raise1k,1156525,0.4628553959033935,0.2733188271522522,-0.001189268659800291,0.2517213051527095,PNG,21.41250228881836,10.0,0.010541207157075405,17.64710235595703,0.16092030704021454,20.0,-2.533345804820769,256,0.0,0.6782463192939758,11.385616302490234,3.7258341312408447,0.7334632873535156,0.2665367126464844,1.4123662064720348,10.328228610990966,0.11463665504006015,0.5371386869950847,0.39309614867877773,1.0,256
synthbuster,0,raise1k,1128515,0.35444078947368424,0.05967378243803978,0.0022997588384896517,0.11774858268244519,PNG,21.228330612182617,10.0,0.029095901176333427,18.749088287353516,0.20929370820522308,20.0,-2.2413192868352145,256,0.0,0.7999631762504578,16.900508880615234,9.109695434570312,0.6287323236465454,0.3712676763534546,1.5775472793411796,17.191695321510934,0.09349232509474012,0.4663318707719548,0.40732409782964163,1.0,256
synthbuster,0,raise1k,1279706,0.22917169765757064,0.2369365394115448,-0.0031434278935194016,0.19129760571330073,PNG,18.550140380859375,10.0,0.0409354642033577,15.217033386230469,0.2499348521232605,20.0,-2.12451171992879,256,0.0,0.8063512444496155,8.846333503723145,5.260395526885986,0.5733506679534912,0.4266493022441864,1.4502720400049318,4.6804399750096115,0.1469442517729942,0.5520829863958397,0.4084185075613431,1.0,256
synthbuster,0,raise1k,1413904,0.017804154302670624,0.12589509785175323,0.013725489377975464,0.15292154734031518,PNG,16.806472778320312,8.0,0.03772938996553421,17.150556564331055,0.35958564281463623,20.0,-1.8842490467000037,256,0.0,0.7344737648963928,13.549267768859863,3.4328863620758057,0.8707015514373779,0.12929841876029968,1.5172916849670186,11.980259620698773,0.09916326964456398,0.4204053419825564,0.40793983591621674,1.0,256
synthbuster,0,raise1k,894521,0.8076923076923077,0.1457468867301941,0.004716689232736826,0.1518334160209364,PNG,23.117103576660156,8.0,0.011148790828883648,25.112096786499023,0.08600897341966629,20.0,-2.386718964511344,256,0.0,0.7806349396705627,6.854197025299072,7.094728946685791,0.1253741979598999,0.8746258020401001,1.2434853841471991,3.0967340686274545,0.27666780864845475,0.7046558594207918,0.3757449955775517,1.0,256
synthbuster,0,raise1k,348083,0.8651810951160191,0.017134949564933777,-0.020773733034729958,0.05374451588440427,PNG,27.937171936035156,10.0,0.006412542890757322,21.971332550048828,0.06385084241628647,20.0,-2.861447215426694,256,0.0,0.7148588299751282,4.061347007751465,9.314805030822754,-0.9168754816055298,1.9168754816055298,1.2454634784915408,1.3776456471068834,0.6428875985403877,0.9556466810445085,0.15099139741075535,1.0,256
synthbuster,1,FLUX.1-schnell,1137044,0.22888668835761777,0.2282968908548355,0.01136485394090414,0.17724598748660772,PNG,27.38241958618164,5.0,0.00986570119857788,32.79928207397461,0.08815213292837143,20.0,-2.407447918463617,256,0.0,0.7716590762138367,10.002744674682617,8.980256080627441,0.6584374308586121,0.34156256914138794,1.4303379589899987,6.4414941368704355,0.22494794382406594,0.6892294354630185,0.4014564911214423,1.0,256
synthbuster,1,FLUX.1-schnell,1560316,0.05174035747883349,0.23814694583415985,0.0036380814854055643,0.24247907233315055,PNG,25.005905151367188,8.0,0.06180458515882492,25.069406509399414,0.40809622406959534,20.0,-1.7825461096657778,256,0.0,0.7894495725631714,20.71358299255371,8.115941047668457,0.7007882595062256,0.299211710691452,1.6817894788626393,25.67555256692139,0.07406995748664193,0.44243540397042036,0.4030158153395104,1.0,256
synthbuster,1,FLUX.1-schnell,1302656,0.3543260741612713,0.2846800684928894,-0.004817978013306856,0.23756449471000243,PNG,14.851667404174805,10.0,0.047650016844272614,14.216647148132324,0.12016155570745468,20.0,-2.4180613118509373,256,0.0,0.9028945565223694,16.93695640563965,4.266644477844238,0.6754945516586304,0.324505478143692,1.4728849652740772,14.005813073697613,0.0959781268046219,0.46721772394802297,0.3982706347555699,1.0,256
synthbuster,1,FLUX.1-schnell,594173,0.3591804137862188,0.3209957778453827,0.0,0.09076008649429061,PNG,26.263525009155273,10.0,0.0038314410485327244,28.13625717163086,0.02937260828912258,20.0,-3.054132248277122,256,0.0,0.7525960206985474,0.6066067218780518,2.2066376209259033,0.5929057598114014,0.40709421038627625,1.0258605088053612,0.09753424163783157,0.5103798152522556,0.9560217384248746,0.3703445062000175,1.0,256
synthbuster,1,FLUX.1-schnell,1767036,0.012345679012345678,0.34572380781173706,0.021021021530032158,0.13043078591301036,PNG,13.513383865356445,8.0,0.09752586483955383,13.712411880493164,0.2579542100429535,20.0,-2.062957410961328,256,0.0,0.8955817818641663,19.790102005004883,4.491374969482422,0.8107343316078186,0.1892656832933426,1.6015873631336597,18.98691009767875,0.06428636987745485,0.31452965099880875,0.4010562022435877,1.0,256
synthbuster,1,FLUX.1-schnell,1192556,0.3571720474049857,0.38207459449768066,-0.001168639282695949,0.25922811535174883,PNG,19.10220718383789,10.0,0.03578174114227295,21.48831558227539,0.08588460087776184,20.0,-2.2677360452388453,256,0.0,0.9055455923080444,10.15130615234375,5.617968559265137,0.7651523351669312,0.23484763503074646,1.231148708807482,5.112113174620337,0.10899859219689437,0.5097198220553719,0.3917660668755024,1.0,256
synthbuster,1,FLUX.1-schnell,1155455,0.2895096921322691,0.19039671123027802,-0.004690148867666721,0.23064766607938664,PNG,17.592931747436523,8.0,0.0271577350795269,17.164749145507812,0.11429420858621597,20.0,-2.433332479117435,256,0.0,0.8629504442214966,17.06574058532715,7.101593494415283,0.6285282373428345,0.3714717924594879,1.449669011410863,15.88257012026622,0.13606745691519695,0.5698158359558008,0.4008535059765743,1.0,256
synthbuster,1,FLUX.1-schnell,1205007,0.33264916129945504,0.202616885304451,0.0028922276105731726,0.22083283448375166,PNG,15.882306098937988,10.0,0.019063102081418037,18.55390167236328,0.06505399197340012,20.0,-2.6869802745224938,256,0.0,0.8814438581466675,12.814000129699707,3.7373366355895996,0.39924800395965576,0.6007519960403442,1.3463499658529987,8.58261029411764,0.17367775605571042,0.6735003491785871,0.3986076210011877,1.0,256
synthbuster,1,FLUX.1-schnell,1285823,0.3504091826974174,0.3444308340549469,0.0020959896501153708,0.19053961871907465,PNG,19.94663429260254,10.0,0.025357158854603767,20.6303768157959,0.1268470734357834,20.0,-2.240204323335813,256,0.0,0.8346889019012451,12.955575942993164,7.531599998474121,0.4084150195121765,0.5915849804878235,1.438452045831346,9.522448847798923,0.12324290209766767,0.61852141201528,0.4018005870210491,1.0,256
synthbuster,1,FLUX.1-schnell,893896,0.12953271028037383,0.09098570048809052,-0.0004955688491463661,0.11894568018056,PNG,28.074893951416016,10.0,0.0031320536509156227,26.520994186401367,0.05588746443390846,20.0,-2.9027735184696355,256,0.0,0.6109158396720886,4.589863300323486,2.2938365936279297,0.6483291387557983,0.35167086124420166,1.2431214228865222,2.3821377595155706,0.14358599801882427,0.6883256331423999,0.3828298667673119,1.0,256
synthbuster,1,FLUX.1-schnell,858676,0.10649698593436034,0.0722283273935318,0.017275769263505936,0.1486841329308376,PNG,23.535146713256836,10.0,0.0036343971733003855,20.55173683166504,0.05360410735011101,20.0,-3.0021576607068434,256,0.0,0.6661741137504578,4.73646354675293,4.614432334899902,0.4262430667877197,0.5737569332122803,1.2955188089025291,2.35097480536332,0.15667582514874717,0.7611074237424018,0.3594720839516892,1.0,256
synthbuster,1,FLUX.1-schnell,1863214,0.6368778280542986,0.054992880672216415,-0.012163588777184486,0.13009029112123588,PNG,8.773141860961914,10.0,0.2140619307756424,12.348380088806152,0.4252721667289734,20.0,-1.5101152312559243,256,0.0,0.9099689722061157,37.406246185302734,1.9406085014343262,0.8357454538345337,0.1642545461654663,1.7518368066493388,64.0088957822712,0.06218500655311091,0.22922398429081667,0.3944921066254969,1.0,256
synthbuster,1,FLUX.1-schnell,1315622,0.4077407740774077,0.2965870499610901,0.001850934000685811,0.2650326366851393,PNG,10.831493377685547,10.0,0.1102844625711441,17.72678565979004,0.13353753089904785,20.0,-2.51402694871779,256,0.0,0.9521496295928955,17.345874786376953,5.175629615783691,0.7769618630409241,0.22303813695907593,1.2109533648544655,12.661358627090557,0.09228568245530969,0.37436780661827834,0.38258446163561577,1.0,256
synthbuster,1,FLUX.1-schnell,798477,0.3005339435545385,0.31438013911247253,0.0,0.23694111065450116,PNG,22.739765167236328,10.0,0.003486114786937833,15.301626205444336,0.02049044333398342,20.0,-3.215014114603049,256,0.0,0.8241748213768005,3.715630054473877,2.5942187309265137,-0.11866295337677002,1.11866295337677,1.1974677747661986,1.1356904045319103,0.15650318162069465,0.8414678498710023,0.3337174955865527,1.0,256
synthbuster,1,FLUX.1-schnell,823473,0.19056210964607911,0.33402174711227417,-0.004253904800862074,0.2098299592384721,PNG,20.94198989868164,10.0,0.01011622790247202,21.71282196044922,0.09079941362142563,20.0,-2.7829191573194185,256,0.0,0.735927939414978,4.415127754211426,3.114234447479248,0.3978060483932495,0.6021939516067505,1.284036308216537,1.620645650110534,0.19876606358459348,0.7934964307238823,0.3605266289908968,1.0,256
synthbuster,1,FLUX.1-schnell,1420791,0.2764423076923077,0.036564432084560394,-0.016235264018177986,0.039858556769468305,PNG,13.017660140991211,8.0,0.07647233456373215,13.849508285522461,0.13798320293426514,20.0,-2.359316090155587,256,0.0,0.9243618845939636,17.39725685119629,4.861909866333008,0.718148946762085,0.28185102343559265,1.5301226175205402,13.840452109765486,0.08101084218633188,0.3838377486521291,0.39451122190486493,1.0,256
synthbuster,1,FLUX.1-schnell,1064446,0.3718725718725719,0.1642031967639923,-0.0004860362969338894,0.16886412249464147,PNG,27.570701599121094,10.0,0.004513584543019533,28.595773696899414,0.02987957000732422,20.0,-2.9901970420133916,256,0.0,0.8162597417831421,3.6419408321380615,1.8342090845108032,0.325850248336792,0.674149751663208,0.9934295868267284,1.0338519740003838,0.19740013749548185,0.8370818881073954,0.39531792773379454,1.0,256
synthbuster,1,FLUX.1-schnell,919751,0.14419225634178906,0.23948433995246887,0.007563923019915819,0.3459886672986893,PNG,27.203418731689453,10.0,0.015018103644251823,13.782197952270508,0.10136928409337997,20.0,-2.6557812304349997,256,0.0,0.8301290273666382,4.714966773986816,9.736319541931152,0.5123530626296997,0.4876469075679779,1.1270872300598318,1.5839718948241082,0.2109189110278497,0.761307888412464,0.4014843113811156,1.0,256
synthbuster,1,FLUX.1-schnell,1564741,0.12076583210603829,0.12412136793136597,-0.0027576021384447813,0.19291623095418522,PNG,19.93032455444336,8.0,0.01587044820189476,15.893048286437988,0.15010112524032593,20.0,-2.515725710347225,256,0.0,0.7484536170959473,11.241999626159668,1.0860854387283325,0.6209777593612671,0.3790222108364105,1.4564859975408389,9.284182796280287,0.08376263053934607,0.4895245497649707,0.4017263742136001,1.0,256
synthbuster,1,FLUX.1-schnell,1284429,0.18496420047732698,0.2257227897644043,0.008469779044389725,0.20323344682401207,PNG,7.929225921630859,8.0,0.20870669186115265,14.042445182800293,0.23346710205078125,20.0,-1.99588755392664,256,0.0,0.9515411257743835,18.173982620239258,2.8949711322784424,0.6642638444900513,0.33573615550994873,1.2801098434988016,13.791290774581906,0.09930849835880874,0.36387310242385484,0.37754047951546355,1.0,256
synthbuster,1,FLUX.1-schnell,1445720,0.04757929883138564,0.12136222422122955,0.010162444785237312,0.2125344030933259,PNG,20.97780990600586,10.0,0.043043605983257294,29.084781646728516,0.19505423307418823,20.0,-2.1949265797064577,256,0.0,0.8500509262084961,14.61163330078125,9.158947944641113,0.8216375112533569,0.17836247384548187,1.427438837863214,11.634299202830654,0.07885142658718852,0.4330010603179934,0.40419327728266435,1.0,256
synthbuster,1,FLUX.1-schnell,1155818,0.21291654379239164,0.049258653074502945,-0.009390204213559628,0.15253514320166647,PNG,12.02332878112793,10.0,0.08946384489536285,12.294181823730469,0.18776139616966248,20.0,-2.350356125558588,256,0.0,0.9124021530151367,21.23589515686035,1.6879732608795166,0.6941462159156799,0.30585378408432007,1.4623100243055016,21.153716088763915,0.10836742750303427,0.4708504615048275,0.4006612701925333,1.0,256
synthbuster,1,FLUX.1-schnell,1332245,0.13478661344795825,0.09797083586454391,0.006573567166924477,0.274827028390492,PNG,18.070781707763672,8.0,0.02059321105480194,15.306387901306152,0.2154882252216339,20.0,-2.3722242846709984,256,0.0,0.7325640320777893,13.545936584472656,2.6414012908935547,0.7912836074829102,0.20871640741825104,1.5392636968031013,13.151454413566874,0.11881694732947984,0.5577314324824919,0.38539953470356886,1.0,256
synthbuster,1,FLUX.1-schnell,996022,0.31111315716784826,0.0811266228556633,-0.02196679823100567,0.10732952652435106,PNG,23.497819900512695,10.0,0.005150290206074715,28.72225570678711,0.021801669150590897,20.0,-3.1271076602434937,256,0.0,0.8863486647605896,4.957065582275391,9.175759315490723,0.5091292858123779,0.49087074398994446,1.13118102710661,1.5732323955930414,0.14979242377696758,0.7747672677309028,0.4008482439523868,1.0,256
synthbuster,1,FLUX.1-schnell,1148998,0.1,0.18909376859664917,0.014082293957471848,0.18692098480315616,PNG,19.043731689453125,10.0,0.04089983180165291,17.966796875,0.2238147109746933,20.0,-2.2210113549792636,256,0.0,0.8141546845436096,15.822036743164062,4.544971942901611,0.8313000798225403,0.16869992017745972,1.5361874905192012,15.091129928993656,0.07733032366598024,0.44830900994116446,0.3993356011042246,1.0,256
synthbuster,1,FLUX.1-schnell,1189369,0.09021651964715317,0.14014801383018494,0.005193131044507027,0.1579905544285174,PNG,25.070724487304688,10.0,0.007179028820246458,22.990283966064453,0.0385434590280056,20.0,-3.018639515316947,256,0.0,0.8534333109855652,5.160364627838135,8.205391883850098,0.6904252767562866,0.3095747232437134,1.159369278687172,1.7780431654892364,0.15580128946234575,0.7384101751281018,0.40315804913456155,1.0,256
synthbuster,1,FLUX.1-schnell,1715586,0.1864951768488746,0.2078227996826172,0.00048462976701557636,0.23937093436083412,PNG,20.899398803710938,10.0,0.044165611267089844,19.791322708129883,0.17255401611328125,20.0,-2.3379127382240235,256,0.0,0.8706531524658203,16.927034378051758,6.728257656097412,0.7639285326004028,0.23607148230075836,1.4481927858627996,15.366962030829502,0.09125218196857797,0.45277817537657417,0.40114154967023175,1.0,256
synthbuster,1,FLUX.1-schnell,824869,0.4952434456928839,0.07537706196308136,-0.011629034765064716,0.052681531204971974,PNG,18.996421813964844,10.0,0.006963339634239674,20.277908325195312,0.05755538493394852,20.0,-2.9725391987690486,256,0.0,0.7592259645462036,2.541304111480713,4.179995059967041,-1.0382118225097656,2.0382118225097656,1.1959424761212687,0.571807297673972,0.5535709484526115,0.953476743999842,0.32639877222821834,1.0,256
synthbuster,1,FLUX.1-schnell,1292996,0.036715620827770364,0.2932676076889038,0.0018003566656261683,0.172728239690063,PNG,14.275006294250488,10.0,0.09194085001945496,16.297039031982422,0.19656580686569214,20.0,-2.22784363318276,256,0.0,0.9139001965522766,13.700231552124023,6.424622535705566,0.8246672749519348,0.17533273994922638,1.237977599615372,8.823019676927146,0.108973599364737,0.45102607841498693,0.39083949842173743,1.0,256
synthbuster,1,FLUX.1-schnell,1001538,0.6289955780164245,0.3284238874912262,0.004525473807007074,0.1694939467750074,PNG,19.368545532226562,10.0,0.10045542567968369,20.963563919067383,0.35469183325767517,20.0,-1.891865990166328,256,0.0,0.8837505578994751,15.867966651916504,7.103196144104004,0.4071764349937439,0.5928235650062561,1.4941914686105198,12.709797538807193,0.1634415283499158,0.5643488999685827,0.38615608304041427,1.0,256
synthbuster,1,imagen3,2330133,0.22715872447151558,0.1342352330684662,0.021199695765972137,0.15415548443180785,PNG,28.428327560424805,10.0,0.014364860951900482,22.272266387939453,0.31699880957603455,20.0,-2.1429423906546194,256,0.0,0.6032989621162415,5.5671234130859375,8.087776184082031,0.6645543575286865,0.3354456424713135,1.3815631797653376,2.799722537605732,0.16566269305412468,0.6562520577765336,0.3994590719160496,1.0,256
synthbuster,1,imagen3,2494186,0.03825136612021858,0.18332721292972565,-0.001644162111915648,0.18646224199315126,PNG,20.456256866455078,10.0,0.04280516877770424,21.60812759399414,0.3203994631767273,20.0,-1.8976961593584183,256,0.0,0.7612035870552063,11.187026977539062,5.5437541007995605,0.8681783080101013,0.13182170689105988,1.6618722028754485,7.643969011317767,0.09742737266626457,0.48712201909573405,0.40411766066601984,1.0,256
synthbuster,1,imagen3,2254785,0.4471022948269156,0.09406576305627823,0.0028599619399756193,0.1304398354319105,PNG,15.072017669677734,10.0,0.020297996699810028,13.868471145629883,0.08585252612829208,20.0,-2.3946618539715607,256,0.0,0.8596604466438293,13.711858749389648,4.897192478179932,0.5036476850509644,0.49635231494903564,1.412252748277258,10.170415345059592,0.10942239174459768,0.5213734273881835,0.40813649022792153,1.0,256
synthbuster,1,imagen3,1279647,0.8002652519893899,0.2724915146827698,0.0,0.005859653152684467,PNG,25.420291900634766,10.0,0.00886558461934328,23.372190475463867,0.053524378687143326,20.0,-2.7297116183717245,256,0.0,0.8291018009185791,0.9817092418670654,2.3212497234344482,0.5835831165313721,0.41641688346862793,0.5120634595114587,0.17606593617839292,0.4080514038855993,0.9177152699493754,0.39701852425649053,1.0,256
synthbuster,1,imagen3,2663935,0.02553191489361702,0.27524322271347046,0.013640237972140312,0.14492343071938377,PNG,15.5100736618042,10.0,0.07250315696001053,15.747949600219727,0.37548625469207764,20.0,-1.8094789108644929,256,0.0,0.824501097202301,13.033672332763672,4.189937114715576,0.814607560634613,0.18539243936538696,1.6269859099111945,9.504290912749909,0.0892601043852849,0.3790140740526318,0.40918222905203383,1.0,256
synthbuster,1,imagen3,1778813,0.4375154315544425,0.10782038420438766,-0.0026725255884230137,0.09145160502507547,PNG,21.88068389892578,10.0,0.00457839947193861,22.892017364501953,0.02385997399687767,20.0,-2.650547780466905,256,0.0,0.8308740854263306,5.256043910980225,4.366552352905273,0.3359990119934082,0.6640009880065918,1.220253683076528,1.648361883049792,0.26968941724339646,0.7888919538900261,0.3857781553380683,1.0,256
synthbuster,1,imagen3,1937560,0.08849557522123894,0.10828986018896103,0.010006080381572247,0.14375887048094066,PNG,21.364233016967773,10.0,0.02646026946604252,17.912370681762695,0.19771075248718262,20.0,-2.252758873046505,256,0.0,0.7906484007835388,11.409517288208008,5.641039848327637,0.6347135305404663,0.3652864694595337,1.4966533910051596,8.262915435169175,0.12057568938404074,0.5648101330506838,0.4044444513721593,1.0,256
synthbuster,1,imagen3,1937745,0.12223340040241448,0.15421000123023987,0.007411099970340729,0.16152342505317632,PNG,21.947267532348633,10.0,0.024745965376496315,16.56806182861328,0.25117921829223633,20.0,-2.2173515553198344,256,0.0,0.7450020909309387,11.31793212890625,5.690093040466309,0.7201968431472778,0.27980315685272217,1.4756234545800275,8.588507019535761,0.15606328490407798,0.5689245827512739,0.40287209778947475,1.0,256
synthbuster,1,imagen3,1889317,0.2073055028462998,0.1524190604686737,-0.0020720167085528374,0.20586509694268654,PNG,23.719173431396484,8.0,0.014267041347920895,21.40571403503418,0.12743094563484192,20.0,-2.4150458258260334,256,0.0,0.7613266110420227,8.736844062805176,9.699530601501465,0.48360973596572876,0.5163902640342712,1.461559727525324,5.06113994617455,0.17668010598458,0.6417071898463872,0.4068218657716511,1.0,256
synthbuster,1,imagen3,1749716,0.5186631944444444,0.12073120474815369,0.0009735017665661871,0.3247513895962411,PNG,27.394845962524414,8.0,0.00569889834150672,30.701366424560547,0.062370654195547104,20.0,-2.687407550868608,256,0.0,0.6971107125282288,9.336467742919922,8.731125831604004,0.7667586207389832,0.23324136435985565,1.4101569412496668,6.674650735294106,0.32034994597780864,0.7753250418422752,0.38133628913016737,1.0,256
synthbuster,1,imagen3,1877673,0.11295889551302166,0.1359163075685501,-0.001449275529012084,0.14567246255608077,PNG,23.67306137084961,10.0,0.007941321469843388,18.322202682495117,0.12252812832593918,20.0,-2.5330366630447183,256,0.0,0.659100353717804,7.623330593109131,5.123416900634766,0.5064321756362915,0.4935678243637085,1.3841012366483072,4.653585489955784,0.1522566794070123,0.7039304505143305,0.389238110829941,1.0,256
synthbuster,1,imagen3,2786572,0.23480558701396753,0.14062948524951935,0.004985572770237923,0.13350696709074272,PNG,14.60845947265625,10.0,0.05142783373594284,14.656936645507812,0.35307949781417847,20.0,-1.8168476353393554,256,0.0,0.7912996411323547,21.45725440979004,1.741722583770752,0.8917638063430786,0.10823617875576019,1.711406886251642,27.755164495025966,0.07663046108353885,0.340210736728237,0.4097772227528144,1.0,256
synthbuster,1,imagen3,1666823,0.14335421016005567,0.2251594066619873,0.02497420273721218,0.14410140153248896,PNG,21.458961486816406,8.0,0.02810126170516014,18.489879608154297,0.24466553330421448,20.0,-2.1289855484074094,256,0.0,0.752892017364502,7.266695022583008,7.010598182678223,0.637040913105011,0.362959086894989,1.137501034115652,3.661464025254711,0.11772029145085862,0.5244027700459021,0.40257698081864696,1.0,256
synthbuster,1,imagen3,1576943,0.33557046979865773,0.3400611877441406,0.024414926767349243,0.21685117641231821,PNG,20.496416091918945,8.0,0.008579995483160019,20.82956314086914,0.10963252186775208,20.0,-2.4828861464976213,256,0.0,0.6813249588012695,3.4951233863830566,1.730049967765808,0.1600765585899353,0.8399234414100647,1.1596788247150633,1.012473627931566,0.25477196862445833,0.8742190584801848,0.3848159005715606,1.0,256
synthbuster,1,imagen3,1548208,0.35117943281208586,0.3619714379310608,0.019968196749687195,0.2217684574018103,PNG,23.899940490722656,10.0,0.0035386208910495043,19.992401123046875,0.052140843123197556,20.0,-2.9484955117765432,256,0.0,0.6822600960731506,4.567311763763428,2.4016764163970947,0.20787078142166138,0.7921292185783386,1.2940996213186047,2.12272067834487,0.19600591044664306,0.7935010032186965,0.3660737411673717,1.0,256
synthbuster,1,imagen3,2133694,0.10371428571428572,0.03492104634642601,-0.016942108049988747,0.03071797510539634,PNG,21.175308227539062,10.0,0.018301350995898247,24.01180076599121,0.16960543394088745,20.0,-2.3302716406950834,256,0.0,0.7518594861030579,8.639239311218262,5.862538814544678,0.4920721650123596,0.5079278349876404,1.4858319362801797,5.1409341809640505,0.14281572906091033,0.629086343804358,0.4078900436482589,1.0,256
synthbuster,1,imagen3,1920158,0.058900523560209424,0.13439878821372986,-0.0004613608180079609,0.18754312291657707,PNG,19.234764099121094,8.0,0.02700261026620865,16.096952438354492,0.15483000874519348,20.0,-2.325696881212445,256,0.0,0.811947762966156,8.954802513122559,4.183211803436279,0.6680206060409546,0.3319794237613678,1.485535642864121,4.810518670703576,0.11771696756375451,0.5630624105749691,0.40780902472683034,1.0,256
synthbuster,1,imagen3,1888384,0.15524235489910548,0.042338110506534576,0.026479456573724747,0.16966265539386352,PNG,24.230012893676758,10.0,0.007647381629794836,20.561119079589844,0.06211868301033974,20.0,-2.8268711734936827,256,0.0,0.7674887776374817,1.8176491260528564,4.727761745452881,0.47103214263916016,0.5289678573608398,0.942697015999737,0.33911432802287617,0.48332870405646955,0.8928353920735752,0.3992043468645309,1.0,256
synthbuster,1,imagen3,2656189,0.06837606837606838,0.08987461030483246,0.02368372306227684,0.1403331888707749,PNG,16.941608428955078,10.0,0.02840258739888668,15.021027565002441,0.28611624240875244,20.0,-2.0177303642300752,256,0.0,0.7432323694229126,16.62346649169922,1.5260844230651855,0.889972984790802,0.11002703756093979,1.715997398157118,18.887132923635143,0.08642766216601386,0.3724414962719482,0.4092384252143868,1.0,256
synthbuster,1,imagen3,2068786,0.02151639344262295,0.22783201932907104,-0.0006669620634056628,0.12217237072410622,PNG,13.464548110961914,10.0,0.04706285521388054,13.859777450561523,0.17837296426296234,20.0,-2.244792329981534,256,0.0,0.8636138439178467,9.347932815551758,3.4841580390930176,0.6768262386322021,0.32317373156547546,1.2797213123273787,4.659738381872366,0.13762880031460104,0.5158001287648595,0.40560965068683313,1.0,256
synthbuster,1,imagen3,2230713,0.09857904085257549,0.15887320041656494,0.018229743465781212,0.2109137024970092,PNG,22.302379608154297,10.0,0.02549927309155464,27.614147186279297,0.247572124004364,20.0,-2.246458496516321,256,0.0,0.752077043056488,9.795955657958984,9.014673233032227,0.8345524072647095,0.16544759273529053,1.2678265874729584,6.352624351211089,0.12095349938032521,0.5865768111002468,0.4022585808070862,1.0,256
synthbuster,1,imagen3,1987939,0.1989819527996298,0.06518208980560303,-0.008548158220946789,0.1822067579517126,PNG,18.752843856811523,10.0,0.017002087086439133,14.766040802001953,0.11911545693874359,20.0,-2.452100291723568,256,0.0,0.7970679402351379,13.633384704589844,2.6507692337036133,0.4046021103858948,0.5953978896141052,1.424318868802412,11.60465710303727,0.15445655158244856,0.6220814314174188,0.4008325443520909,1.0,256
synthbuster,1,imagen3,1966453,0.11824434981984933,0.1459430754184723,0.015659229829907417,0.18381457729746103,PNG,20.396059036254883,10.0,0.021494368091225624,16.62748146057129,0.24656672775745392,20.0,-2.235302528754416,256,0.0,0.718518078327179,6.853619575500488,3.5798068046569824,0.6068633198738098,0.3931366801261902,1.4635403358358858,3.4534134257256848,0.2120320649491076,0.7031361102276406,0.3969209986038422,1.0,256
synthbuster,1,imagen3,2123817,0.08399157451290153,0.10086861252784729,0.0027166269719600677,0.1885267626330481,PNG,24.13028335571289,10.0,0.023093773052096367,19.85672378540039,0.16730128228664398,20.0,-2.3054237331215894,256,0.0,0.8030083775520325,8.659031867980957,4.804481506347656,0.3156101703643799,0.6843898296356201,1.4249660675202478,4.765598672986358,0.16787044910382143,0.6418244725155856,0.40876347565276483,1.0,256
synthbuster,1,imagen3,2063399,0.038018433179723504,0.1604965329170227,0.019294118508696556,0.15817375714395568,PNG,20.566741943359375,8.0,0.016533654183149338,17.119417190551758,0.17369072139263153,20.0,-2.309517747013049,256,0.0,0.746151864528656,10.506999969482422,5.329923629760742,0.7293509244918823,0.27064910531044006,1.4632081790076494,7.977887441128412,0.09520353524078339,0.5211960103387228,0.4038998471883798,1.0,256
synthbuster,1,imagen3,2451367,0.026262626262626262,0.1572280377149582,-0.009145665913820267,0.17615694289284578,PNG,21.167057037353516,10.0,0.03332572430372238,13.949603080749512,0.21354924142360687,20.0,-2.0557476658486884,256,0.0,0.8136016726493835,11.779183387756348,4.599234104156494,0.5881410241127014,0.4118589758872986,1.561910165978398,8.544159548010386,0.08707651407982882,0.457693715521607,0.4060850889767651,1.0,256
synthbuster,1,imagen3,2420127,0.1234011090573013,0.2920069098472595,0.018662987276911736,0.24373128691691492,PNG,26.896135330200195,10.0,0.022061727941036224,26.863128662109375,0.19630134105682373,20.0,-2.273862928443111,256,0.0,0.7781797051429749,9.877326965332031,11.221417427062988,0.6317291259765625,0.3682708442211151,1.5340467961414996,6.453826608155521,0.21143088322784487,0.7100708557681267,0.39909623079019996,1.0,256
synthbuster,1,imagen3,1765797,0.42746259102184525,0.1306307017803192,0.0015549544477835298,0.11708626370605624,PNG,22.336885452270508,8.0,0.01147913746535778,23.742408752441406,0.11358823627233505,20.0,-2.424440166492376,256,0.0,0.7496777772903442,9.83557415008545,8.894783973693848,0.6581929922103882,0.3418070375919342,1.5406114863050984,6.668287167195309,0.2035642279345667,0.6015601009611533,0.4028070154817418,1.0,256
synthbuster,1,imagen3,1981989,0.011995637949836423,0.2506934106349945,0.008601473644375801,0.17512510176605747,PNG,19.806285858154297,10.0,0.021739773452281952,19.037994384765625,0.1823081076145172,20.0,-2.3919798495982665,256,0.0,0.7901110053062439,8.571887016296387,7.054623603820801,0.6616596579551697,0.3383403420448303,1.2422937535199734,4.910020259635727,0.13312224163497988,0.5601226843788689,0.4075614810426198,1.0,256
synthbuster,1,imagen3,1884357,0.17910828025477707,0.27087903022766113,-0.0008415229385718703,0.20341039368730288,PNG,20.198047637939453,6.0,0.054997604340314865,21.970523834228516,0.2876298129558563,20.0,-2.130983101104253,256,0.0,0.8354395627975464,13.200578689575195,10.515653610229492,0.6639528870582581,0.33604711294174194,1.447543351293821,9.687716728541893,0.1841197286288311,0.5934380440891698,0.4026540804941106,1.0,256
synthbuster,1,FLUX.1-dev,1122607,0.42941659819227607,0.09757813811302185,0.002264860086143017,0.2897200090174578,PNG,31.575057983398438,8.0,0.0060799941420555115,26.271026611328125,0.11659647524356842,20.0,-2.4180605778974518,256,0.0,0.6423689126968384,9.153597831726074,9.777504920959473,0.772112250328064,0.22788771986961365,1.5317849177239702,7.21735330161476,0.18280575815703545,0.6757685986747135,0.3931359148080729,1.0,256
synthbuster,1,FLUX.1-dev,1307795,0.1249266862170088,0.22090697288513184,0.0013333336682990193,0.22917506467958645,PNG,19.36019515991211,10.0,0.01842588558793068,22.219621658325195,0.10286436229944229,20.0,-2.4483504353845915,256,0.0,0.823885977268219,9.347999572753906,5.807189464569092,0.6479249596595764,0.3520750403404236,1.5225262050344768,5.210734362985393,0.12027954815857303,0.649911623345764,0.40246763017988624,1.0,256
synthbuster,1,FLUX.1-dev,1258320,0.23362948338269168,0.23269538581371307,-0.008553911931812763,0.19131506744088808,PNG,12.038301467895508,10.0,0.04646451398730278,13.868244171142578,0.08399845659732819,20.0,-2.635550175864196,256,0.0,0.9259271025657654,14.34150218963623,5.431581497192383,0.6129939556121826,0.38700607419013977,1.269362658813935,9.307611690816046,0.09350586348822083,0.48788907023607964,0.40426651243115735,1.0,256
synthbuster,1,FLUX.1-dev,589199,0.23428466886205634,0.31242936849594116,0.0,0.02229689767156552,PNG,33.33247756958008,10.0,0.004617487546056509,34.4171257019043,0.033416226506233215,20.0,-2.9007516599064997,256,0.0,0.7297781705856323,0.6401538848876953,6.316972255706787,0.7591896057128906,0.24081040918827057,0.8662173669040361,0.11835975045655511,0.3440196234916093,0.9417693390162436,0.38357079957467943,1.0,256
synthbuster,1,FLUX.1-dev,1460998,0.35315533980582525,0.264695405960083,0.019579527899622917,0.2330271752515321,PNG,16.51659393310547,10.0,0.037046462297439575,16.905864715576172,0.16805675625801086,20.0,-2.174688868870774,256,0.0,0.8498268127441406,14.381174087524414,4.979814529418945,0.6876180171966553,0.31238195300102234,1.528816647656824,11.151656979887568,0.08724211708717648,0.4555640573071321,0.4091239960906213,1.0,256
synthbuster,1,FLUX.1-dev,1072139,0.250620803825991,0.2341928482055664,0.00331019121222198,0.17034317450035974,PNG,17.031736373901367,10.0,0.02974894270300865,19.93182945251465,0.10488715022802353,20.0,-2.5621697094656453,256,0.0,0.8743022084236145,8.940627098083496,8.380390167236328,0.49155688285827637,0.5084431171417236,1.1954656096602139,4.304560595684363,0.15436788436450188,0.6602530866976518,0.40302719302737355,1.0,256
synthbuster,1,FLUX.1-dev,978610,0.4294300518134715,0.11187958717346191,-0.005066500511020422,0.23091691138686024,PNG,22.27521514892578,8.0,0.007844872772693634,22.802597045898438,0.06585995852947235,20.0,-2.7228003005831485,256,0.0,0.7683082222938538,11.166365623474121,7.018111228942871,0.4905778169631958,0.5094221830368042,1.3821299257722923,8.646022368199715,0.2186445252765319,0.7020016036688154,0.39734623469417296,1.0,256
synthbuster,1,FLUX.1-dev,1114297,0.2634887375589314,0.24781453609466553,0.005232843104749918,0.3222376579609386,PNG,25.999696731567383,10.0,0.01648079976439476,17.034164428710938,0.16686654090881348,20.0,-2.3673855503149652,256,0.0,0.7519710063934326,12.87753677368164,9.302314758300781,0.7209000587463379,0.2790999710559845,1.468351009018726,11.247319810890033,0.10538603718623724,0.5503538918355014,0.4042070279889602,1.0,256
synthbuster,1,FLUX.1-dev,1120652,0.3098729227761486,0.31247782707214355,-0.0044181509874761105,0.22578130988303907,PNG,21.188064575195312,8.0,0.011806953698396683,21.89194107055664,0.08353795111179352,20.0,-2.5233284293106393,256,0.0,0.800232470035553,10.440332412719727,8.927616119384766,0.30882585048675537,0.6911741495132446,1.4012905408786307,6.846733768262203,0.1699030833028597,0.7160357018911185,0.4025300523185928,1.0,256
synthbuster,1,FLUX.1-dev,729198,0.3296314376372956,0.15537826716899872,0.004223887342959642,0.17676876007148365,PNG,26.476839065551758,10.0,0.001524597406387329,25.422069549560547,0.028864094987511635,20.0,-3.378458255922078,256,0.0,0.5544384717941284,2.020747184753418,4.350813865661621,0.5084947347640991,0.49150529503822327,1.1311173573546145,0.823785473135333,0.16535104250529922,0.7942238103943895,0.3337780426910094,1.0,256
synthbuster,1,FLUX.1-dev,812106,0.2372367581365667,0.055189017206430435,0.020071737468242645,0.1425749244870062,PNG,24.705810546875,10.0,0.004229370504617691,19.285503387451172,0.045183271169662476,20.0,-3.0692822404390196,256,0.0,0.7227716445922852,4.952147006988525,5.860743999481201,0.42201632261276245,0.5779836773872375,1.0985206154941805,2.276761792339483,0.1473624074921713,0.8001661177623598,0.34830813308020436,1.0,256
synthbuster,1,FLUX.1-dev,1533335,0.5500252228014125,0.14061138033866882,-0.0014070193283259869,0.1610839708362835,PNG,13.399608612060547,10.0,0.05492253229022026,14.234843254089355,0.21611042320728302,20.0,-1.968060158674352,256,0.0,0.8493306636810303,16.541847229003906,2.6364731788635254,0.8677185773849487,0.13228143751621246,1.4229538188861257,14.712550686634968,0.1296955179890611,0.44383449048587464,0.4091517416401803,1.0,256
synthbuster,1,FLUX.1-dev,1203708,0.23998556477805846,0.22182855010032654,0.0027842866256833076,0.26808301737965834,PNG,16.754270553588867,10.0,0.04973441734910011,19.914413452148438,0.12551471590995789,20.0,-2.537323827203754,256,0.0,0.9046961665153503,12.992253303527832,6.436889171600342,0.8118045330047607,0.18819546699523926,1.3707952589756873,8.04858778774992,0.1037124469082423,0.500928672548432,0.40189392596914364,1.0,256
synthbuster,1,FLUX.1-dev,791470,0.3747188954552586,0.32788848876953125,-0.000477869703900069,0.22504803433901902,PNG,15.300321578979492,10.0,0.022528667002916336,14.510106086730957,0.11922750622034073,20.0,-2.5817193282887527,256,0.0,0.8278793692588806,8.10887622833252,3.5506746768951416,0.48734354972839355,0.5126564502716064,1.3731271034124255,3.9936552798202642,0.23291662162561722,0.7677924875064519,0.3844340442571675,1.0,256
synthbuster,1,FLUX.1-dev,690309,0.24910964732579027,0.29553306102752686,0.0,0.09080691661813066,PNG,27.425609588623047,10.0,0.0047957501374185085,27.033483505249023,0.04125968739390373,20.0,-2.9990247982811464,256,0.0,0.7065064311027527,1.3287158012390137,4.187042713165283,-0.08890199661254883,1.0889019966125488,1.1983753796565657,0.24426737913302562,0.35159725697350624,0.9347214715882564,0.3836776020831545,1.0,256
synthbuster,1,FLUX.1-dev,1148495,0.2876200640341515,0.05556628108024597,-0.007491059601306915,0.0772297894132419,PNG,16.41597557067871,10.0,0.03792733699083328,19.03711700439453,0.10667943954467773,20.0,-2.4359056801189114,256,0.0,0.8977065086364746,11.880897521972656,10.453118324279785,0.5033249855041504,0.4966750144958496,1.3392313242752276,6.827381535947714,0.12650970501609884,0.5908119307694583,0.3969134296021877,1.0,256
synthbuster,1,FLUX.1-dev,1260142,0.23301841252327427,0.14396712183952332,-0.02512931264936924,0.15541283562497887,PNG,18.6025447845459,10.0,0.02423996664583683,22.213573455810547,0.06171924248337746,20.0,-2.681757090568257,256,0.0,0.9151632189750671,7.801815986633301,3.4184467792510986,0.5039050579071045,0.4960949718952179,1.1197442473408041,2.8811659878412206,0.1651628708485391,0.7013153962891001,0.3972243503558881,1.0,256
synthbuster,1,FLUX.1-dev,831490,0.34581593597773136,0.14135801792144775,0.015936229377985,0.27217565181046416,PNG,22.68231964111328,8.0,0.011547988280653954,20.797039031982422,0.06820023059844971,20.0,-2.7614095197050683,256,0.0,0.8434033989906311,5.077836036682129,3.7322280406951904,-0.2539706230163574,1.2539706230163574,1.2307072734187992,1.6885588325403735,0.3363566180605744,0.8684588769462044,0.3858313271858842,1.0,256
synthbuster,1,FLUX.1-dev,1069248,0.31175143204304806,0.11616290360689163,-0.0011705037904903293,0.18329099616210823,PNG,27.62032699584961,10.0,0.001363726332783699,21.17567253112793,0.019265785813331604,20.0,-3.2319463627448055,256,0.0,0.591314971446991,2.0997345447540283,2.4936411380767822,0.08541744947433472,0.9145825505256653,1.110079876322879,1.029583423442908,0.14107671150454804,0.7769786622831623,0.31185676041066884,1.0,256
synthbuster,1,FLUX.1-dev,1115797,0.09243697478991597,0.1824207305908203,0.005993761122226715,0.15521965444221728,PNG,10.964704513549805,10.0,0.1465243250131607,14.166436195373535,0.3062981963157654,20.0,-2.0053462459885396,256,0.0,0.9123817086219788,10.569826126098633,4.889225959777832,0.7940347194671631,0.20596526563167572,1.0810665017463499,5.267602514657827,0.17460927843802615,0.5098340626973296,0.3997645752582515,1.0,256
synthbuster,1,FLUX.1-dev,1150644,0.03956343792633015,0.15916681289672852,0.014392158016562462,0.2348389586962046,PNG,23.334266662597656,10.0,0.03861093521118164,24.61855697631836,0.24282783269882202,20.0,-2.1767304189906325,256,0.0,0.8107211589813232,11.451961517333984,8.66522216796875,0.831560492515564,0.16843950748443604,1.3753471629155443,8.049550833813928,0.09498338335438197,0.5033152712813137,0.40251529413632325,1.0,256
synthbuster,1,FLUX.1-dev,1037760,0.3403582718651212,0.03872460871934891,-0.008576505817472935,0.18177960389319542,PNG,15.465583801269531,10.0,0.03722701221704483,12.859987258911133,0.13288390636444092,20.0,-2.467659835173224,256,0.0,0.8670600652694702,11.68364143371582,2.8252532482147217,0.46823209524154663,0.5317679047584534,1.2813191362608671,7.052298214629002,0.21186338135108887,0.6475090415181393,0.39565164197786484,1.0,256
synthbuster,1,FLUX.1-dev,1127732,0.6631339894019682,0.0872812420129776,0.008128231391310692,0.330474588032836,PNG,18.072927474975586,10.0,0.019192423671483994,13.457965850830078,0.16810192167758942,20.0,-2.424116318073947,256,0.0,0.7352789044380188,12.534346580505371,4.5073466300964355,0.7509266138076782,0.24907337129116058,1.4542177943674761,10.784588589725113,0.1828744278440651,0.6681316283660361,0.36709255959494225,1.0,256
synthbuster,1,FLUX.1-dev,961143,0.30797071645965285,0.11327967792749405,-0.017677316442131996,0.19344807868720418,PNG,22.701248168945312,10.0,0.004715021699666977,25.812427520751953,0.020801236853003502,20.0,-3.19071279577003,256,0.0,0.8654301762580872,5.467988014221191,10.056501388549805,0.7043713331222534,0.2956286668777466,1.1319579359851617,1.99279821763264,0.15910051795546337,0.7520883842552393,0.4018481081166671,1.0,256
synthbuster,1,FLUX.1-dev,987012,0.12115891132572432,0.16266657412052155,0.02170959860086441,0.2589244003096924,PNG,23.035335540771484,8.0,0.03296327590942383,23.692380905151367,0.2019471526145935,20.0,-2.36273103488297,256,0.0,0.82613605260849,14.548392295837402,8.795917510986328,0.8927955031394958,0.10720451176166534,1.524167917298134,13.330488288759124,0.0876707603145817,0.5019923376755774,0.39308302659019817,1.0,256
synthbuster,1,FLUX.1-dev,1153289,0.12702129216360578,0.16174355149269104,0.0,0.13158809781835615,PNG,20.3333740234375,10.0,0.008545072749257088,26.892202377319336,0.032104186713695526,20.0,-2.7720144150596453,256,0.0,0.8591462969779968,4.605055809020996,8.770150184631348,0.34239429235458374,0.6576057076454163,1.1519169567719925,1.2305974114523268,0.18983291059412527,0.8156458344907227,0.3993401656806324,1.0,256
synthbuster,1,FLUX.1-dev,1418055,0.39401285970275113,0.3546225428581238,-0.0031896571163088083,0.3490424828217583,PNG,22.918010711669922,10.0,0.012698691338300705,20.57694435119629,0.13940748572349548,20.0,-2.4712351591501043,256,0.0,0.744256317615509,12.196310043334961,8.632061958312988,0.7739676237106323,0.22603239119052887,1.496316006507869,10.950423229647239,0.17595711891422475,0.601757532054989,0.39241394963542536,1.0,256
synthbuster,1,FLUX.1-dev,1123019,0.27868039191367977,0.14407067000865936,0.0003925203927792609,0.1380306415923121,PNG,20.357769012451172,10.0,0.026881767436861992,21.404191970825195,0.11920187622308731,20.0,-2.503886086977776,256,0.0,0.8497293591499329,13.091638565063477,7.735340595245361,0.6431601047515869,0.3568398952484131,1.3953757136845397,9.327379974048444,0.13691856808195746,0.5686722658356127,0.40624634920970026,1.0,256
synthbuster,1,FLUX.1-dev,1115823,0.05185621685327048,0.14391125738620758,0.004919618368148804,0.16680312712456596,PNG,12.412954330444336,10.0,0.12929676473140717,17.23611068725586,0.27246472239494324,20.0,-2.06176520696957,256,0.0,0.916979193687439,12.148940086364746,8.600836753845215,0.718100905418396,0.2818990647792816,1.1938100069378528,6.8842457828719885,0.1549141985299044,0.540076770938731,0.39957484301212254,1.0,256
synthbuster,1,FLUX.1-dev,968135,0.5483488132094944,0.3904726505279541,0.006354603450745344,0.2167610241043499,PNG,18.53765869140625,8.0,0.07575733214616776,18.772523880004883,0.28379756212234497,20.0,-1.7357298113907242,256,0.0,0.8532839417457581,15.124865531921387,10.061450958251953,0.3107959032058716,0.6892040967941284,1.4797625514494988,11.806924800557466,0.1847250536154597,0.6430407472113686,0.39266255337745243,1.0,256
synthbuster,1,SD3-medium,1735674,0.0,0.21237334609031677,0.013009732589125633,0.21944233116783032,PNG,14.35731315612793,10.0,0.06705929338932037,19.473569869995117,0.29601919651031494,20.0,-1.8694638430127226,256,0.0,0.853507399559021,17.427230834960938,1.8081284761428833,0.8606994152069092,0.13930058479309082,1.6149982310511088,16.132640000240283,0.06409063109783983,0.30764140982775745,0.407101081023742,1.0,256
synthbuster,1,SD3-medium,1219660,0.5243515581265161,0.3285023272037506,0.00010895353625528514,0.22699820438162732,PNG,13.985322952270508,8.0,0.015175368636846542,16.194902420043945,0.045234959572553635,20.0,-2.407303020870186,256,0.0,0.8906532526016235,9.998807907104492,3.543658494949341,0.662949800491333,0.337050199508667,1.1319851457123995,5.199491661860834,0.12042707994856383,0.5143662629549214,0.40380841365388087,1.0,256
synthbuster,1,SD3-medium,1155649,0.3792704111175449,0.19222623109817505,0.0025716188829392195,0.19662227829832002,PNG,20.92534828186035,10.0,0.01604049652814865,21.740009307861328,0.14176055788993835,20.0,-2.3906991642561186,256,0.0,0.7750766277313232,14.241543769836426,5.598074913024902,0.6354405283927917,0.36455947160720825,1.4844759559886043,13.226993133650508,0.1427190981957475,0.5992288819436633,0.40159805790959924,1.0,256
synthbuster,1,SD3-medium,1286030,0.6685909771220868,0.32857009768486023,0.0028587135020643473,0.3135858947899898,PNG,22.00843048095703,8.0,0.03191399574279785,18.287473678588867,0.2493373453617096,20.0,-2.0578577667240685,256,0.0,0.7837801575660706,21.88208770751953,8.294883728027344,0.8359792232513428,0.16402076184749603,1.6626475571347317,28.998673857410598,0.09148763593458746,0.43581857233389765,0.403187491493208,1.0,256
synthbuster,1,SD3-medium,1361813,0.18304832713754646,0.3690933287143707,0.007794079836457968,0.24922083434868397,PNG,21.882123947143555,10.0,0.03073188289999962,18.602413177490234,0.26112687587738037,20.0,-2.1166970378547223,256,0.0,0.7713333368301392,15.182562828063965,5.214888572692871,0.5327671766281128,0.4672328531742096,1.531574267971211,14.30332881283641,0.14037545344927965,0.5394344959200041,0.39953902467665203,1.0,256
synthbuster,1,SD3-medium,1446926,0.1294240111034004,0.28231221437454224,0.0004651310737244785,0.2296223840275977,PNG,28.15350341796875,10.0,0.01682848297059536,26.459522247314453,0.15601125359535217,20.0,-2.466300112217253,256,0.0,0.7571575045585632,9.347352027893066,9.555383682250977,0.41632354259490967,0.5836764574050903,1.4689908986391877,6.085062265715109,0.11313289667805032,0.6423609434500563,0.3996914005505955,1.0,256
synthbuster,1,SD3-medium,1433434,0.16176470588235295,0.10152379423379898,0.0032856562174856663,0.16710251350187746,PNG,13.990382194519043,10.0,0.05369935184717178,16.60672950744629,0.18414698541164398,20.0,-2.2013109756009106,256,0.0,0.8736374378204346,22.37351417541504,2.6235976219177246,0.8521317839622498,0.14786820113658905,1.6959286477278186,25.47121925761723,0.062455865817783486,0.32364360733021535,0.40787135968774696,1.0,256
synthbuster,1,SD3-medium,701960,0.5094773935036517,0.3648829758167267,0.0,0.07426672227696808,PNG,30.30665397644043,10.0,0.0018018744885921478,29.88951873779297,0.025402463972568512,20.0,-3.3617872642854016,256,0.0,0.4868454933166504,0.7840172052383423,1.6530181169509888,0.17497867345809937,0.8250213265419006,1.1269538698575305,0.18844256115436367,0.32913339392365043,0.9467526064847763,0.36132389267863746,1.0,256
synthbuster,1,SD3-medium,1574107,0.1972067039106145,0.18426574766635895,0.007468772120773792,0.20670751840377968,PNG,16.18777847290039,10.0,0.032509945333004,19.148109436035156,0.13825583457946777,20.0,-2.491914967485226,256,0.0,0.8562116622924805,18.77845573425293,5.33637809753418,0.7752764821052551,0.22472353279590607,1.4842618065495814,18.744712009803894,0.0816491619601272,0.3839086381528616,0.4034739773928499,1.0,256
synthbuster,1,SD3-medium,1132164,0.06334125098970704,0.12004335224628448,0.004616411402821541,0.1566783307345353,PNG,22.821311950683594,10.0,0.009808525443077087,31.592714309692383,0.12122364342212677,20.0,-2.3805361747872276,256,0.0,0.7359504103660583,11.776328086853027,7.655913352966309,0.7617548108100891,0.2382451742887497,1.3777495998697178,9.973193408184347,0.11457865280966834,0.505065400091605,0.40233450912176116,1.0,256
synthbuster,1,SD3-medium,871607,0.33179988499137436,0.07244709134101868,0.0077669210731983185,0.23896835068346767,PNG,28.457555770874023,10.0,0.001971024088561535,24.54672622680664,0.08120755106210709,20.0,-2.8711346690684714,256,0.0,0.40680453181266785,6.981454849243164,5.194950580596924,0.7111012935638428,0.28889867663383484,1.3816962313367789,6.497022449298342,0.128309458897606,0.6522337411614789,0.3603722581509551,1.0,256
synthbuster,1,SD3-medium,1842320,0.21067106710671066,0.13456286489963531,0.0057066259905695915,0.10015542472077231,PNG,11.719820022583008,10.0,0.07956092804670334,22.308481216430664,0.37527191638946533,20.0,-1.8357399796408749,256,0.0,0.849006175994873,21.27192497253418,0.23929312825202942,0.8948387503623962,0.10516123473644257,1.7098077657607167,24.408941813244915,0.06328130054731672,0.27834641047715,0.40961411310571355,1.0,256
synthbuster,1,SD3-medium,1692363,0.0,0.17921996116638184,0.0,0.12471094829118176,PNG,9.01210880279541,8.0,0.2636127769947052,16.293670654296875,0.5806642174720764,20.0,-1.192052143137313,256,0.0,0.909896194934845,19.43473243713379,2.097123146057129,0.8144792318344116,0.18552078306674957,1.7499046724534584,17.57424593305459,0.08362722871052514,0.25760098809377513,0.4032976533112715,1.0,256
synthbuster,1,SD3-medium,862909,0.47833439019234836,0.49462220072746277,0.00393827585503459,0.20948934079764464,PNG,22.849239349365234,10.0,0.004113960545510054,15.902670860290527,0.10461758822202682,20.0,-2.705019935048631,256,0.0,0.588798463344574,5.808688163757324,0.02619355544447899,0.33030080795288086,0.6696991920471191,1.2469506912462358,3.5380056799067727,0.2950797027273045,0.7970815284910717,0.3858615611268006,1.0,256
synthbuster,1,SD3-medium,898940,0.20164974619289341,0.32126584649086,0.0,0.08049403026926397,PNG,28.18541717529297,10.0,0.0029172187205404043,29.081666946411133,0.03935815766453743,20.0,-3.2044599486025067,256,0.0,0.6037393808364868,1.8314166069030762,1.7920345067977905,0.20958667993545532,0.7904133200645447,1.2066004701016102,0.5605256992502883,0.2580645290927168,0.8556023861372477,0.3531084670960546,1.0,256
synthbuster,1,SD3-medium,1440343,0.0,0.04672056436538696,-0.01021050475537777,0.0690395800226647,PNG,11.954587936401367,8.0,0.11412414163351059,19.872215270996094,0.3036763668060303,20.0,-2.022575581630854,256,0.0,0.8992547392845154,21.039478302001953,4.430596351623535,0.8206661939620972,0.17933380603790283,1.6170770977762376,21.357039810409482,0.06800768771932583,0.2780477085034295,0.39980141306864636,1.0,256
synthbuster,1,SD3-medium,1308940,0.17780580075662042,0.09088100492954254,-0.014963163994252682,0.17227274290858027,PNG,17.79041862487793,10.0,0.018495621159672737,20.44938850402832,0.05895631015300751,20.0,-2.6380331531527257,256,0.0,0.8989582657814026,12.161321640014648,2.5155162811279297,0.4570268392562866,0.5429731607437134,1.3651600519035987,7.40151385584873,0.1406757042760759,0.5428412236787957,0.4057626906821584,1.0,256
synthbuster,1,SD3-medium,1269201,0.15113751630198521,0.21701915562152863,0.009617000818252563,0.30302236271988237,PNG,20.09514045715332,10.0,0.008290408179163933,22.91766357421875,0.036880817264318466,20.0,-2.883995244638716,256,0.0,0.8723152875900269,3.8859989643096924,3.839144706726074,0.5301854610443115,0.4698145091533661,0.9904921140407991,0.9938325553873508,0.2088540926859334,0.7541186317083348,0.4039362504467116,1.0,256
synthbuster,1,SD3-medium,1526762,0.27294685990338163,0.21633994579315186,-0.002994201146066189,0.3513847748466312,PNG,22.677806854248047,10.0,0.00851651281118393,23.130332946777344,0.12721161544322968,20.0,-2.493207086209359,256,0.0,0.6481226682662964,9.973756790161133,1.2235922813415527,0.7812478542327881,0.2187521606683731,1.343163464563699,8.148665176855058,0.07030160680396512,0.4385099536735061,0.4048613476836134,1.0,256
synthbuster,1,SD3-medium,1359690,0.02443280977312391,0.14269964396953583,-6.535972352139652e-05,0.09603005934465379,PNG,14.228009223937988,10.0,0.039059821516275406,21.2784481048584,0.14171810448169708,20.0,-2.212743397910159,256,0.0,0.8611544966697693,11.802899360656738,0.9739924669265747,0.6416983604431152,0.35830163955688477,1.2120154086816903,7.317503934784712,0.10706396965598339,0.43892935461570365,0.4030425128710794,1.0,256
synthbuster,1,SD3-medium,1401564,0.08931860036832412,0.10338331758975983,0.009109843522310257,0.22315746225152328,PNG,20.6002140045166,10.0,0.022740917280316353,23.491466522216797,0.12792813777923584,20.0,-2.558277549941567,256,0.0,0.8412492871284485,14.103937149047852,7.637820720672607,0.8673049211502075,0.13269510865211487,1.3504888051280455,11.749306231377357,0.07677729455000669,0.43435526789495826,0.4038163925838047,1.0,256
synthbuster,1,SD3-medium,932096,0.3929593459005224,0.05084475874900818,-0.006725194398313761,0.2861494950994322,PNG,19.1816349029541,10.0,0.006687386892735958,14.76662826538086,0.08124673366546631,20.0,-2.742356738674942,256,0.0,0.682470977306366,13.038705825805664,1.8404663801193237,0.5545932054519653,0.44540679454803467,1.40266117959647,13.58070286968952,0.4532302688639858,0.8013615876158051,0.38746298131440277,1.0,256
synthbuster,1,SD3-medium,1387646,0.11038961038961038,0.4095641076564789,0.004885929636657238,0.25090795497919544,PNG,17.11773109436035,10.0,0.019137300550937653,14.453550338745117,0.1463250070810318,20.0,-2.472700155495925,256,0.0,0.7801983952522278,13.198780059814453,1.0662243366241455,0.8255665302276611,0.17443343997001648,1.4552083285389092,11.50353095864572,0.11705927458102137,0.5496297344041616,0.40495270562778973,1.0,256
synthbuster,1,SD3-medium,1045824,0.16771135911940072,0.07835836708545685,-0.010284869000315666,0.11093868318520157,PNG,25.16058349609375,10.0,0.005625817459076643,28.58384895324707,0.02569429576396942,20.0,-2.954761191679543,256,0.0,0.8828149437904358,2.354261875152588,3.12619686126709,0.5960655808448792,0.40393441915512085,1.2475227675167728,0.44640305111015005,0.24598777656986462,0.8122478852995649,0.4059718648009075,1.0,256
synthbuster,1,SD3-medium,1216933,0.543214704732108,0.21564757823944092,-2.106107103827526e-06,0.3569834353435272,PNG,21.108421325683594,10.0,0.014197009615600109,18.298370361328125,0.15396609902381897,20.0,-2.4239951288089117,256,0.0,0.7321310639381409,14.184877395629883,4.258166313171387,0.8771439790725708,0.1228560283780098,1.5219812940435644,14.945919883578433,0.09486799113124084,0.4929763927638808,0.3986487895656861,1.0,256
synthbuster,1,SD3-medium,1473869,0.026200873362445413,0.2261943221092224,0.006382887251675129,0.22720908989755007,PNG,9.370707511901855,8.0,0.11475882679224014,16.39241600036621,0.23977530002593994,20.0,-1.9683002932316196,256,0.0,0.9190021753311157,17.72441291809082,2.8114800453186035,0.3505735993385315,0.6494264006614685,1.660771361583483,14.518003787605727,0.10060789217401747,0.43329382569923286,0.4058372532754833,1.0,256
synthbuster,1,SD3-medium,1575780,0.31261174528950625,0.29274383187294006,-0.0006934312405064702,0.2055730326095727,PNG,21.563997268676758,8.0,0.022086990997195244,22.314565658569336,0.1768789291381836,20.0,-2.339591035377883,256,0.0,0.7658617496490479,13.075947761535645,6.3831706047058105,0.7565382719039917,0.2434617578983307,1.4344030117245947,10.832645842344284,0.15311866501192212,0.5193127942085181,0.40419140917752205,1.0,256
synthbuster,1,SD3-medium,1147270,0.4745804744978094,0.18502868711948395,0.010561250150203705,0.12485118846209066,PNG,19.672225952148438,8.0,0.029328199103474617,22.32056427001953,0.16780680418014526,20.0,-2.3271119516288232,256,0.0,0.8352851271629333,13.877422332763672,7.090636253356934,0.5155218243598938,0.4844781756401062,1.504912946247393,10.946789861471563,0.1653268053134805,0.5273044020922036,0.40248792194333505,1.0,256
synthbuster,1,SD3-medium,1271070,0.009708737864077669,0.34073248505592346,0.0003728253359440714,0.19348350981031412,PNG,14.197216987609863,8.0,0.016396671533584595,18.91061782836914,0.07931677997112274,20.0,-2.4657487742647666,256,0.0,0.840530276298523,9.642956733703613,0.7776364088058472,0.831121563911438,0.168878436088562,1.3810294104699932,5.331685514585732,0.08788520947339032,0.4480609037257788,0.4102197498954353,1.0,256
synthbuster,1,SD3-medium,1107536,0.4879677605066206,0.299485445022583,-0.009440981782972813,0.2146532206073283,PNG,19.550491333007812,8.0,0.029344115406274796,20.127351760864258,0.15477032959461212,20.0,-2.273714844588523,256,0.0,0.8406699299812317,14.708118438720703,7.273044109344482,0.3271753191947937,0.6728246808052063,1.559437323869896,11.901088718882134,0.1967525220165928,0.6106614157972461,0.39527541776289626,1.0,256
