dataset,label,source,bytes,color.banded_fraction,color.colorfulness,color.gray_region_rb_cast,color.saturation_std,fmt,frequency.best_lattice_db,frequency.best_lattice_period,frequency.hf_energy_ratio,frequency.max_peak_db,frequency.mid_energy_ratio,frequency.n_peaks_significant,frequency.power_law_exponent,h,jpeg.is_jpeg,noise.noise_hf_ratio,noise.noise_sigma,noise.sensor_periodicity_db,noise.spatial_uniformity,noise.tile_std_cv,texture.fractal_dimension,texture.glcm_contrast,texture.glcm_energy,texture.glcm_homogeneity,texture.lbp_entropy,texture.lbp_uniform_ratio,w
defactify,1,4,10242,0.36256057703144373,0.09263017773628235,0.006889857351779938,0.2064611365639679,JPEG,15.032180786132812,6.0,0.024600770324468613,13.8367919921875,0.12205462157726288,20.0,-2.4563895656162678,270,0.0,0.8198301792144775,4.738366603851318,5.220329761505127,0.2364315390586853,0.7635684609413147,1.2698898772995273,1.4467103468361053,0.21644683333725373,0.770771650756382,0.3926764771826268,1.0,270
defactify,1,4,9781,0.43663983380940014,0.0790189802646637,0.01515225414186716,0.22297721392208883,JPEG,19.964860916137695,10.0,0.012921702116727829,17.91133689880371,0.13804416358470917,20.0,-2.487754873025608,270,0.0,0.7385174036026001,4.619849681854248,3.1717302799224854,0.44557517766952515,0.5544248223304749,1.2932889845629725,1.7290515481277782,0.2784711212103349,0.787570882922527,0.38299053058773935,1.0,270
defactify,1,3,68868,0.6043481390828594,0.0672379732131958,0.0112933199852705,0.19794851884924083,JPEG,26.244110107421875,10.0,0.005590238142758608,24.44732666015625,0.03807681426405907,20.0,-2.72485623372297,1024,0.0,0.8192949295043945,3.375612735748291,11.060037612915039,0.3155345320701599,0.6844654679298401,1.1970240288989262,0.6891646213460113,0.2571636302122022,0.8939495374765435,0.35126843706901073,1.0,1024
defactify,1,5,15865,0.4632562737300892,0.06796462833881378,0.007258974481374025,0.15266639422977357,JPEG,30.06267547607422,10.0,0.0011755782179534435,22.272159576416016,0.02100582793354988,20.0,-2.9862246319614925,436,0.0,0.5674735903739929,1.2329940795898438,4.523706912994385,0.5686210989952087,0.43137890100479126,1.0412077718077526,0.31576583349098,0.24144204053354903,0.8783341082442351,0.361102470875723,1.0,436
defactify,1,5,21823,0.4999052994431607,0.08768926560878754,0.003878653282299638,0.24223562356670897,JPEG,34.74978256225586,10.0,0.0015217250911518931,26.447200775146484,0.06003905460238457,20.0,-2.6154196895377844,436,0.0,0.4645388126373291,2.1396520137786865,7.212417125701904,0.5943599939346313,0.40564000606536865,1.4682957170258908,0.763348837364538,0.1757446503334685,0.7775818980536825,0.3582148727962096,1.0,436
defactify,0,0,7376,0.8820870173335331,0.06746356189250946,-0.0001097606509574689,0.12547253027318733,JPEG,33.17399978637695,10.0,0.0017030042363330722,35.44734573364258,0.013876969926059246,20.0,-2.497334726444733,640,0.0,0.7103873491287231,0.6249731779098511,6.702418327331543,-0.3740055561065674,1.3740055561065674,1.080682952815537,0.05517117721370271,0.422726461866953,0.982735635022603,0.1821176942088598,0.9999999999999999,427
defactify,1,1,89748,0.12788737143820603,0.10323324799537659,-0.006319086533039808,0.16463925058567272,JPEG,15.258788108825684,10.0,0.015968231484293938,19.323122024536133,0.10320835560560226,20.0,-2.3544604448897357,768,0.0,0.7964798212051392,3.9281229972839355,3.685793876647949,0.6976279020309448,0.30237212777137756,1.1264693179501455,0.9965999451148917,0.23480466077234294,0.7402369506056932,0.4075823550135948,1.0,768
defactify,0,0,28076,0.32734574266022687,0.0,0.0,0.0,JPEG,24.853933334350586,10.0,0.002287107752636075,20.08224105834961,0.041518568992614746,20.0,-2.772422731856055,416,0.0,0.6296294927597046,2.3275227546691895,2.871335744857788,0.5466220378875732,0.45337796211242676,1.092904145918043,0.7142698622928609,0.20873374615228063,0.7996683105954661,0.39793162081723127,1.0,640
defactify,1,5,17397,0.49802591617736386,0.10601188242435455,-0.0067892312072217464,0.18314960318405296,JPEG,30.777008056640625,10.0,0.0015586448134854436,31.661203384399414,0.02530539222061634,20.0,-2.7200961259053327,436,0.0,0.5721591711044312,1.42643404006958,5.6158833503723145,0.6319599151611328,0.3680401146411896,1.1862694293220442,0.3302802293457588,0.21938906253615093,0.8661186494839057,0.3733880828498478,1.0,436
defactify,1,4,13498,0.4216452924616828,0.057514406740665436,0.00344999716617167,0.1466150867845332,JPEG,20.776968002319336,10.0,0.02791164256632328,22.287818908691406,0.1386803537607193,20.0,-2.450633389847268,270,0.0,0.8455114960670471,7.200244903564453,8.438434600830078,0.6681324243545532,0.3318675458431244,1.4073696760729286,3.087623423094188,0.14884663539950577,0.6532854525292201,0.40044685616397935,1.0,270
defactify,1,1,73532,0.46899633267293345,0.044040922075510025,0.0005861299578100443,0.25689176977648204,JPEG,27.736526489257812,10.0,0.007672702893614769,15.67556381225586,0.08190405368804932,20.0,-2.4995929753131323,768,0.0,0.7297672033309937,4.817821025848389,8.525556564331055,0.4635655879974365,0.5364344120025635,1.400550834121461,1.8365904856178148,0.17880965220719952,0.7827210075709163,0.3936810563784826,1.0,768
defactify,1,2,76960,0.6455864755683914,0.05690661445260048,-0.0059494031593203545,0.18429711318061498,JPEG,22.185073852539062,10.0,0.007089711260050535,15.40009880065918,0.05326249450445175,20.0,-2.662944572926418,1024,0.0,0.7782214283943176,2.8187475204467773,7.414501190185547,0.24610137939453125,0.7538986206054688,1.2745909640304054,0.5401344559109751,0.3091469782946357,0.8869959385577224,0.365284045847964,1.0,1024
defactify,1,2,78702,0.36679120429747764,0.020212888717651367,0.018900778144598007,0.06338198299872072,JPEG,24.363300323486328,8.0,0.005763485562056303,22.479015350341797,0.05665658786892891,20.0,-2.5404450657172424,1024,0.0,0.7351511716842651,2.8619699478149414,10.685203552246094,0.295046865940094,0.704953134059906,1.4929167394342742,0.696353894158446,0.2570239543935976,0.8376680440355391,0.38966749450856636,1.0,1024
defactify,1,1,58131,0.59855443246795,0.10971235483884811,0.003869876265525818,0.19730363989875963,JPEG,29.554719924926758,10.0,0.00429869070649147,25.764646530151367,0.0592607744038105,20.0,-2.7487152951252427,768,0.0,0.7196287512779236,3.591233491897583,10.860199928283691,0.5192933678627014,0.4807066321372986,1.3780909423105119,1.4217953734530766,0.20256381162035172,0.800613611898073,0.36638354894637304,1.0,768
defactify,0,0,13635,0.7636916991199288,0.074693463742733,0.0005374719039537013,0.13616875052594798,JPEG,28.55333709716797,10.0,0.001797347329556942,25.812557220458984,0.026752112433314323,20.0,-2.8768605709346153,480,0.0,0.6848170161247253,1.2998040914535522,8.644207954406738,-0.03635382652282715,1.0363538265228271,1.157262730003277,0.2320228530287915,0.36443382258983514,0.9420881258912679,0.30445193437010015,1.0,640
defactify,1,4,12493,0.3060546875,0.0669047087430954,0.011144299991428852,0.19535456268558515,JPEG,19.61224365234375,10.0,0.014109602198004723,19.092973709106445,0.13565532863140106,20.0,-2.5044634130268477,270,0.0,0.7400525808334351,5.827953815460205,5.936838150024414,0.6718989610671997,0.3281010389328003,1.3485940505723963,2.5490532167163926,0.15438006751558694,0.686108707627326,0.3910709979433483,1.0,270
defactify,1,3,240396,0.16215049120155456,0.13354572653770447,0.005630055442452431,0.28431825429401175,JPEG,14.576869010925293,10.0,0.04627343267202377,11.545071601867676,0.1342199295759201,20.0,-2.3729782171586247,1024,0.0,0.8769797086715698,7.770705699920654,3.5274524688720703,0.7129836082458496,0.2870163917541504,1.3538454707119965,2.013625388825737,0.1483701342643221,0.6215542784238264,0.4099835740127102,1.0,1024
defactify,1,4,11008,0.3500334001336005,0.05980873852968216,0.0015096596907824278,0.20208517297791603,JPEG,20.0628662109375,10.0,0.01087694801390171,16.471092224121094,0.10174839943647385,20.0,-2.5908710905654164,270,0.0,0.7580332159996033,4.968855381011963,4.878080368041992,0.5294305086135864,0.4705694913864136,1.2704134504525806,1.9010159324620857,0.2033357730533185,0.7462865396707915,0.38936025878180763,1.0,270
defactify,1,2,139467,0.21580900681327203,0.04092986509203911,0.011163238435983658,0.09775081897900219,JPEG,17.67447280883789,10.0,0.023539220914244652,13.852299690246582,0.11458554863929749,20.0,-2.37874797010392,1024,0.0,0.8282576203346252,4.540996074676514,6.175451755523682,0.7125940322875977,0.28740599751472473,1.1473891797387785,1.0508947669829258,0.19854220706713419,0.7380096575094589,0.399852926464251,1.0,1024
defactify,1,3,27876,0.8929277870548895,0.05531686544418335,-0.01326756551861763,0.10905026185995993,JPEG,26.62666130065918,8.0,0.0062294090166687965,15.455225944519043,0.06423819810152054,20.0,-2.6247528059378613,1024,0.0,0.735436201095581,2.0848982334136963,11.05553150177002,-0.28462648391723633,1.2846264839172363,1.2792940078893529,0.3692640525831863,0.5721329019706785,0.9693766887516684,0.14479431426701272,1.0,1024
defactify,1,5,18592,0.5227292406268941,0.04888923466205597,-0.008084209635853767,0.09980231165987478,JPEG,28.697710037231445,10.0,0.0017473248299211264,28.571086883544922,0.03444023057818413,20.0,-2.932711317417569,436,0.0,0.5570273399353027,1.9098024368286133,3.749188184738159,0.5826148986816406,0.41738513112068176,1.261846461240001,0.5219495252285449,0.3116620834822972,0.8517487992645507,0.3740222291992872,1.0,436
defactify,1,2,160965,0.18477496483825598,0.06608445197343826,0.01095951721072197,0.1972311542049313,JPEG,16.61469268798828,10.0,0.02487960271537304,12.945941925048828,0.12423887103796005,20.0,-2.3954640880665563,1024,0.0,0.8376937508583069,5.508774280548096,3.5343236923217773,0.7672064900398254,0.23279349505901337,1.4159028965794824,1.576259756681937,0.19143708142300794,0.7141405077954599,0.40527359362558557,1.0,1024
defactify,1,1,85503,0.38770456503014644,0.1328296959400177,-0.002303516725078225,0.281798247698736,JPEG,22.669897079467773,10.0,0.011037449352443218,14.986953735351562,0.10716037452220917,20.0,-2.288664295336827,768,0.0,0.7562767267227173,5.019136428833008,7.98094367980957,0.6078058481216431,0.3921941816806793,1.5056247928026967,1.902895193018903,0.17588702531159436,0.7280781426449828,0.39612764052380606,1.0,768
defactify,1,3,122885,0.08727903568330692,0.10444137454032898,-0.007773431949317455,0.2567193162967544,JPEG,17.76400375366211,10.0,0.009428714402019978,14.625310897827148,0.049191780388355255,20.0,-2.675322681690521,1024,0.0,0.8255476951599121,3.897655725479126,1.4284394979476929,0.5957039594650269,0.40429607033729553,1.1831890199091002,1.0106479125266725,0.22007198877238845,0.8213823764291256,0.4005365332350416,1.0,1024
defactify,1,3,60406,0.6279790147222297,0.06322763860225677,0.0011154601816087961,0.23103110459078552,JPEG,21.794137954711914,10.0,0.008075167424976826,18.82840347290039,0.036443524062633514,20.0,-2.6073067033928705,1024,0.0,0.8481788635253906,3.6053555011749268,11.60149097442627,0.17775994539260864,0.8222400546073914,1.259145998357598,0.6242730865413675,0.2758591117550662,0.8956762094685091,0.3192238790042114,1.0,1024
defactify,1,4,16160,0.6041691064527462,0.15327171981334686,0.003071726066991687,0.2763498409353318,JPEG,18.178380966186523,10.0,0.059115611016750336,24.31801986694336,0.1877381056547165,20.0,-2.189764624115016,270,0.0,0.9039300084114075,10.823484420776367,9.265287399291992,0.5949025750160217,0.40509742498397827,1.4939111976513246,5.921821569015847,0.13841981776463355,0.5967102068632724,0.3959098382915509,1.0,270
defactify,1,3,127565,0.5557716753710199,0.08424940705299377,-0.0027344266418367624,0.23736802036675583,JPEG,22.618675231933594,10.0,0.01632349193096161,19.04677963256836,0.09083709120750427,20.0,-2.4148901653853847,1024,0.0,0.8282347917556763,5.601827144622803,10.981940269470215,0.4555432200431824,0.5444567799568176,1.4126282605226996,1.6550900203832595,0.2352852364305174,0.8066250334014768,0.3889745312716706,0.9999999999999999,1024
defactify,1,4,10342,0.27682091720273916,0.05709460750222206,0.011918977834284306,0.2004155174092422,JPEG,19.99545669555664,10.0,0.010990445502102375,20.09073257446289,0.09718773514032364,20.0,-2.7041964219153214,270,0.0,0.7648345232009888,4.736376762390137,5.6155781745910645,0.4061850309371948,0.5938149690628052,1.2454529123866018,1.7310673029824228,0.17344800542943614,0.7449091791734344,0.3755477356602937,1.0,270
defactify,1,3,47261,0.6233542690458045,0.05983427166938782,0.018869830295443535,0.16224712096824506,JPEG,33.789573669433594,10.0,0.004399214405566454,29.561765670776367,0.04667029529809952,20.0,-2.7432318322977394,1024,0.0,0.7603138089179993,2.702207565307617,14.162420272827148,0.15689390897750854,0.8431060910224915,1.244221172835088,0.5331287488964751,0.2524801948799837,0.904580809049511,0.31458215213463914,1.0,1024
defactify,1,4,10809,0.3842906485864142,0.08733835071325302,0.002023248001933098,0.2164099346322381,JPEG,22.528770446777344,10.0,0.013699185103178024,16.888864517211914,0.1051701009273529,20.0,-2.6597575751038325,270,0.0,0.8001644611358643,4.59717321395874,5.281686782836914,0.4520125985145569,0.5479874014854431,1.2135268620706692,1.5956796606725434,0.16952126647933896,0.7401707105362534,0.380766046215686,1.0,270
defactify,1,1,60067,0.596595050312755,0.04062821716070175,-0.007792867720127106,0.18979307450036892,JPEG,24.388729095458984,10.0,0.009321446530520916,14.438997268676758,0.08035704493522644,20.0,-2.4703099008747103,768,0.0,0.7611665725708008,3.7674221992492676,5.956773281097412,0.3283500075340271,0.6716499924659729,1.3643261631473738,1.0070350615644896,0.32347785756181086,0.8261545149731805,0.3806959536294109,1.0,768
defactify,1,4,16103,0.36778618732261115,0.09457863867282867,0.01153036579489708,0.2902156117487147,JPEG,19.992916107177734,10.0,0.05118972435593605,15.580011367797852,0.22943894565105438,20.0,-2.168426553981259,270,0.0,0.8522434234619141,9.591105461120605,7.4195170402526855,0.6399608850479126,0.3600391447544098,1.4998685976018797,5.084245669986956,0.1598014285457076,0.5925983112432758,0.40130821872038125,1.0,270
defactify,1,5,21006,0.49054653778345186,0.0767292007803917,-0.003387285163626075,0.17180015572595708,JPEG,30.861501693725586,8.0,0.0027044869493693113,20.34476089477539,0.07456532120704651,20.0,-2.3648021621667747,436,0.0,0.5516790747642517,2.235461473464966,5.643283843994141,0.5535695552825928,0.4464304745197296,1.3426110736862733,0.5938052383926768,0.2623712292230173,0.8117554648733346,0.37953478070187,1.0,436
defactify,1,2,73063,0.5228431340715005,0.045510537922382355,0.018396589905023575,0.1479713455863592,JPEG,26.724082946777344,10.0,0.008319527842104435,18.335634231567383,0.0744575634598732,20.0,-2.6331763637877175,1024,0.0,0.7671218514442444,3.0205094814300537,10.79197883605957,0.5163904428482056,0.48360952734947205,1.3941013133578075,0.6958947976955785,0.27537721410382654,0.847638245909297,0.36584470982958406,1.0,1024
defactify,1,5,17883,0.6234327331722715,0.03302671015262604,0.008112198673188686,0.1178347930968352,JPEG,28.648374557495117,10.0,0.0012393429642543197,17.16282081604004,0.03945859521627426,20.0,-2.660238466017423,436,0.0,0.5279628038406372,2.346311569213867,5.024874210357666,0.5173356533050537,0.4826643168926239,1.3566555201078163,0.7037564157489087,0.2716285520353537,0.8450537238405615,0.3683363657950091,1.0,436
defactify,0,0,16473,0.6394151715199871,0.0544743686914444,0.00971172470599413,0.17805306948422447,JPEG,20.674217224121094,10.0,0.005134644452482462,20.519527435302734,0.049467798322439194,20.0,-2.7385997595176392,640,0.0,0.7760657072067261,1.6403625011444092,10.522777557373047,0.2877405285835266,0.7122594714164734,1.1105421749887745,0.25974503532334836,0.3518756079803022,0.9253870784386544,0.31512095088821457,1.0,480
defactify,1,3,158857,0.3727683615819209,0.10199517011642456,-0.003687383374199271,0.2515677140384355,JPEG,23.746784210205078,10.0,0.022265417501330376,19.792682647705078,0.11782403290271759,20.0,-2.2362244439132404,1024,0.0,0.8365759253501892,6.747154712677002,11.203255653381348,0.7268533706665039,0.2731465995311737,1.4700453733338006,2.236449124863374,0.17483697025981226,0.7051316134862035,0.3934091331755494,1.0,1024
defactify,1,3,32164,0.8913902087403073,0.10818307101726532,0.003696168540045619,0.09651912895294806,JPEG,22.675416946411133,10.0,0.013963754288852215,18.41242218017578,0.09155822545289993,20.0,-2.4097677280048035,1024,0.0,0.7998635172843933,2.0398306846618652,6.314985275268555,-0.7485771179199219,1.7485771179199219,1.266967800932637,0.25488929899452806,0.5156015330332651,0.9639216867968468,0.17106961442701069,1.0,1024
defactify,0,0,71747,0.418746264196055,0.04455466568470001,8.456303476123139e-05,0.18445266383058512,JPEG,18.65749168395996,8.0,0.026724783703684807,15.894685745239258,0.16539421677589417,20.0,-2.1926439130190842,572,0.0,0.8180440664291382,7.929440021514893,8.128727912902832,0.730545163154602,0.26945486664772034,1.4780606848091076,3.342060665528079,0.17712014150079844,0.6701258700614714,0.4021380307062756,1.0,640
defactify,1,3,77247,0.6118547668974234,0.10915413498878479,-0.0017567897448316216,0.21254161594166712,JPEG,23.968971252441406,10.0,0.005044962279498577,22.644458770751953,0.05192131921648979,20.0,-2.764521543723409,1024,0.0,0.737305223941803,2.818800926208496,3.9599552154541016,0.25981736183166504,0.740182638168335,1.2919055299450604,0.7834600949258866,0.24016032234202736,0.8393232915636124,0.36372338700254236,1.0,1024
defactify,1,2,85054,0.5535346864124775,0.05992560088634491,0.0011101466370746493,0.17965824755922163,JPEG,23.343355178833008,10.0,0.008630051277577877,20.87264633178711,0.06014089286327362,20.0,-2.5701978105171284,1024,0.0,0.7875609993934631,2.8508663177490234,6.7029829025268555,0.5109177827835083,0.4890822470188141,1.2615171902472182,0.6616528926632199,0.36047872598991304,0.8572571911430711,0.3838936145462438,0.9999999999999999,1024
defactify,0,0,18033,0.5674379820721284,0.07849559187889099,0.008481721393764019,0.2045048218046723,JPEG,16.26241683959961,10.0,0.016552148386836052,15.414203643798828,0.07233778387308121,20.0,-2.2638786877441057,333,0.0,0.8609378933906555,3.8087995052337646,7.380970001220703,0.2671095132827759,0.7328904867172241,1.2448092487718856,0.6582050045166344,0.25520901311488053,0.823206640634118,0.3898243261926193,1.0,500
defactify,1,1,43491,0.49264485439609856,0.059760890901088715,0.013139698654413223,0.3307455917502202,JPEG,30.967628479003906,8.0,0.0026974286884069443,17.94275665283203,0.03417246788740158,20.0,-2.9134269890839053,768,0.0,0.7290825247764587,2.3775620460510254,10.22315788269043,0.5584217309951782,0.4415782690048218,1.210050897582537,0.6162208059369372,0.24252006277951194,0.8768358998519923,0.36483524866146105,1.0,768
defactify,1,5,22937,0.5461215111876975,0.07431010901927948,0.008300569839775562,0.2009812015764173,JPEG,28.650089263916016,10.0,0.0016739541897550225,18.511445999145508,0.059986356645822525,20.0,-2.5990046312828357,436,0.0,0.5294455885887146,2.6165859699249268,4.398382663726807,0.5436049699783325,0.45639505982398987,1.4547629257900467,0.8979026693307501,0.2500566327683083,0.7877080597858463,0.37592687615137277,1.0,436
defactify,1,4,13362,0.309993352537115,0.08494793623685837,-0.00447856355458498,0.24691742542537168,JPEG,20.33428192138672,10.0,0.0371197834610939,24.39579963684082,0.18971571326255798,20.0,-2.2841226051400847,270,0.0,0.8342536687850952,7.117681503295898,8.575698852539062,0.6372798681259155,0.3627201318740845,1.3597030715657668,2.995428079991936,0.17664238589425166,0.6575428775881929,0.4018276043292546,1.0,270
defactify,1,3,66105,0.7789332805276923,0.1360706388950348,0.01272629201412201,0.2010937673777905,JPEG,17.574729919433594,10.0,0.016444964334368706,16.031784057617188,0.11978977918624878,20.0,-2.2760372661653654,1024,0.0,0.7964985966682434,4.326664924621582,4.14573335647583,-0.13133764266967773,1.1313376426696777,1.3692827801142147,1.1701072516017446,0.35571729770544996,0.8860912486560382,0.32346903969904495,1.0,1024
defactify,1,5,26572,0.3007255441581186,0.18010137975215912,0.016761869192123413,0.2796919096134709,JPEG,28.358442306518555,10.0,0.0025292972568422556,21.196102142333984,0.08125484734773636,20.0,-2.5865685946522703,436,0.0,0.4927762746810913,2.334040880203247,4.522411823272705,0.6474080085754395,0.35259196162223816,1.50489544964699,0.9012811720999307,0.17810929064534764,0.7596275120952934,0.3519387967406617,1.0,436
defactify,1,1,90876,0.13431236606580108,0.03346208482980728,-5.9895155573030934e-05,0.14369669736255916,JPEG,16.789508819580078,10.0,0.016622349619865417,15.18155574798584,0.06549055874347687,20.0,-2.7007883440727873,768,0.0,0.8563781976699829,4.330480575561523,5.691980838775635,0.7766817212104797,0.22331827878952026,1.2360946473997168,0.9130497103281998,0.2220471613027975,0.766047861137833,0.40583429577251023,1.0,768
defactify,1,2,116063,0.47374975291559596,0.027274765074253082,0.007100868970155716,0.10238688987018765,JPEG,19.128026962280273,10.0,0.018732430413365364,17.097795486450195,0.10926525294780731,20.0,-2.3777388072915744,1024,0.0,0.8140535950660706,4.64087438583374,8.255090713500977,0.5705853700637817,0.4294146001338959,1.3945429844919357,1.15939101229898,0.19794251282936717,0.7630805275543339,0.39572771087662256,0.9999999999999999,1024
defactify,1,4,11518,0.4859184531315679,0.07885579019784927,0.0055729979649186134,0.14453499771136505,JPEG,15.660361289978027,10.0,0.031034957617521286,20.380760192871094,0.09561236202716827,20.0,-2.265531423784469,270,0.0,0.8819403052330017,6.27524471282959,4.799001693725586,0.6058176755905151,0.39418235421180725,1.1872577495073564,2.103106876171789,0.18026769686008387,0.708906857915604,0.4026033910235306,1.0,270
defactify,1,4,13747,0.44863940732298047,0.06622206419706345,0.010217472910881042,0.22829394475934425,JPEG,16.773839950561523,10.0,0.04142754524946213,17.156721115112305,0.19676248729228973,20.0,-2.3551577948354,270,0.0,0.839096188545227,8.079967498779297,8.914726257324219,0.5540328621864319,0.4459671378135681,1.4372590494576174,3.725443954616436,0.20136136112777434,0.6458589755098729,0.4029051689678725,1.0,270
defactify,1,4,10740,0.3245479619981612,0.06532207131385803,0.016794972121715546,0.1979227856400823,JPEG,22.664260864257812,10.0,0.010800197720527649,18.266347885131836,0.1034158393740654,20.0,-2.585992958925855,270,0.0,0.7544326782226562,5.535123348236084,4.488500595092773,0.39864927530288696,0.601350724697113,1.315762409820835,2.3270222551845254,0.18337458125501793,0.7482135758853945,0.3844576225593085,1.0,270
defactify,0,0,58110,0.10430577941515082,0.07945385575294495,0.009274347685277462,0.152191483906073,JPEG,19.123117446899414,10.0,0.01519698929041624,15.201744079589844,0.18760862946510315,20.0,-2.160705705808524,640,0.0,0.7076699137687683,5.336688995361328,2.0712337493896484,0.6713238954544067,0.32867613434791565,1.6448505532400275,2.1628770724164026,0.17072947504166525,0.6160740570673976,0.4050617708529135,1.0,480
defactify,1,1,90381,0.2869816381266763,0.12329369783401489,-0.01107290480285883,0.32079210379231865,JPEG,28.663320541381836,10.0,0.028255324810743332,22.998722076416016,0.37965184450149536,20.0,-1.664430087059921,768,0.0,0.7122232913970947,5.860948085784912,10.803260803222656,0.6662371158599854,0.33376291394233704,1.5360820955916228,2.649734328451691,0.2314549095573626,0.7135980223082791,0.399679487786898,1.0,768
defactify,1,4,9150,0.28910614525139666,0.12880001962184906,0.018316639587283134,0.25098612520069885,JPEG,21.72226905822754,10.0,0.010388645343482494,22.139301300048828,0.08402691036462784,20.0,-2.7238640390719007,270,0.0,0.776190459728241,3.6212563514709473,4.25456428527832,0.4131661653518677,0.5868338346481323,1.2019812282166333,1.0729199456224374,0.2356787426230289,0.8112396287384122,0.38476896535428795,1.0,270
defactify,1,4,10249,0.31777841397079876,0.047859422862529755,0.015737608075141907,0.19477878877858926,JPEG,18.15951156616211,10.0,0.011330067180097103,15.381977081298828,0.08060263842344284,20.0,-2.662564062246376,270,0.0,0.8058300018310547,4.239866733551025,7.350905418395996,0.5518794655799866,0.4481205344200134,1.2475785745343826,1.3285018223956324,0.21693454400366505,0.7516776496526203,0.3910523615446584,1.0,270
defactify,0,0,42046,0.5818330196692371,0.07267888635396957,0.006547694560140371,0.14858871873413873,JPEG,20.53860855102539,10.0,0.015266413800418377,13.600431442260742,0.09958814829587936,20.0,-2.37917536773528,640,0.0,0.8060877323150635,5.4345316886901855,4.995755195617676,0.4367051124572754,0.5632948875427246,1.4156811413345358,1.6849082949345435,0.21106235235764026,0.7765771251805919,0.38589330929043836,1.0,480
defactify,0,0,36746,0.3849352437958524,0.11737167835235596,0.012737065553665161,0.2623325130199455,JPEG,22.390058517456055,10.0,0.008079118095338345,16.446218490600586,0.07634053379297256,20.0,-2.651998859221613,480,0.0,0.7604140043258667,3.816211223602295,7.706925868988037,0.5433357954025269,0.45666423439979553,1.3168278189600078,1.1499595704749828,0.21098014347117633,0.7966234094655726,0.3923467064101482,1.0,640
defactify,1,4,11379,0.36602263856362216,0.10362755507230759,0.00288748019374907,0.18449559251477385,JPEG,16.798080444335938,10.0,0.019742798060178757,16.842620849609375,0.08807777613401413,20.0,-2.5789950884961454,270,0.0,0.854049563407898,5.557459354400635,2.685274600982666,0.4285297989845276,0.5714702010154724,1.3363333822870642,1.8813674953819528,0.19272766448939704,0.7351359889811093,0.3998731530189797,1.0,270
defactify,1,2,33252,0.8971030647861622,0.09621861577033997,-0.009579143486917019,0.18173671702394134,JPEG,21.706096649169922,10.0,0.006638805847615004,16.008190155029297,0.07502462714910507,20.0,-2.6628261812566096,1024,0.0,0.7252870202064514,1.8695379495620728,6.174358367919922,-0.266620397567749,1.266620397567749,1.2466407150264458,0.28773322354181285,0.759269401556721,0.9658444271270619,0.16408893874469263,1.0,1024
defactify,1,3,120125,0.314772248400567,0.1384257674217224,0.001434295903891325,0.3212148129743301,JPEG,27.95599365234375,10.0,0.013869045302271843,24.79011344909668,0.06701043248176575,20.0,-2.6125884259588092,1024,0.0,0.8400824666023254,4.739926338195801,14.92941665649414,0.7282389402389526,0.27176108956336975,1.239653798459708,1.1121623019548739,0.2044406346215765,0.7999275108797331,0.3945935333703905,1.0,1024
defactify,1,5,17828,0.4572002147575807,0.057616692036390305,0.011572196148335934,0.2069034377662676,JPEG,35.35741424560547,8.0,0.0009259216021746397,20.565778732299805,0.03375103324651718,20.0,-2.6283543202554376,436,0.0,0.47541940212249756,2.1828205585479736,8.582050323486328,0.516575813293457,0.48342418670654297,1.346461386685284,0.682673968182686,0.2100056318289068,0.8214275826952139,0.3544071036030416,1.0,436
defactify,0,0,39056,0.6524756335282651,0.08481407165527344,-0.005024931393563747,0.32733814862461647,JPEG,31.573152542114258,10.0,0.007828102447092533,29.083452224731445,0.0706433355808258,20.0,-2.4012819407528996,424,0.0,0.7701930403709412,5.561443328857422,9.5656099319458,0.6955665349960327,0.3044334352016449,1.3810204454106072,2.063337599514589,0.22275639811041603,0.7539760401211377,0.3763674088668546,1.0,640
defactify,1,4,9541,0.3742795871867042,0.17235690355300903,0.0031685512512922287,0.2284003068916828,JPEG,19.220077514648438,10.0,0.01635354943573475,19.466516494750977,0.11817115545272827,20.0,-2.5037476565456505,270,0.0,0.7814179062843323,3.9172348976135254,7.417594909667969,0.236400306224823,0.763599693775177,1.272065896635452,1.1008043262510445,0.23544339237384038,0.8135674471651895,0.3892432152959918,1.0,270
defactify,1,2,153562,0.5260238211780062,0.0527467243373394,0.014022025279700756,0.1132081613179539,JPEG,22.14410400390625,10.0,0.022161833941936493,16.7836856842041,0.13875047862529755,20.0,-2.1660562444741043,1024,0.0,0.8079819679260254,5.48999547958374,6.431923866271973,0.7337576150894165,0.2662424147129059,1.5252850718704787,1.7455540993970804,0.1779931601636473,0.6967095252277159,0.40063544534865275,1.0,1024
defactify,1,3,87611,0.5888154078199327,0.12324239313602448,0.008288494311273098,0.3301914816631467,JPEG,23.712215423583984,10.0,0.0037480380851775408,21.79364013671875,0.044757600873708725,20.0,-2.828768725250909,1024,0.0,0.7269195318222046,3.410005569458008,6.7107439041137695,0.6245083808898926,0.37549158930778503,1.2366527695743519,1.1062893903087483,0.22981587852317006,0.8292499015142332,0.3754921250538279,1.0,1024
defactify,1,2,67404,0.579243834564821,0.013464057818055153,0.01773686707019806,0.05934708328399891,JPEG,24.391738891601562,10.0,0.007744167931377888,22.26468849182129,0.03248633071780205,20.0,-2.808014084832047,1024,0.0,0.8579991459846497,2.5413076877593994,10.532035827636719,0.4621422290802002,0.5378577709197998,1.2412504675319802,0.37900532049665175,0.2881596461506726,0.8864260442984088,0.3582826724293075,1.0,1024
defactify,0,0,11861,0.6175149909357133,0.08576645702123642,0.00871829129755497,0.1543048297451503,JPEG,23.01321029663086,10.0,0.0021721539087593555,20.25394058227539,0.020382989197969437,20.0,-2.9668785102899538,333,0.0,0.758063018321991,2.2174813747406006,2.487794876098633,-0.3475073575973511,1.347507357597351,1.1652908268620925,0.46862536982828074,0.3160152178053147,0.8880743919129679,0.33917715385176817,1.0,500
defactify,1,4,13319,0.663018473335657,0.1547423005104065,-0.009930423460900784,0.23017689644230266,JPEG,13.54371452331543,8.0,0.05818553268909454,13.745574951171875,0.19108036160469055,20.0,-2.0514491150924106,270,0.0,0.8644418120384216,7.811750411987305,7.442252159118652,0.4184473156929016,0.5815526843070984,1.4708193689092812,3.175926271415902,0.20086257010936162,0.6660088699733295,0.3978739928318231,1.0,270
defactify,1,2,55326,0.7927636417120165,0.044804394245147705,0.006380073260515928,0.08040003935279855,JPEG,21.250102996826172,10.0,0.010782779194414616,16.935871124267578,0.052072346210479736,20.0,-2.6844368729392385,1024,0.0,0.8516161441802979,2.9340286254882812,8.883213996887207,-0.2192763090133667,1.2192763090133667,1.3728980423676496,0.4330175548907894,0.3029963260693458,0.9140175284811063,0.2890980543100145,0.9999999999999999,1024
defactify,1,1,57142,0.45031759357526413,0.10630841553211212,-0.01466878317296505,0.22562492426329345,JPEG,20.167469024658203,10.0,0.004942559637129307,18.247833251953125,0.0371343232691288,20.0,-2.813454058927622,768,0.0,0.7840806245803833,3.5382652282714844,2.5652754306793213,0.2575627565383911,0.7424372434616089,1.3078065392739224,0.9336300504028359,0.27273402250995515,0.8376902649225011,0.3826877569696448,1.0,768
defactify,1,1,87499,0.41840814585776737,0.15045757591724396,-0.001608950668014586,0.30924436481084305,JPEG,25.557830810546875,8.0,0.012872055172920227,16.142902374267578,0.10925033688545227,20.0,-2.3551486295917834,768,0.0,0.770994246006012,5.367538928985596,7.420330047607422,0.553552508354187,0.446447491645813,1.502049276524605,1.9238402192166197,0.19145200843776122,0.7176913111387626,0.394177158884567,1.0,768
defactify,1,1,41014,0.526542659935387,0.0526699498295784,-0.01582673192024231,0.16358790356426312,JPEG,24.840099334716797,8.0,0.010662141256034374,16.600479125976562,0.08569552004337311,20.0,-2.3959879679045857,768,0.0,0.786399781703949,2.6715314388275146,10.63864803314209,0.46174705028533936,0.5382529497146606,1.2944859371327082,0.5131280302559043,0.6534675121694393,0.9031166032059009,0.3725042000778914,1.0,768
defactify,1,3,106882,0.8267226706745364,0.10536882281303406,0.0029015117324888706,0.3565541708415152,JPEG,27.313138961791992,10.0,0.0071649979799985886,27.254392623901367,0.06404726952314377,20.0,-2.5952352131784493,1024,0.0,0.7527577877044678,5.001758575439453,6.365659236907959,0.39276397228240967,0.6072360277175903,1.3494463535831498,1.795663598880967,0.29913516511927707,0.7814369589312957,0.3592894720823004,1.0,1024
defactify,1,4,12990,0.35610932475884244,0.07022514939308167,-0.0035580615513026714,0.16212473842982267,JPEG,23.457639694213867,10.0,0.024306483566761017,23.559579849243164,0.15640471875667572,20.0,-2.1386446716016834,270,0.0,0.809291422367096,7.037389278411865,8.092338562011719,0.6215528249740601,0.37844717502593994,1.4725023145108418,3.1032991093524425,0.1456890698374621,0.6436463184613633,0.3921733465336521,1.0,270
defactify,1,4,14060,0.4615297833935018,0.0510227344930172,0.0029120242688804865,0.19192969278874644,JPEG,18.406145095825195,10.0,0.029137136414647102,18.334129333496094,0.16260211169719696,20.0,-2.3130419811268084,270,0.0,0.8267632722854614,8.542340278625488,4.964516639709473,0.5555206537246704,0.4444793164730072,1.4125948915132003,4.394189882313319,0.18700375405977343,0.6564349693675122,0.4019800509756007,1.0,270
defactify,1,5,16412,0.4152990264255911,0.04724351316690445,0.012066585011780262,0.09665676562927325,JPEG,30.953876495361328,10.0,0.001125375390984118,26.467580795288086,0.023843340575695038,20.0,-2.876946374074957,436,0.0,0.5787055492401123,1.5359513759613037,6.242471694946289,0.5691381096839905,0.4308618903160095,1.1282953016938038,0.3621396402777871,0.23325485181326885,0.8770058171836946,0.3756016324624727,1.0,436
defactify,1,1,64724,0.45907753094383746,0.066067636013031,0.002904601162299514,0.1981240964700742,JPEG,35.59484100341797,8.0,0.016695670783519745,34.605918884277344,0.18674993515014648,20.0,-2.1595238519120734,768,0.0,0.7362750768661499,4.476653575897217,16.18653106689453,0.7064651846885681,0.2935348153114319,1.4283812694095104,1.6222353730369456,0.25348046628191223,0.7930214480739259,0.3709765361040568,1.0,768
defactify,0,0,30964,0.6196199753339325,0.029273398220539093,-0.003933975473046303,0.17465739827214144,JPEG,32.39424133300781,10.0,0.006454254034906626,28.027233123779297,0.06668943166732788,20.0,-2.4989437171274775,538,0.0,0.7520496845245361,4.191629886627197,9.454621315002441,-0.007906079292297363,1.0079060792922974,1.4347155307479376,1.2809325921478758,0.237717799456161,0.8462258699062291,0.3564800790519186,1.0,640
defactify,0,0,29964,0.7656719383759395,0.04904163256287575,0.004145937971770763,0.24922855758112375,JPEG,24.636947631835938,10.0,0.004590435419231653,23.629955291748047,0.032432034611701965,20.0,-2.4921807592136904,490,0.0,0.7935230135917664,3.6487271785736084,10.679558753967285,0.3262932300567627,0.6737067699432373,1.33921119349171,0.8439023027777154,0.2590980810588042,0.8423908511446501,0.353689344062113,1.0,640
defactify,1,2,63237,0.6556314719545578,0.05760873854160309,0.008239397779107094,0.13123018101664516,JPEG,20.064971923828125,10.0,0.007146294694393873,17.58104705810547,0.054283369332551956,20.0,-2.792761223389838,1024,0.0,0.7774063348770142,2.47757887840271,2.816372871398926,-0.0241621732711792,1.0241621732711792,1.2941616714002007,0.48882347478480537,0.34082462461359786,0.8894230973946842,0.34003243822262796,0.9999999999999999,1024
defactify,1,1,101164,0.1448153093012906,0.11432329565286636,-0.0005869365995749831,0.25495398711719097,JPEG,21.959857940673828,10.0,0.007694878149777651,13.694672584533691,0.1667507141828537,20.0,-2.120986809666505,768,0.0,0.6328339576721191,5.00619649887085,3.0776872634887695,0.834497332572937,0.1655026525259018,1.5425831771885248,2.81999743789014,0.14638488905159536,0.6430981621164097,0.39523129791259404,1.0,768
defactify,0,0,20264,0.5665084216687261,0.07036802172660828,0.01285481546074152,0.15253600381751362,JPEG,29.806106567382812,10.0,0.0037137153558433056,26.370628356933594,0.02962036430835724,20.0,-2.9076043915514562,640,0.0,0.7934146523475647,2.333150863647461,10.977523803710938,0.39204758405685425,0.6079524159431458,1.1482537675276838,0.46815304931355317,0.27751822617225924,0.8901541996798729,0.35225617721357183,1.0,427
defactify,1,2,87945,0.7858112720643946,0.026326622813940048,0.015636900439858437,0.033200126405657567,JPEG,25.476991653442383,10.0,0.03534987196326256,26.172971725463867,0.1513930857181549,20.0,-2.1986527204377846,1024,0.0,0.8564650416374207,5.076181411743164,13.098787307739258,0.5504291653633118,0.44957083463668823,1.3903303187767655,1.0398874232148172,0.30512661421438003,0.8282283966111954,0.32824928713855794,1.0,1024
defactify,1,2,67213,0.6586527557269222,0.050225645303726196,0.011847306042909622,0.16643425496781258,JPEG,31.629779815673828,10.0,0.008273917250335217,24.93717384338379,0.06762383133172989,20.0,-2.6280355813683203,1024,0.0,0.7903273105621338,3.2021753787994385,16.353784561157227,0.4554862380027771,0.5445137619972229,1.263941363789755,0.768840974250796,0.2519749823560048,0.855492570448398,0.34301167012055356,1.0,1024
defactify,1,2,78095,0.5838920305485921,0.08288310468196869,0.010605274699628353,0.23443055913423513,JPEG,23.096599578857422,8.0,0.004226649180054665,16.011798858642578,0.05156500265002251,20.0,-2.7443121534251103,1024,0.0,0.7157843708992004,2.6110448837280273,3.450695276260376,0.2743235230445862,0.7256764769554138,1.3201232516670538,0.7579143088935892,0.23873537507155074,0.8174908177469493,0.3601329398556759,1.0,1024
defactify,1,3,132374,0.3425863770977295,0.02582433819770813,-0.0030377337243407965,0.14305561381752488,JPEG,19.274812698364258,10.0,0.022306596860289574,19.794639587402344,0.12942256033420563,20.0,-2.273534551196067,1024,0.0,0.8133422136306763,5.623355388641357,8.76949691772461,0.4833264946937561,0.5166735053062439,1.3045476174140647,1.7247486959372105,0.20841327323831854,0.7138952785340306,0.3954757655142923,0.9999999999999999,1024
defactify,1,3,121000,0.5279395366125635,0.1561453938484192,0.00351202255114913,0.2665863346709538,JPEG,25.38390350341797,10.0,0.017230402678251266,20.603036880493164,0.08034566789865494,20.0,-2.5781651158785888,1024,0.0,0.8514566421508789,5.209131240844727,11.439236640930176,0.5174364447593689,0.4825635552406311,1.2890158745566453,1.2659751996926034,0.23332746948512742,0.7914381652135827,0.3832531329800996,1.0,1024
defactify,1,1,21324,0.5730763803969523,0.008911504410207272,-0.01376507617533207,0.034656016590076694,JPEG,21.870527267456055,6.0,0.00431663915514946,21.745624542236328,0.036526136100292206,20.0,-2.6733723039254413,768,0.0,0.7567338347434998,1.2594751119613647,10.10778522491455,-0.3013894557952881,1.301389455795288,1.253106156612345,0.1436898253916449,0.44132371084396305,0.961640850776053,0.33354675205430967,1.0,768
defactify,1,2,85153,0.36117614315417235,0.050045691430568695,0.011854441836476326,0.09011146075256864,JPEG,31.415069580078125,10.0,0.00958219449967146,15.947816848754883,0.17854416370391846,20.0,-2.2505110894012486,1024,0.0,0.6961351037025452,3.6167168617248535,8.127033233642578,0.4720415472984314,0.5279584527015686,1.4362576298064158,1.2625909405201365,0.26014511951180636,0.8055366773289042,0.3709889635654424,1.0,1024
defactify,1,4,15329,0.6220913107511046,0.06350239366292953,-0.005945890210568905,0.24347159281427355,JPEG,17.470312118530273,10.0,0.07303859293460846,14.26636791229248,0.1941315084695816,20.0,-2.2985845025453866,270,0.0,0.8989718556404114,11.027801513671875,6.825222492218018,0.3186212182044983,0.6813787817955017,1.5130118773661383,5.937021362028968,0.14443125362968828,0.5974543721317889,0.3994779680608076,1.0,270
defactify,1,5,19470,0.44981057689346104,0.03480879217386246,-0.013685488142073154,0.20350439658272715,JPEG,34.10502624511719,10.0,0.0010054631857201457,25.48892593383789,0.047271911054849625,20.0,-2.815750664242046,436,0.0,0.4708203375339508,2.0632243156433105,7.606558322906494,0.5059909224510193,0.4940090775489807,1.4392682440786957,0.8455130394207016,0.2060998601809298,0.7984414398066263,0.34983960620022053,1.0,436
defactify,0,0,54765,0.5972923995309668,0.051765672862529755,0.006621805019676685,0.2219306849526726,JPEG,23.32155418395996,10.0,0.011556502431631088,21.68206787109375,0.10437993705272675,20.0,-2.3935377529256003,601,0.0,0.7585914731025696,5.434717178344727,9.507577896118164,0.5653713941574097,0.43462860584259033,1.4188655748219312,1.9882691386246396,0.18301262871736132,0.7438014221403239,0.39155582475031697,1.0,640
defactify,1,4,11398,0.3088121418615456,0.09688153117895126,0.009317079558968544,0.24176291540829115,JPEG,14.458222389221191,10.0,0.019978230819106102,18.19890022277832,0.0993865355849266,20.0,-2.450425908541923,270,0.0,0.8457986116409302,5.596933841705322,7.26108980178833,0.48145967721939087,0.5185403227806091,1.352490083308955,1.9215669812928695,0.19049679269156444,0.7273152329004935,0.3973285941203097,1.0,270
defactify,1,2,88123,0.6310239270319236,0.0630694180727005,0.002977393800392747,0.22901439607021903,JPEG,25.832595825195312,10.0,0.006616184022277594,15.799095153808594,0.10226383805274963,20.0,-2.38436746580286,1024,0.0,0.6883434057235718,3.295959234237671,8.602155685424805,0.5128757953643799,0.4871242046356201,1.486681676845666,1.0205957718512186,0.23916670008582594,0.8121883370098196,0.3795199287054353,1.0,1024
defactify,1,1,94588,0.5219549713326808,0.051610738039016724,0.00021400852710939944,0.17672354995526862,JPEG,19.04176902770996,8.0,0.020803606137633324,16.397136688232422,0.16711492836475372,20.0,-2.266152636053299,768,0.0,0.7715014219284058,6.066490650177002,3.9667301177978516,0.5502370595932007,0.44976291060447693,1.5934183349158497,2.3882329503589803,0.24126736229796905,0.6874105126285731,0.39759279799543507,1.0,768
defactify,1,5,20583,0.35721118078435543,0.08175085484981537,0.009279126301407814,0.20012536669371206,JPEG,28.678359985351562,10.0,0.001168853952549398,18.361970901489258,0.03134225308895111,20.0,-2.8643136818263955,436,0.0,0.5328496098518372,1.5268216133117676,5.183844566345215,0.5582044124603271,0.44179561734199524,1.2798160112617116,0.5771428120249302,0.19407961304571975,0.8057576144978671,0.327025428256925,1.0,436
defactify,1,3,80178,0.5018081785305845,0.13926616311073303,0.005835701245814562,0.25392866914344625,JPEG,20.328264236450195,10.0,0.011164071969687939,19.384244918823242,0.040598683059215546,20.0,-2.7544708888730165,1024,0.0,0.89897620677948,3.9606785774230957,9.820303916931152,0.11097002029418945,0.8890299797058105,1.2058199704416823,0.6669655913190493,0.25682595295818633,0.8625484436628207,0.37700442944400425,0.9999999999999999,1024
defactify,1,4,13149,0.5497904609858312,0.11211574077606201,0.015954140573740005,0.2998503913303824,JPEG,20.13364601135254,10.0,0.01718091033399105,13.625069618225098,0.1401294618844986,20.0,-2.360067120413361,270,0.0,0.7647578716278076,6.746607303619385,3.16664457321167,0.38974249362945557,0.6102575063705444,1.4349781989961221,3.1497264615121603,0.15821686331239743,0.6942162517974495,0.3950308324046928,1.0,270
defactify,1,4,12438,0.6003575076608785,0.055934399366378784,0.009075500071048737,0.08807220451853415,JPEG,16.98639678955078,10.0,0.0328182689845562,21.168548583984375,0.150567427277565,20.0,-2.277739670428958,270,0.0,0.8480271100997925,6.514819622039795,6.835587024688721,0.7352263927459717,0.26477357745170593,1.3644162970205986,2.4958199807856385,0.20765041829150627,0.6986871595308187,0.3977675150391988,1.0,270
defactify,1,2,82200,0.8485025661014747,0.05943110212683678,-0.0008832684834487736,0.15141747803904035,JPEG,12.818063735961914,8.0,0.02227598987519741,13.4246244430542,0.09427046030759811,20.0,-2.49523607276455,1024,0.0,0.8537539839744568,3.7890219688415527,4.675560474395752,0.33750981092453003,0.66249018907547,1.2268370394254144,0.7085309372990365,0.5663808875904373,0.8791615101664807,0.29926264265386116,1.0,1024
defactify,1,2,85185,0.37291613234162607,0.0489814355969429,0.011570353992283344,0.1557576127294529,JPEG,30.72400665283203,10.0,0.0050391932018101215,19.951868057250977,0.07988636195659637,20.0,-2.555890258447972,1024,0.0,0.6648436784744263,3.2302560806274414,10.72102165222168,0.6780174970626831,0.3219825327396393,1.4504680051066456,1.1213731596907401,0.2499149339728186,0.8247366307825641,0.389855822664666,1.0,1024
defactify,1,2,100248,0.765389103977178,0.07783424854278564,0.011229359544813633,0.19142592279126744,JPEG,18.1993350982666,10.0,0.008548006415367126,11.909289360046387,0.04724409431219101,20.0,-2.777350553470646,1024,0.0,0.8276286721229553,4.080969333648682,5.230796813964844,0.6362723112106323,0.36372771859169006,1.2679234976207296,0.9566855640021859,0.38586365154128804,0.8516431056441929,0.35815317639114086,1.0,1024
defactify,0,0,16622,0.6430454121135577,0.048528507351875305,-0.0036552788224071264,0.1874136191934167,JPEG,26.301082611083984,10.0,0.005704683717340231,19.665027618408203,0.04355434328317642,20.0,-2.7230504191263747,500,0.0,0.7840877771377563,2.6244735717773438,4.269198894500732,0.21608448028564453,0.7839155197143555,1.0642865518330238,0.4789353708745947,0.24909520586060996,0.8826573778172035,0.37018673699643606,1.0,379
defactify,1,3,154904,0.6300215527718809,0.03775094449520111,-0.00203800480812788,0.16674283730367268,JPEG,21.314096450805664,10.0,0.01648656092584133,16.366050720214844,0.05517738312482834,20.0,-2.5259916011858667,1024,0.0,0.8822907209396362,6.229888439178467,7.536688327789307,0.6388946771621704,0.361105352640152,1.3443872197509636,1.5532777936726125,0.23177961376968895,0.7725434987164548,0.3887313235094214,1.0,1024
defactify,0,0,27255,0.7127309796264124,0.031939830631017685,-0.005124985706061125,0.09404231427130202,JPEG,19.675247192382812,10.0,0.010170556604862213,16.52890396118164,0.04470108821988106,20.0,-2.757803909289362,640,0.0,0.8554682731628418,3.8575146198272705,5.953722953796387,0.31461822986602783,0.6853817701339722,1.2293232800038452,0.7577246668282664,0.28308067983405755,0.8603007463454865,0.3660694596913421,1.0,417
defactify,1,1,42917,0.5147981025107023,0.10463698208332062,0.0010985801927745342,0.14775645792062161,JPEG,31.90509605407715,8.0,0.0027168847154825926,26.343563079833984,0.04695546627044678,20.0,-2.8449892482238615,768,0.0,0.673652172088623,2.1309139728546143,9.789198875427246,0.42406165599823,0.57593834400177,1.361248873428046,0.7267345041706718,0.23077505615487592,0.8600081313029391,0.37052711123636145,1.0,768
defactify,1,3,164598,0.5567960860565766,0.1051415354013443,0.009556202217936516,0.22482352725755544,JPEG,17.523162841796875,10.0,0.022572137415409088,16.109405517578125,0.07618165761232376,20.0,-2.4273562688981993,1024,0.0,0.873449981212616,6.813279628753662,7.615494728088379,0.5657868385314941,0.43421316146850586,1.4103505921197161,1.7583384586182336,0.21021058217735583,0.7484510167962211,0.39615835601922667,1.0,1024
defactify,1,3,104777,0.7768022944922464,0.12041468918323517,-0.01011152844876051,0.2691883264660689,JPEG,21.502058029174805,10.0,0.01033004093915224,14.543046951293945,0.08790508657693863,20.0,-2.5475725126351256,1024,0.0,0.7717063426971436,4.955181121826172,4.628356456756592,0.32948577404022217,0.6705142259597778,1.4216064648460836,1.7046431548349452,0.29724585661654596,0.8012196310129673,0.36448107225521703,1.0,1024
defactify,1,2,115985,0.45070350603917164,0.059201110154390335,0.0036461306735873222,0.16395259797671483,JPEG,22.242162704467773,10.0,0.012619564309716225,16.38104820251465,0.10377822071313858,20.0,-2.4811753195729342,1024,0.0,0.7694445848464966,4.224081516265869,8.77670669555664,0.6616789102554321,0.33832108974456787,1.4437265439374594,1.1974045598099265,0.1925214565426594,0.746743722025529,0.3977193178348682,1.0,1024
defactify,1,2,62379,0.5141613726176779,0.03263828903436661,0.017131231725215912,0.15052130583332368,JPEG,28.46470069885254,10.0,0.008060920983552933,15.967918395996094,0.06491108238697052,20.0,-2.5571762079768785,1024,0.0,0.7721150517463684,2.4086146354675293,11.29532241821289,0.5105136632919312,0.48948636651039124,1.166277186392408,0.4777040653397666,0.3341935461701567,0.8905665039936098,0.3711375043239312,1.0,1024
defactify,1,2,54629,0.45945640868520565,0.08819738030433655,0.02254294604063034,0.2526140543160082,JPEG,29.16191291809082,10.0,0.0030426951125264168,19.49274253845215,0.02997112087905407,20.0,-3.0105719817228054,1024,0.0,0.7440395951271057,1.9104136228561401,8.410334587097168,0.43530333042144775,0.5646966695785522,1.1962811164063005,0.3995175157632248,0.26818240235402774,0.9101158389525599,0.3556335486470072,1.0,1024
defactify,1,1,52542,0.47090082357882435,0.07011793553829193,0.008509342558681965,0.17364451450341903,JPEG,24.82966423034668,8.0,0.008995428681373596,24.27474021911621,0.06062869355082512,20.0,-2.7253077472823195,768,0.0,0.7913210988044739,2.338911771774292,8.62929630279541,0.4937216639518738,0.5062783360481262,1.1311849612838847,0.46100834326079887,0.36646650686668114,0.8641074620257085,0.3875607813198955,1.0,768
defactify,1,4,12718,0.549966688874084,0.08461099863052368,-0.0012446341570466757,0.26219037555404323,JPEG,14.986536026000977,10.0,0.03945934399962425,17.307584762573242,0.1295616328716278,20.0,-2.3495830948382515,270,0.0,0.8770292401313782,8.206344604492188,6.3489885330200195,0.3800394535064697,0.6199605464935303,1.4243242695900564,3.55203084125017,0.17781970448415363,0.688028567996608,0.3991377535600762,1.0,270
defactify,1,2,92178,0.36811313952345054,0.03420499712228775,0.01990407332777977,0.03959804199008513,JPEG,22.65688705444336,10.0,0.007056777831166983,17.431379318237305,0.06337419897317886,20.0,-2.676827529973278,1024,0.0,0.7621734142303467,3.1976306438446045,7.504825592041016,0.5684379935264587,0.43156200647354126,1.345875244167393,0.8562100877536836,0.2514403053167679,0.8331315208499195,0.3937775340279907,1.0,1024
defactify,1,2,148440,0.6921461570768584,0.10979664325714111,0.01269360352307558,0.1969361466801533,JPEG,20.522010803222656,10.0,0.019456937909126282,17.25606346130371,0.1596580147743225,20.0,-2.1153559463125124,1024,0.0,0.7792628407478333,5.227755069732666,6.223570823669434,0.803955614566803,0.19604440033435822,1.3811010111828765,1.8845595617400313,0.18910764087525378,0.6980761203503764,0.3908866332880354,1.0,1024
defactify,1,1,88545,0.19028561033290886,0.06696644425392151,0.000794951687566936,0.22031356110647354,JPEG,21.644393920898438,10.0,0.011575938202440739,17.097915649414062,0.0883760079741478,20.0,-2.574608782443097,768,0.0,0.7829233407974243,4.161514759063721,4.614436149597168,0.7260506749153137,0.2739493250846863,1.400542870856069,1.2610392902529626,0.1953441408362105,0.732778707942208,0.40205571914032767,1.0,768
defactify,1,3,249614,0.24965747559513615,0.09730543196201324,0.0024546354543417692,0.23164404579560854,JPEG,12.919164657592773,10.0,0.06594853103160858,12.738811492919922,0.15933048725128174,20.0,-2.170549488275581,1024,0.0,0.8992472290992737,10.449403762817383,5.0463361740112305,0.5677838325500488,0.43221616744995117,1.4748770309531116,3.1916462303254396,0.14320064695065005,0.6203165391188499,0.40540561831931077,1.0,1024
defactify,1,5,15398,0.5445557963163596,0.04744328185915947,-0.0029132103081792593,0.14468545367468824,JPEG,36.52122116088867,8.0,0.0013151991879567504,25.097820281982422,0.048065315932035446,20.0,-2.800798750705338,436,0.0,0.4907134175300598,1.6559028625488281,8.682226181030273,0.49633151292800903,0.503668487071991,1.323639849418349,0.4899146083508308,0.24139474859617485,0.8634614601711315,0.34280952918101704,1.0,436
defactify,1,2,78254,0.7974173203201406,0.06768225878477097,-0.0030148355290293694,0.1652058546525689,JPEG,19.008399963378906,10.0,0.010307406075298786,16.5266056060791,0.09574384987354279,20.0,-2.5232589970791013,1024,0.0,0.7537194490432739,3.455368757247925,2.908586263656616,0.03740739822387695,0.962592601776123,1.4287096381612883,0.8323803845138924,0.39247889540323305,0.8502478684559511,0.36230153155701894,1.0,1024
defactify,1,4,10310,0.35858300358017714,0.06779630482196808,-0.006134516559541225,0.17240769109072335,JPEG,24.21337890625,8.0,0.01409184094518423,17.390380859375,0.11155138164758682,20.0,-2.5668175975454433,270,0.0,0.7675569653511047,5.422265529632568,9.776597023010254,0.3859959840774536,0.6140040159225464,1.3429934256052871,2.141453320209834,0.19127784360667016,0.7587064069245625,0.39134796299826957,1.0,270
defactify,1,2,84744,0.3523598477402291,0.04993802309036255,0.01171789225190878,0.14871152905685292,JPEG,22.690128326416016,10.0,0.00493954261764884,16.41019058227539,0.03635738417506218,20.0,-2.8787906689712175,1024,0.0,0.7921596169471741,2.3695666790008545,4.582522392272949,0.584048330783844,0.415951669216156,1.0357264345314428,0.4974428964794001,0.23693645582012307,0.857591834567724,0.39752966314318017,1.0,1024
defactify,1,5,20997,0.5281368526975773,0.07926173508167267,0.00856301560997963,0.242732062172598,JPEG,36.31078338623047,10.0,0.0025781900621950626,23.749380111694336,0.07506001740694046,20.0,-2.621078086497729,436,0.0,0.505827784538269,2.282773494720459,7.517043113708496,0.6541297435760498,0.3458702862262726,1.4890625821130576,0.7519073223154094,0.2566475856420324,0.801160824621403,0.36299934599762684,1.0,436
defactify,1,2,88811,0.6181455969746084,0.04416043311357498,0.017025796696543694,0.11367721887778928,JPEG,25.58633041381836,10.0,0.008184445090591908,20.231277465820312,0.08992088586091995,20.0,-2.431945077311676,1024,0.0,0.7353382110595703,3.647695541381836,10.209758758544922,0.6107789278030396,0.38922110199928284,1.4650661322544367,1.0550690780821443,0.24412295517757657,0.7997052650679138,0.3748180036208367,1.0,1024
defactify,1,3,146654,0.41968738369929287,0.13359157741069794,0.0052251750603318214,0.26394790790146616,JPEG,19.896162033081055,10.0,0.01700907200574875,14.478845596313477,0.05293925106525421,20.0,-2.603765616618122,1024,0.0,0.889504611492157,5.125952243804932,6.905605316162109,0.7267865538597107,0.2732134461402893,1.2424188485721024,1.0627739195821315,0.3000199105716529,0.8151585335978282,0.38862291718247194,1.0,1024
defactify,1,2,99158,0.5402060774494638,0.04205407202243805,0.0023204602766782045,0.0648474100778797,JPEG,26.65318489074707,10.0,0.01090554241091013,18.95036506652832,0.08612429350614548,20.0,-2.572065008231068,1024,0.0,0.777831494808197,3.9884896278381348,7.509887218475342,0.5039021968841553,0.49609777331352234,1.4197649306430218,1.0980077589747697,0.29178743677259883,0.8112925291617178,0.3822044830209971,1.0,1024
defactify,1,4,14508,0.4226447709593777,0.08052356541156769,0.015906983986496925,0.17171663477717247,JPEG,19.190488815307617,4.0,0.08986184746026993,33.18310546875,0.2710103988647461,20.0,-1.895042298586328,270,0.0,0.8912051916122437,9.596956253051758,10.295162200927734,0.665077805519104,0.334922194480896,1.3802912593853267,4.668207897440148,0.15469154771321617,0.5886617907584151,0.3993849569583388,1.0,270
defactify,0,0,32885,0.806852131452986,0.045078881084918976,-0.007241286337375641,0.19135714867932546,JPEG,25.76416778564453,10.0,0.007020765915513039,18.226764678955078,0.05120719596743584,20.0,-2.28759093179211,427,0.0,0.793352484703064,4.644160270690918,7.802999019622803,0.20614153146743774,0.7938584685325623,1.358370100251563,1.3351812140624326,0.25253830967013824,0.7850591108702256,0.3662690333403774,1.0,640
defactify,1,1,59176,0.22741303282704556,0.1332821547985077,0.008716131560504436,0.37199612029128526,JPEG,25.880950927734375,10.0,0.004324318375438452,18.770145416259766,0.05602719262242317,20.0,-2.7273229468757307,768,0.0,0.7113549113273621,2.767425060272217,5.005412578582764,0.5736778974533081,0.4263221323490143,1.2068735498657828,0.7146367635851477,0.2760316334166518,0.8307487318800196,0.40249187395856884,1.0,768
defactify,1,4,14436,0.3187385180649112,0.09989498555660248,0.0060770753771066666,0.182223457995715,JPEG,19.335712432861328,10.0,0.01910581812262535,14.733344078063965,0.1927206665277481,20.0,-2.322937129381029,270,0.0,0.7367350459098816,6.005429267883301,1.996483564376831,0.6317486763000488,0.36825135350227356,1.4270585860108893,2.8013154722694416,0.14537097199228563,0.63348731103507,0.39082894012757186,1.0,270
defactify,1,2,70309,0.6792877044883997,0.0424719899892807,0.020900603383779526,0.10752695774813327,JPEG,26.970417022705078,8.0,0.016076937317848206,24.565322875976562,0.10075615346431732,20.0,-2.3695115803862308,1024,0.0,0.7984932065010071,3.5369338989257812,7.33056640625,0.13901472091674805,0.860985279083252,1.409149186219743,0.7137704226714343,0.36721656338729114,0.877774447126977,0.3297084173209388,0.9999999999999999,1024
defactify,1,5,20648,0.42211357008063133,0.07657479494810104,0.013544492423534393,0.22576954234827076,JPEG,26.854137420654297,10.0,0.0020022967364639044,16.39499282836914,0.0609535351395607,20.0,-2.8076033541280645,436,0.0,0.5459502935409546,2.0111894607543945,4.8260016441345215,0.6611851453781128,0.3388148844242096,1.2740320172551376,0.5206801606346304,0.254690947665352,0.826503163959436,0.37421016652579747,1.0,436
defactify,1,2,109655,0.32662010397237984,0.06785939633846283,0.005037130322307348,0.17637302844107983,JPEG,21.33387565612793,10.0,0.011314859613776207,15.373659133911133,0.08521109074354172,20.0,-2.4845576660774733,1024,0.0,0.7882481217384338,4.084319591522217,7.942754745483398,0.7134095430374146,0.28659042716026306,1.3471081711064223,1.1460387619243209,0.22018492154313318,0.7963125279584788,0.39345175601238497,1.0,1024
defactify,0,0,17782,0.7143168508234937,0.0489848330616951,0.0024291188456118107,0.1758197800905703,JPEG,32.31315994262695,10.0,0.001378245884552598,29.78072166442871,0.022016169503331184,20.0,-3.120148690224553,480,0.0,0.5408326387405396,1.5396844148635864,4.138238906860352,0.258064866065979,0.741935133934021,1.1580592636108782,0.4841071150594016,0.49370907092742455,0.9090305050456374,0.3147931433206164,1.0,640
defactify,1,5,22354,0.3702534459759893,0.06739853322505951,0.007140925154089928,0.23695340722227287,JPEG,32.69191360473633,10.0,0.0021627885289490223,25.628311157226562,0.07692722231149673,20.0,-2.637896437029531,436,0.0,0.48129191994667053,2.0422604084014893,6.609187126159668,0.684176504611969,0.315823495388031,1.4229001648110708,0.7755474770035018,0.21917947177910888,0.7871638914267605,0.3559774013811233,1.0,436
defactify,1,4,13173,0.30384456386936753,0.04962892457842827,-0.002090092981234193,0.23463783424886342,JPEG,20.382299423217773,6.0,0.06270419806241989,17.285480499267578,0.37880563735961914,20.0,-1.8694697089820724,270,0.0,0.8307228684425354,8.963159561157227,8.757353782653809,0.258184552192688,0.741815447807312,1.556900413084946,4.52061951982524,0.223174318999593,0.6205616028494516,0.4000208184670433,1.0,270
defactify,1,1,71828,0.47543983301255116,0.08192750811576843,0.0018488737987354398,0.24942803432090072,JPEG,21.8547420501709,6.0,0.019303888082504272,13.658286094665527,0.07819648087024689,20.0,-2.5823438630427473,768,0.0,0.8494433164596558,4.613002300262451,8.22186279296875,0.5689741373062134,0.43102583289146423,1.3433623065057332,0.9985311363099254,0.23138878535130325,0.8089063946614441,0.3803606182160816,1.0,768
defactify,1,5,17414,0.6327575175943698,0.08898790925741196,-0.004465396981686354,0.16290455450961452,JPEG,33.83388900756836,10.0,0.0016986971022561193,31.406248092651367,0.0391656868159771,20.0,-2.6347638930851924,436,0.0,0.5018075108528137,1.9050832986831665,7.2678141593933105,0.5146713852882385,0.4853286147117615,1.2650616821860317,0.5418816419218551,0.21620176793752816,0.847467360750318,0.35506527928017895,1.0,436
defactify,1,2,131008,0.24418966360040884,0.04512697458267212,0.007904525846242905,0.11447390939985734,JPEG,24.218673706054688,8.0,0.02094084583222866,22.5594425201416,0.10027281939983368,20.0,-2.472224805012411,1024,0.0,0.8487011194229126,4.47942590713501,11.855698585510254,0.7254749536514282,0.27452507615089417,1.3294565224563248,1.0631797615476735,0.25895693172952516,0.7685179531464634,0.4022918728035339,0.9999999999999999,1024
defactify,1,1,87693,0.21643159379407617,0.09224384278059006,0.0023635178804397583,0.2788208970937742,JPEG,22.710041046142578,8.0,0.006427168846130371,17.544719696044922,0.10287924110889435,20.0,-2.5499383013665287,768,0.0,0.6637311577796936,4.583452224731445,3.5997679233551025,0.6710938215255737,0.3289061486721039,1.4743744536172436,1.9855278828635763,0.14752637421163745,0.6859184579561817,0.3991329828333466,1.0,768
defactify,1,4,14265,0.29525528623001546,0.09376256912946701,2.7460830096970312e-05,0.2804109513271054,JPEG,17.930992126464844,10.0,0.023440221324563026,20.6008243560791,0.18528102338314056,20.0,-2.3082912567705187,270,0.0,0.7882196307182312,6.986549377441406,3.817000389099121,0.6985611915588379,0.3014387786388397,1.3534599346305656,3.3456647790118175,0.14589831697704778,0.6485363533519816,0.3981413647100043,1.0,270
defactify,1,5,21930,0.5957003525802463,0.1033037081360817,-0.008703724481165409,0.2394252415017785,JPEG,26.877479553222656,8.0,0.0019956748001277447,20.264019012451172,0.0658726692199707,20.0,-2.5612630024611645,436,0.0,0.5236188173294067,2.4969067573547363,3.994011402130127,0.47296708822250366,0.5270329117774963,1.4438299076540713,0.7892553727969265,0.3013427677189874,0.8048169570097504,0.37444504852416133,1.0,436
defactify,0,0,27122,0.25195071868583163,0.07532456517219543,0.023925311863422394,0.14659711439889128,JPEG,19.589744567871094,10.0,0.011100389994680882,15.62717342376709,0.06643415987491608,20.0,-2.4342900257511886,427,0.0,0.828737735748291,2.6450376510620117,5.64335298538208,0.25258851051330566,0.7474114894866943,1.2786084752085247,0.46857319631405103,0.3587276208516365,0.8716764116053488,0.40213006553022895,1.0,640
defactify,1,2,81303,0.6358175535293294,0.1219366192817688,0.005824653897434473,0.28249046216863827,JPEG,22.618568420410156,10.0,0.010116152465343475,19.96771240234375,0.09016140550374985,20.0,-2.507575972516274,1024,0.0,0.7859479188919067,3.8616321086883545,10.669756889343262,0.38344210386276245,0.6165578961372375,1.43192422640331,1.0255769380713624,0.24799956523110472,0.837475363072724,0.3675611939907836,1.0,1024
defactify,1,1,35410,0.5433309910561396,0.12386617064476013,0.004479207098484039,0.2886009920861377,JPEG,19.022672653198242,10.0,0.0041770548559725285,14.108733177185059,0.027442490682005882,20.0,-2.977911716297644,768,0.0,0.8069294691085815,1.937828540802002,3.5063860416412354,0.04734086990356445,0.9526591300964355,1.1812883722784884,0.32812573674860873,0.309302244976704,0.9165193380330406,0.3466799343408997,0.9999999999999999,768
defactify,1,4,10015,0.9291963519064306,0.08022516965866089,0.010005570948123932,0.24670993441870503,JPEG,14.300619125366211,10.0,0.03306537866592407,14.376839637756348,0.13283786177635193,20.0,-2.3880319423533103,270,0.0,0.8531177639961243,8.720118522644043,4.619106769561768,0.1469218134880066,0.8530781865119934,1.4535302526317484,4.117585324507215,0.6254996613156832,0.785245682193582,0.2751820805368225,1.0,270
defactify,1,3,79269,0.4534283980582524,0.05563211441040039,-0.00657660374417901,0.10759493909826649,JPEG,24.589656829833984,10.0,0.027583660557866096,21.743633270263672,0.24273507297039032,20.0,-2.049725436055119,1024,0.0,0.7585688233375549,3.1221532821655273,12.831783294677734,0.12739795446395874,0.8726020455360413,1.2044153292008757,0.7019472807194702,0.3577917463987931,0.8031938350667188,0.36543756726248033,1.0,1024
defactify,1,2,38532,0.6694965856412372,0.07530225813388824,0.007762059103697538,0.2433811082205434,JPEG,27.441064834594727,10.0,0.0027980031445622444,22.216999053955078,0.029299292713403702,20.0,-3.007205693068529,1024,0.0,0.7257933020591736,1.2918227910995483,8.365736961364746,0.1874476671218872,0.8125523328781128,1.1643961743387776,0.22341204755469055,0.40743619096005396,0.9415296364204837,0.29362954142296965,1.0,1024
defactify,1,4,9317,0.4341587190480357,0.06760329753160477,0.00920297671109438,0.21970016542404625,JPEG,20.75244903564453,10.0,0.007240805774927139,19.77628517150879,0.04907343164086342,20.0,-2.9064738439136,270,0.0,0.8126424551010132,4.198792934417725,5.153696060180664,0.48261725902557373,0.5173827409744263,1.184214630783265,1.3247228914490983,0.196780509972994,0.8011964954372697,0.3862157649367837,1.0,270
defactify,1,4,15097,0.3778005231434095,0.06818914413452148,-0.0021296606864780188,0.18764266081030498,JPEG,13.640436172485352,10.0,0.045063577592372894,15.496271133422852,0.1484615057706833,20.0,-2.376574109348342,270,0.0,0.8778550624847412,8.883160591125488,4.104830741882324,0.6231909990310669,0.3768089711666107,1.4469775866172563,4.1824808560166735,0.16814499157936613,0.6088107176881292,0.4048103938587254,1.0,270
defactify,1,1,66375,0.5783377187964763,0.11843161284923553,-0.0035714786499738693,0.31469847589950084,JPEG,20.72193145751953,8.0,0.009339856915175915,16.030502319335938,0.06439896672964096,20.0,-2.6259749288223335,768,0.0,0.7998592853546143,3.9324848651885986,9.268953323364258,0.5037505626678467,0.4962494373321533,1.2767789471361326,1.0595544746240353,0.2000814993152728,0.8107090298479256,0.3815233876539771,1.0,768
defactify,1,5,17669,0.6671682295725072,0.10197974741458893,-0.005851863883435726,0.27247401839011304,JPEG,26.470062255859375,8.0,0.0014122403226792812,19.388660430908203,0.0571003332734108,20.0,-2.758183188332274,436,0.0,0.47651389241218567,2.0887975692749023,4.426201820373535,0.24844235181808472,0.7515576481819153,1.3826497357839795,0.6603530240139573,0.3440279162472059,0.8461692916960888,0.34551096233414785,1.0,436
defactify,1,3,134843,0.417185497161692,0.06291954219341278,0.007320105098187923,0.3007493960038644,JPEG,32.75328063964844,10.0,0.01638093590736389,24.113767623901367,0.11970818042755127,20.0,-2.407915864747505,1024,0.0,0.7870195508003235,6.8376688957214355,15.491983413696289,0.6029044389724731,0.39709553122520447,1.463076027310695,2.5290999589622154,0.17847374807845223,0.7121613088516264,0.3788592674528331,1.0,1024
defactify,1,2,63234,0.5298764431841199,0.03342604264616966,0.01583012565970421,0.16539005721578906,JPEG,27.9240779876709,10.0,0.0022203263361006975,26.233808517456055,0.037891991436481476,20.0,-2.8805523553997077,1024,0.0,0.6570689678192139,1.7537946701049805,5.89927864074707,0.46850067377090454,0.5314993262290955,1.2145946914038293,0.5242716680783837,0.2302138029965231,0.8572005419381276,0.3669234641831918,1.0,1024
defactify,1,2,64437,0.6832456878418174,0.028615064918994904,0.01189790666103363,0.14280368731972456,JPEG,29.015207290649414,10.0,0.0028429548256099224,23.12778663635254,0.04279958829283714,20.0,-2.8338317672860467,1024,0.0,0.681580662727356,2.5648202896118164,11.561936378479004,0.20999926328659058,0.7900007367134094,1.3405790060281138,0.8671749885883853,0.27226496248833865,0.8143342692791259,0.33868137617480154,1.0,1024
defactify,1,3,63678,0.6059939975482944,0.08289580792188644,0.005134003236889839,0.2916686651233109,JPEG,29.42850112915039,10.0,0.0022106191609054804,28.461624145507812,0.018666019663214684,20.0,-3.038846891151995,1024,0.0,0.7741381525993347,2.3210458755493164,8.665291786193848,0.38422322273254395,0.615776777267456,1.1373089829102518,0.5524685818437876,0.27308873389386434,0.8954067627066659,0.3540049018420638,1.0,1024
defactify,0,0,40552,0.7946084724005135,0.0932866632938385,-0.000915702257771045,0.2630100686743594,JPEG,20.375593185424805,10.0,0.008249027654528618,18.874435424804688,0.03790946677327156,20.0,-2.7214929766030047,640,0.0,0.8502198457717896,4.819429397583008,6.563385963439941,0.45371466875076294,0.5462853312492371,1.3155586433840927,1.2049222621941111,0.2905638348810829,0.7918619064305703,0.37690936998667973,1.0,480
defactify,0,0,26171,0.6458470786599223,0.0,0.0,0.0,JPEG,32.70122528076172,10.0,0.004431684967130423,33.05290603637695,0.06202493980526924,20.0,-2.721817539362451,427,0.0,0.709274411201477,4.164191722869873,13.481742858886719,0.4187391400337219,0.5812608599662781,1.363521865521989,1.6334797558831649,0.4047539935932311,0.8482433985355596,0.3705581025575186,1.0,640
defactify,1,1,69223,0.559983988258056,0.06133577227592468,0.007233605720102787,0.19813934567626162,JPEG,21.839197158813477,10.0,0.011322748847305775,13.390158653259277,0.10544641315937042,20.0,-2.4804320422266537,768,0.0,0.7479384541511536,4.326406002044678,5.55732536315918,0.5065134763717651,0.49348652362823486,1.4325143029067235,1.367559105346459,0.1966743929453698,0.7871325714987643,0.3810994024799051,1.0,768
defactify,1,3,79101,0.7676332583998431,0.13839730620384216,-0.011126106604933739,0.17841829557734956,JPEG,22.805936813354492,10.0,0.009347301907837391,19.68792152404785,0.03237207978963852,20.0,-2.7234201689684476,1024,0.0,0.8900412917137146,3.1538946628570557,12.320112228393555,0.1481074094772339,0.8518925905227661,1.2417771742069466,0.4433105188031029,0.26313559276708426,0.8783389597033827,0.3420860391204445,1.0,1024
defactify,1,1,55739,0.40884313902153346,0.06886209547519684,-0.007011090870946646,0.2303925607365096,JPEG,26.84649658203125,10.0,0.013088821433484554,17.13650131225586,0.1481999009847641,20.0,-2.325561170713779,768,0.0,0.7218371033668518,3.6082983016967773,5.83475399017334,0.29810625314712524,0.7018937468528748,1.517671258751482,1.0945916420823423,0.2858715355993796,0.8383162810828065,0.3869733351745577,1.0,768
defactify,1,3,125113,0.6882034919790836,0.2443104386329651,0.009380754083395004,0.35368985370790557,JPEG,24.502534866333008,10.0,0.02416050434112549,21.820829391479492,0.12683701515197754,20.0,-2.4104410660411224,1024,0.0,0.8268595933914185,5.967549800872803,10.887681007385254,0.5027977228164673,0.4972023069858551,1.2825914560708387,1.7056313699462238,0.26464352488050497,0.7885257126850251,0.37713712499650126,1.0,1024
defactify,1,3,67397,0.5407214136861901,0.1390375792980194,0.005386254284530878,0.3252867833045381,JPEG,22.483535766601562,10.0,0.004827981349080801,20.72309112548828,0.03269391879439354,20.0,-2.640606979842391,1024,0.0,0.7866969704627991,3.069326877593994,10.092876434326172,0.1636156439781189,0.8363843560218811,1.214986199368476,0.6180987026904428,0.2646937327458557,0.8847450678419702,0.3558374937094752,1.0,1024
defactify,0,0,30648,0.28158080451658435,0.12614966928958893,-0.004016309045255184,0.20020114003571007,JPEG,16.227046966552734,10.0,0.019837593659758568,15.929014205932617,0.1461087465286255,20.0,-2.5131578413936713,266,0.0,0.7788399457931519,5.104532241821289,4.059296607971191,0.7872569561004639,0.21274304389953613,1.3144915753437962,1.701830120009783,0.1747384585059676,0.7130328344663652,0.3982203319583963,1.0,640
defactify,1,1,30764,0.6602779170362372,0.03430990129709244,0.0049155582673847675,0.13297429664003146,JPEG,31.491573333740234,10.0,0.005951047409325838,22.833038330078125,0.0649099349975586,20.0,-2.6953929004374824,768,0.0,0.7472192049026489,2.716343879699707,13.516846656799316,0.36285334825515747,0.6371466517448425,1.262237893594151,0.585219285500844,0.2803188799386485,0.9133553599001442,0.292929827501489,1.0,768
defactify,1,5,16194,0.5138631365615972,0.05092445760965347,0.0014116541715338826,0.08946421095905079,JPEG,30.400094985961914,10.0,0.002121919998899102,28.118698120117188,0.0416431725025177,20.0,-2.5704456378787945,436,0.0,0.5601950883865356,1.4405237436294556,4.922383785247803,0.4755682945251465,0.5244317054748535,1.127065600077623,0.3198304400594115,0.25508464535892217,0.8747242120796777,0.3668440405777682,1.0,436
defactify,0,0,28518,0.4949350761028463,0.05650119110941887,0.010198976844549179,0.17772901568827013,JPEG,29.611665725708008,10.0,0.011618641205132008,22.134313583374023,0.10528313368558884,20.0,-2.510149187200521,427,0.0,0.7487443089485168,3.723707437515259,13.95302677154541,0.5749106407165527,0.42508935928344727,1.2264044229757742,0.9589536255504258,0.25213269057510795,0.8154312765668204,0.3698710956140581,1.0,640
defactify,1,1,61815,0.37712701723570097,0.04540140926837921,-0.003744431072846055,0.17552868935661123,JPEG,31.939756393432617,8.0,0.005561812315136194,24.37664222717285,0.11979624629020691,20.0,-2.3955729869583675,768,0.0,0.6013321280479431,4.123128890991211,10.700418472290039,0.5068962574005127,0.4931037724018097,1.4314087735160859,1.9307220592617147,0.194520587699097,0.7538210902720599,0.374185924899535,1.0,768
defactify,1,4,11967,0.4231990231990232,0.07780512422323227,-0.00683302478864789,0.2220575034160763,JPEG,20.53528594970703,10.0,0.015326305292546749,14.497929573059082,0.13148660957813263,20.0,-2.57077404704652,270,0.0,0.778335690498352,5.537039279937744,5.362846851348877,0.5656996369361877,0.43430036306381226,1.3042176262412353,2.1965576018798765,0.16495011296867723,0.710096414750421,0.38847483536559335,1.0,270
defactify,1,5,19654,0.45260033393111126,0.06248753145337105,-0.000825015245936811,0.22269210359134944,JPEG,26.550983428955078,10.0,0.0020328895188868046,15.357854843139648,0.05303389951586723,20.0,-2.7890313754285425,436,0.0,0.557903528213501,2.0575342178344727,4.139883041381836,0.5182358622550964,0.48176413774490356,1.2209132419202033,0.5581496814334524,0.2617294321500761,0.8328397020340719,0.3814621191211446,1.0,436
defactify,1,4,17815,0.31852654387865653,0.12139593809843063,0.0019158142386004329,0.23724718576667725,JPEG,14.656150817871094,10.0,0.06836075335741043,15.675933837890625,0.29805150628089905,20.0,-2.0115978196584243,270,0.0,0.8425224423408508,9.793676376342773,5.604334831237793,0.7358523011207581,0.26414769887924194,1.5499446985567062,5.3482567471632745,0.13476614480932336,0.5481062113381882,0.4041987481814089,1.0,270
defactify,0,0,33080,0.5792904979304709,0.0808139368891716,0.010123640298843384,0.20683186025142272,JPEG,28.191184997558594,10.0,0.004843720234930515,19.062408447265625,0.050042442977428436,20.0,-2.821015103682586,480,0.0,0.7614392042160034,3.5277099609375,10.900983810424805,0.5675970911979675,0.43240290880203247,1.3411558760311852,1.1057198299422621,0.24509630665548093,0.8132082898530747,0.37842161711519207,1.0,640
defactify,1,5,13411,0.5152541134345808,0.10542496293783188,-0.01637287437915802,0.22217936655488094,JPEG,37.9403076171875,10.0,0.0011579316342249513,33.2424201965332,0.020392538979649544,20.0,-2.7139986243062664,436,0.0,0.546146810054779,1.1814868450164795,10.054422378540039,0.5312645435333252,0.4687354564666748,1.067605296530995,0.2641639964411671,0.2661781078599701,0.9009370661814369,0.3209809302570396,1.0,436
defactify,0,0,28184,0.583872088981578,0.11992355436086655,0.002454143250361085,0.24921142271813784,JPEG,17.929771423339844,10.0,0.009248320013284683,15.79084587097168,0.11199978739023209,20.0,-2.4294534871284466,427,0.0,0.7195649147033691,3.543337821960449,3.7444427013397217,0.24986088275909424,0.7501391172409058,1.2894301024526997,1.0490890380788809,0.2629567620818488,0.8189512679813049,0.3634022308338958,1.0,640
defactify,1,5,20509,0.4022161082425659,0.030422471463680267,-0.0025636637583374977,0.09229366294182623,JPEG,28.87151336669922,10.0,0.002977835712954402,25.09324836730957,0.07343994826078415,20.0,-2.556887610868222,436,0.0,0.5522218942642212,2.020451068878174,4.348501205444336,0.669689953327179,0.33031004667282104,1.3962247335352664,0.5295909131450443,0.2892074607523578,0.8234743183322526,0.3808399320220784,1.0,436
defactify,1,3,199987,0.20474525474525473,0.036200229078531265,-0.004096491262316704,0.2050527715975653,JPEG,16.648679733276367,10.0,0.02961934171617031,12.687501907348633,0.15689881145954132,20.0,-2.1479226360395636,1024,0.0,0.8302466869354248,9.466930389404297,4.347675323486328,0.678808331489563,0.321191668510437,1.5823961497464383,4.324962590923658,0.1826212678988567,0.6365025253603238,0.3993915946593102,1.0,1024
defactify,1,1,32145,0.5493341721715425,0.047703731805086136,0.011028718203306198,0.14804922281653954,JPEG,32.311370849609375,10.0,0.0013601483078673482,19.774667739868164,0.0204741470515728,20.0,-3.19173905683433,768,0.0,0.63962322473526,1.1347178220748901,7.480363368988037,0.38978540897369385,0.6102145910263062,1.1366339674154924,0.37495805858823794,0.2429505834595333,0.897903249747744,0.3445715203260473,1.0,768
defactify,1,1,41345,0.7227139116886454,0.004505947697907686,0.0025312835350632668,0.014579125230216216,JPEG,25.173660278320312,10.0,0.002794519765302539,22.774370193481445,0.04429596662521362,20.0,-2.800856756910953,768,0.0,0.647070586681366,2.5879838466644287,3.7768170833587646,0.23624318838119507,0.7637568116188049,1.348845257839235,0.7912353092327417,0.3257165204552627,0.8616338067558702,0.3355045479816629,1.0,768
defactify,0,0,63420,0.37559318377911993,0.035034287720918655,0.0006845504976809025,0.2802520285500554,JPEG,17.016178131103516,10.0,0.027636978775262833,15.080914497375488,0.10157842189073563,20.0,-2.3374205671608506,480,0.0,0.8645256757736206,7.779439449310303,5.1015424728393555,0.5379916429519653,0.46200838685035706,1.3906931551792072,2.405677202658297,0.2927422720301292,0.6937775446651137,0.4072273229261816,1.0,640
defactify,0,0,37761,0.4504245380703652,0.04777640476822853,-0.001268627936951816,0.24518652941862473,JPEG,19.9061222076416,10.0,0.008215191774070263,13.637428283691406,0.07298639416694641,20.0,-2.5202381639867006,480,0.0,0.7705485224723816,4.103610992431641,5.312668800354004,0.6139736175537109,0.38602638244628906,1.2685588615775822,1.2529423277727747,0.18509595293270625,0.7879645009051606,0.3929896925174071,1.0,640
defactify,1,1,45549,0.5948753589260567,0.09108634293079376,0.0120831448584795,0.27526831451083744,JPEG,22.003177642822266,10.0,0.00990207027643919,15.841171264648438,0.06243359297513962,20.0,-2.662355501970521,768,0.0,0.7998669147491455,3.084224224090576,9.074661254882812,0.40789538621902466,0.5921046137809753,1.2819750643679177,0.6238259600242693,0.3011344359913377,0.8723314543904366,0.35940792107749797,1.0,768
defactify,1,4,12021,0.4309083654741322,0.07894819974899292,0.011265617795288563,0.22745569262919807,JPEG,17.937419891357422,10.0,0.04108592867851257,18.024730682373047,0.1815575659275055,20.0,-2.2325648315991473,270,0.0,0.852744460105896,6.834908485412598,7.5492095947265625,0.5494652390480042,0.45053476095199585,1.3725046849800726,2.623635583317597,0.18284179110594717,0.7010643839269629,0.3985250841929582,1.0,270
defactify,0,0,12782,0.33930607590812834,0.03461248055100441,-0.0001903016964206472,0.23263889571061647,JPEG,30.840566635131836,10.0,0.014942207373678684,28.76031494140625,0.16475965082645416,20.0,-2.1698937500158935,241,0.0,0.6371809244155884,6.789638519287109,13.14792251586914,0.7422155141830444,0.25778448581695557,1.3247756657271565,2.5660421384601872,0.2149190170829444,0.7115059935252822,0.4003850684763473,1.0,324
defactify,1,5,21747,0.4196264665974938,0.037219736725091934,0.00016607632278464735,0.1066124883357842,JPEG,31.66893768310547,10.0,0.0027601122856140137,18.770069122314453,0.09499650448560715,20.0,-2.4552952359545395,436,0.0,0.5245534181594849,2.4459214210510254,6.59910774230957,0.6813958883285522,0.31860408186912537,1.4142374554548527,0.7403448517853534,0.24822866734936325,0.783024288016352,0.3722610971129331,1.0,436
defactify,1,2,72230,0.3880439118294861,0.04329994320869446,0.010678798891603947,0.14221881079289844,JPEG,32.362667083740234,10.0,0.004196849185973406,16.354490280151367,0.08221423625946045,20.0,-2.615943765803045,1024,0.0,0.6652671694755554,2.074700355529785,5.32841157913208,0.5320430994033813,0.46795690059661865,1.3572138882181153,0.6379290459961212,0.28342524956900017,0.8304050873895408,0.3790813082110155,1.0,1024
defactify,1,3,211428,0.5295551492992078,0.1251440942287445,0.004323373548686504,0.2564127454432265,JPEG,13.256298065185547,10.0,0.048628147691488266,16.382266998291016,0.16454735398292542,20.0,-2.2576419983622906,1024,0.0,0.8762182593345642,8.437565803527832,7.37232780456543,0.658138632774353,0.341861367225647,1.3538292796741906,2.5836952144858056,0.14472469278797712,0.6227531181851518,0.4062507209676793,1.0,1024
defactify,1,1,51789,0.437042940839241,0.09285790473222733,-0.00046828179620206356,0.2913582668323979,JPEG,28.234859466552734,10.0,0.0026541450060904026,19.527576446533203,0.052547063678503036,20.0,-2.8481440875367854,768,0.0,0.6489561796188354,2.9409990310668945,7.616250514984131,0.4471524953842163,0.5528475046157837,1.334918572696079,1.1243032222224119,0.22692990364547422,0.820582227361436,0.37054441913686875,1.0,768
defactify,0,0,53586,0.6833569835799717,0.07285471260547638,-0.005056307185441256,0.22120824118500618,JPEG,21.054155349731445,10.0,0.012290448881685734,19.59151268005371,0.06744959205389023,20.0,-2.554832294935031,490,0.0,0.82539963722229,6.083912372589111,5.275509357452393,0.6346254348754883,0.36537453532218933,1.4199144044024454,2.0941173977421643,0.21000969090850719,0.7160521206121628,0.3935419631912177,1.0,640
defactify,1,4,10576,0.3450615154651029,0.050585001707077026,0.010489019565284252,0.19952945779177866,JPEG,22.987598419189453,10.0,0.01598215289413929,20.189115524291992,0.09372042119503021,20.0,-2.672737052485907,270,0.0,0.827609658241272,5.801398277282715,13.324745178222656,0.5991262793540955,0.40087372064590454,1.3128017004192845,2.138757935392866,0.16174477686265243,0.7272465275622992,0.3892574144926234,0.9999999999999999,270
defactify,0,0,40545,0.7699887759144328,0.13192956149578094,-0.0020126942545175552,0.24386379734983643,JPEG,18.604482650756836,10.0,0.018365010619163513,16.553367614746094,0.1184728592634201,20.0,-2.310136800769738,640,0.0,0.8008980751037598,5.513561725616455,5.122954368591309,0.335088312625885,0.664911687374115,1.39413348308155,1.736722466674859,0.2047092088114762,0.7758965227776857,0.3780811121505399,1.0,426
defactify,0,0,28165,0.766887399867691,0.08893675357103348,-0.006132069975137711,0.13885508432437488,JPEG,19.93677520751953,10.0,0.006475622300058603,19.25433349609375,0.033797405660152435,20.0,-2.5461913405840075,612,0.0,0.8315251469612122,2.6500020027160645,6.921020030975342,-0.16609728336334229,1.1660972833633423,1.1778754374233813,0.3748826261824905,0.2893102071625685,0.8958895758437447,0.3321682916099818,1.0,612
defactify,1,5,17756,0.6531285537546394,0.07845272868871689,0.011071333661675453,0.16215030137360342,JPEG,22.836456298828125,10.0,0.0023461254313588142,16.965923309326172,0.061124999076128006,20.0,-2.7699893480691227,436,0.0,0.575198233127594,2.3250718116760254,1.9917738437652588,0.35832083225250244,0.6416791677474976,1.3717202041090473,0.6182928847695353,0.45130597108771003,0.8579279533156752,0.35548213320910416,1.0,436
defactify,1,5,25990,0.35892691951896394,0.08691252768039703,-0.01361295860260725,0.17550862338673637,JPEG,24.252731323242188,10.0,0.002618952188640833,22.008859634399414,0.07901372015476227,20.0,-2.6567067399977473,436,0.0,0.5246092677116394,2.6019721031188965,2.9367570877075195,0.6996408700942993,0.3003591001033783,1.4541066681376287,0.9585417355482235,0.19620934265233775,0.7752380459324364,0.3822614406475851,1.0,436
defactify,1,2,91448,0.7085601728996253,0.055442728102207184,0.016240814700722694,0.11560743721161686,JPEG,15.848247528076172,10.0,0.017163589596748352,16.02581214904785,0.11378222703933716,20.0,-2.463678661764362,1024,0.0,0.7924847602844238,4.127560615539551,2.4424562454223633,0.46243566274642944,0.5375643372535706,1.3603102310318234,1.02803702156433,0.27887935477614234,0.8266156703670103,0.36233542899958854,1.0,1024
defactify,1,5,12452,0.5934711898945828,0.002939540660008788,0.0008924902067519724,0.022778941132544063,JPEG,27.906829833984375,10.0,0.0009712070459499955,23.35291862487793,0.019826317206025124,20.0,-3.0679754107295483,436,0.0,0.5239852070808411,1.0940743684768677,4.717103958129883,0.43075037002563477,0.5692496299743652,1.1376539646728956,0.2873810222008809,0.3646312987346334,0.9088934415997607,0.3396168212385634,1.0,436
defactify,1,3,172177,0.18761192457600337,0.1483398973941803,-0.0005424721748568118,0.33781838977060363,JPEG,14.461795806884766,10.0,0.02706487849354744,12.811213493347168,0.15224123001098633,20.0,-2.337236748819965,1024,0.0,0.8137096166610718,6.013777256011963,4.049709320068359,0.6484288573265076,0.35157114267349243,1.283725830110635,1.851647678790957,0.19137423497869127,0.6713079879141076,0.40674312166194015,1.0,1024
defactify,1,4,9821,0.35627039627039625,0.07510078698396683,0.0069303871132433414,0.19758177232594,JPEG,22.131528854370117,10.0,0.00822469312697649,23.79298973083496,0.08040636777877808,20.0,-2.8178548474121143,270,0.0,0.7278261184692383,4.034342288970947,2.8260300159454346,0.5946592092514038,0.4053407609462738,1.161710223976173,1.4128776653271902,0.17967764272325862,0.7790394672764092,0.38246187083910915,1.0,270
defactify,0,0,15652,0.5626457220831408,0.15395930409431458,0.0022033576387912035,0.32740979784207397,JPEG,33.278770446777344,10.0,0.0023566693998873234,17.647462844848633,0.0407988503575325,20.0,-2.7915798668827185,375,0.0,0.5873172879219055,3.8634912967681885,15.723560333251953,0.21259450912475586,0.7874054908752441,1.184297557415303,0.7759571421843114,0.2326575387161295,0.8840540412532851,0.33346751858980866,1.0,500
defactify,1,4,13980,0.23044478527607362,0.07550080120563507,0.021140294149518013,0.21423598731062546,JPEG,20.586902618408203,10.0,0.030461493879556656,22.622283935546875,0.1472945362329483,20.0,-2.3751671582018763,270,0.0,0.8400921821594238,7.253112316131592,10.465401649475098,0.7317404747009277,0.2682594954967499,1.39708717542427,3.0628570382961575,0.13369782530937654,0.6113184837238834,0.40215759563434633,1.0,270
defactify,1,3,93073,0.5332890916632103,0.11825043708086014,0.0101705277338624,0.2684760277434621,JPEG,21.53931427001953,10.0,0.007294157054275274,19.741291046142578,0.0680532306432724,20.0,-2.7116264084766417,1024,0.0,0.7469384670257568,4.206409931182861,5.661828517913818,0.41293424367904663,0.5870657563209534,1.2857830746499626,1.3749115235932823,0.18864312702725883,0.7948095116157681,0.37325133102619135,1.0,1024
defactify,1,4,12472,0.19066704838247925,0.08551549911499023,0.009368520230054855,0.19781328070152102,JPEG,21.68267822265625,10.0,0.010392319411039352,14.65771770477295,0.13581392168998718,20.0,-2.5279803189480723,270,0.0,0.7114036679267883,4.9446001052856445,3.4586777687072754,0.5105462670326233,0.4894537329673767,1.3517056377565562,2.1233307076095325,0.17166334469690026,0.6910533166096866,0.38136734102557573,1.0,270
defactify,0,0,29002,0.5966779169339768,0.1292428970336914,-0.006818404421210289,0.20479683678992686,JPEG,20.238473892211914,10.0,0.008776445873081684,16.891916275024414,0.10064146667718887,20.0,-2.5502345561649635,478,0.0,0.7134549021720886,3.463359832763672,4.829464912414551,0.27922677993774414,0.7207732200622559,1.4013042104722748,1.0031982922356164,0.2632168438255457,0.854114341593598,0.36859619729310955,1.0,640
defactify,1,4,12510,0.25703868746202146,0.05834241956472397,-0.0008103262516669929,0.19969821096561563,JPEG,19.124269485473633,10.0,0.018097149208188057,16.673789978027344,0.1534457802772522,20.0,-2.3818736611564812,270,0.0,0.7701435685157776,6.067995071411133,4.609163761138916,0.45773249864578247,0.5422675013542175,1.3837748407684525,2.646292585478059,0.16929502407212352,0.689922133735615,0.3961076689925993,1.0,270
defactify,1,3,64812,0.5563862982960521,0.04005482792854309,0.012750830501317978,0.11592497748982195,JPEG,25.406124114990234,10.0,0.009144218638539314,30.53730010986328,0.05397367104887962,20.0,-2.790228032030129,1024,0.0,0.8296934962272644,3.857081174850464,14.464338302612305,0.5424004793167114,0.4575995206832886,1.1761426741899896,0.8274402631800957,0.22964906418053707,0.8752996211211005,0.3586271625323214,1.0,1024
defactify,1,3,53102,0.6859691169272042,0.0855405405163765,0.011269309557974339,0.1379352429602666,JPEG,22.40888214111328,10.0,0.02648869901895523,13.044832229614258,0.13017600774765015,20.0,-2.312695749080111,1024,0.0,0.8378943800926208,2.39949107170105,7.516441822052002,-0.09407424926757812,1.0940742492675781,1.2174290396117864,0.33811787200159305,0.5076541373459357,0.9204715016619471,0.31983305950929036,1.0,1024
defactify,1,3,66823,0.7680841335162323,0.07564157992601395,0.011623598635196686,0.228324508686461,JPEG,27.45833396911621,10.0,0.006691147107630968,28.513225555419922,0.04987255111336708,20.0,-2.7954761295792028,1024,0.0,0.7973967790603638,3.6134321689605713,7.75045108795166,0.35814154148101807,0.6418584585189819,1.2596434292570444,0.9140997812548999,0.26956833666028723,0.8599549352538489,0.3265639683276631,1.0,1024
defactify,1,4,7028,0.5462540354002003,0.098493292927742,0.02629249542951584,0.2194535293380797,JPEG,28.981887817382812,10.0,0.008433371782302856,37.65447998046875,0.06275469064712524,20.0,-2.564859226067489,270,0.0,0.8174005150794983,3.403975248336792,16.527694702148438,0.5633484125137329,0.4366515874862671,1.0877119269462492,0.8088570577459622,0.26315327937434596,0.8507343215913475,0.36687086385941614,0.9999999999999999,270
defactify,1,4,11590,0.24117185456447815,0.09508301317691803,0.012459916062653065,0.2197230628982886,JPEG,19.148666381835938,10.0,0.012479394674301147,15.981707572937012,0.09455783665180206,20.0,-2.489670672929855,270,0.0,0.791614294052124,4.511207580566406,5.785755157470703,0.2703651189804077,0.7296348810195923,1.2429529468668494,1.540805257794383,0.17783268786012907,0.712931728638037,0.38202614184814543,1.0,270
defactify,1,3,100256,0.4663823909191916,0.13005396723747253,-0.008032707497477531,0.2817394180330077,JPEG,23.479766845703125,10.0,0.004541104659438133,15.22873306274414,0.03875645250082016,20.0,-2.7568316462416167,1024,0.0,0.7678994536399841,3.7465932369232178,5.130391597747803,0.5030685663223267,0.49693143367767334,1.2198117383475506,1.0965811961942722,0.21118705956103684,0.8130557048863315,0.38534681285538935,1.0,1024
defactify,1,2,123556,0.2686463426325376,0.060161639004945755,0.006939405109733343,0.1715524335903341,JPEG,20.991470336914062,8.0,0.03298170119524002,22.549781799316406,0.26303598284721375,20.0,-1.901254423370888,1024,0.0,0.7601445317268372,5.874764919281006,9.552125930786133,0.7791215181350708,0.2208784967660904,1.4607735648499143,2.039107783409969,0.3199372412281332,0.729504876943709,0.3930097649507887,1.0,1024
defactify,0,0,26976,0.7739899164306927,0.07731996476650238,-0.010732374154031277,0.12995745682415108,JPEG,24.481990814208984,10.0,0.004803903866559267,24.074018478393555,0.037747807800769806,20.0,-2.5371134506797715,427,0.0,0.7928128838539124,3.556722402572632,7.645096778869629,0.21663707494735718,0.7833629250526428,1.2319583146021063,0.82092520045637,0.2773174568277564,0.8424674259042302,0.36423745813498754,1.0,640
defactify,0,0,29484,0.37831354568366077,0.03928639739751816,-0.003910123370587826,0.1183898232149375,JPEG,26.864803314208984,10.0,0.0037327033933252096,25.489967346191406,0.06340650469064713,20.0,-2.6282035974174307,640,0.0,0.6503294706344604,2.3368873596191406,10.424113273620605,0.4455904960632324,0.5544095039367676,1.1311620693640712,0.6570212491306895,0.23108385147623425,0.8210993819733197,0.38791949478535664,1.0,480
defactify,1,1,46777,0.5482773793808793,0.052401039749383926,0.013750442303717136,0.16397791516628882,JPEG,24.43096923828125,10.0,0.00896025076508522,16.7796630859375,0.038622789084911346,20.0,-2.7931902473481034,768,0.0,0.8481611609458923,2.977034091949463,10.981887817382812,0.3608052730560303,0.6391947269439697,1.136410129495475,0.5070915559803961,0.24920368720462904,0.8773182378777558,0.3793906218494554,1.0,768
defactify,1,4,13689,0.46887678219543294,0.08032383024692535,0.004111696500331163,0.23297693824311183,JPEG,17.94376564025879,10.0,0.02266082726418972,13.362335205078125,0.12406189739704132,20.0,-2.514858007951837,270,0.0,0.8203734755516052,7.007438659667969,3.9697890281677246,0.6966071128845215,0.3033929169178009,1.3938374878908815,3.0846359840859674,0.16833948874497823,0.6520946790299637,0.40149514994125035,1.0,270
defactify,0,0,40989,0.4809303154517911,0.13862119615077972,0.0056195626966655254,0.3508551763936051,JPEG,29.868976593017578,8.0,0.005128090735524893,27.195594787597656,0.07483521103858948,20.0,-2.4763436452067142,459,0.0,0.6937196850776672,4.197246551513672,9.109179496765137,0.43890947103500366,0.5610905289649963,1.3566271162523802,1.7466623912395272,0.19463318639827426,0.7458837223397059,0.37889171123039705,1.0,640
defactify,0,0,29384,0.5781016894480061,0.09635332226753235,0.014735246077179909,0.16429123466571804,JPEG,29.574779510498047,10.0,0.006110559683293104,28.211265563964844,0.10467012226581573,20.0,-2.424789725362889,480,0.0,0.6885634064674377,3.122676134109497,13.643321990966797,0.26269668340682983,0.7373033165931702,1.2753046350734385,1.0502046521858124,0.24984972566503036,0.818333603033619,0.36862648861116426,1.0,640
defactify,0,0,17660,0.7828790447188011,0.026422856375575066,-0.011339481920003891,0.1234455782920705,JPEG,29.671253204345703,10.0,0.0009274233598262072,17.119298934936523,0.041256848722696304,20.0,-2.878404236734594,480,0.0,0.4965185225009918,2.0718812942504883,6.14314079284668,0.43660807609558105,0.563391923904419,1.3665698972603226,0.7578916031330329,0.6102608387380706,0.9023959171889749,0.2796955530311805,1.0,640
defactify,0,0,20903,0.6056398748659673,0.022931719198822975,0.01563364826142788,0.1020195276080495,JPEG,31.07326889038086,10.0,0.003627804107964039,17.652603149414062,0.05836541950702667,20.0,-2.844575309171208,640,0.0,0.6830146312713623,2.2523460388183594,10.25966739654541,0.3634454607963562,0.6365545392036438,1.2075956116326638,0.5737303448644681,0.28861799739884686,0.8842046594371831,0.3466570607463179,0.9999999999999999,480
defactify,1,1,86951,0.40807879316793416,0.09725665301084518,-0.0012965044006705284,0.27054228951498865,JPEG,20.681989669799805,10.0,0.015713848173618317,20.41492462158203,0.1294812262058258,20.0,-2.429340006532131,768,0.0,0.7664880752563477,5.3603835105896,4.915624618530273,0.5733203291893005,0.42667967081069946,1.4633588951966117,1.9629067402662548,0.16934213574935184,0.7115220139087387,0.39536303608236373,1.0,768
defactify,0,0,38466,0.7310928893115389,0.06362900137901306,0.002115472685545683,0.15927181654091566,JPEG,17.882320404052734,8.0,0.011846407316625118,18.01472282409668,0.06285985559225082,20.0,-2.244377544349466,439,0.0,0.8280192017555237,5.198383808135986,5.873710632324219,0.30166178941726685,0.6983382105827332,1.4210233293858572,1.3627853940963528,0.286770218729933,0.7786384331528929,0.38330802207483056,1.0,640
defactify,0,0,57166,0.18742621015348288,0.10036572813987732,0.0030067567713558674,0.26066562330676163,JPEG,21.978092193603516,10.0,0.018904881551861763,22.228939056396484,0.15015068650245667,20.0,-2.323794429513894,427,0.0,0.7730297446250916,6.381048202514648,3.708608627319336,0.7163317799568176,0.2836682200431824,1.3787851829214688,2.4481972154665024,0.18986554339752165,0.6510972356544816,0.4069418597484198,1.0,640
defactify,1,4,14954,0.11579333089043606,0.13094808161258698,-0.002996722934767604,0.26183127380384175,JPEG,18.503358840942383,10.0,0.03175988420844078,14.288093566894531,0.18448089063167572,20.0,-2.334338629253737,270,0.0,0.8126934766769409,6.827657222747803,5.796370506286621,0.6100094318389893,0.38999059796333313,1.3364720713128317,2.9402781168697905,0.14904399593410045,0.6331380527089291,0.4022087369918898,1.0,270
defactify,1,2,90074,0.4921805894632558,0.0028256161604076624,0.0008961396524682641,0.01493756695525136,JPEG,20.302181243896484,10.0,0.00700459023937583,13.16042423248291,0.06227492913603783,20.0,-2.5408715495007956,1024,0.0,0.7697581648826599,3.715879201889038,4.880856990814209,0.45701903104782104,0.542980968952179,1.3381871536557413,1.0698263568743511,0.20843795307718577,0.8009338855646375,0.38541165542798184,1.0,1024
defactify,1,1,50739,0.38263301733709115,0.10743188858032227,-0.009956520982086658,0.14912874014557134,JPEG,21.765823364257812,10.0,0.0065102051012218,21.07312774658203,0.07856560498476028,20.0,-2.4275978039758277,768,0.0,0.7233722805976868,2.171205759048462,4.464048385620117,0.2446575164794922,0.7553424835205078,1.393584602579644,0.5352890245263793,0.3188253255024553,0.849390786882609,0.391540248215342,1.0,768
defactify,1,5,17795,0.4932867061466204,0.08118704706430435,0.00023052707547321916,0.20406836639995227,JPEG,26.93911361694336,10.0,0.0013542574597522616,25.091344833374023,0.030510425567626953,20.0,-3.069775043668086,436,0.0,0.5264875888824463,1.315148949623108,5.992438793182373,0.5565923452377319,0.4434076249599457,1.2649573163850336,0.4645477634655635,0.25628660054766617,0.8462854552820962,0.3388554756496096,1.0,436
defactify,1,2,103264,0.2868234055618914,0.09754081070423126,0.015895655378699303,0.211115448734233,JPEG,21.392536163330078,10.0,0.007235763128846884,18.209875106811523,0.07697068154811859,20.0,-2.667710988960214,1024,0.0,0.7383673787117004,3.0468549728393555,5.783741474151611,0.6626367568969727,0.33736321330070496,1.192953144107685,0.8930641704842674,0.2065077365256512,0.78166563521266,0.3954476830274465,1.0,1024
defactify,1,3,70370,0.7333725680260333,0.0888170376420021,0.001342715579085052,0.2563935967789318,JPEG,26.231115341186523,10.0,0.005444077774882317,24.948949813842773,0.03851187601685524,20.0,-2.935096155953887,1024,0.0,0.7930932641029358,2.9259421825408936,6.698413372039795,0.4310789108276367,0.5689210891723633,1.2044215719192046,0.6232463696579156,0.27678206576544473,0.8918899941881238,0.3332040314579995,1.0,1024
defactify,1,3,250574,0.6598204570184983,0.2316826581954956,0.014635298401117325,0.3741872899185399,JPEG,13.06024169921875,10.0,0.13337960839271545,13.663930892944336,0.13840007781982422,20.0,-2.2430922480673643,1024,0.0,0.9490903615951538,11.026403427124023,5.066543102264404,0.5897056460380554,0.4102943539619446,1.295088724825401,2.2306948208667654,0.23856041636004355,0.6620447642512951,0.3836079718274961,1.0,1024
defactify,1,4,10100,0.5051516470758961,0.1374935358762741,0.014235730282962322,0.20141456788155768,JPEG,15.986152648925781,10.0,0.014971254393458366,16.025972366333008,0.08122464269399643,20.0,-2.699228849091893,270,0.0,0.8268300294876099,4.00003719329834,2.741851568222046,0.43834763765335083,0.5616523623466492,1.1390758893548016,1.1270290114329033,0.23153135141892445,0.7874516196236931,0.39461652630603816,1.0,270
defactify,0,0,26114,0.8818061088977424,0.05518859624862671,-0.0005047599552199244,0.3591898719679484,JPEG,15.47569751739502,10.0,0.0227348729968071,16.143918991088867,0.06709131598472595,20.0,-2.3550775166095748,333,0.0,0.8912989497184753,7.860414981842041,3.9136786460876465,0.26981252431869507,0.7301874756813049,1.361622724676268,1.814860183645656,0.30420537201871195,0.7437489410934399,0.3718932413878728,1.0,500
defactify,1,1,64678,0.29426686960933535,0.004870641510933638,0.0034098157193511724,0.03727401113299288,JPEG,28.179439544677734,10.0,0.003908355254679918,24.001983642578125,0.12327643483877182,20.0,-2.408562427995187,768,0.0,0.5119011402130127,3.330997943878174,4.5611114501953125,0.5336195230484009,0.4663805067539215,1.3971701981105629,1.7590405312216646,0.18499200215654688,0.7431718008557023,0.38356109613357947,1.0,768
defactify,1,3,117300,0.41710696571058875,0.14672735333442688,-0.0008744919905439019,0.28991103515188915,JPEG,24.002521514892578,10.0,0.008372362703084946,24.457998275756836,0.11097206175327301,20.0,-2.49027050015807,1024,0.0,0.6865527033805847,4.171345233917236,3.4986391067504883,0.5844669342041016,0.41553303599357605,1.3996209312392045,1.660649467687592,0.18571078827869433,0.7571354992418441,0.38904614109881297,1.0,1024
defactify,1,3,53421,0.6010018027127167,0.03941698744893074,0.005858440417796373,0.26550452037711997,JPEG,22.932270050048828,10.0,0.0039871083572506905,18.174623489379883,0.03867487236857414,20.0,-2.793334394223085,1024,0.0,0.751964807510376,3.4483869075775146,10.300017356872559,0.17446160316467285,0.8255383968353271,1.3162610492579787,0.925532007058016,0.2699677872853192,0.8981390532298763,0.31944081131236485,1.0,1024
defactify,1,3,40187,0.8991191302783057,0.10146576166152954,-0.0041441055946052074,0.11512290389626073,JPEG,23.502695083618164,10.0,0.02029580809175968,21.718517303466797,0.08613380044698715,20.0,-2.5413030652322504,1024,0.0,0.8466640710830688,4.073344707489014,11.354320526123047,-0.5872236490249634,1.5872236490249634,1.3852109757184161,0.7041168899778331,0.4645974498160617,0.9493999325297732,0.1886636895300365,1.0,1024
defactify,1,4,10629,0.46081965024696303,0.06500701606273651,0.004233758896589279,0.17831278728995065,JPEG,17.65047264099121,10.0,0.018143482506275177,15.108448028564453,0.11676354706287384,20.0,-2.5790257199955238,270,0.0,0.8101603984832764,4.279247283935547,2.2185726165771484,0.2818164825439453,0.7181835174560547,1.1171164256338808,1.349482276876177,0.2223981887284921,0.7423962884773528,0.3805198436204939,1.0,270
defactify,1,5,18237,0.5173387823787488,0.04859547317028046,0.015458854846656322,0.1636900516688962,JPEG,29.521263122558594,10.0,0.002142965095117688,23.34251594543457,0.051568370312452316,20.0,-2.5968179401964986,436,0.0,0.5204355120658875,2.076920509338379,4.340538501739502,0.4025425314903259,0.5974574685096741,1.412481293041986,0.6053937259127591,0.22605334373432556,0.8367088472545584,0.36989744063900554,1.0,436
defactify,1,5,18292,0.6654858750022251,0.0787416473031044,-0.0053086671978235245,0.2399582184845057,JPEG,32.978187561035156,10.0,0.0011230908567085862,19.603208541870117,0.04443594440817833,20.0,-2.6709144915773595,436,0.0,0.501974880695343,2.050304889678955,6.441171169281006,0.39150530099868774,0.6084946990013123,1.4204982539805224,0.6790706993906608,0.23955636705548827,0.8298027288691728,0.3567364338673158,1.0,436
defactify,1,4,18059,0.7336686322118164,0.1547994315624237,9.815704834181815e-05,0.32839183292735447,JPEG,12.126554489135742,10.0,0.08246928453445435,14.333582878112793,0.22278764843940735,20.0,-2.0770560252662467,270,0.0,0.8891098499298096,14.032286643981934,4.566699028015137,0.4800867438316345,0.5199132561683655,1.6002466562319928,9.64406486612647,0.23045001816466043,0.5658745675712642,0.37919721804662837,0.9999999999999999,270
defactify,1,5,17777,0.7695509607706553,0.02936846762895584,0.009595037437975407,0.16354628276369942,JPEG,29.556110382080078,10.0,0.0015690815635025501,30.623126983642578,0.031012512743473053,20.0,-2.834829963935931,436,0.0,0.5314273238182068,1.8698172569274902,4.6684250831604,0.4661695957183838,0.5338304042816162,1.2916523600926257,0.5661907998526362,0.24907017045303276,0.8506330695245321,0.36160487375853223,1.0,436
defactify,1,1,70443,0.6904837814540602,0.1007099598646164,-0.011748294346034527,0.2393814932197537,JPEG,20.828205108642578,10.0,0.010748169384896755,15.162027359008789,0.0846312865614891,20.0,-2.469538038195572,768,0.0,0.7723896503448486,4.284768104553223,4.674685001373291,0.43137288093566895,0.568627119064331,1.3658548073763914,1.3382282289543412,0.25954900313489804,0.7910139733234558,0.37671935594101524,1.0,768
defactify,1,5,13691,0.5743262729515813,0.012134511955082417,0.00958025548607111,0.027256698749391156,JPEG,29.12604331970215,10.0,0.002019809791818261,21.28389549255371,0.04350481554865837,20.0,-2.9060088740545167,436,0.0,0.5493691563606262,1.3826863765716553,7.427117824554443,0.6067509651184082,0.3932490646839142,1.0478685835374444,0.28268456937381126,0.27883021903109306,0.8898194445893639,0.3432905313231966,1.0,436
defactify,1,1,56468,0.7018668653878275,0.011874645948410034,0.011565792374312878,0.04497559302993302,JPEG,20.062997817993164,10.0,0.012229510582983494,22.921459197998047,0.053612709045410156,20.0,-2.808656058838369,768,0.0,0.8478873372077942,3.0117039680480957,5.697729587554932,0.18408244848251343,0.8159175515174866,1.179615907957778,0.5178326272618716,0.29916457734022606,0.8412943933311906,0.38417199559688814,1.0,768
defactify,1,2,88094,0.34769485707522046,0.15785208344459534,0.006657274905592203,0.277816237272789,JPEG,25.784282684326172,10.0,0.0034863019827753305,21.55622100830078,0.05145256966352463,20.0,-2.771464799820672,1024,0.0,0.652812123298645,2.250478506088257,2.292757511138916,0.5419191122055054,0.45808085799217224,1.3057956626358416,0.7997263813308544,0.1924823389679989,0.8018081393978087,0.3685628357874783,1.0,1024
defactify,1,2,63698,0.34896557815018436,0.014867069199681282,0.008474432863295078,0.04801969427686232,JPEG,27.519210815429688,10.0,0.009406219236552715,21.055160522460938,0.07847912609577179,20.0,-2.5343056610060812,1024,0.0,0.7784691452980042,2.4488611221313477,10.12944221496582,0.49589067697525024,0.5041093230247498,1.2332873327928546,0.5061406354387517,0.3939865993920766,0.8898714036703489,0.3831188117881197,1.0,1024
defactify,1,4,14995,0.23715012722646311,0.11301632225513458,0.004710621666163206,0.25905261941830554,JPEG,20.696706771850586,10.0,0.03422912210226059,19.025970458984375,0.1852569431066513,20.0,-2.307883158737766,270,0.0,0.8324244618415833,7.880026817321777,5.448320388793945,0.579805850982666,0.4201941192150116,1.4310170079721205,3.772661519121975,0.14449240125004792,0.6196375217715646,0.4004078652289505,1.0,270
defactify,1,4,11947,0.33173898189272294,0.04937896132469177,-0.00877864845097065,0.15811863818026525,JPEG,22.824928283691406,10.0,0.023645956069231033,24.6431827545166,0.1572859138250351,20.0,-2.4136842653519346,270,0.0,0.8038968443870544,6.451449394226074,10.178956031799316,0.5859987735748291,0.4140012562274933,1.3499288309137591,2.671720801106797,0.15815718979429616,0.6842379665388822,0.39449695648688465,1.0,270
defactify,1,3,135440,0.2308739560685185,0.05087358504533768,-0.004762587603181601,0.17110822758244873,JPEG,20.700977325439453,10.0,0.01983634941279888,15.391334533691406,0.10108572244644165,20.0,-2.4168061516952815,1024,0.0,0.8331247568130493,4.763566017150879,6.956897258758545,0.5680226683616638,0.4319773316383362,1.4022365701297628,1.1698074348621912,0.2717571421578012,0.7846558228278617,0.40148231771578036,1.0,1024
defactify,1,3,201704,0.04138438880706922,0.10831619799137115,0.014060278423130512,0.1827270472474215,JPEG,15.456480026245117,10.0,0.031633421778678894,15.893792152404785,0.13366854190826416,20.0,-2.245762317913621,1024,0.0,0.8494965434074402,7.500992774963379,3.0944619178771973,0.6093924045562744,0.3906075656414032,1.4364525776878099,2.3870717946074125,0.15776849245342298,0.62985751291626,0.40809671641446604,1.0,1024
defactify,1,1,52286,0.5132052224717315,0.0586385615170002,0.009548085741698742,0.17261221856028838,JPEG,27.85757064819336,10.0,0.005115490406751633,21.855911254882812,0.09586980193853378,20.0,-2.4872194452081677,768,0.0,0.6429800987243652,2.754124164581299,6.054006099700928,0.5214554667472839,0.47854453325271606,1.2643259764203378,0.8725403558932503,0.2750889128224453,0.8335311062918324,0.38902314349178313,1.0,768
defactify,0,0,23246,0.6154596117042405,0.06796962022781372,0.013662741519510746,0.11943951386786592,JPEG,19.81705665588379,10.0,0.0057515609078109264,22.334712982177734,0.051091257482767105,20.0,-2.83574989925033,640,0.0,0.7610878348350525,1.957733154296875,5.283685684204102,0.4455466866493225,0.5544533133506775,1.160709725677465,0.3456404339852915,0.342303358239268,0.8887926846003054,0.3648147712735788,1.0,480
defactify,0,0,10586,0.8292568659127625,0.04162463918328285,0.003030823078006506,0.11310616077441571,JPEG,27.420780181884766,10.0,0.002857763087376952,28.829748153686523,0.025372495874762535,20.0,-2.932910919304512,400,0.0,0.7567341923713684,1.3132944107055664,4.854315757751465,-0.22520887851715088,1.2252088785171509,1.2302921440909609,0.19142127551563876,0.4517337013246832,0.9537151309181218,0.2686872653842698,1.0,640
defactify,1,5,18562,0.38925291369031634,0.05186702311038971,-0.002030877163633704,0.22621903865506127,JPEG,30.197574615478516,10.0,0.0032650118228048086,13.500686645507812,0.08209405839443207,20.0,-2.441434063634084,436,0.0,0.5913518071174622,1.7661384344100952,5.080089092254639,0.564652681350708,0.435347318649292,1.3153828032971628,0.3898586394230879,0.27121668273510147,0.8429326085301772,0.3688498218658925,1.0,436
defactify,1,2,78774,0.39215931863727455,0.0633900985121727,0.020658988505601883,0.08946374449833283,JPEG,16.196191787719727,10.0,0.017293374985456467,16.40911293029785,0.05238042399287224,20.0,-2.6494961553816356,1024,0.0,0.8866968750953674,2.113741636276245,4.022947311401367,0.37650078535079956,0.6234992146492004,1.2148708035090539,0.24351479256283703,0.46142276907915325,0.9089102270969127,0.39213682838057473,1.0,1024
defactify,1,2,34718,0.8282830198519755,0.060178689658641815,0.009590627625584602,0.18918203156979643,JPEG,32.23683547973633,8.0,0.005919158924371004,28.79580307006836,0.13517339527606964,20.0,-2.248679622620142,1024,0.0,0.6411522626876831,1.9365178346633911,11.884032249450684,-0.43870508670806885,1.4387050867080688,1.3738467428075218,0.4648185718382086,0.4732280582649375,0.9464785902654488,0.22585122151662396,0.9999999999999998,1024
defactify,0,0,52110,0.49629111266620013,0.04472358524799347,0.0036079806741327047,0.1951498065102801,JPEG,18.76904296875,10.0,0.03382206708192825,21.68532943725586,0.1290593147277832,20.0,-2.369836546566236,395,0.0,0.8793748021125793,8.370348930358887,9.801824569702148,0.7214134931564331,0.2785864770412445,1.3957226024749116,2.872687491694416,0.14977369013229322,0.6574101884287712,0.4027303624896462,1.0,640
defactify,1,2,118907,0.14145166373992527,0.06411021202802658,0.01562945917248726,0.2051538602705101,JPEG,19.539945602416992,8.0,0.01794930174946785,16.636831283569336,0.06555423140525818,20.0,-2.5594870787970945,1024,0.0,0.8726305365562439,3.745173215866089,7.138448238372803,0.5782178640365601,0.42178216576576233,1.3450890867685252,0.6561335715285969,0.29978309323169683,0.8321228992651436,0.3964580445877644,1.0,1024
defactify,1,2,62412,0.49823822858520483,0.029919032007455826,0.009474481455981731,0.11660273756764683,JPEG,27.030445098876953,10.0,0.012816427275538445,23.105815887451172,0.08894088864326477,20.0,-2.6020874073784386,1024,0.0,0.7992043495178223,2.428940534591675,10.249662399291992,0.4260765314102173,0.5739234685897827,1.1816094683632243,0.4214563270692304,0.4450598837534017,0.8927612116922174,0.3734847043977862,1.0,1024
defactify,1,2,50553,0.546147527769888,0.11313003301620483,0.001642872579395771,0.29069415341010296,JPEG,26.327239990234375,10.0,0.0030548113863915205,17.170970916748047,0.02450019307434559,20.0,-3.068523210948442,1024,0.0,0.7776620984077454,1.7740551233291626,9.984832763671875,0.4920610189437866,0.5079389810562134,1.0763138401253562,0.30416075581246743,0.27658316859578186,0.919473969623411,0.3397971498786564,1.0,1024
defactify,1,4,16777,0.3786679087098277,0.2227737307548523,-0.01009832788258791,0.24373000458336133,JPEG,13.901691436767578,10.0,0.053005218505859375,16.136051177978516,0.2773967981338501,20.0,-2.016044707545092,270,0.0,0.8136646151542664,8.64849853515625,3.3799145221710205,0.5442014336585999,0.45579856634140015,1.4870239417154287,4.379655618153224,0.15958042301079972,0.614192238002372,0.4012404554215589,1.0,270
defactify,1,1,47596,0.6224950074713366,0.08043471723794937,-0.004482752177864313,0.1745703535497387,JPEG,26.570817947387695,10.0,0.0032199271954596043,19.77191734313965,0.04581187292933464,20.0,-2.778452689900254,768,0.0,0.6973022818565369,2.161008358001709,6.375054836273193,0.4797855615615845,0.5202144384384155,1.3003441326588407,0.6003222591673546,0.2638979471639845,0.8610594998852037,0.3788593845790468,1.0,768
defactify,1,5,21493,0.6549904831869636,0.01134633831679821,0.01629209704697132,0.058333244337100264,JPEG,30.119617462158203,10.0,0.0017583450535312295,24.424697875976562,0.06368190050125122,20.0,-2.618662994341569,436,0.0,0.4717050790786743,2.3123466968536377,5.247951030731201,0.5259616374969482,0.47403836250305176,1.3676653815971462,0.8731259600810789,0.21443322905288495,0.7893232089816916,0.3636209131517489,1.0,436
defactify,1,2,100037,0.5345234035613148,0.026217486709356308,0.009653497487306595,0.09749572381224408,JPEG,21.28162384033203,10.0,0.012912129983305931,14.182938575744629,0.0717804804444313,20.0,-2.454230435712146,1024,0.0,0.8236952424049377,3.3387672901153564,5.608498573303223,0.4260988235473633,0.5739011764526367,1.304576070724033,0.6628617994887709,0.25751674172012,0.8193759863096227,0.39430294400763116,1.0,1024
defactify,1,5,30540,0.19154575892857142,0.04907656088471413,-0.001852386281825602,0.24627858112394388,JPEG,24.18523406982422,10.0,0.003415110055357218,15.673666000366211,0.10120995342731476,20.0,-2.4322578137443642,436,0.0,0.5419008135795593,3.385566473007202,3.171177387237549,0.8089084625244141,0.19109152257442474,1.5717201140815493,1.3524938301298444,0.19362618736428505,0.6963949231790101,0.3819517375203383,1.0,436
defactify,0,0,6180,0.4995436568299361,0.05026299133896828,0.00426860386505723,0.1744002604766444,JPEG,26.913673400878906,10.0,0.0031972548458725214,26.611724853515625,0.037022873759269714,20.0,-2.7933461867890856,225,0.0,0.6994181871414185,2.024387836456299,4.86082124710083,0.5468442440032959,0.4531557559967041,1.061903212474792,0.42423804381005437,0.22544255775912142,0.8751731052611376,0.3720522068820101,1.0,300
defactify,0,0,58643,0.24263824957437416,0.06685014814138412,0.005102969240397215,0.21569761346476388,JPEG,21.17774200439453,10.0,0.02016546204686165,12.856342315673828,0.15379644930362701,20.0,-2.1487608581881266,438,0.0,0.7754842638969421,7.428158283233643,5.834453105926514,0.7559026479721069,0.24409735202789307,1.4743173481191556,3.3017483596296264,0.15230537521913973,0.6474700508172415,0.4024275646586204,1.0,640
defactify,0,0,31751,0.7725048382637545,0.0883437916636467,0.016605056822299957,0.14421373122919162,JPEG,20.68889617919922,10.0,0.016481751576066017,15.634576797485352,0.08260384947061539,20.0,-2.2735321945527542,427,0.0,0.8436017036437988,4.117455959320068,5.867302894592285,0.20627093315124512,0.7937290668487549,1.2502265057617972,0.8617940765578274,0.3157398995786494,0.8192318176371228,0.3669233886972609,1.0,640
defactify,1,5,15660,0.6011183847942683,0.10007007420063019,0.0012765061110258102,0.2309095337226621,JPEG,29.969661712646484,10.0,0.0007477126200683415,19.025619506835938,0.024370918050408363,20.0,-2.9940628620141605,436,0.0,0.5052001476287842,1.354788899421692,6.306501388549805,0.49318617582321167,0.5068138241767883,1.265197053995728,0.41026806713523195,0.3945777205018622,0.8857760218183849,0.34085690989150685,0.9999999999999999,436
defactify,1,3,62078,0.6886752968301405,0.0880202054977417,-0.00010492434375919402,0.3101494812793537,JPEG,26.98282241821289,10.0,0.002493974519893527,18.015256881713867,0.03337554633617401,20.0,-2.8956722966474167,1024,0.0,0.6976752877235413,3.3250699043273926,7.37888765335083,0.16558867692947388,0.8344113230705261,1.3244056438972671,1.1230040858835135,0.30568346419235015,0.8823463915846727,0.32983280083851163,1.0,1024
defactify,1,3,56732,0.5841920897756393,0.06840821355581284,-0.005322656128555536,0.2304195104115083,JPEG,25.239429473876953,10.0,0.004760075826197863,15.521163940429688,0.049476899206638336,20.0,-2.6965444458479064,1024,0.0,0.7217543721199036,2.273603677749634,5.23895263671875,0.2522163987159729,0.7477836012840271,1.1464854946884442,0.4761903132434948,0.3438508697903454,0.9033511857762438,0.3501242266511013,1.0,1024
defactify,1,1,105385,0.07597122302158274,0.11589816957712173,0.006024034693837166,0.23331354308090474,JPEG,18.043672561645508,10.0,0.02229747548699379,16.100566864013672,0.16253302991390228,20.0,-2.177845166679112,768,0.0,0.7900472283363342,4.8782830238342285,3.926408529281616,0.7497966289520264,0.25020337104797363,1.4256737982695225,1.572132961429737,0.18766636556451483,0.6840829296104007,0.4062797201753391,1.0,768
defactify,1,4,13750,0.27992224382116077,0.07362978905439377,-0.0010021163616329432,0.1726722969379617,JPEG,21.53329086303711,10.0,0.03059302642941475,18.317201614379883,0.16208720207214355,20.0,-2.185469655246025,270,0.0,0.8304929733276367,6.758836269378662,8.767618179321289,0.6651346683502197,0.33486536145210266,1.3436186072090448,2.708919821757886,0.1612324944398705,0.6375509711293798,0.4047717239493538,1.0,270
defactify,1,3,99081,0.3827203807373736,0.09660139679908752,0.01459483616054058,0.27056477930774114,JPEG,24.54471778869629,8.0,0.006042357999831438,27.09217071533203,0.05613381043076515,20.0,-2.7689713779792067,1024,0.0,0.7560935020446777,4.520493984222412,7.6036481857299805,0.48493874073028564,0.5150612592697144,1.3114734295591237,1.527630496109115,0.22788168725795857,0.8138768715639986,0.38836011344765453,1.0,1024
defactify,1,2,90128,0.6857365708084645,0.07644613087177277,0.011490516364574432,0.17033492780445053,JPEG,18.77191925048828,10.0,0.008951382711529732,18.663644790649414,0.05643841251730919,20.0,-2.7141361713055967,1024,0.0,0.8023607730865479,2.813633441925049,3.921600341796875,0.42104387283325195,0.578956127166748,1.3593088209069308,0.5433547530120414,0.2909308968700577,0.8604316339596596,0.38042713286567165,1.0,1024
defactify,0,0,14526,0.7575633592069578,0.018783006817102432,-0.000415143120335415,0.0756492929567546,JPEG,23.06173324584961,10.0,0.006026004906743765,18.789199829101562,0.11223120242357254,20.0,-2.5579096069948175,427,0.0,0.6567947864532471,1.2546247243881226,6.024292945861816,0.17076903581619263,0.8292309641838074,1.1255258298790685,0.24017599023127525,0.5158298526739749,0.9105454366415731,0.3293256158540334,1.0,640
defactify,1,2,95162,0.29483679238445,0.02843027561903,0.022107290104031563,0.12447522472166549,JPEG,27.053199768066406,10.0,0.013150617480278015,27.78333854675293,0.09851588308811188,20.0,-2.364734530902565,1024,0.0,0.7903982400894165,3.9842944145202637,15.322314262390137,0.3666926622390747,0.6333073377609253,1.3952444365421164,0.9948848831186499,0.22180683267147905,0.8057116153955396,0.39247925142053214,1.0,1024
defactify,1,1,44523,0.701368936961298,0.016067365184426308,0.009105383418500423,0.061228532350372844,JPEG,26.191015243530273,8.0,0.012808335945010185,20.732074737548828,0.096270352602005,20.0,-2.5542045890598484,768,0.0,0.7855739593505859,2.8677010536193848,10.075636863708496,0.2533811926841736,0.7466188073158264,1.1715926828446597,0.6136615543059352,0.33546676550890203,0.8796475954804229,0.36268829108545153,0.9999999999999999,768
defactify,1,5,14116,0.5955887497376338,0.07611840963363647,-0.0015412565553560853,0.19179046793787882,JPEG,26.580764770507812,10.0,0.0009658102644607425,22.282922744750977,0.02138877660036087,20.0,-2.9997737987488327,436,0.0,0.5531648397445679,1.1800248622894287,6.033580303192139,0.3176140785217285,0.6823859214782715,1.1712584244614723,0.2771401233363328,0.2499708729680659,0.8958570530735881,0.34593225104976943,1.0,436
defactify,1,5,20533,0.4853537079529366,0.051443301141262054,-0.005473627243191004,0.11450447794221304,JPEG,29.412635803222656,10.0,0.0025044898502528667,28.314523696899414,0.049241311848163605,20.0,-2.573770267878709,436,0.0,0.5636106729507446,2.2765049934387207,3.8185784816741943,0.6209162473678589,0.3790837824344635,1.3065281949201477,0.5826093491161575,0.23931173438662207,0.8230410426256894,0.3815692646260965,1.0,436
defactify,1,3,62190,0.5893163114019123,0.07287278771400452,-0.002474058885127306,0.23961919481679436,JPEG,27.92243194580078,10.0,0.0038957109209150076,20.546524047851562,0.03274993225932121,20.0,-2.9121262759054045,1024,0.0,0.7730159759521484,2.638658046722412,10.812034606933594,0.3529278039932251,0.6470721960067749,1.2453671231832182,0.5887183443089352,0.24468600641940377,0.8888557299974742,0.34890420652398924,1.0,1024
defactify,1,1,30164,0.6962840936307928,0.0800979882478714,-0.01237992849200964,0.17895166356275077,JPEG,21.451194763183594,10.0,0.005924856290221214,16.188867568969727,0.06010458618402481,20.0,-2.746366101012756,768,0.0,0.759996235370636,2.2350552082061768,6.455206394195557,-0.19551420211791992,1.19551420211792,1.3542481681969165,0.46830177723647776,0.39183638059861475,0.9287590756247495,0.3143793696562862,1.0,768
defactify,1,3,127179,0.5826697198582772,0.0778551995754242,-1.538885771878995e-05,0.17112958090276087,JPEG,15.749917984008789,8.0,0.022130869328975677,15.915756225585938,0.06744297593832016,20.0,-2.5553313002193545,1024,0.0,0.8783562183380127,5.493651390075684,7.065372467041016,0.32642656564712524,0.6735734343528748,1.3429524321001123,1.0572264022793694,0.3899363437325307,0.8419724089745059,0.3805898680066635,1.0,1024
defactify,1,2,98581,0.5192843831531867,0.05785362049937248,0.02105453610420227,0.1632659343542287,JPEG,25.34590721130371,6.0,0.010113123804330826,22.130741119384766,0.08846570551395416,20.0,-2.529571854618738,1024,0.0,0.7645041346549988,3.6690359115600586,10.427982330322266,0.5594003796577454,0.44059962034225464,1.3669576744001175,0.9945141166004263,0.2059477357453949,0.7979893010319037,0.3806394308587018,1.0,1024
defactify,1,5,27855,0.3481321438528018,0.03993445634841919,-0.0036521898582577705,0.12398617489124837,JPEG,28.57715606689453,10.0,0.003528958884999156,24.688121795654297,0.11650548875331879,20.0,-2.324972710635999,436,0.0,0.4991620182991028,3.119188070297241,3.616497278213501,0.7012491226196289,0.2987508773803711,1.504944352421978,1.2195872127142005,0.1733302546808744,0.709781755180624,0.3736030624386116,1.0,436
defactify,1,5,9657,0.7543921643940849,0.021492257714271545,0.016419416293501854,0.04396100426593183,JPEG,33.351322174072266,10.0,0.0016335675027221441,35.01837158203125,0.02518163062632084,20.0,-2.8573815661759716,436,0.0,0.5455291867256165,1.174187421798706,5.313511848449707,-0.1450045108795166,1.1450045108795166,1.31921679554262,0.2504738758174891,0.28668650285579006,0.9400895820824872,0.2852353543517843,1.0,436
defactify,1,4,11798,0.7621549459540933,0.08641274273395538,-7.095263572409749e-05,0.19424467480754176,JPEG,18.639179229736328,10.0,0.03875061497092247,21.39068603515625,0.1550002545118332,20.0,-2.2745943752850604,270,0.0,0.8733506798744202,8.220239639282227,6.805757999420166,0.2960612177848816,0.7039387822151184,1.4278989703950908,3.745711023484618,0.2620078059542287,0.7270152261904324,0.37251037975668144,1.0,270
defactify,1,2,107723,0.461502648900305,0.08840489387512207,0.01548351626843214,0.2175904806197416,JPEG,23.544836044311523,10.0,0.013983291573822498,22.054901123046875,0.08304555714130402,20.0,-2.5635948918423646,1024,0.0,0.8187664747238159,4.37905216217041,8.529041290283203,0.6281489133834839,0.3718510568141937,1.4839386908487706,1.1040116876023993,0.236654249945186,0.803191034797406,0.3889449506405623,1.0,1024
defactify,1,1,57643,0.5061688494182451,0.0370229035615921,0.009703337214887142,0.13973045649614135,JPEG,31.787099838256836,8.0,0.0091667165979743,25.107345581054688,0.16980797052383423,20.0,-2.308699378888059,768,0.0,0.6622748970985413,4.333454608917236,12.795697212219238,0.48688435554504395,0.513115644454956,1.461061024890976,1.8560609627340843,0.30497677397746303,0.8210635213284901,0.3770046960641304,1.0,768
defactify,1,2,37263,0.8345963594273796,0.03801482915878296,0.012969473376870155,0.12904344861592532,JPEG,32.37647247314453,10.0,0.0021967156790196896,26.28838539123535,0.028199872002005577,20.0,-2.9260992228914904,1024,0.0,0.7226870656013489,1.1677483320236206,6.322770595550537,-0.07443249225616455,1.0744324922561646,1.1357161159710816,0.19099764744629794,0.46770984507758295,0.9432070538193397,0.2583976309938963,1.0,1024
defactify,1,3,144614,0.6672645416024653,0.11006329953670502,-0.000490818580146879,0.31968822102058375,JPEG,18.789226531982422,10.0,0.01797645166516304,12.687931060791016,0.09000750631093979,20.0,-2.4315353426262054,1024,0.0,0.8293261528015137,6.94926643371582,2.9770162105560303,0.4201123118400574,0.5798876881599426,1.4552740311796495,2.322319008206421,0.22847884754739753,0.7742541730131779,0.37569356409511534,0.9999999999999999,1024
defactify,1,2,90033,0.5410290595467041,0.0628041923046112,0.0073689548298716545,0.15204512950148213,JPEG,21.67738914489746,10.0,0.013343128375709057,14.703093528747559,0.10947296768426895,20.0,-2.4266447230466937,1024,0.0,0.772514283657074,4.3887152671813965,8.157443046569824,0.22831112146377563,0.7716888785362244,1.448326025657333,1.2807771937994668,0.22973589235249886,0.8325060134799067,0.38032130511888035,1.0,1024
defactify,1,5,15326,0.6911106959570096,0.1492270678281784,-0.007653634529560804,0.3287196983215866,JPEG,30.68799591064453,10.0,0.0011315090814605355,28.620588302612305,0.030931852757930756,20.0,-2.9163582798044345,436,0.0,0.49843630194664,1.435328722000122,5.214689254760742,0.44200819730758667,0.5579918026924133,1.367904148948964,0.40947568513004856,0.24875354153704976,0.8868186976604325,0.33118738533217623,1.0,436
defactify,0,0,61268,0.12907180385288966,0.027954209595918655,0.00892452523112297,0.18432238454822267,JPEG,15.447330474853516,10.0,0.013701592572033405,12.334965705871582,0.07934620976448059,20.0,-2.5340411562188683,503,0.0,0.819528341293335,5.317618370056152,3.5789287090301514,0.7343624830245972,0.26563751697540283,1.2457642912065152,1.6155267905371085,0.1578289852290565,0.6642838715088653,0.4084045961952836,1.0,640
defactify,1,4,15674,0.5709723774548938,0.10471825301647186,0.003335285698994994,0.2127051666003129,JPEG,13.087118148803711,10.0,0.062106337398290634,14.650840759277344,0.17479060590267181,20.0,-2.1464630867043395,270,0.0,0.8928259611129761,8.874624252319336,6.202387809753418,0.7172784805297852,0.28272154927253723,1.3839635852661665,4.036851764839563,0.1356989239087129,0.5781326196595182,0.4041972518627446,1.0,270
defactify,1,1,60672,0.39069220371118096,0.026452437043190002,0.00492142653092742,0.06245972163918367,JPEG,23.40900421142578,10.0,0.011192426085472107,19.788860321044922,0.06942229717969894,20.0,-2.597610712014849,768,0.0,0.8082745671272278,3.187325954437256,9.424455642700195,0.5833306312561035,0.41666939854621887,1.4441417911541328,0.6442229340219787,0.26368797345524236,0.8419320307643264,0.39480692468145473,1.0,768
defactify,1,1,81159,0.4897846493649917,0.1051863580942154,0.004301792476326227,0.2450649775541875,JPEG,22.76563835144043,10.0,0.014792957343161106,14.358185768127441,0.12582401931285858,20.0,-2.340152891538104,768,0.0,0.7594751119613647,4.698233127593994,4.771752834320068,0.546619176864624,0.4533807933330536,1.3695448090869196,1.5720515018877816,0.20769122534814902,0.7693864572934215,0.4020154940265437,1.0,768
defactify,1,3,106007,0.2665622165416014,0.10008856654167175,0.0030900370329618454,0.3858763611703267,JPEG,19.022724151611328,10.0,0.005966786295175552,18.587072372436523,0.02674940973520279,20.0,-2.7058889664782235,1024,0.0,0.8462148308753967,3.550865888595581,4.777187347412109,0.591833233833313,0.4081667959690094,1.1171861483001588,0.6578108729395185,0.26760087835905744,0.8607767005647893,0.39631941587751446,1.0,1024
defactify,0,0,29960,0.5608496612342062,0.12472604215145111,-0.012754574418067932,0.29587879582059884,JPEG,26.931541442871094,10.0,0.005011392291635275,19.75925064086914,0.056218165904283524,20.0,-2.4514732334915674,640,0.0,0.7366418242454529,3.6929690837860107,9.16734790802002,0.7018128633499146,0.29818716645240784,1.261648931054019,1.1541425103271379,0.2574015048219051,0.822238240977106,0.37841209135416565,1.0,427
defactify,1,1,104195,0.18724816307181796,0.0955815389752388,0.02034972421824932,0.2661956391914093,JPEG,21.23293685913086,10.0,0.042821869254112244,13.228192329406738,0.30996173620224,20.0,-1.9802271544719425,768,0.0,0.7840120792388916,6.32757043838501,10.326767921447754,0.5973881483078003,0.4026118814945221,1.5248450668636586,2.2166646951984026,0.19148231258513215,0.6842315438354961,0.3983091793744555,1.0,768
defactify,1,5,12888,0.5795894219960954,0.01571829803287983,-0.0023908261209726334,0.03253779447566158,JPEG,35.297298431396484,10.0,0.0023338710889220238,22.005619049072266,0.057859934866428375,20.0,-2.6746763705773238,436,0.0,0.502920389175415,1.5165947675704956,8.471288681030273,0.46112704277038574,0.5388729572296143,1.222708012710322,0.3449822741835334,0.28039954103975645,0.8949071875089879,0.3258080314199513,1.0,436
defactify,1,2,115001,0.3780022634866077,0.09647621959447861,0.008242580108344555,0.21451525654190465,JPEG,29.1434383392334,10.0,0.013198978267610073,16.257837295532227,0.12582428753376007,20.0,-2.439911443878109,1024,0.0,0.7731176614761353,4.438289165496826,9.972687721252441,0.7132313251495361,0.2867686450481415,1.3640108896755565,1.4966969429513002,0.2240949937344719,0.8029175268751287,0.39693206937329034,1.0,1024
defactify,0,0,20335,0.5,0.05021210014820099,0.014598071575164795,0.2891674700310007,JPEG,31.954660415649414,10.0,0.0019178565125912428,24.81624412536621,0.026668379083275795,20.0,-2.977764346429429,480,0.0,0.6859046220779419,1.704848289489746,11.345877647399902,0.55033278465271,0.4496672451496124,1.0543737555049386,0.3977925075009679,0.2735789146813674,0.8976724805344618,0.36642132795872867,1.0,640
defactify,1,1,60342,0.5261643079767958,0.10796554386615753,-0.004173717461526394,0.30651507702910874,JPEG,23.802459716796875,10.0,0.006029798649251461,22.427722930908203,0.08901805430650711,20.0,-2.508120361497804,768,0.0,0.6807008981704712,4.219205379486084,7.228469371795654,0.43233925104141235,0.5676607489585876,1.4015698413930122,1.6008142607759162,0.21878159001375014,0.8085646068267509,0.38337647357595356,1.0,768
defactify,1,4,17357,0.47253433208489387,0.14956380426883698,0.004184324759989977,0.23249617495697672,JPEG,11.359715461730957,10.0,0.10165594518184662,15.09289836883545,0.2202475368976593,20.0,-2.191854732498616,270,0.0,0.9117986559867859,10.506460189819336,5.401089668273926,0.7228609323501587,0.2771390974521637,1.4875485698386774,5.263196821287511,0.14292945623764158,0.5624775800414673,0.3999768734065308,1.0,270
defactify,1,3,103180,0.5595920078245075,0.0016456712037324905,0.0002998052805196494,0.01815233747846787,JPEG,25.746994018554688,8.0,0.011322185397148132,28.07895851135254,0.06638561934232712,20.0,-2.5587908214180324,1024,0.0,0.8240545988082886,5.463530540466309,12.838811874389648,0.7460744380950928,0.2539255619049072,1.3398680358487296,1.7193940647461061,0.18767243956341545,0.7880871400538216,0.37987020533929283,1.0,1024
defactify,1,2,69313,0.45522852618358545,0.03339015319943428,0.015772227197885513,0.13671361849658434,JPEG,22.121227264404297,10.0,0.006586503237485886,15.888853073120117,0.0632406547665596,20.0,-2.569950807765241,1024,0.0,0.7438656687736511,2.689553737640381,6.204785346984863,0.26418977975845337,0.7358102202415466,1.289501157351406,0.6345701780211879,0.29163288458838754,0.8715086896030282,0.3672999283391373,1.0,1024
defactify,1,5,18292,0.6140263467325667,0.052500125020742416,-0.01297247689217329,0.15371158686428862,JPEG,30.922687530517578,8.0,0.002197080757468939,18.03335952758789,0.07328753918409348,20.0,-2.497351770340089,436,0.0,0.5074249505996704,2.296217679977417,6.503106117248535,0.31013309955596924,0.6898669004440308,1.3487553464503232,0.629584959683696,0.3588033334627584,0.8388494248123991,0.3616150505002801,1.0,436
defactify,1,5,16876,0.4677163327470076,0.09129573404788971,0.009516382589936256,0.21764236315406377,JPEG,27.680561065673828,10.0,0.001255769282579422,22.736419677734375,0.0360085628926754,20.0,-2.99645542392973,436,0.0,0.5221009850502014,1.4578135013580322,4.838413715362549,0.3904479146003723,0.6095520853996277,1.30633635265204,0.4520678722643372,0.23562889802463566,0.8606305081344928,0.34198326660578776,1.0,436
defactify,1,4,13466,0.4154118689105403,0.061793453991413116,0.014885527081787586,0.2361784450219625,JPEG,16.736448287963867,10.0,0.047362957149744034,20.93604850769043,0.17458641529083252,20.0,-2.325100585731166,270,0.0,0.8672478795051575,8.143065452575684,8.504436492919922,0.5255272388458252,0.4744727313518524,1.3802975226808103,3.60723752870766,0.1753705029447891,0.6516017184152714,0.40182320981949016,1.0,270
defactify,1,5,23607,0.3412002697235334,0.06597379595041275,0.006066556088626385,0.17920113000670998,JPEG,27.499177932739258,8.0,0.004196171648800373,19.399017333984375,0.0877048447728157,20.0,-2.3966042923054425,436,0.0,0.5942572355270386,2.421628952026367,3.806781768798828,0.6633445024490356,0.33665552735328674,1.3099988155705136,0.5781267708596078,0.23725183712893966,0.7902681321509621,0.38762344513129504,1.0,436
defactify,1,2,159115,0.14789476957522235,0.07787104696035385,0.016298653557896614,0.20298801765604077,JPEG,19.19352912902832,8.0,0.04265482351183891,18.850269317626953,0.13753435015678406,20.0,-2.2285738491596585,1024,0.0,0.8846353888511658,5.051537990570068,7.406839847564697,0.6791805028915405,0.32081952691078186,1.465599027011097,0.9716463851314119,0.21609438461845987,0.7366695142641966,0.40717877389291546,1.0,1024
defactify,1,3,59293,0.6475115525153967,0.1276252716779709,0.008626803755760193,0.34747844452243964,JPEG,26.123321533203125,10.0,0.0016335084801539779,20.56822967529297,0.02256212756037712,20.0,-2.9453501675993263,1024,0.0,0.6838709115982056,2.7280869483947754,4.124032020568848,0.12338429689407349,0.8766157031059265,1.2675619002138772,0.8777375891767616,0.3544836288937856,0.8802783206781677,0.3338816181934988,1.0,1024
defactify,1,3,123728,0.2993585174625802,0.11601768434047699,0.001967392163351178,0.3094526288469732,JPEG,25.22378921508789,10.0,0.008356605656445026,13.141898155212402,0.09666675329208374,20.0,-2.4433425931784667,1024,0.0,0.7426934242248535,5.002983570098877,4.284821033477783,0.5055510997772217,0.4944489300251007,1.467949397229241,2.405468238714218,0.18381536702024442,0.7007482425574483,0.3715958011616958,1.0,1024
defactify,1,5,17121,0.6023332528763375,0.09384074807167053,-0.004922650754451752,0.22520449820822297,JPEG,30.819204330444336,10.0,0.001239334000274539,23.053016662597656,0.04548829048871994,20.0,-2.7069862523984467,436,0.0,0.5010626912117004,1.7724382877349854,6.963688850402832,0.4152129292488098,0.5847870707511902,1.2587896266541505,0.5299278513626904,0.37980581009373143,0.8554157787015761,0.3444307206592378,1.0,436
defactify,1,4,12478,0.3384514864423391,0.10053689032793045,0.00969971064478159,0.29784902238357774,JPEG,17.297454833984375,10.0,0.01329719927161932,17.394039154052734,0.12081124633550644,20.0,-2.5965196173298812,270,0.0,0.7569191455841064,5.599040985107422,1.5370817184448242,0.5660744309425354,0.4339255690574646,1.311916433580765,2.447959664173509,0.16224504066359274,0.701534117482856,0.3881538475892702,1.0,270
defactify,1,4,12312,0.3930264566447469,0.06804389506578445,-0.00452062813565135,0.15500162148727956,JPEG,22.003639221191406,10.0,0.020928626880049706,20.64305305480957,0.09507039934396744,20.0,-2.335858361648503,270,0.0,0.8432253003120422,6.424449920654297,7.985116958618164,0.40347474813461304,0.596525251865387,1.3998611547374071,2.437829411894173,0.1721861856112057,0.6857923195005257,0.4021682382161106,1.0,270
defactify,1,1,65062,0.3592014762623721,0.13868555426597595,0.0009970489190891385,0.24738594552052687,JPEG,34.677433013916016,6.0,0.008479482494294643,30.65321159362793,0.10172770172357559,20.0,-2.1446093405746107,768,0.0,0.7326051592826843,4.684575080871582,16.784873962402344,0.6410542726516724,0.35894572734832764,1.4277378888531298,1.7520951798959024,0.2821820690896626,0.8149230326955966,0.38288234078779365,1.0,768
defactify,1,1,35804,0.6880045260732175,0.10813117027282715,0.003564323764294386,0.16033672335795277,JPEG,28.626672744750977,10.0,0.007370942272245884,19.806495666503906,0.05438941344618797,20.0,-2.7366492112635696,768,0.0,0.7944208383560181,2.7039453983306885,9.139522552490234,0.04975920915603638,0.9502407908439636,1.3200302203720595,0.5482327078532927,0.32431321512961186,0.8987167340732566,0.3267102426876774,1.0,768
defactify,1,2,66024,0.5328956793608791,0.03397943079471588,0.005815786775201559,0.17605734991240682,JPEG,26.9605712890625,10.0,0.005527837667614222,22.13019371032715,0.04792442172765732,20.0,-2.8186973724356466,1024,0.0,0.7644173502922058,2.7447454929351807,10.121798515319824,0.37088972330093384,0.6291102766990662,1.268414472848748,0.6517192135302692,0.2631760486125711,0.8654099234592637,0.3365381790190881,1.0,1024
defactify,1,2,129944,0.2986289381563594,0.052774712443351746,0.016324065625667572,0.1601950046445127,JPEG,23.06011390686035,8.0,0.014820864424109459,21.274747848510742,0.11511483043432236,20.0,-2.3570022085333546,1024,0.0,0.7831389307975769,4.535994052886963,7.8125152587890625,0.6992006301879883,0.3007993996143341,1.603479610328521,1.4609848250025002,0.24590241452758044,0.7301061525964012,0.3951507277447675,1.0,1024
defactify,1,1,43961,0.899844653827839,0.007309885695576668,0.004564249888062477,0.04574402285472418,JPEG,20.641712188720703,10.0,0.008804227225482464,20.288774490356445,0.0480060912668705,20.0,-2.437020911366566,768,0.0,0.8356468081474304,2.2378735542297363,8.272100448608398,0.13702183961868286,0.8629781603813171,1.185646412134276,0.35226192297138864,0.3002333189972895,0.8936161585425997,0.34478275721481205,1.0,768
defactify,1,5,17798,0.7815591548856224,0.07329732179641724,0.005623118486255407,0.12377166796707494,JPEG,27.220876693725586,10.0,0.0020676301792263985,24.216346740722656,0.043567121028900146,20.0,-2.5385609271444585,436,0.0,0.5833756923675537,2.0906753540039062,3.3536620140075684,0.3039105534553528,0.6960894465446472,1.3251207683838393,0.4729589205308512,0.31376113601653804,0.8496433043971136,0.35881358972915434,1.0,436
defactify,1,3,69936,0.7328759600192638,0.035378556698560715,0.007307448890060186,0.15339223737001845,JPEG,34.712825775146484,10.0,0.007773805875331163,29.859237670898438,0.050651222467422485,20.0,-2.6333396351101617,1024,0.0,0.8174967169761658,3.3653039932250977,12.913150787353516,0.3154723644256592,0.6845276355743408,1.2292384835627368,0.6827030786292199,0.2735011280972851,0.8714913521284351,0.3284038894730982,1.0,1024
defactify,1,1,37975,0.8355047504084415,0.13114291429519653,0.006120923440903425,0.17608445605103556,JPEG,18.31050682067871,10.0,0.015539700165390968,14.033522605895996,0.07006927579641342,20.0,-2.650888494614969,768,0.0,0.8450610637664795,2.745715379714966,2.1341536045074463,-0.2192927598953247,1.2192927598953247,1.1884885009624957,0.39735447510691563,0.6020345086647207,0.9170945573241052,0.25818176037421375,1.0,768
defactify,0,0,48385,0.6819195224567586,0.0956704393029213,0.0021745539270341396,0.1669221457201385,JPEG,18.165790557861328,10.0,0.021764637902379036,14.350746154785156,0.07534442096948624,20.0,-2.4272834071338263,496,0.0,0.8868211507797241,6.203598976135254,8.847856521606445,0.47388970851898193,0.5261102914810181,1.3023116147691227,1.5063451080446577,0.2090543724345607,0.7675206162189637,0.3855036582524557,1.0,640
defactify,1,5,5289,0.8970507797238315,0.045306332409381866,0.01193520799279213,0.048979393193246415,JPEG,28.447906494140625,10.0,0.004796817898750305,22.863187789916992,0.13224004209041595,20.0,-2.0409265694713294,436,0.0,0.5530680418014526,0.6615167856216431,5.66992712020874,-0.9702246189117432,1.9702246189117432,1.1604833062220812,0.05479181206356078,0.6309041703673524,0.9844254932268692,0.11483888281157943,1.0000000000000002,436
defactify,1,4,15249,0.5959726345682199,0.055590782314538956,-0.00187808892223984,0.21619583828227146,JPEG,16.618267059326172,10.0,0.05719234049320221,19.140291213989258,0.2649332582950592,20.0,-2.0670702550392233,270,0.0,0.8464607000350952,9.377584457397461,6.342411994934082,0.594571590423584,0.40542837977409363,1.4902316667069884,4.901956292191368,0.19104831826980495,0.5967587198157178,0.4020378863364267,1.0,270
defactify,1,1,61792,0.6751196980791979,0.10299637168645859,0.005190043244510889,0.20734013527513404,JPEG,24.582841873168945,10.0,0.005689247511327267,20.621049880981445,0.06660952419042587,20.0,-2.6813767719375297,768,0.0,0.7332534790039062,3.796299457550049,9.3922758102417,0.506523847579956,0.49347618222236633,1.3525758266813674,1.220588560591342,0.2406915936433438,0.8215826418013707,0.37109342723490096,1.0,768
defactify,1,3,48826,0.8580114146357986,0.22316758334636688,-0.01892629638314247,0.40000171699285153,JPEG,27.656192779541016,10.0,0.002188996411859989,25.60027313232422,0.04069686681032181,20.0,-2.826653815806992,1024,0.0,0.6175357103347778,2.333620548248291,4.145036697387695,0.21269571781158447,0.7873042821884155,1.1943563576432585,0.7293547106534345,0.49313244886020424,0.9100642322528913,0.2601828263637644,1.0,1024
defactify,1,1,62832,0.5684319919049378,0.052563175559043884,0.019342495128512383,0.1650404200394371,JPEG,14.327720642089844,10.0,0.047629114240407944,12.88618278503418,0.21319496631622314,20.0,-2.1647143945871843,768,0.0,0.8453479409217834,4.428104400634766,4.689881324768066,0.06157940626144409,0.9384205937385559,1.3462796579815557,0.8891879008267491,0.3826595917964815,0.8347984257203396,0.39251843279645493,1.0,768
defactify,0,0,28046,0.6634287080032778,0.07827989757061005,-0.005589774809777737,0.24562721994264963,JPEG,21.87514877319336,10.0,0.009757555089890957,23.597354888916016,0.053522806614637375,20.0,-2.132630036652497,427,0.0,0.8277856707572937,3.8992886543273926,7.270505905151367,0.034104228019714355,0.9658957719802856,1.3577942407084538,0.812147006273907,0.2598125143242932,0.8508950846707426,0.38410457640710527,1.0,640
defactify,1,5,17796,0.5484454916384116,0.030924024060368538,-0.0054119061678647995,0.12094004685694067,JPEG,30.696903228759766,10.0,0.002321499167010188,31.495590209960938,0.03143181651830673,20.0,-2.7414329044052215,436,0.0,0.5668683648109436,1.6219172477722168,3.4579339027404785,0.43804240226745605,0.561957597732544,1.127791832037212,0.39175213660647157,0.2133975263788524,0.8600116106104393,0.3676765668797007,1.0,436
defactify,1,2,73242,0.803823116610987,0.0794680193066597,-0.005693113896995783,0.15501257931288506,JPEG,31.9326229095459,10.0,0.02340962365269661,31.799545288085938,0.21471460163593292,20.0,-2.036727808815584,1024,0.0,0.7525030374526978,3.902437925338745,14.722004890441895,0.5424271821975708,0.4575728476047516,1.461926602705538,0.9537412813347173,0.5122253803650073,0.8619519233836346,0.299226863608108,1.0,1024
defactify,1,1,66771,0.33156984095295133,0.04286918416619301,0.003210146212950349,0.21640139830626567,JPEG,28.143503189086914,8.0,0.009725024923682213,22.443012237548828,0.11008681356906891,20.0,-2.4408749970646237,768,0.0,0.7179062962532043,3.3812263011932373,4.242854118347168,0.4716818928718567,0.5283181071281433,1.3595645476453153,1.0967844056629443,0.19908736271685587,0.7488043445350727,0.3803753831361169,1.0,768
defactify,0,0,19157,0.6607937215419977,0.0776190385222435,0.006633084267377853,0.21884403887267925,JPEG,38.572608947753906,10.0,0.010499930940568447,43.29856491088867,0.11750330775976181,20.0,-2.448930282224577,450,0.0,0.7593323588371277,4.115267276763916,19.613426208496094,0.2917191982269287,0.7082808017730713,1.238599541709662,0.9348923055701153,0.3183231348542166,0.891285958740335,0.31024860544209826,1.0,640
defactify,1,1,87488,0.5023584905660378,0.08710087835788727,0.010987633839249611,0.288327296253477,JPEG,31.9425106048584,10.0,0.016073910519480705,28.047569274902344,0.22365637123584747,20.0,-2.1685160676217885,768,0.0,0.7149530053138733,6.544168472290039,12.683156967163086,0.6592358350753784,0.3407641649246216,1.6079231667832665,3.1971033627762946,0.16444865802858805,0.6560283370457802,0.3857035182656935,1.0,768
defactify,0,0,23233,0.7140407564524442,0.06597083061933517,0.01302045676857233,0.2649687049578523,JPEG,36.26245880126953,10.0,0.009270167909562588,34.227169036865234,0.13183437287807465,20.0,-2.325295297446393,640,0.0,0.704800009727478,3.1182541847229004,17.007089614868164,0.3542897701263428,0.6457102298736572,1.260658549851705,0.9154352032020743,0.3159907146316729,0.8678909068941462,0.33050059817355437,1.0,490
defactify,1,3,158080,0.2036382989017369,0.05977994576096535,0.002520627109333873,0.2564444694210199,JPEG,20.340478897094727,10.0,0.016890935599803925,15.228910446166992,0.13050325214862823,20.0,-2.2854556857875514,1024,0.0,0.7847235798835754,6.712687969207764,3.6269214153289795,0.4459097385406494,0.5540902614593506,1.549513506419592,2.8099187834963204,0.2232247034984045,0.6983700475122323,0.40527603079285907,1.0,1024
defactify,1,1,56185,0.5811422176736712,0.07693829387426376,0.016925865784287453,0.21406331410086057,JPEG,25.07819938659668,10.0,0.012469176203012466,19.30916976928711,0.11556249111890793,20.0,-2.4013165850973706,768,0.0,0.75007563829422,3.8423099517822266,7.235042572021484,0.4704630970954895,0.5295369029045105,1.2995443316797342,1.1469658313393187,0.2532877543276679,0.8427866694077415,0.36094534841151615,1.0,768
defactify,1,3,48135,0.7044239931882824,0.04735688492655754,-0.00024538623983971775,0.22339245813152972,JPEG,32.967769622802734,10.0,0.0006799421389587224,31.48191261291504,0.013960221782326698,20.0,-3.2988865069760496,1024,0.0,0.5170524716377258,0.7561906576156616,7.6490373611450195,0.594194233417511,0.405805766582489,1.4022154082986464,0.39043903311171957,0.27077784338150324,0.8714799293308484,0.3206273322373948,1.0,1024
defactify,1,4,9747,0.7817550849908422,0.10486598312854767,0.005165588576346636,0.11153580801266923,JPEG,18.94803810119629,10.0,0.04178023338317871,17.859704971313477,0.20906195044517517,20.0,-2.2245595538149265,270,0.0,0.8430994749069214,6.387940883636475,8.108875274658203,0.2775493264198303,0.7224506735801697,1.3719130058484625,2.364180149732797,0.3471868239450935,0.7826128305928021,0.35570955435224383,1.0,270
defactify,1,3,79440,0.6760376579044637,0.16765686869621277,-0.00805770605802536,0.3204871574572807,JPEG,30.899471282958984,10.0,0.0035536924842745066,17.99519920349121,0.062015850096940994,20.0,-2.6354413986695517,1024,0.0,0.6942017078399658,3.1659839153289795,6.086523056030273,0.22697436809539795,0.773025631904602,1.305167987995871,1.1656046613001543,0.2560896190834427,0.82753126949969,0.36798242399990405,1.0,1024
defactify,1,4,7287,0.5939463163906339,0.07705134898424149,0.02129594422876835,0.22813116486482565,JPEG,26.62836265563965,10.0,0.005674774758517742,26.817914962768555,0.06061697378754616,20.0,-2.6988686428241553,270,0.0,0.6971299052238464,2.842552423477173,5.12455940246582,0.1920282244682312,0.8079717755317688,1.281753658366377,0.7712041656365952,0.2195576892314563,0.8445707670559919,0.3720505721766714,1.0,270
defactify,1,3,118603,0.6608548080249049,0.14214979112148285,0.0054872543551027775,0.22608574501672923,JPEG,21.389923095703125,8.0,0.020598316565155983,21.77410888671875,0.05487200245261192,20.0,-2.7073344010694336,1024,0.0,0.8954340219497681,4.527670860290527,10.160062789916992,0.20024091005325317,0.7997590899467468,1.2024535046872575,0.7364305241801252,0.33069749014073724,0.8504708551282448,0.3615993337692933,0.9999999999999999,1024
defactify,1,3,105781,0.43629319886852785,0.0340927354991436,-2.2818992874817923e-05,0.1255714247290635,JPEG,21.54440689086914,10.0,0.014708883129060268,17.61580467224121,0.06563225388526917,20.0,-2.55505461259347,1024,0.0,0.8540459275245667,5.021605491638184,13.453756332397461,0.4189254641532898,0.5810745358467102,1.3910219005264282,1.1649273896077188,0.2504228399213909,0.8115442632600931,0.3888000963132293,1.0,1024
defactify,1,2,68266,0.514889177147369,0.02091061882674694,0.0032607344910502434,0.11000210724891746,JPEG,29.0906982421875,10.0,0.008649757131934166,23.860218048095703,0.05693301185965538,20.0,-2.422955355602586,1024,0.0,0.8152593374252319,2.9912266731262207,14.865680694580078,0.5249282717704773,0.4750717282295227,1.3247626804187251,0.6078000223190447,0.25775817512868854,0.8739269698535082,0.34742452256435136,1.0,1024
defactify,1,5,9049,0.6548685296366679,0.1205262839794159,-0.015740154311060905,0.22307322734513232,JPEG,29.381006240844727,10.0,0.0014368800912052393,15.459484100341797,0.03772421553730965,20.0,-2.8357796904688084,436,0.0,0.5689354538917542,0.7298230528831482,7.48030948638916,0.11099547147750854,0.8890045285224915,1.1831476391408755,0.12389790840798112,0.5129686743828492,0.9512707837100153,0.28529373834422816,1.0,436
defactify,1,4,11274,0.42336910647534065,0.0708395466208458,-0.002037503058090806,0.18547597484953918,JPEG,16.535388946533203,10.0,0.031384848058223724,17.637006759643555,0.09900878369808197,20.0,-2.639972277021019,270,0.0,0.8790636658668518,5.693933963775635,5.247311115264893,0.394334077835083,0.605665922164917,1.2316286178829234,1.8068954680416671,0.21355931929144467,0.7305964666430964,0.40019877847587676,1.0,270
defactify,1,5,18843,0.4941984257996603,0.09043870866298676,0.01635485328733921,0.21604940604560832,JPEG,27.054515838623047,10.0,0.0018805284053087234,18.767324447631836,0.07001663744449615,20.0,-2.70889238340574,436,0.0,0.5075201988220215,1.5850815773010254,5.071053981781006,0.6561827063560486,0.3438172936439514,1.3181574368700717,0.503485610926859,0.29910493943895666,0.840799002351448,0.3556528459236332,1.0,436
defactify,1,5,21203,0.47505398340720534,0.1034570187330246,-0.0006991236587055027,0.22647222882733192,JPEG,30.931724548339844,10.0,0.001340200542472303,27.544631958007812,0.04316997900605202,20.0,-2.7965196948286106,436,0.0,0.4907044470310211,1.834831714630127,6.134939670562744,0.5378097295761108,0.46219027042388916,1.399378121213804,0.752027851724851,0.19406558692096915,0.8016807992703583,0.34534428550061486,1.0,436
defactify,1,5,16588,0.5238792850864342,0.05905633047223091,-0.002902185544371605,0.18186705247389992,JPEG,37.145267486572266,10.0,0.0017263946356251836,20.80529022216797,0.039686959236860275,20.0,-2.875657568033322,436,0.0,0.5215767621994019,2.164060592651367,8.734352111816406,0.5403690934181213,0.45963090658187866,1.3577567379687712,0.5994315123464155,0.26281007695611186,0.849092383722944,0.3522723997171992,1.0,436
defactify,0,0,31403,0.5415033635565955,0.08709408342838287,0.0021970150992274284,0.2577466981907307,JPEG,29.68484878540039,10.0,0.006529686041176319,23.36977195739746,0.06789609044790268,20.0,-2.6170568411888877,640,0.0,0.7368234992027283,4.323980331420898,12.451529502868652,0.4365176558494568,0.5634823441505432,1.3638706825969693,1.5135193453333253,0.217578500408097,0.8026276494753766,0.3736816343708477,1.0,428
defactify,1,3,154640,0.3620798802946593,0.06482680141925812,0.0106429448351264,0.18405689911188788,JPEG,17.667062759399414,8.0,0.020019175484776497,13.805065155029297,0.07659833133220673,20.0,-2.4157806037340883,1024,0.0,0.8599987626075745,5.686855316162109,6.748406887054443,0.5821467638015747,0.4178532361984253,1.3406913025485085,1.3396687899584045,0.1912676125512088,0.7580438336137613,0.4024230442109818,1.0,1024
defactify,1,3,128732,0.8163584874229551,0.08438766747713089,-0.004645708482712507,0.2714010419652976,JPEG,19.345088958740234,10.0,0.013147536665201187,19.67643928527832,0.03966581076383591,20.0,-2.57828409812383,1024,0.0,0.8862583041191101,6.197175025939941,6.998380661010742,0.2521594166755676,0.7478405833244324,1.2862058368960512,1.2799796545540227,0.3500644236739774,0.8135774712308824,0.3426838498779535,1.0,1024
defactify,1,4,15358,0.20413669064748202,0.08820328116416931,0.006591178476810455,0.2609204413975866,JPEG,15.165517807006836,6.0,0.05088995769619942,15.826700210571289,0.19821465015411377,20.0,-2.2709570903726117,270,0.0,0.8659428358078003,9.107450485229492,7.020235061645508,0.5900349617004395,0.40996503829956055,1.4706969593160524,4.479137383192404,0.18869075282308367,0.6120825586787096,0.4039439247961274,1.0,270
defactify,1,5,15140,0.4820500826915688,0.07263346016407013,0.013334663584828377,0.14555540983336931,JPEG,31.67148208618164,10.0,0.001556700561195612,19.93623161315918,0.03330469876527786,20.0,-2.9324521654861275,436,0.0,0.5424478650093079,1.5728641748428345,4.637948036193848,0.37807899713516235,0.6219210028648376,1.3575525009514178,0.38738683008780483,0.2438355236803465,0.8832281210510773,0.35940772400319804,0.9999999999999999,436
defactify,1,4,12702,0.3357785928642881,0.12015900015830994,0.005926167592406273,0.25926247861089863,JPEG,18.001750946044922,10.0,0.01938394457101822,17.005521774291992,0.11401842534542084,20.0,-2.511750846160925,270,0.0,0.8281121850013733,5.9481306076049805,7.872673034667969,0.6663792133331299,0.3336208164691925,1.3361180627632145,2.262764766881282,0.1585131284579609,0.6813556624337316,0.39781412067665944,1.0,270
defactify,1,2,76262,0.4145995747696669,0.053443074226379395,0.01178387738764286,0.18717661321041218,JPEG,29.680044174194336,10.0,0.0023884212132543325,15.054579734802246,0.06414864957332611,20.0,-2.7254031261219964,1024,0.0,0.5793737173080444,2.226106643676758,4.45540714263916,0.4751697778701782,0.5248302221298218,1.4679676747990096,0.926299770120232,0.1968278574470254,0.7947901724114108,0.3527128942241441,1.0,1024
defactify,1,5,21815,0.4070129248444232,0.06591738760471344,-0.004419034346938133,0.1791382642856926,JPEG,25.88996124267578,10.0,0.0027100956067442894,18.814929962158203,0.07252899557352066,20.0,-2.52708373081143,436,0.0,0.5491794943809509,2.41458797454834,3.416346311569214,0.46981197595596313,0.5301880240440369,1.3563403318899858,0.6342691052584041,0.2778886555405219,0.8120944586347646,0.3864624809286362,1.0,436
defactify,1,1,53578,0.5116507682225296,0.02778056636452675,0.00038219266571104527,0.11687395791582053,JPEG,30.573787689208984,8.0,0.00499145919457078,16.816059112548828,0.04851556196808815,20.0,-2.813793157219665,768,0.0,0.7530133724212646,3.7374048233032227,11.650678634643555,0.5685322880744934,0.4314677119255066,1.2949159064088007,1.088934535643152,0.2723947265337465,0.8631878633055577,0.3807420015936197,1.0,768
defactify,0,0,20007,0.7094714539311687,0.0319935567677021,-0.003622249001637101,0.2612909865059229,JPEG,22.070125579833984,10.0,0.007649676874279976,21.049711227416992,0.044623326510190964,20.0,-2.5697059553478367,375,0.0,0.811133861541748,5.4071807861328125,6.238614082336426,0.11674809455871582,0.8832519054412842,1.3463270444956765,1.3603197954856978,0.35706608700200315,0.8335945045449044,0.368245300659982,1.0,500
defactify,1,2,90255,0.5681692457202662,0.04882599413394928,0.01142958365380764,0.1535839418347634,JPEG,26.310880661010742,10.0,0.00926850363612175,22.361915588378906,0.07172955572605133,20.0,-2.6969104002652835,1024,0.0,0.789257287979126,3.3151955604553223,10.348721504211426,0.5920170545578003,0.4079829752445221,1.407115946163814,0.7877908097658994,0.24336955354168324,0.820296233408227,0.3818873860684927,1.0,1024
defactify,1,3,215782,0.1789921277940585,0.0634859949350357,0.006209178362041712,0.25454344202144696,JPEG,17.28445053100586,10.0,0.033688124269247055,15.498477935791016,0.12912829220294952,20.0,-2.273605079914377,1024,0.0,0.8630819916725159,7.567575931549072,6.916555404663086,0.7217074632644653,0.27829256653785706,1.4549908799000624,2.306473214412522,0.17256664490031207,0.6837868550785449,0.4027548889058611,1.0,1024
defactify,1,5,25323,0.26566164154103855,0.06919962167739868,0.012769695371389389,0.20561678646830242,JPEG,29.269424438476562,10.0,0.0023620084393769503,20.88043212890625,0.09730719774961472,20.0,-2.6360989122515543,436,0.0,0.4775148034095764,2.1471617221832275,5.091953277587891,0.6809413433074951,0.31905868649482727,1.3938417425327392,0.8472070952051058,0.18486348044995285,0.7475009091779785,0.35118113417575025,1.0,436
defactify,1,2,142281,0.2973062608247043,0.06144632399082184,0.014079595915973186,0.15639254411267514,JPEG,21.238977432250977,10.0,0.03318024426698685,16.849468231201172,0.12996608018875122,20.0,-2.3564399618149854,1024,0.0,0.862719714641571,4.807366847991943,8.155046463012695,0.6623629331588745,0.3376370370388031,1.419276579613579,1.022371597854701,0.22331842948623637,0.7604204671212149,0.40535313642018544,1.0,1024
defactify,1,3,101361,0.6565231355096236,0.06019999459385872,0.00037228947621770203,0.3461920541753236,JPEG,25.729677200317383,10.0,0.006504450459033251,19.427698135375977,0.07001908123493195,20.0,-2.618685097407543,1024,0.0,0.7401393055915833,5.869870185852051,8.452948570251465,0.5311858654022217,0.4688141345977783,1.4171796396759564,2.6370471002142866,0.3441482694644656,0.8045581161655819,0.36567531467092046,1.0,1024
defactify,1,1,64191,0.4723757596978716,0.09294058382511139,7.466191163985059e-05,0.23482837827695344,JPEG,32.085487365722656,10.0,0.004822781775146723,24.498199462890625,0.07258076220750809,20.0,-2.6104963090594766,768,0.0,0.6542864441871643,3.176349639892578,10.476927757263184,0.6898905038833618,0.3101094961166382,1.4458021636586453,1.2032755674491038,0.1865766936966251,0.7671319656928863,0.3832047316448189,1.0,768
defactify,1,4,8168,0.5627286983795087,0.05005940794944763,0.009808802977204323,0.16777665644954215,JPEG,24.625722885131836,10.0,0.007478571031242609,24.7592830657959,0.06387527287006378,20.0,-2.799410375823193,270,0.0,0.7451117038726807,3.824157238006592,5.451139450073242,0.19390255212783813,0.8060974478721619,1.2606252673122968,1.1307532909839406,0.2370084228987975,0.8306033377408873,0.38297861858764337,1.0,270
defactify,1,1,111475,0.07448985558089224,0.1308196783065796,-0.004758710041642189,0.20220720673705384,JPEG,22.15412139892578,10.0,0.07462584972381592,17.801668167114258,0.3657505214214325,20.0,-1.6448337114005775,768,0.0,0.8342757225036621,8.914207458496094,12.838082313537598,0.718866229057312,0.2811338007450104,1.650354451378508,3.1517174559853958,0.20111999878728098,0.6376850804279603,0.39361932472181393,1.0,768
defactify,1,4,10142,0.4331135531135531,0.058791615068912506,0.01783437281847,0.2282222713907047,JPEG,22.987184524536133,8.0,0.01899251714348793,19.55521011352539,0.09063944965600967,20.0,-2.562616011050297,270,0.0,0.8471482992172241,6.129327774047852,12.178057670593262,0.3187673091888428,0.6812326908111572,1.359654844520806,2.271796962452151,0.17546087254834444,0.7458790538440677,0.3869164543991681,1.0,270
defactify,1,4,12550,0.2890749601275917,0.05035308003425598,-0.003682092996314168,0.1574216878579521,JPEG,21.919614791870117,10.0,0.02387426793575287,14.922981262207031,0.14419502019882202,20.0,-2.4350369926484605,270,0.0,0.8220343589782715,6.9142913818359375,10.866195678710938,0.7299023866653442,0.27009761333465576,1.37092963323111,2.9256943452760273,0.14670705148497132,0.657651283374954,0.3947392120612305,1.0,270
defactify,0,0,23900,0.5354113205080009,0.019632330164313316,0.006995711009949446,0.11531986017937425,JPEG,22.1645450592041,10.0,0.005985291674733162,24.085634231567383,0.0483764186501503,20.0,-2.820890745482922,427,0.0,0.7835966944694519,3.251953125,10.826178550720215,0.3036245107650757,0.6963754892349243,1.1680367137316825,0.7552183473967032,0.3181366212604464,0.8695403674069502,0.3809328594667648,1.0,640
defactify,0,0,48392,0.6294710633387988,0.06384603679180145,0.004482284653931856,0.26535448071082324,JPEG,18.490367889404297,10.0,0.018753478303551674,18.521907806396484,0.06956006586551666,20.0,-2.669564088303193,640,0.0,0.875857949256897,5.7448225021362305,3.0976028442382812,0.5908547639846802,0.40914520621299744,1.1668226577822745,1.3715712009999173,0.19028057790302874,0.7616286184077378,0.39919484393447013,1.0,426
defactify,1,5,22794,0.38194228979211914,0.07028235495090485,0.00012200864148326218,0.17285524513168177,JPEG,29.778745651245117,10.0,0.003427098272368312,27.13697052001953,0.08727013319730759,20.0,-2.373719632566639,436,0.0,0.5408708453178406,2.626704692840576,6.053915500640869,0.6278053522109985,0.3721946179866791,1.4859104657703304,0.7699444594516293,0.21851987777116108,0.7796448982423085,0.3779152217240878,1.0,436
defactify,1,5,13745,0.513561497910464,0.08583913743495941,-0.010957803577184677,0.24624527774492944,JPEG,31.220722198486328,10.0,0.0016192253679037094,27.43413543701172,0.04015006124973297,20.0,-2.81183451180146,436,0.0,0.5074266791343689,1.0475775003433228,7.254308700561523,0.3301759958267212,0.6698240041732788,1.2842751677061126,0.3000131851371496,0.4410537867817694,0.8977247605529641,0.32872766203744136,1.0,436
defactify,1,4,9540,0.5549391935139748,0.07804229110479355,-0.007227316964417696,0.22157723696592493,JPEG,21.180614471435547,10.0,0.014385906048119068,20.038013458251953,0.11333725601434708,20.0,-2.566339125727138,270,0.0,0.7706037163734436,4.608546733856201,9.309228897094727,0.2935957908630371,0.7064042091369629,1.265156056795142,1.516707152973237,0.2274246488720232,0.7881169223322728,0.38604647291275607,1.0,270
defactify,1,1,42545,0.49326624371034783,0.06062383949756622,0.0008874451159499586,0.2472761110739327,JPEG,29.418363571166992,8.0,0.002586783841252327,20.350406646728516,0.055777132511138916,20.0,-2.551457277606035,768,0.0,0.5839086174964905,2.437394380569458,8.481908798217773,0.4234185218811035,0.5765814781188965,1.4714957815284837,1.2714543192073586,0.2700847051680558,0.8456404165880739,0.35012528811660204,1.0,768
defactify,1,3,72472,0.7285625494406147,0.10666319727897644,-0.009531399235129356,0.2186458552635606,JPEG,22.294816970825195,10.0,0.012199120596051216,19.05288314819336,0.07096352428197861,20.0,-2.514190848493334,1024,0.0,0.8228856921195984,5.207117557525635,8.098865509033203,0.2056174874305725,0.7943825125694275,1.3791662881350797,1.3958605664023886,0.2880192199192866,0.8985846440170984,0.3008393747196885,1.0,1024
defactify,1,1,76895,0.7190733436231636,0.10952527821063995,0.010504686273634434,0.12303319297355801,JPEG,19.056520462036133,10.0,0.033550865948200226,14.902113914489746,0.2753337323665619,20.0,-1.94262663818102,768,0.0,0.7694894075393677,5.188177585601807,3.981602430343628,0.35270071029663086,0.6472992897033691,1.4678200317252899,1.7009621590646997,0.28963961056194854,0.782054275639183,0.3871776786340313,1.0,768
defactify,1,3,30673,0.846352159352695,0.042967118322849274,-0.02575039304792881,0.13323397223992825,JPEG,23.447776794433594,10.0,0.0036602593027055264,16.075145721435547,0.049370381981134415,20.0,-2.804765069814645,1024,0.0,0.7053677439689636,2.088754653930664,6.128573417663574,-0.44032418727874756,1.4403241872787476,1.3422840887532639,0.4274681335810796,0.5883398595352138,0.9594203876410998,0.18122683144901489,1.0,1024
defactify,1,3,253200,0.39314549349151423,0.14227429032325745,0.004171877633780241,0.2503202402120139,JPEG,13.805585861206055,10.0,0.07466743886470795,13.54935073852539,0.13624145090579987,20.0,-2.351389526907079,1024,0.0,0.9213578701019287,8.92812442779541,5.27902364730835,0.7455962300300598,0.2544037699699402,1.4108666789825581,1.9963076290087662,0.15702176811542448,0.6470584123716683,0.4040221216936548,1.0,1024
defactify,1,3,53639,0.7930340317566199,0.04790332540869713,-0.011040960438549519,0.10951622141198394,JPEG,30.440914154052734,10.0,0.00750570697709918,26.679716110229492,0.061444707214832306,20.0,-2.6457167879813412,1024,0.0,0.7978217601776123,3.3910973072052,11.98703384399414,-0.22279953956604004,1.22279953956604,1.4421845448301331,0.7617189142150513,0.47261349778083434,0.9057430196585412,0.2866174724665319,1.0,1024
defactify,1,3,35607,0.7474405081101824,0.04775919020175934,-0.01386785414069891,0.1709802746439241,JPEG,17.154943466186523,10.0,0.00414549233391881,16.741342544555664,0.04772166535258293,20.0,-2.7677295753552893,1024,0.0,0.7228710055351257,2.5704376697540283,2.56819748878479,-0.28416013717651367,1.2841601371765137,1.2860205347227667,0.5791089366434545,0.4585901151328411,0.9533282850116636,0.26037429800699535,1.0,1024
defactify,1,5,19240,0.4866709940237706,0.0861458033323288,0.011946087703108788,0.2189522698996619,JPEG,33.374534606933594,10.0,0.0021484410390257835,15.543058395385742,0.09657801687717438,20.0,-2.540851452233337,436,0.0,0.4987430274486542,1.85568368434906,6.558845520019531,0.5434271097183228,0.45657289028167725,1.3454608815791875,0.5490948812552974,0.35282608577880525,0.8331765691131652,0.3628176714155433,1.0,436
defactify,1,4,13396,0.285483545326065,0.1129964292049408,0.0009035882540047169,0.24290370657738,JPEG,19.6412410736084,10.0,0.022776441648602486,18.39019012451172,0.1641777902841568,20.0,-2.373881218915273,270,0.0,0.7605249881744385,7.195958614349365,8.710647583007812,0.5643768310546875,0.4356231987476349,1.4047344908993435,3.396323564412384,0.15695388932844895,0.655921208952781,0.39183294019410086,1.0,270
defactify,1,1,93859,0.34996959633285,0.0015531043754890561,0.0002941954298876226,0.015134854010767036,JPEG,23.37327003479004,10.0,0.011652651242911816,18.531892776489258,0.20680944621562958,20.0,-2.1330523718528416,768,0.0,0.6479778289794922,7.132484436035156,3.346376895904541,0.6594780683517456,0.3405219614505768,1.579117717043894,4.087195760105848,0.14722928880067643,0.6428147860866322,0.39749525392015583,1.0,768
defactify,1,3,68891,0.6499179115065772,0.14190451800823212,0.004465227480977774,0.37756979942028635,JPEG,26.719318389892578,8.0,0.006837979890406132,24.854610443115234,0.04886907339096069,20.0,-2.788071942931854,1024,0.0,0.7979872226715088,4.597484588623047,11.415498733520508,0.346541166305542,0.653458833694458,1.3340397928566492,1.3268857755253756,0.2639235261797208,0.8765743819105286,0.3170730942277111,1.0,1024
defactify,1,1,94904,0.2952029520295203,0.16087381541728973,-0.01258349884301424,0.2877403449056094,JPEG,27.978580474853516,10.0,0.01973314769566059,15.27042293548584,0.19759692251682281,20.0,-2.0798320592901978,768,0.0,0.7423086762428284,6.841220378875732,10.906913757324219,0.6102124452590942,0.38978755474090576,1.5379559842261956,2.9349387955413615,0.1542339093695344,0.6513498377976003,0.39337466307921687,1.0,768
defactify,1,2,105354,0.5228532469142362,0.06053660809993744,0.0254097580909729,0.18770433657998487,JPEG,20.773427963256836,8.0,0.012045715935528278,17.50188636779785,0.07029609382152557,20.0,-2.652328858182399,1024,0.0,0.8204467296600342,3.390213966369629,5.897432327270508,0.5090020895004272,0.49099791049957275,1.3822121581792883,0.6922000744346883,0.2245155730212871,0.809853385939907,0.396260945135664,1.0,1024
defactify,1,1,110076,0.05232781839168911,0.12113603204488754,0.004914744757115841,0.18605532489490129,JPEG,19.39114761352539,10.0,0.021039947867393494,15.021647453308105,0.2268308699131012,20.0,-1.9826652186002465,768,0.0,0.7281839847564697,5.271296977996826,2.5388412475585938,0.8450993299484253,0.1549006551504135,1.4947834771596311,2.081051387665116,0.18002048750331281,0.6352118103250356,0.40426594962868434,1.0,768
defactify,1,2,146831,0.3503547586592569,0.07996632158756256,0.003904773388057947,0.1727483533862457,JPEG,13.584099769592285,8.0,0.025784112513065338,16.86272430419922,0.06126319244503975,20.0,-2.5450869645051366,1024,0.0,0.9055608510971069,4.413260459899902,6.463846683502197,0.7130751609802246,0.2869248390197754,1.2663481641032415,0.6963784465277449,0.23372110918939273,0.788380540169338,0.40361424631757237,1.0,1024
defactify,0,0,15282,0.6170121093927162,0.037620216608047485,0.014687483198940754,0.15775785300926837,JPEG,34.4520378112793,10.0,0.0006759215029887855,33.302757263183594,0.008390365168452263,20.0,-2.892169221627752,426,0.0,0.6856176853179932,1.5590673685073853,16.24312973022461,0.16821527481079102,0.831784725189209,1.1508397490380347,0.2908737797565779,0.22553651495364474,0.9142907682532024,0.3420793400799574,1.0,640
defactify,0,0,24514,0.6825804809772236,0.019996631890535355,0.0016574381152167916,0.19494199474860677,JPEG,29.15534210205078,10.0,0.0057021211832761765,21.091266632080078,0.07797954976558685,20.0,-2.403589156180411,371,0.0,0.6936330795288086,3.2613813877105713,11.793665885925293,0.6176430583000183,0.3823569416999817,1.1207876719457788,0.9086089898819079,0.3002016616543096,0.8018621721632622,0.36943293033173263,1.0,640
defactify,1,3,244249,0.2803997373987891,0.13645726442337036,0.005525134038180113,0.23451213413583108,JPEG,11.78775691986084,8.0,0.05954255163669586,13.140829086303711,0.10790382325649261,20.0,-2.4740852362599117,1024,0.0,0.9183595776557922,8.767936706542969,4.736584663391113,0.7700973153114319,0.22990268468856812,1.321165260681361,1.9756222534366934,0.15775006138568398,0.6440764400295322,0.4065406999512506,1.0,1024
defactify,1,1,108761,0.11514796366832698,0.11810984462499619,0.0031886035576462746,0.22910770515301718,JPEG,31.901138305664062,8.0,0.03569424897432327,32.31901550292969,0.33506470918655396,20.0,-1.4140523008929355,768,0.0,0.7329992651939392,8.254880905151367,17.136810302734375,0.9195277094841003,0.08047228306531906,1.6376276628887587,4.4468853695147565,0.16364547516696026,0.6014068132333888,0.3955379704398792,1.0,768
defactify,1,5,19006,0.42814467300212516,0.06155738979578018,0.016490044072270393,0.15525953488578528,JPEG,32.571842193603516,10.0,0.0024732633028179407,22.63813018798828,0.07390979677438736,20.0,-2.5943426138208223,436,0.0,0.516485333442688,2.451781749725342,6.017274856567383,0.5564002990722656,0.4435997009277344,1.3333441854351267,0.8201613067584026,0.20888437757743622,0.8195902534827098,0.35491248534946784,1.0,436
defactify,1,2,97366,0.7079074673553268,0.049876827746629715,0.015801651403307915,0.1302378639549941,JPEG,21.14682960510254,10.0,0.015388451516628265,21.12717056274414,0.10497511178255081,20.0,-2.378190725027179,1024,0.0,0.8024603724479675,4.5436835289001465,7.951834201812744,0.25652462244033813,0.7434753775596619,1.4128432221809442,1.2412940636028154,0.24668300749364794,0.8196962101766074,0.3582389859586251,1.0,1024
defactify,0,0,16336,0.7690567149727949,0.03667305037379265,-0.005498415324836969,0.18255721412669884,JPEG,19.749162673950195,10.0,0.015146463178098202,17.921281814575195,0.06493902951478958,20.0,-2.267242543240831,500,0.0,0.8595404624938965,5.961732387542725,8.530506134033203,0.05707496404647827,0.9429250359535217,1.3805760196266585,1.322351701224578,0.3255198882874998,0.8478881288197675,0.32339008098657,1.0,333
defactify,1,3,77303,0.5178054818217066,0.0935852900147438,0.008705721236765385,0.2817784090733469,JPEG,25.350370407104492,10.0,0.002603247296065092,24.427947998046875,0.046501658856868744,20.0,-2.843280162944561,1024,0.0,0.615388035774231,2.728891372680664,3.0564355850219727,0.523434579372406,0.476565420627594,1.3035496527821095,1.1247081188418473,0.1864926685004932,0.8138549225694323,0.3606084206639261,1.0,1024
defactify,1,5,24266,0.45850357109440787,0.1661553978919983,0.009071790613234043,0.34981592418739627,JPEG,28.655197143554688,10.0,0.002848284086212516,18.689838409423828,0.09612786769866943,20.0,-2.577059632655249,436,0.0,0.5147468447685242,2.921952247619629,4.223743438720703,0.5181543827056885,0.4818456470966339,1.462463453397177,0.993521267961754,0.192321682860823,0.7776978072025158,0.3775564796399632,1.0,436
defactify,1,4,13815,0.292690233672858,0.050609514117240906,0.002876202343031764,0.142934476867843,JPEG,18.398836135864258,10.0,0.02916027419269085,15.903372764587402,0.1477503627538681,20.0,-2.378332571530876,270,0.0,0.8408235311508179,7.0981268882751465,6.479091644287109,0.572649359703064,0.42735064029693604,1.326026520870883,3.044236689806819,0.14535243615196675,0.6484778123300996,0.4023368999120799,1.0,270
defactify,1,2,99153,0.7640726140901434,0.05541836470365524,0.007333824876695871,0.20554671732796434,JPEG,17.333284378051758,8.0,0.017528992146253586,17.021778106689453,0.08376525342464447,20.0,-2.4897453945040624,1024,0.0,0.8360201716423035,3.9812755584716797,3.699960947036743,0.27893686294555664,0.7210631370544434,1.4716628117307395,0.8048303138357338,0.4078534386053271,0.8301312959700731,0.3526039177286229,1.0,1024
defactify,1,4,12589,0.3563102893890675,0.08028411865234375,0.01089713629335165,0.2086816875830397,JPEG,18.174789428710938,10.0,0.01920345239341259,14.295544624328613,0.1351732611656189,20.0,-2.3717216458395,270,0.0,0.7915604114532471,6.455160140991211,6.033241271972656,0.4612659811973572,0.5387340188026428,1.3979303479508813,2.7561490049632837,0.1580049913524882,0.6977994949056858,0.40061917290069704,1.0,270
defactify,1,4,13516,0.42526984126984124,0.0832894891500473,0.01657162979245186,0.23644214953313283,JPEG,16.620891571044922,10.0,0.02694927155971527,12.70949935913086,0.15733574330806732,20.0,-2.339132776774629,270,0.0,0.8084526658058167,7.165422439575195,4.429356575012207,0.6238397359848022,0.37616023421287537,1.4146046371230288,3.280620814772847,0.16119504279874863,0.6714838344887831,0.39690624778016154,1.0,270
defactify,1,1,105099,0.31407563025210083,0.12405907362699509,-0.00475125340744853,0.24081771015344433,JPEG,27.20819664001465,10.0,0.022470662370324135,18.7930965423584,0.2111768275499344,20.0,-2.0984979518691174,768,0.0,0.7440837025642395,6.537271976470947,11.392498016357422,0.7171193361282349,0.2828806936740875,1.6135842225308952,2.751170697977524,0.15165953632076917,0.6414726745895782,0.39398882412409714,1.0,768
defactify,1,1,65167,0.04864267810867072,0.03467535227537155,0.019888071343302727,0.1483412244579122,JPEG,25.57843017578125,10.0,0.02087397687137127,19.8342227935791,0.13351789116859436,20.0,-2.0969065748206797,768,0.0,0.8097899556159973,2.6291370391845703,4.638260364532471,0.7945945262908936,0.20540548861026764,1.2382818207419992,0.5777335201940839,0.34042547293053455,0.8199779561513285,0.3982394601388198,1.0,768
defactify,1,3,47042,0.8581031731632544,0.045566625893116,-0.020036017522215843,0.18275769268209682,JPEG,24.94213104248047,10.0,0.007328074425458908,14.068507194519043,0.06524679064750671,20.0,-2.702380263322575,1024,0.0,0.7633242011070251,3.6224868297576904,6.426874160766602,-0.2993288040161133,1.2993288040161133,1.481610052405932,0.9652028439348442,0.5042179748871307,0.935992870824141,0.21272224640133416,1.0,1024
defactify,1,2,70688,0.5946755434091776,0.05069044232368469,0.022158140316605568,0.11817792006910405,JPEG,26.26168441772461,10.0,0.011144681833684444,23.171062469482422,0.07498344779014587,20.0,-2.597753852643001,1024,0.0,0.8141122460365295,3.7982640266418457,13.804656028747559,0.6032160520553589,0.3967839777469635,1.2447755596925967,0.7967871405092862,0.2747262273768314,0.8617698081086699,0.32939551855077803,1.0,1024
defactify,1,1,86235,0.5189506808877997,0.06704395264387131,-0.0076635293662548065,0.13960828120800314,JPEG,15.62537956237793,10.0,0.021179934963583946,13.259949684143066,0.1567750871181488,20.0,-2.2070363389322734,768,0.0,0.7784637808799744,4.448294162750244,5.416769027709961,0.6129778027534485,0.3870221972465515,1.3897473599812546,1.276930624875019,0.22131058610451404,0.745116288834682,0.4047704352265182,1.0,768
defactify,1,2,121750,0.4411772788480035,0.06410659104585648,0.0066789425909519196,0.18384858604335652,JPEG,23.520660400390625,10.0,0.011637520045042038,19.687225341796875,0.10587787628173828,20.0,-2.411892487244386,1024,0.0,0.7890263795852661,4.862038612365723,8.899460792541504,0.5716953277587891,0.42830464243888855,1.3943413303964833,1.6045464783274486,0.182464719160779,0.7517013976662441,0.3976345794100425,1.0,1024
defactify,1,2,88276,0.6955654577815928,0.04524953290820122,-0.0011503747664391994,0.11721860190382737,JPEG,22.847745895385742,10.0,0.012705888599157333,20.26263999938965,0.07759887725114822,20.0,-2.452984607392509,1024,0.0,0.8112868070602417,3.39031982421875,11.636882781982422,0.5999090671539307,0.40009090304374695,1.3012016344915882,0.6830680354852217,0.2549294540868302,0.8307280353606643,0.37547471729268733,1.0,1024
defactify,1,4,11546,0.3910959767940472,0.13976755738258362,0.0014751380076631904,0.2676033500860524,JPEG,16.658571243286133,10.0,0.017661873251199722,18.083139419555664,0.11163756996393204,20.0,-2.480010561399707,270,0.0,0.7994247674942017,4.470188140869141,1.6424428224563599,0.4877358078956604,0.5122641921043396,1.2790465421334172,1.4076721422988752,0.1971298483953199,0.752081344854782,0.3945150436135307,1.0,270
defactify,1,4,15374,0.42482435597189694,0.07921057939529419,-0.005137589294463396,0.2728476321778313,JPEG,14.596867561340332,10.0,0.05935472995042801,19.03896713256836,0.15679852664470673,20.0,-2.2726258655522025,270,0.0,0.8999669551849365,9.270907402038574,5.535224914550781,0.6586365103721619,0.34136348962783813,1.4808282041709353,4.278349985950074,0.1480078648703242,0.5921043890189174,0.4032674267062643,1.0,270
defactify,1,3,139894,0.27478768034380435,0.1339944303035736,0.006871032062917948,0.30550550927476317,JPEG,20.731809616088867,10.0,0.011590197682380676,18.993913650512695,0.0629400759935379,20.0,-2.506549192601143,1024,0.0,0.8390026688575745,4.1946258544921875,8.858932495117188,0.479638934135437,0.520361065864563,1.3093658564521116,1.1900796187356129,0.19733877767456942,0.7387759642790104,0.3920121065542457,1.0,1024
defactify,1,4,14958,0.20310478654592498,0.06839543581008911,0.01191044319421053,0.24271342480407823,JPEG,17.734607696533203,10.0,0.05107375979423523,14.16812801361084,0.2051771879196167,20.0,-2.2423086862404205,270,0.0,0.8519480228424072,8.538307189941406,9.014047622680664,0.5829344987869263,0.4170655310153961,1.5017080132642193,4.057126562446417,0.13676665507728436,0.5956966834878806,0.40376586751051374,1.0,270
defactify,1,4,11626,0.45672751859364435,0.07216377556324005,0.009424549527466297,0.18199897139732038,JPEG,23.531002044677734,10.0,0.020040197297930717,24.11707305908203,0.1479238122701645,20.0,-2.3543352009103096,270,0.0,0.8041497468948364,5.866225719451904,9.498262405395508,0.37802696228027344,0.6219730377197266,1.3478841718180616,2.3133410313617886,0.17251457846344054,0.7231064233998513,0.3926005958286431,1.0,270
defactify,1,4,8526,0.4139183280219373,0.04284689575433731,0.010426588356494904,0.10281786032387843,JPEG,23.25244903564453,8.0,0.01623936928808689,21.512428283691406,0.07083562761545181,20.0,-2.7263236162231776,270,0.0,0.8518930077552795,4.458962917327881,12.636513710021973,0.4313235878944397,0.5686764121055603,1.3546395909157647,1.194765929263104,0.203526765939873,0.7846064333451052,0.3817586709850063,1.0,270
defactify,1,1,58749,0.2639830897895414,0.045113179832696915,0.009465325623750687,0.13125148093190547,JPEG,29.98182487487793,10.0,0.017376067116856575,29.369384765625,0.15202142298221588,20.0,-2.310558649505648,768,0.0,0.757767915725708,3.612704038619995,8.096062660217285,0.4523550868034363,0.5476449131965637,1.338899126267336,0.9572233549806052,0.37160456640890466,0.8426225706440345,0.39203581110040986,1.0,768
defactify,1,3,62283,0.48745158107132863,0.034722670912742615,0.01694856956601143,0.06415200857264558,JPEG,26.252052307128906,10.0,0.01426008716225624,21.981094360351562,0.05734378099441528,20.0,-2.6523475353242056,1024,0.0,0.8684379458427429,3.3170249462127686,13.312945365905762,0.39690274000167847,0.6030972599983215,1.2072877236591792,0.4987530263502491,0.31423216033141393,0.8981492746509372,0.3517394947015318,1.0,1024
defactify,1,1,48527,0.5649963436292091,0.042984940111637115,0.011143309995532036,0.19883607884584417,JPEG,22.75080680847168,10.0,0.004331852309405804,17.686635971069336,0.03601711615920067,20.0,-2.831811948716776,768,0.0,0.7755556702613831,2.355194091796875,0.9089065194129944,0.36895185708999634,0.6310481429100037,1.1283371415163173,0.43946175738580695,0.24933024678231536,0.8737635685082611,0.38746519484438213,1.0,768
defactify,1,1,28380,0.515207237403597,0.0033926847390830517,0.0013483832590281963,0.009526391624810743,JPEG,26.54891014099121,10.0,0.002072117757052183,22.03298568725586,0.01504094060510397,20.0,-3.1465529752802857,768,0.0,0.788827121257782,1.1430902481079102,4.358819961547852,0.29643505811691284,0.7035649418830872,1.1164697087914204,0.19210207355499273,0.29773319096395084,0.9303991608803395,0.3585409353834262,1.0,768
defactify,0,0,26163,0.5434467840133977,0.05532597750425339,0.004198894836008549,0.23027692414523898,JPEG,27.150531768798828,10.0,0.0031322885770350695,26.439102172851562,0.049422893673181534,20.0,-2.7462798574840286,425,0.0,0.6455466747283936,2.654705286026001,4.442012786865234,0.5468900203704834,0.4531099498271942,1.1839694900501399,0.8463798416102859,0.2792475486008834,0.8410362122994663,0.37645037138042003,1.0,640
defactify,1,2,150285,0.224185691087974,0.035425882786512375,0.008387080393731594,0.16138302635480442,JPEG,22.963069915771484,10.0,0.023989563807845116,17.874719619750977,0.1352739930152893,20.0,-2.3409413158842747,1024,0.0,0.8201583623886108,5.768739700317383,9.269166946411133,0.7142936587333679,0.2857063412666321,1.528829519928363,1.6931696844244746,0.17674329364921312,0.6983484208246491,0.404048726933689,1.0,1024
defactify,1,4,9985,0.4237345713962179,0.05170085281133652,-0.01572061888873577,0.13418802294752857,JPEG,22.691810607910156,8.0,0.013242989778518677,20.745216369628906,0.11835341155529022,20.0,-2.520759404459755,270,0.0,0.7472288012504578,5.027434825897217,7.048535346984863,0.4038528800010681,0.5961471199989319,1.193404189024484,1.868799913704283,0.2145512357188327,0.7508643047265395,0.37696117031852044,1.0,270
defactify,1,4,11273,0.43332078785597794,0.04933410882949829,-0.0067552863620221615,0.18162673000641233,JPEG,21.619508743286133,4.0,0.02199775166809559,24.338685989379883,0.11557845026254654,20.0,-2.3634863612106525,270,0.0,0.830254852771759,7.455432891845703,10.844709396362305,0.4511464238166809,0.5488535761833191,1.3951839242370347,3.208147421339612,0.17433606669731866,0.7192086980902312,0.39516998819932264,1.0,270
defactify,1,3,36617,0.8143757469910868,0.07425976544618607,-0.01661118119955063,0.11672989488524442,JPEG,24.140483856201172,10.0,0.01191331259906292,17.488483428955078,0.07868251204490662,20.0,-2.538671887206203,1024,0.0,0.8011035919189453,3.0781819820404053,12.508939743041992,-0.5701336860656738,1.5701336860656738,1.33661379064745,0.5434552925676657,0.4813093859075375,0.9502302858021774,0.1991121580735571,1.0,1024
defactify,1,1,71851,0.4211037199874383,0.15099015831947327,0.008300235494971275,0.2843329838305668,JPEG,27.341766357421875,10.0,0.007192842196673155,18.444107055664062,0.11762156337499619,20.0,-2.185625356487888,768,0.0,0.6570156812667847,3.8753292560577393,5.5879058837890625,0.7459551692008972,0.2540448307991028,1.4458801128593852,1.4938259268261995,0.2571965535869112,0.7778862317293628,0.4001343076285019,1.0,768
defactify,1,4,9105,0.47546833184656556,0.0859459787607193,0.012175561860203743,0.23419195898123296,JPEG,21.136459350585938,10.0,0.00862923450767994,25.70325469970703,0.05865667387843132,20.0,-2.8279681287932417,270,0.0,0.7886850833892822,3.7723851203918457,5.974276542663574,0.4040743112564087,0.5959256887435913,1.1872569663574193,1.0726708601471937,0.18462815352830703,0.7865600629258827,0.38414012761696953,1.0,270
defactify,0,0,23001,0.4820304677442426,0.038899004459381104,0.019048413261771202,0.19476775131125507,JPEG,18.408111572265625,10.0,0.01070702075958252,16.200267791748047,0.06614379584789276,20.0,-2.665141052284458,640,0.0,0.8103488683700562,2.2300631999969482,2.275165557861328,0.42252516746520996,0.57747483253479,1.0154954517842378,0.3705313881828944,0.3399173680938537,0.8813855406562939,0.38668198586951646,1.0,425
defactify,0,0,34845,0.3437000845626233,0.047086961567401886,0.01835908554494381,0.18314100760937982,JPEG,29.72933578491211,8.0,0.0027185985818505287,23.880836486816406,0.1055985689163208,20.0,-2.6209267446615327,415,0.0,0.46581539511680603,2.931656837463379,3.8983078002929688,0.5257531404495239,0.4742468595504761,1.3446046204985733,1.5265745241597122,0.18006381207948483,0.7089548130085221,0.3819976439744431,1.0,640
defactify,1,1,77911,0.22835184291002736,0.14877459406852722,-0.004242148716002703,0.310374015407879,JPEG,24.46385383605957,10.0,0.013182101771235466,15.93198013305664,0.15006357431411743,20.0,-2.3163143097810655,768,0.0,0.7328110933303833,3.8536887168884277,5.594730854034424,0.631048858165741,0.36895114183425903,1.3931880336587505,1.306549858459053,0.2800145578083287,0.7745942139213479,0.4019335484499818,1.0,768
defactify,1,5,15795,0.77380414357413,0.04280181974172592,-0.011952941305935383,0.11852012730487348,JPEG,21.532127380371094,10.0,0.0020083680283278227,15.69044303894043,0.06405693292617798,20.0,-2.5196981842859465,436,0.0,0.5384828448295593,1.7865071296691895,4.511560916900635,0.2997792363166809,0.7002207636833191,1.3499104333629572,0.4342588919698592,0.5039194793266392,0.8694049390205518,0.3399894029126368,1.0,436
defactify,1,4,12883,0.33607340852609446,0.10331445932388306,0.007781620603054762,0.1899811063380539,JPEG,21.204736709594727,10.0,0.012366602197289467,22.39147186279297,0.14527025818824768,20.0,-2.4642243316401276,270,0.0,0.7314498424530029,5.636371612548828,6.462806701660156,0.4062279462814331,0.5937720537185669,1.3494747102166398,2.6109014114928906,0.15909252183456363,0.6859480067669079,0.38626058560775545,0.9999999999999999,270
defactify,1,1,55758,0.6772248003821743,0.04190341755747795,0.013553470373153687,0.22142123699819066,JPEG,21.189159393310547,10.0,0.008716178126633167,16.915937423706055,0.05673607811331749,20.0,-2.672772116677987,768,0.0,0.7981821894645691,4.230101108551025,7.770864486694336,0.5294109582901001,0.4705890417098999,1.3745975479561572,1.140280933961476,0.2622973584656803,0.8431078528064727,0.3533604702415907,1.0,768
defactify,1,4,12191,0.7086241734019103,0.10699352622032166,0.006037020590156317,0.20020518324115866,JPEG,22.15999984741211,10.0,0.05441627278923988,22.166915893554688,0.24583473801612854,20.0,-2.08639155558319,270,0.0,0.8489934206008911,8.997490882873535,10.526714324951172,0.39881712198257446,0.6011828780174255,1.5067705644340335,4.479897013277567,0.21029383938676866,0.6975832669306878,0.37505786474028563,1.0,270
defactify,1,3,76713,0.7384181272833241,0.07478353381156921,0.0007438774919137359,0.2838931682624405,JPEG,25.380346298217773,10.0,0.0037683872506022453,22.9005069732666,0.03041967749595642,20.0,-2.861823547830918,1024,0.0,0.7881702184677124,3.616231918334961,8.418923377990723,0.1970522403717041,0.8029477596282959,1.3792464479891364,1.0678769999440427,0.3581654682724744,0.8659843845840968,0.32476607054839834,1.0,1024
defactify,0,0,33504,0.5650455039932075,0.041076499968767166,-0.0012115139979869127,0.18647203795245726,JPEG,18.730281829833984,10.0,0.012879932299256325,14.851354598999023,0.07073846459388733,20.0,-2.597899252048326,640,0.0,0.8226825594902039,4.204346656799316,4.0216593742370605,0.16935253143310547,0.8306474685668945,1.374120587727731,0.9888408265286095,0.24329618178577375,0.7907813924018255,0.3921395640467846,1.0,428
defactify,1,2,66513,0.6504437857329854,0.05213616415858269,0.012191948480904102,0.20465341727238517,JPEG,35.64940643310547,10.0,0.005278917960822582,31.777862548828125,0.06025031581521034,20.0,-2.668028798028087,1024,0.0,0.7376518249511719,3.237563133239746,16.682659149169922,0.672714114189148,0.32728591561317444,1.35638852727019,0.9466837223081939,0.28649531255279864,0.8600720986899288,0.335590284764186,1.0,1024
defactify,1,2,106009,0.5475741804259392,0.05138077586889267,0.018051311373710632,0.12073101953896541,JPEG,17.00835418701172,10.0,0.03757122904062271,16.2720947265625,0.33766546845436096,20.0,-1.7461850875679457,1024,0.0,0.7388295531272888,6.163564205169678,3.146597146987915,0.1362144947052002,0.8637855052947998,1.583314613002991,2.301471037542296,0.2990770340459784,0.7898554984558274,0.3917819752345698,1.0,1024
defactify,1,2,76896,0.49167322892058213,0.03209386765956879,0.013768883422017097,0.06543552524360852,JPEG,26.31334114074707,10.0,0.005276233423501253,20.58281135559082,0.06960614770650864,20.0,-2.477960221553805,1024,0.0,0.7067282795906067,3.0263850688934326,6.2207560539245605,0.3224242329597473,0.6775757670402527,1.4565547390652949,0.8578510576940557,0.2264096558876957,0.8393248126702693,0.3869800027479403,1.0,1024
defactify,1,1,103760,0.1602097602739726,0.09040059894323349,0.006859767250716686,0.18848105977635174,JPEG,17.599082946777344,10.0,0.01859290339052677,15.195907592773438,0.10152330249547958,20.0,-2.465151077407594,768,0.0,0.8172748684883118,5.305576324462891,3.5868563652038574,0.818731427192688,0.18126854300498962,1.227734484575078,1.5499029080728048,0.15462775608385237,0.6783128176234494,0.40613590188444165,1.0,768
defactify,1,3,159222,0.49546723458140274,0.10037475824356079,0.007624831981956959,0.3017549469813091,JPEG,18.819976806640625,8.0,0.018378455191850662,13.844413757324219,0.09310384094715118,20.0,-2.5187241637210382,1024,0.0,0.826000452041626,6.995043754577637,5.9984846115112305,0.5932258367538452,0.4067741334438324,1.4248088601443638,2.3618223679221004,0.21207417834020367,0.723583487822461,0.4001326876052807,1.0,1024
defactify,1,3,91537,0.4519163565613253,0.18791209161281586,-0.007976137101650238,0.328715705550693,JPEG,24.001789093017578,10.0,0.002958959899842739,18.470802307128906,0.049983493983745575,20.0,-2.7776762687015992,1024,0.0,0.6586135029792786,2.7728521823883057,3.583251953125,0.5658312439918518,0.4341687560081482,1.3137939764374678,1.022068088495616,0.20560371721002035,0.8028602297000227,0.38837984094326417,1.0,1024
defactify,1,4,12588,0.2560728744939271,0.11190160363912582,0.009541168808937073,0.25522013820059636,JPEG,19.121564865112305,6.0,0.019146202132105827,25.942174911499023,0.14209836721420288,20.0,-2.3912268936247134,270,0.0,0.7699912190437317,6.0226006507873535,4.599937438964844,0.5964639186859131,0.4035360515117645,1.3313042435626865,2.529280160123089,0.16729874925056523,0.7005499430395941,0.392559310420337,1.0,270
defactify,1,3,146689,0.6974196300047982,0.21399366855621338,0.00989703368395567,0.2893021745529946,JPEG,18.65094566345215,10.0,0.027350017800927162,19.091270446777344,0.0580914206802845,20.0,-2.7447472853706594,1024,0.0,0.9189233183860779,5.847161293029785,6.0560078620910645,0.30627351999282837,0.6937264800071716,1.2688087533063659,1.0772570657564648,0.22072306865524732,0.7933950451114697,0.37687478068710817,1.0,1024
defactify,1,2,100083,0.2107577807848444,0.0737612172961235,-0.0018412034260109067,0.12279546962448698,JPEG,33.99020767211914,10.0,0.011372414417564869,25.921443939208984,0.11483442038297653,20.0,-2.409262163526092,1024,0.0,0.7367337346076965,3.8973021507263184,13.697098731994629,0.6885227560997009,0.3114772439002991,1.340896051584929,1.111927940447136,0.37613588093351485,0.8045822947222848,0.3959451253173415,0.9999999999999999,1024
defactify,1,4,16700,0.5177481974486966,0.0901440680027008,0.014845569618046284,0.20441888641355957,JPEG,13.641486167907715,8.0,0.05194492265582085,13.96414566040039,0.19567503035068512,20.0,-2.2174733663308666,270,0.0,0.8604963421821594,9.105050086975098,2.695997714996338,0.6120368242263794,0.3879631459712982,1.5017557099695078,4.584919349844175,0.13084153664242995,0.5558572716113246,0.4060664564399555,1.0,270
defactify,0,0,45774,0.2859385903698535,0.060540977865457535,-0.0017875928897410631,0.11072413495593751,JPEG,21.710403442382812,10.0,0.011310656554996967,16.094707489013672,0.13643622398376465,20.0,-2.4474904478806505,640,0.0,0.7196077108383179,3.7014658451080322,4.492157936096191,0.7237215638160706,0.27627843618392944,1.1852943989118885,1.1690140378753069,0.21976455347736784,0.7251425109554968,0.4029967721024693,1.0,480
defactify,1,4,22979,0.47465947590403096,0.07890799641609192,-0.0024924371391534805,0.22273679876738556,JPEG,16.533262252807617,8.0,0.03745795786380768,15.21279239654541,0.1539202630519867,20.0,-2.2956870935897427,351,0.0,0.8487642407417297,8.040508270263672,5.964785575866699,0.6261510252952576,0.37384897470474243,1.447155543687599,3.669650485493342,0.16828133777626708,0.6522748062627248,0.4030499549271791,1.0,351
defactify,1,4,14877,0.3724380245949639,0.14463910460472107,0.008334090001881123,0.2644681288684848,JPEG,23.944278717041016,8.0,0.026982948184013367,30.032230377197266,0.20065103471279144,20.0,-2.3261548908371177,270,0.0,0.7749427556991577,8.28537368774414,11.062179565429688,0.5670913457870483,0.4329086244106293,1.499552441843383,4.380848659012655,0.14829238097227004,0.6390878701520175,0.39777804606140865,1.0,270
defactify,1,4,14785,0.2521897810218978,0.047946251928806305,-0.011040881276130676,0.21340615943331742,JPEG,14.001487731933594,10.0,0.07503660023212433,15.822149276733398,0.17146901786327362,20.0,-1.9654041662386543,270,0.0,0.9087779521942139,9.92220401763916,8.96170425415039,0.7147005200386047,0.28529947996139526,1.3791555889747429,4.668117481434395,0.135737281767295,0.5714424076684164,0.40515040454280854,1.0,270
defactify,0,0,40239,0.5189430250489726,0.16610056161880493,0.019188936799764633,0.1882928744601835,JPEG,25.561941146850586,10.0,0.008729558438062668,20.19534683227539,0.10578563064336777,20.0,-2.4518839004191033,640,0.0,0.7198445796966553,4.327470779418945,6.355867385864258,0.5020662546157837,0.4979337155818939,1.3328462082060641,1.5164746962848494,0.26695884684854654,0.7954091703240704,0.38957646166318805,1.0,491
defactify,1,2,67594,0.7026825235987414,0.052900977432727814,0.011079535819590092,0.13804900591849031,JPEG,21.579078674316406,10.0,0.007245867047458887,17.38722038269043,0.09781990945339203,20.0,-2.4490819210584425,1024,0.0,0.6993628740310669,2.991363286972046,6.186922073364258,0.18165814876556396,0.818341851234436,1.3498252772011683,0.8679491427228694,0.3041171772351769,0.8452568036887849,0.34444670029920416,1.0,1024
defactify,0,0,7901,0.8267798916531875,0.05780187249183655,-0.010797045193612576,0.054360432593577306,JPEG,18.752666473388672,10.0,0.008929263800382614,15.6446533203125,0.1091974601149559,20.0,-2.2672932786690514,428,0.0,0.7031722664833069,0.904190182685852,1.3238698244094849,-0.9323931932449341,1.932393193244934,1.1101680129129474,0.08302342110146929,0.7216211461090338,0.9787892018585631,0.18100455923413813,1.0,640
defactify,1,2,99397,0.7286763300235024,0.051980555057525635,-0.0024465483147650957,0.1408299372015203,JPEG,21.797887802124023,10.0,0.012501322664320469,21.584030151367188,0.05909137800335884,20.0,-2.620516803671782,1024,0.0,0.8500912189483643,3.3985073566436768,9.445682525634766,0.5396925210952759,0.46030744910240173,1.2820442663390315,0.6350676874913368,0.27588390703927973,0.8393761960490813,0.3714358159997717,1.0,1024
defactify,1,3,131568,0.47440164843873833,0.13141098618507385,-0.0034241771791130304,0.35650077927219853,JPEG,20.312803268432617,10.0,0.014581985771656036,17.373899459838867,0.08639395982027054,20.0,-2.5978743346029636,1024,0.0,0.8101107478141785,5.2216267585754395,8.157673835754395,0.503142774105072,0.496857225894928,1.302481666523052,1.510023762184224,0.20019363400668772,0.764853916711723,0.3994275376662363,1.0,1024
defactify,1,5,22670,0.4275299552475819,0.09851480275392532,0.014038377441465855,0.19255681412982595,JPEG,29.371322631835938,10.0,0.0018335781060159206,20.128089904785156,0.05070371925830841,20.0,-2.7005451784413284,436,0.0,0.5411742329597473,2.2809336185455322,4.641225814819336,0.6562654972076416,0.3437345325946808,1.326826300997809,0.6970510802545409,0.18369873253609176,0.7991996282998869,0.3724539240449033,1.0,436
defactify,1,4,13943,0.7555015525853922,0.11846264451742172,0.006736090872436762,0.27039306534009694,JPEG,12.30048656463623,10.0,0.052432361990213394,21.68349266052246,0.12651899456977844,20.0,-2.2484771677867603,270,0.0,0.9086571335792542,11.26518440246582,7.852828502655029,0.28955328464508057,0.7104467153549194,1.539309558139788,6.13106533240998,0.32192306556061157,0.6334626984705846,0.36907972222570895,1.0,270
defactify,1,4,16703,0.10409556313993173,0.1556413769721985,-0.007019944954663515,0.23211074681419636,JPEG,14.629292488098145,10.0,0.053294919431209564,14.451221466064453,0.17999880015850067,20.0,-2.274410955356368,270,0.0,0.8691219687461853,8.390251159667969,6.732982635498047,0.749933123588562,0.2500669062137604,1.424015552637039,3.759830878819008,0.13759567970653058,0.5781625141756053,0.40512557235735996,1.0,270
defactify,0,0,32990,0.45739698532016215,0.07472679764032364,0.019688919186592102,0.22072550810801375,JPEG,25.596294403076172,10.0,0.0035213264636695385,24.559932708740234,0.035921912640333176,20.0,-2.8740651977261167,433,0.0,0.7475454211235046,2.817516803741455,3.0436196327209473,0.4379770755767822,0.5620229244232178,1.2566518205433062,0.9170703199504108,0.20289564098883617,0.7780775795617729,0.3752814014200085,1.0,640
defactify,1,3,86024,0.6938065207044265,0.06316420435905457,-0.018996378406882286,0.2783697650800802,JPEG,24.84982681274414,10.0,0.00916732382029295,20.18594741821289,0.05940835550427437,20.0,-2.6291755238253254,1024,0.0,0.8199341297149658,6.078165054321289,10.533590316772461,0.36077880859375,0.63922119140625,1.3729733193926357,2.1773480524343456,0.3730010016887838,0.8580031331858263,0.34182981255058975,1.0,1024
defactify,1,1,63478,0.4257486499754541,0.03562794625759125,0.012913357466459274,0.1847263218007882,JPEG,29.19094467163086,10.0,0.00820067711174488,24.63381004333496,0.05692807957530022,20.0,-2.586627856046578,768,0.0,0.806459903717041,4.475391387939453,13.186007499694824,0.47023946046829224,0.5297605395317078,1.3210035059301293,1.1583506034308408,0.20851418102902264,0.8276596372254188,0.37677508752939975,1.0,768
defactify,1,3,125098,0.4729815996995869,0.0053504882380366325,0.0012531023239716887,0.10040407191822226,JPEG,20.891815185546875,10.0,0.014273553155362606,15.863739013671875,0.07065197825431824,20.0,-2.2629938899820714,1024,0.0,0.8319405913352966,6.08084774017334,8.529191970825195,0.5819869041442871,0.4180131256580353,1.3424570726308513,1.749149849802701,0.2343494801853663,0.7611931481632661,0.3919590346676048,1.0,1024
defactify,1,5,16748,0.6726129238892016,0.03904403746128082,0.024094050750136375,0.09840239609786702,JPEG,31.3323974609375,10.0,0.0021474510431289673,31.597291946411133,0.034253623336553574,20.0,-2.4778424745802874,436,0.0,0.5633188486099243,1.7515878677368164,3.9677329063415527,0.367284893989563,0.632715106010437,1.322303208258512,0.4187500630230738,0.2361841861458655,0.8605416843581619,0.3687721045420677,1.0,436
defactify,1,1,96429,0.5570909942616231,0.005424175877124071,0.00453135184943676,0.035292999198525236,JPEG,25.85763168334961,10.0,0.012594789266586304,17.522937774658203,0.2570292055606842,20.0,-2.1513042685414496,768,0.0,0.621665894985199,6.254302501678467,3.139495849609375,0.6137059926986694,0.38629403710365295,1.5563881498259873,3.4269052887117217,0.16933340016061127,0.6288858970165425,0.40411433745599235,1.0,768
defactify,1,5,20895,0.6021887545066353,0.14914396405220032,-0.003299616975709796,0.28705395114458326,JPEG,33.862483978271484,10.0,0.0022141607478260994,24.823638916015625,0.0794883742928505,20.0,-2.615081140946724,436,0.0,0.4992921054363251,2.212635040283203,6.116290092468262,0.6165738105773926,0.3834261894226074,1.4428476187189458,0.7809966206140202,0.22788556919259154,0.815047951671048,0.3723134594570872,1.0,436
defactify,1,5,16988,0.3260801746997348,0.045206308364868164,0.017520466819405556,0.1496053524048744,JPEG,26.74770164489746,10.0,0.001612618681974709,22.43729591369629,0.039534859359264374,20.0,-2.8700302219098393,436,0.0,0.5605801343917847,1.5387094020843506,4.178318023681641,0.5693103075027466,0.43068966269493103,1.2957591205842414,0.375143191086528,0.27776294860814216,0.8695649596925844,0.3766813537350279,1.0,436
defactify,1,1,74387,0.5117322469186736,0.06310757994651794,0.013452980667352676,0.16875723647623328,JPEG,31.403411865234375,10.0,0.006674221251159906,20.46619415283203,0.07464298605918884,20.0,-2.6396361768814574,768,0.0,0.7180063724517822,3.618340015411377,5.930704116821289,0.7416271567344666,0.25837284326553345,1.286378496547607,1.1174145694718076,0.21084218999097448,0.7686656465747255,0.40149855353515,1.0,768
defactify,1,2,97521,0.3362052949372968,0.022644614800810814,0.012160209938883781,0.08085332980737348,JPEG,22.22303009033203,10.0,0.007533851079642773,14.457182884216309,0.08838357031345367,20.0,-2.4713738988298455,1024,0.0,0.7172166705131531,3.7549538612365723,3.6698036193847656,0.4904160499572754,0.5095839500427246,1.4019312141410702,1.213141239359575,0.21404535589365525,0.7807443550644734,0.39445821177701396,1.0,1024
defactify,1,3,128251,0.3152662782377594,0.05673709139227867,0.015862707048654556,0.29741414054535636,JPEG,26.819503784179688,10.0,0.022139795124530792,27.490562438964844,0.08829447627067566,20.0,-2.4364531949163246,1024,0.0,0.8510587811470032,6.167011737823486,14.50533676147461,0.4366006851196289,0.5633993148803711,1.3514200178443598,1.5923079788134538,0.1909436690204439,0.7649540842834901,0.39700632344042625,1.0,1024
defactify,1,1,93204,0.14090221427589053,0.07575549185276031,0.013302966952323914,0.17514925910580764,JPEG,13.275331497192383,10.0,0.0318269208073616,13.264150619506836,0.11431959271430969,20.0,-2.39738036184253,768,0.0,0.8522664904594421,4.466353893280029,4.51657247543335,0.6434416770935059,0.35655829310417175,1.2811274237004355,0.9039134417316,0.27727672357292793,0.7526609006799396,0.407787916056796,0.9999999999999999,768
defactify,1,1,47113,0.8480990850750952,0.10208382457494736,0.0021935366094112396,0.27729593256409674,JPEG,22.842525482177734,10.0,0.004403865430504084,20.580543518066406,0.09729979932308197,20.0,-2.5723162660993437,768,0.0,0.6184558272361755,3.4373388290405273,3.0331201553344727,0.25984787940979004,0.74015212059021,1.5062476601209684,1.3736394383554096,0.6028994832326746,0.8597267856859785,0.2794962222987267,1.0,768
defactify,1,1,47846,0.5465831266034815,0.048167239874601364,0.01123159658163786,0.17050847184746798,JPEG,26.40821647644043,10.0,0.006506051402539015,17.067092895507812,0.06020437180995941,20.0,-2.545356276992774,768,0.0,0.7503716945648193,2.751842975616455,10.476631164550781,0.47817498445510864,0.5218250155448914,1.3251744000090757,0.6379165035167941,0.2951672130118306,0.8633335206361434,0.3681558625923411,1.0,768
defactify,1,2,131156,0.275746614450988,0.07002688199281693,0.010769269429147243,0.17455296438124412,JPEG,21.83244514465332,8.0,0.014829578809440136,20.25728988647461,0.10173963010311127,20.0,-2.419720032666221,1024,0.0,0.8048723340034485,4.797138214111328,6.585383892059326,0.5650638341903687,0.43493613600730896,1.5217566343960536,1.379498396160415,0.19154480719060618,0.7396698549293502,0.4011152045817355,1.0,1024
defactify,1,1,74507,0.6353544555791747,0.0646841898560524,0.0012059836881235242,0.15490003177556316,JPEG,22.96750831604004,10.0,0.018219970166683197,21.34534454345703,0.15423424541950226,20.0,-2.2165324006235614,768,0.0,0.77449631690979,4.441619873046875,9.217023849487305,0.4736858606338501,0.5263141393661499,1.4378794030843818,1.2867318978558946,0.2981513931120214,0.7809652226993603,0.3909954591238667,1.0,768
defactify,0,0,44894,0.42295004012244775,0.10183201730251312,0.009559335187077522,0.15587981805285403,JPEG,24.39822006225586,10.0,0.019782008603215218,21.66692543029785,0.1552644520998001,20.0,-2.3281261227331687,480,0.0,0.7790445685386658,4.829855442047119,9.824322700500488,0.5964844226837158,0.4035155475139618,1.4238961612856305,1.4914029265114888,0.20424775608042528,0.737578716445097,0.3918610357674814,1.0,640
defactify,0,0,57854,0.19138831723919583,0.05478166788816452,0.011525644920766354,0.14675058484822212,JPEG,15.263805389404297,10.0,0.030783871188759804,12.467317581176758,0.1815539449453354,20.0,-2.2058678661849505,427,0.0,0.810559093952179,6.489113807678223,4.209354877471924,0.6756730079650879,0.3243269622325897,1.3565078150899046,2.150244088523369,0.1586259678499406,0.6386439667703112,0.4093558158085288,1.0,640
defactify,1,2,76418,0.5689204333208816,0.05737119913101196,0.02004113607108593,0.19122376519413636,JPEG,20.771793365478516,10.0,0.003173442091792822,16.718624114990234,0.047186270356178284,20.0,-2.844804767419651,1024,0.0,0.6820632815361023,2.369450807571411,2.6303837299346924,0.3562889099121094,0.6437110900878906,1.2770985972612727,0.7825630857417738,0.2052687880743287,0.8242935232540107,0.3583767431614959,1.0,1024
defactify,0,0,43265,0.39397133220910624,0.029298730194568634,0.011908073909580708,0.1491468118984766,JPEG,24.979633331298828,10.0,0.019521912559866905,21.345731735229492,0.13081052899360657,20.0,-2.3914182814876637,640,0.0,0.803092896938324,5.530667781829834,11.23434066772461,0.6682997941970825,0.3317002058029175,1.3036112244115863,1.6992213136285663,0.19374767074322014,0.7056814030684541,0.3959532092966506,1.0,427
defactify,1,3,80009,0.6204037616391656,0.042139146476984024,-0.008224377408623695,0.1031660825658298,JPEG,23.29006576538086,10.0,0.00599928991869092,21.638107299804688,0.0444742888212204,20.0,-2.622699313088885,1024,0.0,0.787126362323761,2.669177532196045,8.758618354797363,0.39505165815353394,0.6049483418464661,1.2934462608570523,0.5070032171592624,0.33179392912319106,0.8656307226994293,0.38024642228994876,1.0,1024
defactify,0,0,33382,0.46533760317531914,0.08334069699048996,0.008086232468485832,0.2594381247930342,JPEG,24.3552303314209,10.0,0.005755005870014429,20.6220645904541,0.06116504222154617,20.0,-2.6991807675744033,480,0.0,0.7107064723968506,3.522646427154541,7.3776350021362305,0.39684826135635376,0.6031517386436462,1.2634537931673424,1.036167730451491,0.2077496022585588,0.8079855019148319,0.38346115157415384,1.0,640
defactify,1,2,115194,0.45396934921557236,0.025557944551110268,0.011825283989310265,0.06686408113010395,JPEG,24.84417724609375,10.0,0.021851321682333946,18.533065795898438,0.1497330367565155,20.0,-2.2577877145670824,1024,0.0,0.8070233464241028,4.628457546234131,9.80235767364502,0.45237308740615845,0.5476269125938416,1.4772817065737605,1.2663977560874256,0.21856385535869466,0.768064463091287,0.3937572066855811,1.0,1024
defactify,0,0,36104,0.5414816087159228,0.0957307517528534,0.006487482693046331,0.30529357723828426,JPEG,24.91074562072754,10.0,0.005772782955318689,23.252788543701172,0.049752362072467804,20.0,-2.664679847373591,480,0.0,0.7746254205703735,3.866145372390747,8.757549285888672,0.5537136793136597,0.4462863504886627,1.2740047056324073,1.1034700805325848,0.18405029934513983,0.7880067000177289,0.3838166994382971,1.0,640
defactify,1,2,90168,0.4772046841247584,0.040529731661081314,0.013748562894761562,0.1306762725215108,JPEG,20.640384674072266,8.0,0.008245113305747509,14.631394386291504,0.07853478938341141,20.0,-2.555562434416065,1024,0.0,0.7565957307815552,3.703171730041504,5.1583027839660645,0.2942243814468384,0.7057756185531616,1.42018454341129,1.147290719722793,0.21008980218764609,0.7894374525612888,0.3764442739045562,1.0,1024
defactify,1,2,71928,0.4369400265786428,0.07708358019590378,0.003951967228204012,0.149168904369908,JPEG,22.628908157348633,10.0,0.003332671942189336,21.91004753112793,0.039130814373493195,20.0,-2.7296144379488805,1024,0.0,0.7060141563415527,1.9661122560501099,3.881253719329834,0.358883798122406,0.641116201877594,1.0663836481799027,0.4971782528285467,0.27503900924461677,0.8569980223599185,0.39122747066018415,1.0,1024
defactify,1,3,86769,0.5385835327978384,0.07229219377040863,0.007934216409921646,0.2922600518244595,JPEG,24.17613983154297,10.0,0.007289041765034199,22.949779510498047,0.052854519337415695,20.0,-2.803039425979902,1024,0.0,0.7882204055786133,3.962989330291748,8.160259246826172,0.352597177028656,0.647402822971344,1.3154241528199855,1.131503497443287,0.19951637797153451,0.8016091951980461,0.3730240216479739,1.0,1024
defactify,0,0,19691,0.6224138590385866,0.12242310494184494,0.007800550665706396,0.31397220148682314,JPEG,29.55776023864746,10.0,0.003652802435681224,29.837505340576172,0.042310647666454315,20.0,-2.846203988928044,360,0.0,0.7185384631156921,2.984671115875244,10.491724967956543,0.026721417903900146,0.9732785820960999,1.269169227391086,0.9288789118810206,0.22111802659198332,0.8417792670223401,0.35297237261579917,1.0,640
defactify,0,0,45580,0.357960088691796,0.09818322211503983,0.011948668397963047,0.17605048794119632,JPEG,23.197851181030273,10.0,0.011158180423080921,20.73605728149414,0.10056359320878983,20.0,-2.346765655051913,513,0.0,0.7723400592803955,4.890912055969238,8.22061538696289,0.6659502983093262,0.3340497314929962,1.3164789945256965,1.5665683316229795,0.2949488232932559,0.756748949096353,0.3958594375936474,1.0,640
defactify,1,3,147594,0.5152515398897763,0.11347712576389313,0.0006743991980329156,0.23713436785162517,JPEG,18.317581176757812,10.0,0.015564823523163795,14.161859512329102,0.1134430393576622,20.0,-2.4080182609191785,1024,0.0,0.7777180075645447,6.1540141105651855,5.312624454498291,0.5440921783447266,0.45590779185295105,1.3586348426825336,2.2539040397541745,0.17782584312607758,0.7205487583502024,0.4008259650342118,1.0,1024
defactify,1,4,15326,0.34282485875706215,0.15418006479740143,-0.0022397353313863277,0.2615131756802911,JPEG,17.982881546020508,8.0,0.030908100306987762,13.988225936889648,0.22183763980865479,20.0,-2.1193369506415647,270,0.0,0.7949325442314148,7.355006694793701,3.1422483921051025,0.4835830330848694,0.5164169669151306,1.4268171088771178,3.6222653188974836,0.1438148411166319,0.6298127301847621,0.3988429872845071,1.0,270
defactify,1,4,12140,0.4663834306956984,0.06891310214996338,0.0043231649324297905,0.3087945086990993,JPEG,14.799747467041016,10.0,0.031106308102607727,14.191133499145508,0.13319866359233856,20.0,-2.541541175962188,270,0.0,0.8402721881866455,6.593566417694092,1.5485304594039917,0.4904457926750183,0.5095542073249817,1.3397867223801407,2.570122359752825,0.21720248694227506,0.7106461881740136,0.4000339437339107,1.0,270
defactify,1,1,94137,0.3351743182602692,0.1233609989285469,0.0034665900748223066,0.28211007315213815,JPEG,23.347640991210938,10.0,0.012491934932768345,16.503931045532227,0.1565544754266739,20.0,-2.2804215779576076,768,0.0,0.7108924984931946,6.269360065460205,5.566187381744385,0.7283191680908203,0.2716808021068573,1.5566314505131555,3.069909298790014,0.1548059700156807,0.6748625725497195,0.3960134338090588,1.0,768
defactify,1,4,19668,0.2175697865353038,0.10870275646448135,-0.0012238335330039263,0.2811842316132217,JPEG,10.896469116210938,10.0,0.08822690695524216,19.60344123840332,0.29771989583969116,20.0,-1.9924630809510246,270,0.0,0.8806171417236328,11.910141944885254,4.734213829040527,0.7003322243690491,0.2996677756309509,1.5365072716704473,7.374511707503579,0.11980038538357829,0.5057069159776331,0.40039506965773175,1.0,270
defactify,1,2,56585,0.6074958501504057,0.03150898218154907,0.026229217648506165,0.09782079261747625,JPEG,30.93008804321289,10.0,0.004802866373211145,25.60623550415039,0.05228579789400101,20.0,-2.737247003558176,1024,0.0,0.7468110918998718,2.561354875564575,11.883172988891602,0.33980369567871094,0.6601963043212891,1.3084671918350115,0.6094142429590265,0.2629955723752274,0.888300514109361,0.34200870278644746,1.0,1024
defactify,1,3,105386,0.5500842467957819,0.12955689430236816,-0.0019574989564716816,0.3190466476690145,JPEG,23.60201644897461,10.0,0.005997960921376944,23.003541946411133,0.04496275261044502,20.0,-2.831668596398908,1024,0.0,0.7931469678878784,4.202776908874512,6.946178436279297,0.3590214252471924,0.6409785747528076,1.31591697187706,1.367258538543563,0.19089509149339132,0.7824558836429195,0.37850101911690315,0.9999999999999999,1024
defactify,0,0,39149,0.8507549192917379,0.0396103598177433,0.0073064290918409824,0.2567073659695045,JPEG,9.664846420288086,10.0,0.11568065732717514,11.372110366821289,0.16936087608337402,20.0,-2.016912670190735,500,0.0,0.935488760471344,14.605545043945312,3.7358107566833496,0.4046366214752197,0.5953633785247803,1.4834558269746498,4.185162899010546,0.21203460869423735,0.612451725962994,0.3942566001034051,1.0,333
defactify,1,5,17182,0.6032945822098454,0.17323678731918335,0.003389761783182621,0.28107849269764695,JPEG,26.450502395629883,10.0,0.0017752402927726507,17.146745681762695,0.05659149959683418,20.0,-2.77783429271459,436,0.0,0.5283946990966797,1.7610948085784912,4.236276626586914,0.21049141883850098,0.789508581161499,1.3476529766155219,0.4514067202764013,0.25998211182747105,0.873118310921516,0.3531182100289943,1.0,436
defactify,1,1,55671,0.46357858714250794,0.13430669903755188,-0.010721179656684399,0.19652559533579714,JPEG,21.97052764892578,10.0,0.006393956486135721,22.66492462158203,0.04349905624985695,20.0,-2.894477157241977,768,0.0,0.7862098217010498,2.249159336090088,4.959663391113281,0.596548318862915,0.40345171093940735,1.243069727145538,0.43478173937860587,0.26066215525514846,0.8714485736687737,0.39504295312124527,1.0,768
defactify,0,0,82135,0.018975332068311195,0.10224104672670364,-0.01671731472015381,0.24498930056920182,JPEG,19.66592025756836,3.0,0.3388609290122986,32.212799072265625,0.27018070220947266,20.0,-2.1300547540243735,480,0.0,0.9940671920776367,18.769149780273438,27.876100540161133,0.8268407583236694,0.17315924167633057,1.8367733161640223,6.544746765022025,0.1332898833400441,0.3799762002978513,0.36142141212073275,0.9999999999999999,640
defactify,1,1,72637,0.4991728902619992,0.061854101717472076,-0.003338497830554843,0.20767729777916497,JPEG,19.81412696838379,6.0,0.015912311151623726,14.190839767456055,0.09452333301305771,20.0,-2.5658989783082076,768,0.0,0.7879261374473572,5.513099193572998,3.644036054611206,0.22176551818847656,0.7782344818115234,1.394187129489058,1.5829192495475128,0.2231453035614198,0.8057820592592455,0.3826477376110359,1.0,768
defactify,1,3,214025,0.30379026610644255,0.10166717320680618,0.001364301540888846,0.3021066473818709,JPEG,14.070114135742188,10.0,0.03710527345538139,14.115043640136719,0.08002545684576035,20.0,-2.3798380917197037,1024,0.0,0.906846821308136,7.501210689544678,4.334192752838135,0.7266311645507812,0.27336883544921875,1.3226111079333003,1.6218776016990026,0.1769509916010068,0.6946117786798836,0.4016664028218905,1.0,1024
defactify,0,0,21329,0.5918932028132372,0.05844411998987198,0.016784891486167908,0.15931864674181997,JPEG,27.13577651977539,10.0,0.005743822548538446,23.603116989135742,0.051239728927612305,20.0,-2.5669466214070646,640,0.0,0.7799490690231323,2.901747941970825,11.252869606018066,0.3335014581680298,0.6664985418319702,1.250981879468981,0.7212913557590905,0.2502176215187056,0.8789821467363588,0.34944068695818076,1.0,427
defactify,1,1,102776,0.04518132638749749,0.06872308999300003,-0.0018987010698765516,0.16812564707692668,JPEG,16.375396728515625,10.0,0.03948918730020523,14.832595825195312,0.15375496447086334,20.0,-2.1959748149086153,768,0.0,0.857826828956604,4.772103786468506,3.6999716758728027,0.6709167957305908,0.3290832042694092,1.2755577172394885,1.0237955953298026,0.24480106292715326,0.7306279478359381,0.40877349279594766,1.0,768
defactify,0,0,19113,0.696566756236233,0.11603496223688126,-0.001053579500876367,0.38915001569489815,JPEG,23.11905860900879,8.0,0.0010821372270584106,26.442785263061523,0.014781461097300053,20.0,-3.1875437297156397,429,0.0,0.6910228133201599,1.7632063627243042,4.451440811157227,0.23681777715682983,0.7631822228431702,1.1189507685845725,0.42751087120085535,0.3347969607384538,0.8990965554277022,0.3356026537472313,1.0,640
defactify,0,0,43310,0.2745705798786,0.0,0.0,0.0,JPEG,26.70553207397461,10.0,0.012758730910718441,24.650161743164062,0.11840543895959854,20.0,-2.4479894059097305,427,0.0,0.7618961930274963,6.153560638427734,10.942916870117188,0.6103332042694092,0.3896668255329132,1.3936963689434183,2.56320459505726,0.17449755069171602,0.7061513574452885,0.39915239357778853,1.0,640
defactify,1,2,125431,0.43891830559757944,0.05758018419146538,0.0058522336184978485,0.1481355917492889,JPEG,17.221303939819336,10.0,0.018435245379805565,14.196849822998047,0.13887879252433777,20.0,-2.2709091530295344,1024,0.0,0.7839634418487549,4.330106735229492,1.7448346614837646,0.5434430837631226,0.45655691623687744,1.3534833394338197,1.1372383308606993,0.20766493106060224,0.7199326894503322,0.40182434533606515,1.0,1024
defactify,1,1,132238,0.09120633281707108,0.06659390032291412,0.013605887070298195,0.15032759170852503,JPEG,15.627202987670898,10.0,0.04381426051259041,14.38371753692627,0.18591175973415375,20.0,-2.22989288376535,768,0.0,0.845788300037384,6.960404872894287,2.737351417541504,0.8415127992630005,0.15848717093467712,1.4772638652475327,2.0688164254320927,0.1544734402086644,0.6219454386333363,0.40847865664394334,1.0,768
defactify,1,3,80214,0.5230528443797143,0.08861635625362396,-0.0019455380970612168,0.23571900873777743,JPEG,23.081371307373047,8.0,0.013204678893089294,21.07398223876953,0.11560887843370438,20.0,-2.459485192234822,1024,0.0,0.7825549244880676,4.281266689300537,10.551796913146973,-0.1002507209777832,1.1002507209777832,1.4564730375786958,1.2599226944774884,0.27989317150411896,0.8083135471101777,0.36528677798294146,1.0,1024
defactify,1,3,77687,0.5171527259881462,0.04198019951581955,-0.010139424353837967,0.1846531416249708,JPEG,31.469627380371094,10.0,0.006537371780723333,25.837888717651367,0.04614898934960365,20.0,-2.726056653664617,1024,0.0,0.8039245009422302,3.8447113037109375,13.291744232177734,0.4552447199821472,0.5447552800178528,1.3120297809504675,0.9047422972311605,0.22734665064634674,0.867828946959394,0.36760829116745275,1.0,1024
defactify,0,0,27940,0.5509733482207874,0.07077410072088242,-0.0003184001543559134,0.22423049120821348,JPEG,19.420991897583008,10.0,0.019561054185032845,20.037822723388672,0.0911421999335289,20.0,-2.4639101998252446,375,0.0,0.8532846570014954,6.719138145446777,4.668044567108154,0.5255906581878662,0.4744093716144562,1.3406850643217443,1.9206904095074844,0.19962049401129933,0.771675324689269,0.3925482887434917,1.0,500
defactify,1,2,96786,0.3243879556035475,0.11351753771305084,0.010176592506468296,0.2617294919959155,JPEG,21.488121032714844,10.0,0.011639581993222237,17.49345588684082,0.09373348951339722,20.0,-2.587594147894031,1024,0.0,0.784619152545929,3.5967323780059814,7.330649375915527,0.5166448354721069,0.48335516452789307,1.4125332827882158,0.9111838589706227,0.21813681142979907,0.8007895039657554,0.38198526852931164,0.9999999999999999,1024
defactify,1,1,65358,0.20797913446676972,0.053309116512537,-0.0045738681219518185,0.16778894525188198,JPEG,24.36546516418457,10.0,0.011228084564208984,17.701318740844727,0.10303065925836563,20.0,-2.37403840570447,768,0.0,0.7485190629959106,2.8250482082366943,8.268383979797363,0.6231828927993774,0.37681713700294495,1.1093259102467286,0.6595538914386904,0.26317317364355675,0.7996178691407605,0.398192151165295,1.0,768
defactify,1,1,59542,0.5804253389345045,0.021415740251541138,0.008036877028644085,0.06448788910480964,JPEG,22.550537109375,10.0,0.012950888834893703,14.229072570800781,0.09982599318027496,20.0,-2.4184628250731186,768,0.0,0.7791346907615662,4.014252185821533,4.479740142822266,0.5369988679885864,0.46300116181373596,1.3781187240326498,1.0323783127412984,0.23245142775040462,0.8199014481066947,0.3823896132865772,1.0,768
defactify,1,3,35755,0.8687433808644982,0.07744159549474716,-0.0070588234812021255,0.16326572716457077,JPEG,19.997020721435547,10.0,0.008071379736065865,16.51178550720215,0.07088113576173782,20.0,-2.627294107243738,1024,0.0,0.7610363364219666,2.7786121368408203,5.606618404388428,-0.311590313911438,1.311590313911438,1.34910355012566,0.5246607379174649,0.6351658812016516,0.9595681812049033,0.18811144349750178,1.0,1024
defactify,0,0,30492,0.5600063295431427,0.025760089978575706,-0.0019110481953248382,0.15312572749853173,JPEG,32.669342041015625,10.0,0.002062993124127388,16.085407257080078,0.07632522284984589,20.0,-2.7760818856671663,425,0.0,0.5812668204307556,3.345996856689453,3.7807772159576416,0.6036884784698486,0.396311491727829,1.350708291827935,1.7108343399518011,0.19153211487566885,0.7706938922887954,0.36329421632143766,1.0,640
defactify,0,0,41893,0.65871409739886,0.05711420997977257,-0.005353515036404133,0.20759494329456754,JPEG,24.89438819885254,10.0,0.012002261355519295,21.335847854614258,0.07440557330846786,20.0,-2.5189182056856336,480,0.0,0.8203604221343994,5.611093997955322,9.617990493774414,0.3744259476661682,0.6255740523338318,1.3841199226667944,1.737755817403965,0.23698007202360355,0.7727616416073618,0.3869730245246902,1.0,640
defactify,1,4,12518,0.43954363679134323,0.05704136937856674,0.0032809192780405283,0.16950747313174433,JPEG,21.206825256347656,10.0,0.017620068043470383,23.367223739624023,0.13628782331943512,20.0,-2.4816500391935823,270,0.0,0.782594621181488,6.839205741882324,6.931127548217773,0.6784326434135437,0.3215673565864563,1.35269961769715,3.1617018861705235,0.16920138980709953,0.7011685832379926,0.39764878253593106,1.0,270
defactify,1,5,16171,0.568793958448125,0.03272496163845062,0.0072426567785441875,0.17220018804096446,JPEG,28.234195709228516,10.0,0.0016051799757406116,15.850610733032227,0.06512568145990372,20.0,-2.6919437567804665,436,0.0,0.5205669403076172,1.6700093746185303,4.952816963195801,0.4451860189437866,0.5548139810562134,1.3002477785221505,0.4467534071871443,0.3466798257439593,0.8616566074093968,0.35949993841527805,1.0,436
defactify,1,4,11912,0.4198317614070864,0.06490912288427353,-0.003379794768989086,0.19423647798733185,JPEG,27.37666893005371,10.0,0.02201022021472454,22.353708267211914,0.20030657947063446,20.0,-2.362382188491529,270,0.0,0.7720937728881836,7.2522172927856445,12.722929000854492,0.37242352962493896,0.627576470375061,1.4557118586479536,3.4564830297884033,0.18576945581481363,0.704692729514671,0.3950877621645572,1.0,270
defactify,1,4,9204,0.43190995790016323,0.03079516440629959,-0.003129397751763463,0.12274031501523146,JPEG,30.1743221282959,10.0,0.019681578502058983,33.10356521606445,0.10972036421298981,20.0,-2.584989710701071,270,0.0,0.8432050943374634,6.113064765930176,19.21394920349121,0.535919189453125,0.464080810546875,1.3000917805864634,2.2107808226960826,0.17683307122503145,0.7431022651704224,0.3694098246234589,1.0,270
defactify,1,1,47132,0.5019014827476221,0.0973559319972992,0.0007898155017755926,0.21985848470795352,JPEG,21.63713264465332,10.0,0.004679020959883928,17.64158821105957,0.04900508373975754,20.0,-2.616254686668594,768,0.0,0.7341443300247192,3.706359624862671,3.303157091140747,0.21405154466629028,0.7859484553337097,1.2990968094473387,1.1403824854368765,0.22898712448344868,0.8641682127059137,0.3627316098750335,1.0,768
defactify,1,5,22870,0.5731361514635955,0.17029400169849396,0.0029854297172278166,0.3177676474519956,JPEG,31.05504035949707,10.0,0.0026605480816215277,28.690013885498047,0.0763019472360611,20.0,-2.747905543990176,436,0.0,0.47012075781822205,2.570749521255493,6.581459999084473,0.6175661087036133,0.38243386149406433,1.466767148921023,1.0071094687357272,0.2297914590473495,0.7730013450468785,0.359360373398371,1.0,436
defactify,1,5,19658,0.5298901412469682,0.07738018035888672,0.00671934150159359,0.2269038064649447,JPEG,25.3464298248291,8.0,0.0023253934923559427,19.701143264770508,0.07130351662635803,20.0,-2.5758590804043564,436,0.0,0.5393210053443909,2.0078485012054443,4.342485427856445,0.3388424515724182,0.6611575484275818,1.3761051630478611,0.5093304728669158,0.2436999704969074,0.8321808255387719,0.36790352996710973,1.0,436
defactify,1,5,17374,0.5612509688942809,0.06862635165452957,0.008391191251575947,0.1616895766017436,JPEG,30.471115112304688,10.0,0.002261435380205512,25.281124114990234,0.05867653340101242,20.0,-2.7995560850006656,436,0.0,0.5326117873191833,1.904067873954773,5.902681827545166,0.6107158064842224,0.3892841935157776,1.3113820832697665,0.4992898142853818,0.24584615679109018,0.8558824182441627,0.35852381176955583,0.9999999999999999,436
defactify,1,1,66443,0.5249391038350422,0.06884478032588959,0.007645724341273308,0.1684827498543976,JPEG,21.775463104248047,10.0,0.007378887385129929,17.389842987060547,0.07048200815916061,20.0,-2.676864511979622,768,0.0,0.7462388873100281,4.043551445007324,5.6941704750061035,0.5497852563858032,0.4502147138118744,1.3277746972908375,1.367309658245222,0.18658025975672526,0.7928877663582318,0.37869516434674766,1.0,768
defactify,1,3,178799,0.5278189173058644,0.04728275537490845,0.008704259991645813,0.1336155737794741,JPEG,17.007251739501953,10.0,0.03176930919289589,15.312708854675293,0.07066263258457184,20.0,-2.5106437559866466,1024,0.0,0.9104103446006775,6.486412525177002,8.343530654907227,0.5162161588668823,0.4837838411331177,1.3392066247386445,1.2700052367736052,0.19960936060584475,0.7640342106869873,0.3961649091418628,1.0,1024
defactify,1,1,57618,0.28465118657937805,0.05676360800862312,0.01448532473295927,0.15618736652912496,JPEG,25.54762840270996,8.0,0.005379430949687958,18.443607330322266,0.06991123408079147,20.0,-2.619655386144863,768,0.0,0.7114092111587524,2.478064775466919,5.305624485015869,0.6171998977661133,0.3828001022338867,1.2922123762218984,0.7425752783098938,0.2898570620033508,0.827764756289762,0.39979802603221404,1.0,768
defactify,1,3,25926,0.8141058587074156,0.07995666563510895,-0.006228659767657518,0.08472337987272248,JPEG,18.718822479248047,10.0,0.018514340743422508,16.43898582458496,0.11896228045225143,20.0,-2.1487435570983386,1024,0.0,0.7931898832321167,1.5263547897338867,2.593271255493164,-1.00693678855896,2.00693678855896,1.2826871151035009,0.1549618350018293,0.555316226385928,0.9742019735413174,0.18245243491214352,1.0,1024
defactify,1,5,18323,0.8631473048819231,0.029447238892316818,-0.007195739075541496,0.18895059581079607,JPEG,31.04123878479004,8.0,0.0023334526922553778,26.44260025024414,0.09065890312194824,20.0,-2.452888753954777,436,0.0,0.4634661376476288,3.4648492336273193,5.500156879425049,0.3701511025428772,0.6298488974571228,1.5673312285922745,1.633057659756924,0.45579041693010564,0.8110915857408846,0.31125402066910046,1.0,436
defactify,1,1,96511,0.505006045949214,0.12070167809724808,0.010646559298038483,0.18597564008883302,JPEG,20.778263092041016,8.0,0.02709146775305271,17.135068893432617,0.13528673350811005,20.0,-2.12549012943347,768,0.0,0.8335118889808655,5.894377708435059,8.34262466430664,0.7439111471176147,0.25608885288238525,1.5456933717878865,1.5987349875487695,0.2076913949464647,0.7064720172894351,0.3985564218318075,1.0,768
defactify,0,0,28647,0.631655350570377,0.06123427301645279,0.012867739424109459,0.2465952515144383,JPEG,25.18153190612793,8.0,0.008965552784502506,25.46790885925293,0.05073998495936394,20.0,-2.621697238202051,640,0.0,0.8119726181030273,3.9707283973693848,14.252681732177734,0.4281434416770935,0.5718565583229065,1.230315152410149,0.8995084948634837,0.23779986881312376,0.8480009334624931,0.3538387020691177,1.0,480
defactify,1,4,16367,0.3941205779770802,0.09441830217838287,0.0034147135447710752,0.18425323691800752,JPEG,15.338172912597656,10.0,0.07087141275405884,14.50175666809082,0.1967896670103073,20.0,-2.2835994055888538,270,0.0,0.8951019048690796,10.033622741699219,7.267934799194336,0.6982951164245605,0.30170485377311707,1.4951482262798044,5.071062143665484,0.12917733409702797,0.5651413135331937,0.4002091738718726,1.0,270
defactify,1,3,164813,0.392823418319169,0.1664285808801651,-0.002629560884088278,0.3231185573728925,JPEG,23.111745834350586,10.0,0.020413728430867195,15.843372344970703,0.13524757325649261,20.0,-2.3257854151649098,1024,0.0,0.8136492371559143,8.027778625488281,9.075901985168457,0.6815499663352966,0.31845003366470337,1.5589650725782185,3.5202905404532165,0.15723675997284017,0.6730053904013312,0.3852916522790555,1.0,1024
defactify,1,3,62572,0.4830135321186262,0.1273728609085083,-0.005636634770780802,0.2957446034566686,JPEG,26.692272186279297,10.0,0.0019577969796955585,17.787883758544922,0.02975810319185257,20.0,-2.9558930081538026,1024,0.0,0.6813534498214722,1.930720567703247,6.194653034210205,0.49400418996810913,0.5059958100318909,1.1276361870767657,0.561292575548155,0.2519902205793174,0.8834794609001345,0.37417284128787265,1.0,1024
defactify,1,5,24746,0.40891726148587515,0.10409964621067047,-0.00289947004057467,0.22857289827895338,JPEG,27.188100814819336,10.0,0.0031168542336672544,15.538493156433105,0.11453129351139069,20.0,-2.2924757551981587,436,0.0,0.523494303226471,2.62864089012146,4.4439473152160645,0.6411451697349548,0.35885483026504517,1.387019298771923,0.8378921029354622,0.23601799852405975,0.7627542838217075,0.3759725300161108,1.0,436
defactify,1,1,87716,0.4585022807906741,0.04341569170355797,-0.005222328007221222,0.148831222747449,JPEG,21.244638442993164,10.0,0.01584632508456707,19.41095542907715,0.1674259901046753,20.0,-2.221015545803704,768,0.0,0.7316377758979797,6.313650131225586,6.875772953033447,0.5139073133468628,0.4860927164554596,1.5671805716225062,2.8829100215492764,0.16970619560133143,0.7018516936978801,0.3909857777909758,1.0,768
defactify,1,4,13464,0.12610385022960086,0.11082258075475693,-0.0010269609047099948,0.18358026550740666,JPEG,20.01043701171875,10.0,0.03279060125350952,17.681556701660156,0.1658061146736145,20.0,-2.3343719572590342,270,0.0,0.8455249667167664,6.783211708068848,8.142011642456055,0.5827213525772095,0.4172786772251129,1.3115875855343069,2.700228228117561,0.15109465962134092,0.6470879384001988,0.4015472062760998,1.0,270
defactify,1,1,109326,0.3540919465275513,0.08507703244686127,-0.000345344451488927,0.2768189613239193,JPEG,19.2967586517334,10.0,0.02838718146085739,14.832769393920898,0.18287941813468933,20.0,-2.225246929222845,768,0.0,0.8026571869850159,5.6806535720825195,5.43212890625,0.8143796324729919,0.18562038242816925,1.4255650408397356,1.7979586595620667,0.18839246514094973,0.676269708648509,0.4052586987258001,1.0,768
defactify,0,0,49846,0.1616065350578625,0.05226927995681763,0.009008604101836681,0.22113341787929597,JPEG,21.149734497070312,10.0,0.04101952537894249,16.362951278686523,0.23917356133460999,20.0,-2.050267078326617,427,0.0,0.8097192049026489,5.9058332443237305,7.311203479766846,0.6034775972366333,0.3965224027633667,1.2755245588336341,1.790209651703396,0.19537394513192058,0.6750477089477837,0.4071437251450007,1.0,640
defactify,1,3,74957,0.534689208462087,0.2541872262954712,0.004364279564470053,0.2691193082242107,JPEG,22.477184295654297,10.0,0.00881231389939785,13.02298355102539,0.10084524750709534,20.0,-2.371887511387383,1024,0.0,0.7365674376487732,4.34309720993042,7.335661888122559,0.1552278995513916,0.8447721004486084,1.4221684242715718,1.5674351238703423,0.26765802842120695,0.8531014108746248,0.3371684184438107,1.0,1024
defactify,1,4,14997,0.26272862086010873,0.05567676201462746,0.0011615162948146462,0.19035469769674457,JPEG,21.858444213867188,8.0,0.06459994614124298,16.875246047973633,0.24660161137580872,20.0,-2.1644468391987077,270,0.0,0.8818429112434387,9.564579963684082,10.028468132019043,0.46957993507385254,0.5304200649261475,1.5187154402226835,4.771126596739499,0.16308773199423776,0.5890610711849792,0.404856210776925,1.0,270
defactify,1,3,116237,0.49839934386326956,0.09595013409852982,0.0026384994853287935,0.216232259163502,JPEG,20.402507781982422,10.0,0.011723825708031654,16.381040573120117,0.059170108288526535,20.0,-2.3763705445548893,1024,0.0,0.8340144157409668,5.041749477386475,8.087892532348633,0.468813419342041,0.531186580657959,1.330775796317924,1.251879987166727,0.21862448197479062,0.8222603123042609,0.38656038780791396,0.9999999999999999,1024
defactify,0,0,45445,0.5464412757289228,0.08912170678377151,-0.00734719866886735,0.20723266167018634,JPEG,23.70302391052246,10.0,0.02137535996735096,23.259498596191406,0.17561563849449158,20.0,-2.3205523537921198,424,0.0,0.7631704211235046,7.651070594787598,13.131624221801758,0.5609411001205444,0.43905889987945557,1.4695323594825531,3.450240485062353,0.16038142097394104,0.6766407375820803,0.39096608442573433,1.0,640
defactify,1,4,12328,0.5502494654312188,0.07578727602958679,-0.0007638739771209657,0.22501299158174287,JPEG,19.59142303466797,10.0,0.054867129772901535,20.34644889831543,0.20594291388988495,20.0,-2.2946878728021582,270,0.0,0.8677681684494019,7.813044548034668,6.533452033996582,0.3585834503173828,0.6414165496826172,1.4065161890616016,3.329711088487916,0.1915776467017628,0.6773936559501691,0.3949701628696384,1.0,270
defactify,1,1,37311,0.5895286667385711,0.022965822368860245,0.008597223088145256,0.08526907889534083,JPEG,23.3271427154541,10.0,0.006135550327599049,18.740612030029297,0.03829801082611084,20.0,-2.8171431560918916,768,0.0,0.8058393001556396,2.408735513687134,8.062568664550781,0.4891164302825928,0.5108835697174072,1.1879264515132533,0.4182212683665216,0.2742952178213507,0.9046258593021494,0.35770185794964193,1.0,768
defactify,1,5,21366,0.36165706122851093,0.06047980487346649,0.02047532983124256,0.22199694448329707,JPEG,31.425039291381836,10.0,0.003144059795886278,14.839564323425293,0.11101407557725906,20.0,-2.562676606125919,436,0.0,0.5328683257102966,2.0198235511779785,5.471624374389648,0.6030194759368896,0.39698055386543274,1.3655152796662184,0.5493338052785146,0.278947740144604,0.8121443785019238,0.37053452041549745,0.9999999999999999,436
defactify,1,2,129178,0.5424165863568879,0.03568272665143013,0.0065274010412395,0.08988614438190039,JPEG,25.458984375,10.0,0.018090590834617615,18.53676986694336,0.12965698540210724,20.0,-2.3819942044454536,1024,0.0,0.7608258128166199,4.803443431854248,9.789386749267578,0.6417485475540161,0.3582514524459839,1.5512280741065747,1.3912699701480116,0.19263591797952453,0.7240257242542162,0.39731297660113624,1.0,1024
defactify,1,3,69482,0.6356748615562637,0.0884556844830513,0.00031554518500342965,0.3268135350056167,JPEG,22.152202606201172,10.0,0.005056917667388916,23.46013641357422,0.026936940848827362,20.0,-2.729438652300506,1024,0.0,0.8366002440452576,3.0807905197143555,5.390167713165283,-0.06716680526733398,1.067166805267334,1.2313629038127127,0.5616033725049259,0.27745412494002714,0.8750458144360587,0.36204161323115536,1.0,1024
defactify,1,3,42981,0.5796325851472036,0.03103385679423809,0.02455994114279747,0.135786618577449,JPEG,30.38444709777832,10.0,0.0022467125672847033,30.212730407714844,0.03053360804915428,20.0,-2.8895163467965443,1024,0.0,0.6638402342796326,1.742144227027893,9.867966651916504,0.27151578664779663,0.7284842133522034,1.1285028585618118,0.40300540794782375,0.2543275060532136,0.9110169756986584,0.3177521190101389,1.0,1024
defactify,1,3,68368,0.7518359547677784,0.11289635300636292,-0.008473379537463188,0.3335019147050683,JPEG,26.1497802734375,10.0,0.003091625403612852,22.122665405273438,0.024886341765522957,20.0,-2.90651305033961,1024,0.0,0.7682398557662964,3.48624587059021,6.982631683349609,0.3663376569747925,0.6336623430252075,1.2479477436172006,0.9782940767045134,0.387741807655275,0.896629046407257,0.31552536269995485,1.0,1024
defactify,1,5,21199,0.4269000374391614,0.07145904004573822,0.004685379099100828,0.1693859115850444,JPEG,27.74011993408203,10.0,0.0015082266181707382,25.84041404724121,0.03813394531607628,20.0,-2.760042044161954,436,0.0,0.5383780598640442,1.8327386379241943,5.2386980056762695,0.5165860652923584,0.4834139049053192,1.3700459173813675,0.5778816865528434,0.18558266045386534,0.7984458325259072,0.34784951157801947,1.0,436
defactify,1,4,9134,0.359946439032555,0.06426455825567245,0.017697487026453018,0.18131180095526195,JPEG,24.681468963623047,10.0,0.015904633328318596,23.6213321685791,0.08768067508935928,20.0,-2.730024639862565,270,0.0,0.8264284729957581,4.516824245452881,11.763562202453613,0.5108911991119385,0.4891088008880615,1.2872452655624231,1.3605606048275445,0.20023304650022494,0.7854781959613955,0.385325734174606,1.0,270
defactify,0,0,64248,0.3879951739392721,0.0734284445643425,0.00811045616865158,0.3037620517614972,JPEG,18.17725372314453,10.0,0.054454702883958817,18.819156646728516,0.19939011335372925,20.0,-2.025439264966557,480,0.0,0.8691325187683105,7.311975002288818,12.283374786376953,0.616141140460968,0.383858859539032,1.4489788586902934,2.104782971027678,0.20699163714946475,0.6349415130413866,0.4086941363960298,1.0,640
defactify,0,0,47925,0.18220858895705522,0.05802973359823227,0.008626709692180157,0.2089850494514153,JPEG,20.6313419342041,10.0,0.017842410132288933,16.898582458496094,0.14894415438175201,20.0,-2.180332138298615,429,0.0,0.7749160528182983,4.9502482414245605,4.1554460525512695,0.6661558151245117,0.33384421467781067,1.3373325502470013,1.60441026071643,0.19000942640821977,0.6979208540694464,0.4081720102708105,1.0,640
defactify,1,2,97615,0.4336128357763127,0.07067377120256424,0.009041654877364635,0.1494974053211867,JPEG,28.823461532592773,10.0,0.007765765767544508,23.78890609741211,0.08672396093606949,20.0,-2.5764007071126516,1024,0.0,0.7292378544807434,3.8161070346832275,10.07166862487793,0.585258960723877,0.41474103927612305,1.4125912985815592,1.3384313008374291,0.18336891191799357,0.768276086914511,0.3770458603953953,1.0,1024
defactify,0,0,24600,0.6928336123562132,0.12336433678865433,0.014308257959783077,0.21373205877966545,JPEG,27.087430953979492,8.0,0.011852298863232136,24.314544677734375,0.10282620042562485,20.0,-2.4032115533525045,480,0.0,0.7774106860160828,3.160970449447632,13.820456504821777,0.3639339804649353,0.6360660195350647,1.349120043510999,0.7887673839336886,0.34825639371386385,0.8701537622093268,0.35430855325455146,1.0,640
defactify,1,2,82383,0.5176415071509813,0.07963390648365021,0.010059185326099396,0.1516280272968355,JPEG,21.20575714111328,10.0,0.006997393444180489,20.222827911376953,0.050413552671670914,20.0,-2.707950441034026,1024,0.0,0.7922033667564392,2.6442911624908447,3.3037660121917725,0.6509464979171753,0.3490535020828247,1.1464740389312824,0.559623977534955,0.23303325558741753,0.8557260514524709,0.3826652566401879,1.0,1024
defactify,0,0,49902,0.5584503132683004,0.035404521971940994,0.003837986383587122,0.1282301488301493,JPEG,22.214414596557617,10.0,0.02283381298184395,21.451017379760742,0.13437505066394806,20.0,-2.164020132238716,427,0.0,0.8131569027900696,7.009241104125977,8.958404541015625,0.5556004047393799,0.4443996250629425,1.5249777323039466,2.4721751276754893,0.16137252780171307,0.6726435837613908,0.4000330638027218,1.0,640
defactify,1,5,17813,0.7523200854231114,0.08494214713573456,0.0014188479399308562,0.21871994396787878,JPEG,31.99363899230957,10.0,0.0017089933389797807,31.311744689941406,0.031322259455919266,20.0,-2.461319542395833,436,0.0,0.5401504039764404,2.215665817260742,5.579876899719238,0.5152930617332458,0.48470693826675415,1.1945718602235134,0.5506164091561625,0.3552344662985064,0.8468412387279161,0.3622298014415178,1.0,436
defactify,1,3,44254,0.6707395498392283,0.037308529019355774,0.021420257166028023,0.11843423570268449,JPEG,25.391456604003906,10.0,0.0052534909918904305,24.51143455505371,0.03277592733502388,20.0,-2.8617788896429315,1024,0.0,0.8158385753631592,2.441715717315674,8.11275577545166,0.06240248680114746,0.9375975131988525,1.1433474784500062,0.4046234499164333,0.2998108354949922,0.9253270446870083,0.298881957391274,1.0,1024
defactify,1,2,65425,0.5971423798433615,0.025941748172044754,0.01610834337770939,0.08581355325189746,JPEG,24.210830688476562,10.0,0.011696956120431423,19.640316009521484,0.08463820070028305,20.0,-2.513148632947049,1024,0.0,0.7905251979827881,2.3382222652435303,9.671818733215332,0.520340085029602,0.47965988516807556,1.2657358999133763,0.4247622601004505,0.36276181178946576,0.8814031864122757,0.3641568559923922,1.0,1024
defactify,0,0,41884,0.8316566284995698,0.0,0.0,0.0,JPEG,22.13323974609375,10.0,0.015212785452604294,22.089479446411133,0.09506838023662567,20.0,-2.5180843066039595,370,0.0,0.8151593208312988,6.778026103973389,8.93878173828125,0.6054122447967529,0.39458778500556946,1.410752638484879,2.608150774971227,0.21578510464694642,0.682130775552837,0.3923486906657865,1.0,640
defactify,1,5,24771,0.642510906446922,0.15542146563529968,-0.006289429031312466,0.28776989867473307,JPEG,32.91935729980469,10.0,0.0031080127228051424,24.2969970703125,0.11317186802625656,20.0,-2.4260142055893557,436,0.0,0.48406991362571716,2.922299861907959,6.154024124145508,0.530541718006134,0.46945828199386597,1.5843569053019346,1.0502378801480798,0.17992926629234224,0.7473533768523554,0.36298939196232405,1.0,436
defactify,1,1,91303,0.244343624793778,0.08671924471855164,-0.0037902032490819693,0.28661615303273275,JPEG,26.375083923339844,10.0,0.010326324962079525,16.929866790771484,0.08916919678449631,20.0,-2.607777758647759,768,0.0,0.7743529677391052,4.710189342498779,5.945057392120361,0.722517728805542,0.277482271194458,1.3075789256846453,1.619097729365643,0.15782086870346362,0.7120969620482501,0.40010408877152576,1.0,768
defactify,1,1,66749,0.5654229259581133,0.053801584988832474,-0.000779241556301713,0.25378747968134785,JPEG,21.61151885986328,10.0,0.01090501993894577,18.12312889099121,0.09367743134498596,20.0,-2.562798684404722,768,0.0,0.7751414775848389,4.417934417724609,2.9123735427856445,0.5394555330276489,0.4605444371700287,1.3477021711723416,1.3874518903158506,0.3538815065675827,0.8111292153858009,0.3799769311497166,1.0,768
defactify,1,3,324883,0.12657677250978686,0.09816351532936096,0.006645618937909603,0.22219372672728308,JPEG,15.136908531188965,8.0,0.1551007479429245,15.331448554992676,0.2329508662223816,20.0,-1.921772112408777,1024,0.0,0.9294078946113586,14.435593605041504,4.107612133026123,0.6997773051261902,0.3002226948738098,1.582703493094444,4.3911260600658535,0.12710026801573354,0.5018668911856465,0.40224089485283904,1.0,1024
defactify,1,5,16101,0.7233518176216882,0.04132847487926483,-0.00465162331238389,0.08259449395136774,JPEG,31.636837005615234,8.0,0.0016038385219871998,25.52060317993164,0.05487670749425888,20.0,-2.746971353744921,436,0.0,0.4892963469028473,2.237539768218994,5.745267391204834,0.35593312978744507,0.6440668702125549,1.471016085725835,0.7526540259068505,0.2968612586200515,0.8529457812873331,0.34469786663301544,1.0,436
defactify,0,0,21965,0.6324601113172542,0.05373198539018631,0.002124527934938669,0.146890401091194,JPEG,20.618572235107422,10.0,0.019575875252485275,18.37135887145996,0.12353502959012985,20.0,-2.360904043735692,406,0.0,0.8297380805015564,6.102058410644531,10.289447784423828,0.1161959171295166,0.8838040828704834,1.398419768650369,1.6858125358052343,0.34380729151036693,0.8289066086694145,0.37702274815797915,1.0,500
defactify,1,1,65289,0.4553609377446704,0.08227544277906418,0.00036126127815805376,0.22880537331720963,JPEG,27.84829330444336,10.0,0.0035634164232760668,21.817523956298828,0.07539895176887512,20.0,-2.669703654967343,768,0.0,0.602519154548645,3.5368402004241943,5.973017692565918,0.7015640735626221,0.29843592643737793,1.3864969535627985,1.7040480616800961,0.16580615867000978,0.7548552799981953,0.3743006124931668,1.0,768
defactify,1,2,40712,0.7161709529491253,0.03950059041380882,0.002880200045183301,0.15906936739700053,JPEG,20.254098892211914,10.0,0.0033708943519741297,15.942330360412598,0.02947845496237278,20.0,-2.95542483350251,1024,0.0,0.7524681687355042,1.7450695037841797,2.157876968383789,-0.3317767381668091,1.331776738166809,1.309022844254782,0.3076521187043677,0.31563687277598856,0.9372676295120733,0.3175527444870746,0.9999999999999999,1024
defactify,1,3,94734,0.629544440588906,0.053584933280944824,0.005784373730421066,0.1913341157877391,JPEG,24.254074096679688,10.0,0.01649951934814453,18.63177490234375,0.13833901286125183,20.0,-2.351424154224804,1024,0.0,0.7681374549865723,5.52482795715332,9.597077369689941,0.3865867853164673,0.6134132146835327,1.466260751076069,1.9551123749338166,0.33706239942745064,0.8099492980890197,0.36195105969394203,1.0,1024
defactify,1,5,25275,0.5385569880757823,0.0577295683324337,0.00473138689994812,0.18717088857694775,JPEG,31.261390686035156,10.0,0.002400633180513978,22.74581527709961,0.09331312775611877,20.0,-2.6062263811316106,436,0.0,0.48464101552963257,3.281733512878418,5.412832260131836,0.5844278335571289,0.4155721366405487,1.470416682632306,1.4080189556007956,0.2127488443063154,0.7346941260206314,0.3689220036788876,1.0,436
defactify,1,2,41509,0.6543564279618279,0.005707026459276676,0.003378327703103423,0.021502618005819412,JPEG,28.5029239654541,10.0,0.006683632265776396,25.739946365356445,0.03482045605778694,20.0,-2.808443142315644,1024,0.0,0.8611091375350952,1.6880921125411987,13.5877685546875,0.03750854730606079,0.9624914526939392,1.2504510760167757,0.1970119881958316,0.391402126515824,0.9377456694916041,0.3099738399801608,1.0,1024
defactify,1,4,10633,0.4586078260179379,0.0447966530919075,-0.004153628833591938,0.14032144075749178,JPEG,19.16357421875,10.0,0.020950600504875183,20.856979370117188,0.09972918778657913,20.0,-2.567115062623456,270,0.0,0.8408716917037964,5.621368885040283,5.131226539611816,0.3766833543777466,0.6233166456222534,1.2712838235391535,1.9166638387672528,0.19646086368569218,0.7502294862457499,0.39908206705177135,1.0,270
defactify,0,0,17628,0.5035792896944219,0.05318055301904678,0.016772855073213577,0.14586990412755374,JPEG,24.78278160095215,10.0,0.011423502117395401,23.015230178833008,0.08402526378631592,20.0,-2.4414144656143413,500,0.0,0.7858111262321472,3.2889420986175537,10.110885620117188,0.33926892280578613,0.6607310771942139,1.2219632288492266,0.6933169893668587,0.2695719508642397,0.8499632480566283,0.38525969594113313,1.0,375
defactify,1,1,55104,0.3334552994267594,0.07847167551517487,-0.0008618456195108593,0.2173912900311562,JPEG,26.647125244140625,10.0,0.007934533059597015,14.071819305419922,0.1339612454175949,20.0,-2.3454075618816583,768,0.0,0.6615358591079712,3.229919672012329,8.018597602844238,0.4092792868614197,0.5907207131385803,1.3976775247953792,1.0959070357113232,0.34227306175822,0.8365636871597191,0.39220214293176514,1.0,768
defactify,1,3,68837,0.7210899589399029,0.08981740474700928,0.005262224934995174,0.26455223001445616,JPEG,27.565927505493164,10.0,0.0031205692794173956,25.16423988342285,0.02721954882144928,20.0,-2.741032044466232,1024,0.0,0.7460729479789734,3.045351982116699,8.867167472839355,0.31442582607269287,0.6855741739273071,1.2282800721532634,0.767200785441478,0.2729222863003922,0.8713653565285869,0.34951710171134437,1.0,1024
defactify,1,2,137519,0.3802838830215118,0.04036944359540939,0.011421172879636288,0.11761722497968082,JPEG,18.952003479003906,10.0,0.018712807446718216,14.640692710876465,0.07729313522577286,20.0,-2.596662751644322,1024,0.0,0.845135509967804,4.562060832977295,7.899531841278076,0.669013261795044,0.33098670840263367,1.3079053039185704,0.9441909467052747,0.24169790165905547,0.8073824638601813,0.3997049267922988,1.0,1024
defactify,1,1,95148,0.3700959023539669,0.06350908428430557,-0.006959994789212942,0.19786371064117034,JPEG,24.866214752197266,10.0,0.0167581494897604,19.090749740600586,0.20168742537498474,20.0,-1.9636399808836789,768,0.0,0.7263439893722534,5.808950901031494,9.068838119506836,0.649946928024292,0.3500531017780304,1.5718124240792462,2.5859861831053568,0.1930492573011796,0.66793502445621,0.39547733147965075,1.0,768
defactify,1,4,12608,0.3020238713025428,0.06759193539619446,0.0027411440387368202,0.22263432200867858,JPEG,20.809528350830078,8.0,0.03265181928873062,21.087764739990234,0.13317343592643738,20.0,-2.504663819436407,270,0.0,0.8402040004730225,7.787413597106934,11.778655052185059,0.6597758531570435,0.34022414684295654,1.4225355882499973,3.291774856212194,0.14541921820190273,0.6526366265461212,0.3965539774423924,0.9999999999999999,270
defactify,1,4,12209,0.30911471117656686,0.04733379930257797,0.013490402139723301,0.21665669689157796,JPEG,18.75286102294922,10.0,0.028844570741057396,16.50261116027832,0.16109372675418854,20.0,-2.3373500041689077,270,0.0,0.8018360733985901,7.221511363983154,7.66252326965332,0.46257489919662476,0.5374251008033752,1.4023191534000363,3.1903581425844822,0.17632332710557597,0.687643326209611,0.3978217470959441,1.0,270
defactify,1,5,22143,0.38438508677550637,0.06741631031036377,0.017591988667845726,0.2131550726427722,JPEG,34.808128356933594,10.0,0.0019151229644194245,16.37143325805664,0.06609131395816803,20.0,-2.680244537797599,436,0.0,0.5314667820930481,2.165881395339966,6.641974449157715,0.7183821201324463,0.2816179096698761,1.458261308952852,0.7337521500632292,0.19406497387836544,0.7806681470164794,0.365786512425026,1.0,436
defactify,1,4,14738,0.4204170247410557,0.041126515716314316,0.020083703100681305,0.15372039984418542,JPEG,23.701650619506836,8.0,0.01269324216991663,18.40606117248535,0.0713406652212143,20.0,-2.6514140373318473,351,0.0,0.8349277973175049,5.176485061645508,12.52137565612793,0.4929036498069763,0.5070963501930237,1.2703816927276952,1.6966858015000863,0.20129779753417193,0.7898324386707707,0.3866607798329124,1.0,351
defactify,1,2,138322,0.5368714299091675,0.0511896088719368,0.013599184341728687,0.15485750750912353,JPEG,30.572290420532227,10.0,0.02745312638580799,15.714298248291016,0.284251868724823,20.0,-1.7853461871976548,1024,0.0,0.736965000629425,6.772664546966553,13.646923065185547,0.855488121509552,0.1445118635892868,1.6677895716654751,2.844282496152574,0.1930033047143893,0.669349092446948,0.39002903011028983,1.0,1024
defactify,1,3,70905,0.436082908342301,0.05430164188146591,0.01685059629380703,0.25321773303880074,JPEG,20.404762268066406,8.0,0.005910019390285015,20.241443634033203,0.026958152651786804,20.0,-2.8627087291929616,1024,0.0,0.8591832518577576,3.1208391189575195,10.99791145324707,0.4956018924713135,0.5043981075286865,1.1028905064126553,0.5132110076775241,0.25528648014365524,0.8851225340058131,0.36155613514875584,1.0,1024
defactify,1,3,144202,0.4763459111285198,0.1345168948173523,-0.004597142338752747,0.31647504933716836,JPEG,20.594663619995117,10.0,0.01658683456480503,17.09133529663086,0.08157407492399216,20.0,-2.5106018717845386,1024,0.0,0.8408336043357849,5.671426296234131,8.650141716003418,0.5020750761032104,0.49792492389678955,1.4290451551616854,1.562391338456702,0.2373615215653118,0.7566523869678885,0.39774828706990284,1.0,1024
defactify,1,4,11164,0.4006697012504578,0.0471067912876606,-0.016317490488290787,0.14762460699725935,JPEG,19.160076141357422,10.0,0.019351864233613014,17.303159713745117,0.17257453501224518,20.0,-2.3640831890532157,270,0.0,0.7574493885040283,7.052204132080078,4.122664928436279,0.3982316851615906,0.6017683148384094,1.3380833942693284,3.4539012855809927,0.2086141342809106,0.7504773319209104,0.3895257431570244,1.0,270
defactify,1,1,71176,0.3775305257117353,0.05861898884177208,0.006762080360203981,0.1699771138307032,JPEG,29.45417594909668,10.0,0.006903907749801874,24.417144775390625,0.11366879940032959,20.0,-2.3522414124328868,768,0.0,0.6628043055534363,4.239910125732422,9.455606460571289,0.5606275796890259,0.4393724501132965,1.335083227339564,1.8430743393903648,0.18488687571422863,0.7716569252576078,0.3932881319499337,1.0,768
defactify,1,5,19213,0.46349257935218285,0.08933768421411514,-0.009940567426383495,0.21116793042819235,JPEG,33.99906539916992,10.0,0.0017111392226070166,18.712940216064453,0.06985598802566528,20.0,-2.6638645135797914,436,0.0,0.5189403891563416,2.065066337585449,7.308285713195801,0.5341931581497192,0.46580687165260315,1.324496945505373,0.6063298804145165,0.2548797327750345,0.8295270516407383,0.3652327076898678,1.0,436
defactify,1,1,55201,0.7377832377832377,0.0641215369105339,0.0016622372204437852,0.18688830337101212,JPEG,36.50625991821289,10.0,0.006609804462641478,34.4332389831543,0.1374097615480423,20.0,-2.1851351943346087,768,0.0,0.6193857192993164,4.610719680786133,15.20522689819336,0.5488401651382446,0.45115986466407776,1.505032856546686,2.2688832929133524,0.21793550885404894,0.8017036111839689,0.3423712185769774,1.0,768
defactify,1,5,21851,0.575201369593893,0.10988645255565643,0.0014025374548509717,0.1791026104707238,JPEG,25.327491760253906,10.0,0.002519118133932352,21.870201110839844,0.05060881748795509,20.0,-2.4868492000206386,436,0.0,0.5834583044052124,2.427809000015259,3.3760151863098145,0.4294435977935791,0.5705564022064209,1.3465367853191468,0.6034117789521255,0.20713024722491466,0.8130563787536826,0.3782059655417975,1.0,436
defactify,1,1,67868,0.5091112631382548,0.059071507304906845,0.002534497296437621,0.17018069245217465,JPEG,22.134178161621094,10.0,0.011645768769085407,20.80923080444336,0.0955028086900711,20.0,-2.4964236438648126,768,0.0,0.7690560221672058,4.108520030975342,9.287821769714355,0.5539262294769287,0.4460738003253937,1.248779626895623,1.14011444652888,0.22172689147045194,0.7831097279182015,0.3864241401163164,1.0,768
defactify,1,1,70198,0.44996091441209557,0.1462319791316986,-0.009279580786824226,0.289018883693379,JPEG,24.344892501831055,10.0,0.011985977180302143,16.58088493347168,0.12077856808900833,20.0,-2.389785087159167,768,0.0,0.7558977007865906,4.3870744705200195,8.699182510375977,0.6694501042366028,0.3305498957633972,1.3778271370871569,1.442437569343134,0.22079485374485217,0.7906588584758886,0.39254837400252296,0.9999999999999999,768
defactify,1,1,51598,0.5223636957231472,0.1729854792356491,-0.0028860836755484343,0.22852518814330341,JPEG,22.913434982299805,10.0,0.004402599763125181,15.351306915283203,0.045055828988552094,20.0,-2.839288778557766,768,0.0,0.7366741299629211,2.4341161251068115,4.351983547210693,0.23887008428573608,0.7611299157142639,1.2071474700964655,0.6738397132567315,0.21636892571328187,0.8410802316435823,0.3634006632993319,1.0,768
defactify,1,4,13059,0.2744095875925273,0.07436702400445938,-0.006613732315599918,0.15038406089801382,JPEG,14.57834243774414,10.0,0.02460414171218872,19.185733795166016,0.1368865817785263,20.0,-2.3265443751522716,270,0.0,0.8218088746070862,6.229433059692383,3.7960638999938965,0.740307092666626,0.25969287753105164,1.414100452803053,2.457165526037918,0.15778871146380224,0.6661386649737808,0.3953178249174923,1.0,270
defactify,0,0,22168,0.5526212061489949,0.038618870079517365,0.0025034944992512465,0.1378036101182827,JPEG,23.674152374267578,10.0,0.031179377809166908,24.652164459228516,0.17272795736789703,20.0,-2.3785994398705435,214,0.0,0.8224736452102661,6.9166765213012695,14.01817798614502,0.4580802321434021,0.5419197678565979,1.4718637499745115,2.4394704982465063,0.1908521907535169,0.7060634831218886,0.38618700657081617,0.9999999999999999,640
defactify,1,1,79085,0.398471149741958,0.0051182834431529045,0.006619726307690144,0.15198438365759023,JPEG,25.745336532592773,10.0,0.00277001247741282,17.084827423095703,0.12458670139312744,20.0,-2.293027156968824,768,0.0,0.4843049645423889,4.628289699554443,3.5369906425476074,0.6204351186752319,0.3795648515224457,1.600296326874569,3.121811170053369,0.24241414534029704,0.6787031313918563,0.3911579438236598,1.0,768
defactify,1,3,131682,0.8024777295944764,0.07743910700082779,-0.004249233286827803,0.2503975842488185,JPEG,18.394840240478516,8.0,0.015724096447229385,13.973159790039062,0.06249136105179787,20.0,-2.435077208078081,1024,0.0,0.8575813174247742,5.7381062507629395,6.971005916595459,0.3791518211364746,0.6208481788635254,1.3599104712858165,1.3978848497785554,0.3734936858031329,0.8192155196861468,0.35584293616010276,1.0,1024
defactify,1,1,33945,0.47071693592665925,0.014921577647328377,-0.0027698008343577385,0.07543001944191849,JPEG,25.420495986938477,10.0,0.005564697086811066,23.780418395996094,0.02909242734313011,20.0,-2.7996154968737037,768,0.0,0.8427895307540894,1.920332908630371,10.881409645080566,0.3873301148414612,0.6126698851585388,1.0909902575716153,0.2816496151083244,0.29935507749464896,0.9136807556687545,0.36193116702481565,1.0,768
defactify,1,4,12555,0.3259577278731836,0.061464980244636536,0.0036175809800624847,0.1823091220688106,JPEG,18.560527801513672,10.0,0.03429368510842323,22.427661895751953,0.13357031345367432,20.0,-2.51733627448549,270,0.0,0.8719805479049683,6.898989677429199,8.639662742614746,0.4955636262893677,0.5044363737106323,1.3977897219346964,2.6603255180942047,0.17352796478046634,0.6723656618420601,0.40291948020704904,1.0,270
defactify,1,4,10211,0.37429042299945064,0.06594770401716232,0.008842488750815392,0.2551961936319548,JPEG,17.6937255859375,10.0,0.013363294303417206,13.387935638427734,0.07632555812597275,20.0,-2.8466696097868933,270,0.0,0.823183000087738,4.956910133361816,2.7100741863250732,0.1152837872505188,0.8847162127494812,1.2481369598218834,1.6832617657250415,0.17736192199480139,0.7546008281812928,0.3710561523705392,1.0,270
defactify,1,3,43105,0.8120445225541887,0.16513237357139587,-0.011320175603032112,0.16585367311966054,JPEG,19.70227813720703,10.0,0.01509289350360632,19.208110809326172,0.0723746120929718,20.0,-2.615868658499108,1024,0.0,0.8416089415550232,2.916294574737549,4.198089122772217,-0.46119260787963867,1.4611926078796387,1.1996108394078913,0.44320348609558324,0.39417844235581917,0.9421153776941362,0.23808291952482838,1.0,1024
defactify,1,1,50875,0.7073190493338135,0.0037418357096612453,0.0017094181384891272,0.01261596357494233,JPEG,32.628028869628906,10.0,0.006961475126445293,32.20103073120117,0.10972052067518234,20.0,-2.392101997116961,768,0.0,0.6961837410926819,4.6676344871521,8.894671440124512,0.3185003399848938,0.6814996600151062,1.4664019146895677,1.8863515429539708,0.20910233516680762,0.8190626996319106,0.3489369556964522,1.0,768
defactify,1,3,68059,0.7541773823112786,0.0948728546500206,0.006576729938387871,0.33374377640990227,JPEG,24.36722183227539,10.0,0.004590597003698349,24.42789077758789,0.03908294439315796,20.0,-2.706493889134119,1024,0.0,0.7658494114875793,4.400280475616455,9.786869049072266,0.04695814847946167,0.9530418515205383,1.3792293684130121,1.3543131198629983,0.37275391797770274,0.882246996077447,0.31898874635406094,1.0,1024
defactify,1,2,51169,0.7879333509537024,0.045007720589637756,0.002685457468032837,0.06893093342077235,JPEG,21.743518829345703,10.0,0.0090114064514637,18.831401824951172,0.09029446542263031,20.0,-2.4584035830997757,1024,0.0,0.7502522468566895,2.4732635021209717,3.828287363052368,0.17099153995513916,0.8290084600448608,1.3260071869239427,0.5915168173255437,0.40385943281252207,0.9048898396525109,0.2823014370581371,1.0,1024
defactify,1,5,25856,0.8089680460974332,0.0005838297656737268,-3.168677358189598e-05,0.007272288233390551,JPEG,23.19890785217285,10.0,0.003033899934962392,14.105620384216309,0.09688958525657654,20.0,-2.5466621527808933,436,0.0,0.5549690127372742,3.9053866863250732,1.7160989046096802,0.62494295835495,0.37505704164505005,1.5563129759894136,1.5640401729665598,0.31990348048294825,0.7246895581410643,0.3795009528529618,1.0,436
defactify,0,0,23706,0.6475935666291691,0.06591377407312393,0.01049223355948925,0.30707077877310834,JPEG,24.21869659423828,8.0,0.006372513249516487,23.255260467529297,0.07154396176338196,20.0,-2.5939050167166524,480,0.0,0.7335731387138367,2.870438575744629,9.071599006652832,0.21755850315093994,0.7824414968490601,1.2911521256638454,0.6945800038430376,0.2887253152954681,0.8757089813090235,0.3360375764254107,1.0,640
defactify,1,3,90268,0.4830157560444959,0.15192995965480804,0.003617544425651431,0.29803305867070773,JPEG,27.817787170410156,10.0,0.0034121654462069273,20.219989776611328,0.04587912559509277,20.0,-2.729810606236385,1024,0.0,0.6804481744766235,3.2263877391815186,4.789983749389648,0.5608119368553162,0.43918806314468384,1.29519245338304,1.154277342285379,0.2179028639002405,0.8120844485157876,0.3742334534628927,1.0,1024
defactify,1,3,129449,0.45738636363636365,0.11509145796298981,0.006815135944634676,0.292842214535507,JPEG,18.882057189941406,10.0,0.00806409865617752,12.632896423339844,0.10313457250595093,20.0,-2.2742882734200833,1024,0.0,0.7159602046012878,4.823574066162109,1.956026315689087,0.4360281825065613,0.5639718174934387,1.503859368374291,2.2885543920016733,0.15146845764622927,0.6990912529851001,0.3641288105277766,1.0,1024
defactify,1,2,57714,0.5546779050791568,0.04179014265537262,0.014929816126823425,0.1103074861301802,JPEG,23.475149154663086,10.0,0.004983608610928059,17.241796493530273,0.03931199386715889,20.0,-2.8761368899379933,1024,0.0,0.7958352565765381,1.9948564767837524,8.165669441223145,0.3842059373855591,0.6157940626144409,1.1702846918431107,0.33800749729586643,0.30844077445079227,0.9117222324178113,0.35385170671235694,1.0,1024
defactify,1,4,11424,0.4145367412140575,0.05831705033779144,0.010094857774674892,0.1846987768724183,JPEG,17.794330596923828,10.0,0.023827236145734787,22.804370880126953,0.10321351885795593,20.0,-2.463465970106092,270,0.0,0.849016547203064,7.055312633514404,8.811128616333008,0.32079029083251953,0.6792097091674805,1.382502144893094,2.8067385644098235,0.16774935182988324,0.7101781185764446,0.39808684640126174,1.0,270
defactify,1,5,18533,0.42153594565695957,0.09358777850866318,-0.005425948183983564,0.2272647138851634,JPEG,30.10614013671875,10.0,0.0009181296918541193,21.578702926635742,0.030895700678229332,20.0,-2.812854173087741,436,0.0,0.5019112825393677,1.7542234659194946,6.350401878356934,0.4357922077178955,0.5642077922821045,1.3249511008123604,0.6187740925671545,0.2887147058115702,0.8340427011400717,0.35049156658506825,1.0,436
defactify,1,5,13043,0.48544480349103764,0.03351970762014389,0.015203527174890041,0.13558944336892237,JPEG,36.71531295776367,10.0,0.0007273696828633547,22.585872650146484,0.024267802014946938,20.0,-2.890432416244743,436,0.0,0.4885534644126892,1.3052648305892944,9.70852279663086,0.5835902094841003,0.41640979051589966,1.4218053728119353,0.31414908305155814,0.24100285136229965,0.8862145624176252,0.32564762828317273,0.9999999999999999,436
defactify,1,5,18052,0.6866848470476642,0.09028434753417969,-0.006310133263468742,0.18572233402126878,JPEG,32.61189270019531,10.0,0.002610725350677967,27.32586669921875,0.05166216567158699,20.0,-2.6638205905023327,436,0.0,0.5335732102394104,2.048032760620117,6.241601943969727,0.6279705762863159,0.3720294237136841,1.327747833295094,0.5534525806226664,0.307159605348047,0.8479081612534857,0.35509259951148825,1.0,436
defactify,1,1,51854,0.6650600706713781,0.040295280516147614,-0.009566610679030418,0.14005551767243418,JPEG,24.2758731842041,10.0,0.005847098771482706,21.144737243652344,0.05082917958498001,20.0,-2.8359721722736744,768,0.0,0.7721231579780579,3.5916037559509277,4.1188178062438965,-0.1465681791305542,1.1465681791305542,1.4406496601450356,1.1433765696473497,0.18784864598080195,0.8036436959401484,0.3442930438517111,1.0,768
defactify,1,5,20217,0.4372775228374148,0.038250915706157684,0.0030405239667743444,0.09782959885970206,JPEG,27.933536529541016,10.0,0.0026409667916595936,20.54416847229004,0.05547035112977028,20.0,-2.675751162433215,436,0.0,0.5925340056419373,1.9098341464996338,4.62462043762207,0.6667320728302002,0.3332679569721222,1.1526484646460298,0.4392640424639887,0.239740709781402,0.8297875867957273,0.37953584344442476,1.0,436
defactify,1,2,96156,0.7156869055856842,0.010163703933358192,-0.006818921770900488,0.03161144134590444,JPEG,15.46174430847168,10.0,0.018428731709718704,11.996146202087402,0.06864906847476959,20.0,-2.5787676525694345,1024,0.0,0.8620866537094116,4.2482452392578125,2.9828381538391113,0.1413419246673584,0.8586580753326416,1.4811395260065772,0.7304406825409541,0.36894430660256533,0.8359834612192542,0.3605729310905216,0.9999999999999999,1024
defactify,0,0,40982,0.5385075136612022,0.0,0.0,0.0,JPEG,25.676185607910156,5.0,0.039490509778261185,29.20941162109375,0.07823837548494339,20.0,-2.4127127652583007,640,0.0,0.9278384447097778,8.774300575256348,24.12554931640625,0.49954116344451904,0.500458836555481,1.2865210593808534,2.187278352536777,0.1847437485024384,0.684650070485473,0.38172388175363325,1.0,427
defactify,1,5,15479,0.45634470498603236,0.08666880428791046,0.006565398536622524,0.20927867785075435,JPEG,35.099674224853516,10.0,0.0021166184451431036,29.75926971435547,0.05378226190805435,20.0,-2.924449707705265,436,0.0,0.5119253993034363,1.2951146364212036,6.0605950355529785,0.4386838674545288,0.5613161325454712,1.3670857987278004,0.3641501828485776,0.25213009581471824,0.8709230871295458,0.3339968164960834,1.0,436
defactify,1,3,101714,0.6110716099542916,0.09833559393882751,0.009019488468766212,0.13981824620857505,JPEG,22.480409622192383,10.0,0.027832936495542526,15.798442840576172,0.14403896033763885,20.0,-2.319137295298379,1024,0.0,0.8406463861465454,4.125964641571045,4.823444843292236,0.07247644662857056,0.9275235533714294,1.4309407380990145,0.9630201862372665,0.39457196421433194,0.8171564946761185,0.38799904620897857,1.0,1024
defactify,1,1,50731,0.8438196931810502,0.003958012908697128,0.0018553341506049037,0.02755348187407221,JPEG,17.10464096069336,10.0,0.018939480185508728,14.428546905517578,0.09787700325250626,20.0,-2.436156241864243,768,0.0,0.8263161182403564,4.379976272583008,7.567127227783203,-0.06327605247497559,1.0632760524749756,1.3523907297598083,0.928683338275762,0.30889371391075887,0.8821965811201863,0.28596413709540563,0.9999999999999998,768
defactify,1,2,73783,0.6031155197189845,0.02210019901394844,0.010347245261073112,0.10413106435634346,JPEG,23.628273010253906,8.0,0.011237050406634808,17.348388671875,0.06632004678249359,20.0,-2.57614868589399,1024,0.0,0.823093056678772,2.887899875640869,7.173894882202148,0.36901283264160156,0.6309871673583984,1.208946170630905,0.5054833979825801,0.3194984939862635,0.8694053198032482,0.3684611981475421,1.0,1024
defactify,1,5,17555,0.5717234111068825,0.0858108252286911,-0.013058927841484547,0.1861250198284781,JPEG,26.24006462097168,10.0,0.0020534521900117397,19.888431549072266,0.056164756417274475,20.0,-2.848986951954711,436,0.0,0.5322037935256958,1.5392467975616455,4.547248840332031,0.6315151453018188,0.36848485469818115,1.0525615153784778,0.40372969396563485,0.3205930638932529,0.8641581557994544,0.35795174541965885,1.0,436
defactify,1,5,29440,0.12885557797636207,0.045566625893116,0.0052164229564368725,0.17519593983231638,JPEG,29.81528091430664,10.0,0.007432665675878525,15.641526222229004,0.24850992858409882,20.0,-1.9647252818511578,436,0.0,0.5387752652168274,3.0512123107910156,4.218428134918213,0.8140131235122681,0.18598689138889313,1.5358937184233703,1.0272372987025276,0.20466893856239748,0.6917746264764855,0.3758056457737357,1.0,436
defactify,1,1,71126,0.2582490940301354,0.0624583475291729,0.00533502409234643,0.165333924811266,JPEG,25.60386848449707,10.0,0.007370677310973406,24.09246826171875,0.08242660015821457,20.0,-2.5586091177786243,768,0.0,0.7347532510757446,2.945462703704834,6.741091728210449,0.7259762287139893,0.27402380108833313,1.2444276882415846,0.8430722756066119,0.24717891487358928,0.7755889090870777,0.40146658958997417,1.0,768
defactify,1,1,83745,0.7198336955494661,0.10105879604816437,0.002813710831105709,0.15913124320919364,JPEG,15.408872604370117,8.0,0.018530042842030525,17.029525756835938,0.08125867694616318,20.0,-2.4473576608850593,768,0.0,0.8447871208190918,5.160092830657959,4.849873065948486,0.40800297260284424,0.5919970273971558,1.4644930560894729,1.201764948753542,0.2551685102587254,0.7819072250055796,0.3714030301510034,1.0,768
defactify,1,5,23137,0.4717567204816505,0.14072084426879883,0.00225345348007977,0.25457143650596376,JPEG,36.528411865234375,10.0,0.002464369172230363,26.096704483032227,0.0905267670750618,20.0,-2.511555485202869,436,0.0,0.49059945344924927,2.790691375732422,8.237091064453125,0.6425739526748657,0.3574260473251343,1.5067486926334372,1.0169614930439572,0.18415066580831962,0.7597204921267018,0.3593362390392954,1.0,436
defactify,1,4,15670,0.1828092243186583,0.06181161850690842,0.0181104876101017,0.2169805526133374,JPEG,20.890125274658203,10.0,0.04401562362909317,23.634071350097656,0.24798643589019775,20.0,-2.144091426755521,270,0.0,0.8289719223976135,8.423928260803223,7.581661224365234,0.7215988636016846,0.27840110659599304,1.4796717051907928,4.240010182997081,0.13007400287430518,0.5700749931588175,0.40436725573818805,1.0,270
defactify,1,2,109716,0.503834104830037,0.04283079877495766,0.012526804581284523,0.15829129610473708,JPEG,23.793724060058594,10.0,0.009832153096795082,18.243316650390625,0.10304323583841324,20.0,-2.4598735351889673,1024,0.0,0.7525617480278015,4.032879829406738,9.201764106750488,0.6788042783737183,0.32119569182395935,1.4486598498420575,1.3562524064162393,0.2081606813158928,0.7563418182751629,0.39289622546753356,1.0,1024
defactify,1,3,174459,0.1960310508351708,0.04112569987773895,0.005025886930525303,0.1788685708056352,JPEG,16.772520065307617,10.0,0.02384309656918049,12.864755630493164,0.09257251024246216,20.0,-2.2140090786929982,1024,0.0,0.8568801879882812,6.708067893981934,4.468513488769531,0.47736656665802,0.52263343334198,1.4459784733591232,1.8454528035645714,0.2201195731683647,0.7634995119119693,0.3999252009281396,1.0,1024
defactify,0,0,27585,0.5743783904169517,0.045231081545352936,-0.008089608512818813,0.1258458040219166,JPEG,27.637598037719727,10.0,0.010179514065384865,29.637374877929688,0.08266739547252655,20.0,-2.5773339533192137,427,0.0,0.7650905251502991,3.8630502223968506,13.295832633972168,0.2680198550224304,0.7319801449775696,1.3816363696541876,1.0430810587560333,0.26724063682906757,0.8358476697585664,0.3727442526303921,1.0,640
defactify,1,3,106070,0.40766311795088017,0.05137607082724571,-0.0007832232513464987,0.2605232247996286,JPEG,24.979793548583984,10.0,0.007401050068438053,18.279495239257812,0.08568363636732101,20.0,-2.507091659706747,1024,0.0,0.7239851355552673,4.7015156745910645,6.5823564529418945,0.47460776567459106,0.5253922343254089,1.400377013277748,1.8680191515936784,0.213507175578719,0.7485155369352139,0.38053824366249,1.0,1024
defactify,0,0,23202,0.49649452804377564,0.037500374019145966,0.003579044947400689,0.1989747080329017,JPEG,25.52976417541504,10.0,0.0016780435107648373,18.216278076171875,0.029302924871444702,20.0,-2.9282157158127315,640,0.0,0.6191668510437012,1.7552469968795776,3.0617871284484863,0.26535528898239136,0.7346447110176086,1.1670894651686237,0.5773614166847815,0.21588470231272186,0.828726926128885,0.3545952769237774,1.0,427
defactify,1,1,93914,0.520960340508546,0.06797628849744797,0.0003025775367859751,0.1885685085249129,JPEG,19.446155548095703,10.0,0.01375651266425848,13.146087646484375,0.11935649812221527,20.0,-2.3877309584458315,768,0.0,0.746623694896698,5.878915309906006,3.062116861343384,0.5956169366836548,0.4043830931186676,1.5602872194225377,2.264431502759807,0.27311193077295887,0.7173188396646777,0.39796514399052196,1.0,768
defactify,1,1,102789,0.3278440448638063,0.1205984577536583,0.0027403952553868294,0.28111932140348517,JPEG,26.107770919799805,10.0,0.01595168001949787,16.167633056640625,0.16070573031902313,20.0,-2.266003135232062,768,0.0,0.7449111938476562,7.132763385772705,7.337784290313721,0.7054588794708252,0.2945410907268524,1.5413916303900157,3.551779686388665,0.1442302973598323,0.6540067553684555,0.39239116497799226,1.0,768
defactify,1,3,82629,0.7016408232308994,0.11060066521167755,0.0008695883443579078,0.33114842921300547,JPEG,25.439510345458984,10.0,0.003707454539835453,18.466928482055664,0.0387510247528553,20.0,-2.8218925343124104,1024,0.0,0.7314243912696838,3.385740041732788,5.501161575317383,0.18619036674499512,0.8138096332550049,1.3233093732793333,1.1448839084801297,0.23812834337776528,0.8197704288191555,0.35570775576969765,1.0,1024
defactify,1,5,18610,0.44519961468479075,0.02634599432349205,-0.005395025946199894,0.1322836861896288,JPEG,34.78272247314453,10.0,0.0019942072685807943,27.40587043762207,0.04550554230809212,20.0,-2.819122778512049,436,0.0,0.507678747177124,1.9064555168151855,6.686165809631348,0.5542203187942505,0.4457797110080719,1.2996481780538567,0.6228410158992841,0.20276183733835287,0.8224630386708163,0.34923550441029344,1.0,436
defactify,0,0,37435,0.6227366568517955,0.0882875844836235,0.004316569771617651,0.2301720427147845,JPEG,21.907352447509766,10.0,0.011500177904963493,19.867921829223633,0.06441749632358551,20.0,-2.4677388585744047,480,0.0,0.824408769607544,5.519442081451416,9.990800857543945,0.42732107639312744,0.5726789236068726,1.3265275584902878,1.648912780179124,0.23005087456024556,0.8004670282482661,0.37916647284697136,1.0,640
defactify,1,1,43207,0.5183652195241599,0.0746653601527214,0.0028208140283823013,0.23996942945194913,JPEG,26.843698501586914,10.0,0.0027252447325736284,19.295276641845703,0.03612985834479332,20.0,-2.8893790396457377,768,0.0,0.6879933476448059,2.24601149559021,7.755338668823242,0.486422061920166,0.513577938079834,1.2455055750477988,0.6191776843426682,0.24126123853117715,0.8700494141152428,0.36572583319201074,1.0,768
defactify,1,5,25345,0.44156943921716224,0.08553358167409897,-0.00029732880648225546,0.18682289955645281,JPEG,25.77225685119629,10.0,0.006212654057890177,26.985883712768555,0.12323912978172302,20.0,-2.4968177185085345,436,0.0,0.5714484453201294,2.8307907581329346,2.5167276859283447,0.5260130167007446,0.473986953496933,1.4034017338360647,0.8299399979505966,0.21062570048640894,0.7707415669131661,0.38286025739955737,1.0,436
defactify,1,2,109483,0.27365567978316635,0.05208981782197952,0.010622592642903328,0.1192984013326121,JPEG,19.507322311401367,10.0,0.012775270268321037,18.53639793395996,0.06233017519116402,20.0,-2.6806010650558627,1024,0.0,0.8437039852142334,2.9987199306488037,5.799378871917725,0.7920944094657898,0.2079055905342102,1.258230388857788,0.5570954341185549,0.2650611174240911,0.8316321913722375,0.40225106565230456,1.0,1024
defactify,1,3,142540,0.33205884797606183,0.060306355357170105,0.008347629569470882,0.1754712672373778,JPEG,19.215179443359375,10.0,0.018926525488495827,15.388887405395508,0.08200189471244812,20.0,-2.5112868308701337,1024,0.0,0.8527560234069824,6.870481967926025,5.469335556030273,0.46942102909088135,0.5305789709091187,1.3752873281671465,2.090197460344108,0.1997749523533031,0.769186118775945,0.39815471253416534,1.0,1024
defactify,1,4,15713,0.42361799088567464,0.05187694728374481,0.005576210096478462,0.20543914912039216,JPEG,16.767059326171875,10.0,0.05136597156524658,14.16370964050293,0.22251884639263153,20.0,-2.1047303823956374,270,0.0,0.8405992984771729,9.100647926330566,4.109390735626221,0.5813369750976562,0.41866299510002136,1.5122483497979726,4.668770163178755,0.1334915087844992,0.5844014687970002,0.4054700708739476,1.0,270
defactify,1,3,130363,0.48571712949139045,0.03635598346590996,0.010975006967782974,0.1455712092422894,JPEG,22.58907699584961,10.0,0.01680024527013302,18.383255004882812,0.05238211899995804,20.0,-2.6302796461692117,1024,0.0,0.8848870992660522,4.840646266937256,10.65351390838623,0.5208796262741089,0.4791204035282135,1.2743895113153787,0.872544052951028,0.2701515181009233,0.820764649936886,0.38933270929523767,1.0,1024
defactify,1,4,13282,0.26742301458670986,0.05648113042116165,0.0007654513465240598,0.19984509321877972,JPEG,18.11821174621582,10.0,0.03503049165010452,15.597814559936523,0.13986335694789886,20.0,-2.3603528099172477,270,0.0,0.8640985488891602,7.484315395355225,7.58225679397583,0.5401058197021484,0.4598941504955292,1.3408650672231521,3.2107973678270536,0.1817155940602332,0.6601402185506089,0.4009166884629603,1.0,270
defactify,0,0,15169,0.7589762199547453,0.024601595476269722,-0.01610368676483631,0.09965827068905975,JPEG,26.059200286865234,8.0,0.007704511284828186,28.619068145751953,0.05737513303756714,20.0,-2.614545973038197,375,0.0,0.7882187962532043,3.8241703510284424,11.742809295654297,0.26701170206069946,0.7329882979393005,1.2775896710514056,0.8383250950145761,0.2999902443814511,0.874648366746499,0.3353603261623057,1.0,500
defactify,1,4,9387,0.5731260345235281,0.11094314604997635,-0.004263519309461117,0.21329455721394885,JPEG,21.34588623046875,10.0,0.010653529316186905,21.93467140197754,0.08743666857481003,20.0,-2.699989065124626,270,0.0,0.771659791469574,3.8633456230163574,3.274662733078003,0.5228899121284485,0.4771100878715515,1.197416727152172,1.1571390000854773,0.23720891233998076,0.7899252232484458,0.38478430106718786,1.0,270
defactify,0,0,19604,0.7032456100753848,0.0548534095287323,0.013017017394304276,0.18414394890877947,JPEG,27.204639434814453,10.0,0.0022951620630919933,24.791610717773438,0.04750256612896919,20.0,-2.8768965236793087,427,0.0,0.5742219090461731,1.5199860334396362,3.778836727142334,0.3065592050552368,0.6934407949447632,0.9381796175702583,0.391237490475184,0.2789440713036301,0.8732873063990998,0.35828920297260636,1.0,640
defactify,1,3,79248,0.5260211643208443,0.08654269576072693,0.008697730489075184,0.31277537410142603,JPEG,29.358675003051758,8.0,0.004867990035563707,19.0328426361084,0.03105453960597515,20.0,-2.820294956916804,1024,0.0,0.8167217969894409,3.2668068408966064,12.419756889343262,0.3012455701828003,0.6987544298171997,1.3060125455240803,0.7341364132833753,0.24248851366969143,0.8696452596206309,0.35944361063922314,1.0,1024
defactify,1,2,103054,0.36732877800730973,0.060759417712688446,0.00850548967719078,0.1448389511574602,JPEG,27.531143188476562,10.0,0.00725226104259491,19.876327514648438,0.10410232096910477,20.0,-2.5114423882381516,1024,0.0,0.6817835569381714,3.636414051055908,6.3491291999816895,0.5460807681083679,0.4539192318916321,1.4269665576584436,1.2335100748863237,0.19252952308008728,0.7480294775075345,0.38746049090407675,1.0,1024
defactify,1,5,20310,0.4992820512820513,0.040244732052087784,-0.009573792107403278,0.09646795247394727,JPEG,27.170391082763672,10.0,0.002190417144447565,24.737232208251953,0.053589243441820145,20.0,-2.607863088982823,436,0.0,0.5491922497749329,2.1852831840515137,5.129668235778809,0.46651268005371094,0.5334873199462891,1.3586531335884526,0.574438744909866,0.22620343857335232,0.8179119057862384,0.3738274230865463,1.0,436
defactify,1,5,18113,0.4664462514520597,0.07750659435987473,-0.012039288878440857,0.23165416620781287,JPEG,30.275562286376953,10.0,0.0021843821741640568,26.655607223510742,0.04409218207001686,20.0,-2.8329905251134853,436,0.0,0.5316698551177979,1.5406982898712158,4.651419639587402,0.5089942812919617,0.49100571870803833,1.2849063828876859,0.4401061594385059,0.23663382282819984,0.8577922266428933,0.35723591008756633,1.0,436
defactify,1,5,19907,0.36281444450353667,0.04654648154973984,-0.00686277449131012,0.09710652595498491,JPEG,25.588579177856445,10.0,0.0020046804565936327,13.33295726776123,0.04705248400568962,20.0,-2.75528192016722,436,0.0,0.5644686222076416,1.7356997728347778,4.728060722351074,0.7192592620849609,0.2807407081127167,1.1878916863633109,0.44104479048076767,0.23261597172065618,0.8298611943846876,0.3766835496551906,1.0,436
defactify,1,4,13625,0.2082028804007514,0.06823156028985977,0.01614675298333168,0.236530336415834,JPEG,16.805706024169922,10.0,0.052870213985443115,23.625944137573242,0.1637607365846634,20.0,-2.2905316111144045,270,0.0,0.8768961429595947,7.610581398010254,10.102128028869629,0.6910780668258667,0.3089219629764557,1.3282452082029235,2.987258393742898,0.14852404172309056,0.6188279070323897,0.4006796097699984,1.0,270
defactify,1,3,82303,0.7123474484256244,0.10625976324081421,-0.004359439946711063,0.17725087340814416,JPEG,20.118194580078125,10.0,0.013279028236865997,21.291696548461914,0.05569865182042122,20.0,-2.561079361306598,1024,0.0,0.8589591383934021,4.428852558135986,6.276514053344727,0.014607012271881104,0.9853929877281189,1.2391679822375805,0.8853691596961374,0.337986466510867,0.8654044679521609,0.3505297841617604,1.0,1024
defactify,1,2,125230,0.23192965166963575,0.11214382201433182,0.01548881083726883,0.1871425897682623,JPEG,24.6070499420166,6.0,0.020782100036740303,13.673093795776367,0.0753014013171196,20.0,-2.471463543957697,1024,0.0,0.8747749924659729,3.984901189804077,14.926952362060547,0.8046789765357971,0.19532103836536407,1.0746156711484625,0.6576402046804808,0.24451466808537994,0.7931604357043653,0.3960789739900677,0.9999999999999999,1024
defactify,1,1,91095,0.6388760719797617,0.18329976499080658,0.008577331900596619,0.3099172614928194,JPEG,21.0013484954834,10.0,0.015118156559765339,16.49858283996582,0.10564446449279785,20.0,-2.4353186979090693,768,0.0,0.8047911524772644,5.24445104598999,8.007613182067871,0.6570232510566711,0.34297674894332886,1.4655678182763707,1.6535752386142333,0.1759919796887119,0.7352301488316236,0.3874467733126821,1.0,768
defactify,1,5,14314,0.6000203322876728,0.0275826845318079,0.011821866966784,0.11699835042437519,JPEG,37.624324798583984,10.0,0.0010531595908105373,25.709760665893555,0.03833645582199097,20.0,-2.7779461149236777,436,0.0,0.491218239068985,1.6776487827301025,9.436934471130371,0.5412564277648926,0.45874354243278503,1.2942430100133195,0.43373584484010386,0.2436857579779836,0.8672997820772721,0.3304074330059544,1.0,436
defactify,0,0,46658,0.33407953369517013,0.17401467263698578,0.004134451970458031,0.3422003213997666,JPEG,32.097774505615234,10.0,0.002330600516870618,26.468000411987305,0.0422680638730526,20.0,-2.80121721576096,640,0.0,0.6734135150909424,3.038482189178467,6.834865570068359,0.5662126541137695,0.43378737568855286,1.3276910059088123,1.336160006956327,0.21073854271277812,0.8183678548333303,0.3953756744633903,1.0,640
defactify,1,5,17069,0.3804146682276521,0.09482260048389435,0.013166896998882294,0.26704961593386534,JPEG,29.25083351135254,10.0,0.0016804425977170467,19.514514923095703,0.041470542550086975,20.0,-2.6870486488628287,436,0.0,0.541883647441864,1.9345661401748657,6.861225128173828,0.5517191290855408,0.44828087091445923,1.3150364140062285,0.4486387113709392,0.2282730682276906,0.8555233763689466,0.3645424030398139,1.0,436
defactify,1,5,20815,0.6291232750218027,0.05918677896261215,0.007671828847378492,0.1506182813759889,JPEG,29.603910446166992,10.0,0.001899031107313931,26.615966796875,0.0579226054251194,20.0,-2.3937409618895633,436,0.0,0.5071946382522583,2.211005926132202,5.207631587982178,0.559812068939209,0.44018790125846863,1.4124248241941735,0.7162304262759989,0.22295630215052273,0.8091302440695168,0.3725119835743201,1.0,436
defactify,0,0,26002,0.4306648630923102,0.05665845423936844,-0.00316640455275774,0.089412943044655,JPEG,27.865127563476562,10.0,0.01087579969316721,17.446109771728516,0.10490348935127258,20.0,-2.449989649365611,480,0.0,0.7799856662750244,2.5703275203704834,10.019282341003418,0.3760625123977661,0.6239374876022339,1.0995731609604884,0.5627543414386492,0.32126110855831935,0.853860373858474,0.3867473438113257,1.0,640
defactify,1,4,10268,0.5373635600335852,0.04173296317458153,-0.005324323661625385,0.18477117466769322,JPEG,19.04590606689453,10.0,0.010894048027694225,17.260807037353516,0.09282544255256653,20.0,-2.597434335594802,270,0.0,0.7681058049201965,4.906394004821777,1.2840476036071777,0.38205409049987793,0.6179459095001221,1.2575702731296892,1.8133460729562223,0.1743213965842788,0.7646060767015629,0.38482550127021076,1.0,270
defactify,1,5,23388,0.3973969397907871,0.11797212809324265,0.013249000534415245,0.1696375816485929,JPEG,24.395919799804688,10.0,0.004747545812278986,20.395946502685547,0.13062505424022675,20.0,-2.4589541115667104,436,0.0,0.5422033667564392,2.791395425796509,2.7631685733795166,0.3972875475883484,0.6027124524116516,1.5362335125551339,0.847611925250871,0.3285165225872887,0.8020248784543254,0.38453069681277285,1.0,436
defactify,0,0,33197,0.7547740818565066,0.11071262508630753,-0.004949035122990608,0.1732171658468842,JPEG,22.54300880432129,10.0,0.005805020220577717,21.150604248046875,0.04448844864964485,20.0,-2.59698643187382,480,0.0,0.780434787273407,3.4855902194976807,3.9554758071899414,0.3381906747817993,0.6618093252182007,1.2365938133694028,0.8637013907526013,0.21388406044309743,0.8272677489647271,0.37230180855535266,1.0,640
defactify,1,2,68255,0.6072823011068524,0.04429614171385765,0.022387737408280373,0.13985094188171956,JPEG,31.941679000854492,10.0,0.00647164648398757,31.42190933227539,0.06054313853383064,20.0,-2.6346240655404967,1024,0.0,0.7670022249221802,3.184680223464966,14.212352752685547,0.2861260175704956,0.7138739824295044,1.308944058780796,0.7816363713863461,0.24229759552093072,0.8647543213821781,0.3480826703695929,1.0,1024
defactify,0,0,7026,0.7566864286289132,0.051097217947244644,-0.0244081262499094,0.12915604775030007,JPEG,23.675268173217773,10.0,0.007001250982284546,18.208614349365234,0.09555967152118683,20.0,-2.7372803170709195,249,0.0,0.6998080611228943,1.6904078722000122,1.9985769987106323,-0.449251651763916,1.449251651763916,1.3565948983168048,0.3114976110230129,0.5249235075777464,0.9521845232266797,0.2795913806186856,0.9999999999999999,640
defactify,1,4,13085,0.7675055641157336,0.06363668292760849,0.010736464522778988,0.12602496928247506,JPEG,18.158496856689453,10.0,0.04904479533433914,24.228843688964844,0.18592016398906708,20.0,-2.1778958747122976,270,0.0,0.867339015007019,9.368128776550293,8.579000473022461,0.3269199728965759,0.6730800271034241,1.4701940446779873,4.772158498515929,0.31751662688239646,0.6799351719534912,0.3632654030637291,1.0,270
defactify,1,4,10564,0.6468766894382464,0.0626145452260971,0.00372416153550148,0.20698207317087458,JPEG,20.053451538085938,10.0,0.019877184182405472,23.56153106689453,0.09762875735759735,20.0,-2.506619690275893,270,0.0,0.8440013527870178,6.58055305480957,7.430466651916504,0.370233952999115,0.629766047000885,1.3235612006146005,2.524716084017021,0.19103456392916413,0.7608265032548271,0.38642681175056665,1.0,270
defactify,1,4,15710,0.2774151436031332,0.07121716439723969,-0.0004256996908225119,0.1866838917468276,JPEG,17.670846939086914,10.0,0.06199417635798454,17.094566345214844,0.1911991983652115,20.0,-2.229537068988166,270,0.0,0.8831022381782532,9.78855037689209,9.439842224121094,0.6480380892753601,0.3519619107246399,1.4333920256645023,4.902850497019315,0.1293176165667167,0.5802654504980256,0.401291960815428,1.0,270
defactify,0,0,17541,0.628626420054455,0.05097147822380066,0.009470192715525627,0.266756373776434,JPEG,24.50240707397461,10.0,0.007835152558982372,25.097900390625,0.09711622446775436,20.0,-2.531196590415475,332,0.0,0.7263005375862122,3.691760540008545,6.301643371582031,0.06712353229522705,0.932876467704773,1.2646442620235558,1.1248043719243426,0.23064595341454797,0.8198293699451638,0.3565418618931476,0.9999999999999999,500
defactify,0,0,40269,0.4936232714766784,0.04773906618356705,-0.006333452649414539,0.2702595667537596,JPEG,16.64964485168457,10.0,0.009723114781081676,13.942412376403809,0.06860131770372391,20.0,-2.5506822561631566,640,0.0,0.7927083969116211,4.213351249694824,3.3773045539855957,0.5403700470924377,0.45962995290756226,1.1951364213773146,1.1480198078189199,0.213058670183943,0.765818911828992,0.3996600081712045,1.0,426
defactify,1,2,112137,0.2916090020652799,0.03335760533809662,0.013632244430482388,0.11615955644272176,JPEG,21.00449562072754,10.0,0.016731824725866318,17.023483276367188,0.10659162700176239,20.0,-2.400669856527081,1024,0.0,0.8109773397445679,3.954230308532715,7.686714172363281,0.568625807762146,0.431374192237854,1.5108041375784464,0.9158888731715848,0.21938586513090277,0.7864234549240806,0.4011213924624083,1.0,1024
defactify,1,1,70586,0.28297273266152934,0.0006115649593994021,4.7541605454171076e-05,0.0038589067310418374,JPEG,23.19646644592285,10.0,0.007240337319672108,19.492910385131836,0.09499537199735641,20.0,-2.5614553830620728,768,0.0,0.7021311521530151,3.615349531173706,6.075600624084473,0.7723768949508667,0.2276231050491333,1.3146033714839631,1.267084565567572,0.19551170997983497,0.7553835769307702,0.39179132244881354,1.0,768
defactify,1,1,80515,0.3731467030823254,0.06049104034900665,0.0023455077316612005,0.22753870129000855,JPEG,26.126996994018555,10.0,0.00995772797614336,17.516450881958008,0.09088662266731262,20.0,-2.5103186660654697,768,0.0,0.7684006094932556,4.74963903427124,8.875333786010742,0.5415410995483398,0.45845890045166016,1.4883694280645974,1.6569384871366188,0.21080908404127446,0.7564043587310505,0.3988481079561816,1.0,768
defactify,1,4,15969,0.3140180430256766,0.09282012283802032,-0.00475264573469758,0.2918031674362236,JPEG,16.85365104675293,10.0,0.037819232791662216,13.826911926269531,0.14484217762947083,20.0,-2.4375737769709676,270,0.0,0.8739646077156067,8.445185661315918,3.523346185684204,0.6534075736999512,0.34659239649772644,1.411871706093312,3.964209042931353,0.1364008845570112,0.6019816703003636,0.405647153702023,0.9999999999999999,270
defactify,1,1,11782,0.8473903086782971,0.11885430663824081,-0.016246411949396133,0.1738076425178339,JPEG,34.61729431152344,10.0,0.001985478214919567,35.99721145629883,0.016912247985601425,20.0,-2.9519626445411333,768,0.0,0.7050246596336365,0.16838060319423676,10.348701477050781,0.45354998111724854,0.5464500188827515,1.0291244071741912,0.02296299839001789,0.6910490735737245,0.9894520734573435,0.15368413759316443,1.0,768
defactify,1,2,56594,0.5952305195838239,0.03355290740728378,0.0089574558660388,0.12989024031643237,JPEG,30.050840377807617,10.0,0.005378702189773321,27.14678192138672,0.046899717301130295,20.0,-2.774209141058562,1024,0.0,0.7593576312065125,2.371551990509033,11.940486907958984,0.42932718992233276,0.5706728100776672,1.1959851640353343,0.48222156814331696,0.2739102696467292,0.8958684415849191,0.3389871845612088,1.0,1024
defactify,1,2,52522,0.798713975716494,0.036617930978536606,0.0032395850867033005,0.1332329148020721,JPEG,25.860109329223633,10.0,0.009996545501053333,25.37969970703125,0.08875177800655365,20.0,-2.396175983104785,1024,0.0,0.7621379494667053,2.4097628593444824,10.271367073059082,0.14292162656784058,0.8570783734321594,1.40629659907969,0.44001673768568206,0.3753746922951866,0.9082994539206244,0.3121726835831648,1.0,1024
defactify,1,5,19928,0.3467441091750484,0.05196439474821091,0.019593778997659683,0.1326068114296532,JPEG,29.255264282226562,10.0,0.003365615149959922,25.740459442138672,0.08060288429260254,20.0,-2.5547219292949364,436,0.0,0.528924822807312,1.747591495513916,4.162722587585449,0.7013803124427795,0.29861968755722046,1.2600481050944785,0.4877690543783675,0.28359555097751155,0.8348961429817423,0.37762020130267454,1.0,436
defactify,0,0,40647,0.303079592279332,0.04632508009672165,0.018153604120016098,0.21893475377667188,JPEG,23.10765838623047,10.0,0.00607847236096859,15.529619216918945,0.11346900463104248,20.0,-2.4362748887825663,640,0.0,0.6414443254470825,3.6028330326080322,2.238680601119995,0.601830005645752,0.39817002415657043,1.099622390800711,1.3475835580092639,0.20681352588608304,0.703391584935985,0.3993482640978405,1.0,425
defactify,1,5,27431,0.3812568908489526,0.07813184708356857,-0.0025715434458106756,0.23672021903753265,JPEG,24.840757369995117,10.0,0.005581284873187542,14.165426254272461,0.17853344976902008,20.0,-2.148293570114033,436,0.0,0.535433828830719,3.0907464027404785,3.3272435665130615,0.7093671560287476,0.29063281416893005,1.3216364484792218,1.0483186544605707,0.22976014999476457,0.7531883815854874,0.3856728624066941,1.0,436
defactify,0,0,18128,0.6761824279715848,0.0903916135430336,0.009348745457828045,0.2297522426043718,JPEG,28.92682647705078,10.0,0.0012855110689997673,23.500425338745117,0.038016390055418015,20.0,-2.807131285643032,407,0.0,0.5536969900131226,1.66544771194458,4.509163856506348,0.19235897064208984,0.8076410293579102,1.2115972362283813,0.5227958495539147,0.36969273834270894,0.881586363188242,0.3386094688000095,1.0,640
defactify,0,0,69832,0.4138428262436914,0.10908091068267822,-0.007908988744020462,0.2581789661409765,JPEG,13.467703819274902,10.0,0.03879664093255997,12.801069259643555,0.13817183673381805,20.0,-2.2917350117184694,640,0.0,0.8674144744873047,7.910346031188965,4.629143714904785,0.7423760890960693,0.25762391090393066,1.4339781017522308,2.532109974802837,0.13935262456781006,0.6193627829092031,0.4075931712446268,1.0,465
defactify,1,4,9975,0.755622258138998,0.17713046073913574,0.006454578135162592,0.3782674402802466,JPEG,20.062009811401367,10.0,0.013000784441828728,19.45318603515625,0.09669317305088043,20.0,-2.5683036247276716,270,0.0,0.7939638495445251,4.150599956512451,8.779579162597656,0.48773878812789917,0.5122612118721008,1.1933932587824914,1.2461465583824314,0.27781132978726775,0.8009897571836738,0.3782154757085717,1.0,270
defactify,1,2,85286,0.4716978539829088,0.03772353380918503,0.019009524956345558,0.13021854452212844,JPEG,25.63840103149414,10.0,0.012040534056723118,23.73526382446289,0.0813138484954834,20.0,-2.6199286937348725,1024,0.0,0.8052946925163269,3.3373045921325684,12.925065994262695,0.5179790258407593,0.48202094435691833,1.3367945778423511,0.7300596636776333,0.24917042417246077,0.8315565238774212,0.37514922993498384,0.9999999999999999,1024
defactify,0,0,48049,0.3654652709107648,0.12933284044265747,0.00537385419011116,0.2837556265820265,JPEG,19.58895492553711,10.0,0.023682856932282448,15.853529930114746,0.16103433072566986,20.0,-2.3166093572243684,478,0.0,0.7927759885787964,5.953394412994385,6.7266011238098145,0.34252220392227173,0.6574777960777283,1.418582540325241,1.9883327001833404,0.2156049926004335,0.7444342177952528,0.3970957840499686,1.0,640
defactify,0,0,32659,0.6235926510309416,0.07582888007164001,0.018290426582098007,0.18957837697321855,JPEG,22.67970085144043,10.0,0.0063775633461773396,20.80425453186035,0.05590730533003807,20.0,-2.857375981784118,427,0.0,0.7663944959640503,3.797563314437866,8.019264221191406,0.41669148206710815,0.5833085179328918,1.1545654562467271,1.195796205242688,0.19094406330968275,0.7819581452489894,0.38376187008905244,1.0,640
defactify,0,0,35970,0.5120174499958844,0.1251293271780014,0.008828658610582352,0.24403855924716567,JPEG,18.134244918823242,10.0,0.02025451324880123,20.411901473999023,0.08260517567396164,20.0,-2.4130798915533256,640,0.0,0.8655315041542053,5.722280979156494,6.935085296630859,0.5942266583442688,0.4057733416557312,1.2161950721771766,1.4435452575180525,0.2121693421556244,0.749870974678675,0.40036165629635057,1.0,360
defactify,1,2,77857,0.5590869741886473,0.047546468675136566,0.016245124861598015,0.1224423794681624,JPEG,21.590747833251953,10.0,0.00412832573056221,16.438232421875,0.06310772895812988,20.0,-2.7022934273715276,1024,0.0,0.6864351630210876,2.754866600036621,5.17979097366333,0.3926544189453125,0.6073455810546875,1.3269299005059452,0.905050231520144,0.2132495394532386,0.8115435954940912,0.3710873166940217,1.0,1024
defactify,0,0,17789,0.4308489773045671,0.17250579595565796,0.0038978804368525743,0.23147779567041313,JPEG,21.084537506103516,10.0,0.007193799130618572,17.26987648010254,0.044782813638448715,20.0,-2.70450908041901,351,0.0,0.8128740787506104,3.1816043853759766,4.370342254638672,0.44281357526779175,0.5571864247322083,1.1719874272553639,0.5908333163159938,0.22477692883061662,0.8492448946987997,0.39867055043106125,1.0,500
defactify,0,0,31899,0.6440057248695067,0.0,0.0,0.0,JPEG,28.2227783203125,10.0,0.017665907740592957,25.251710891723633,0.15715064108371735,20.0,-2.2121804386964925,427,0.0,0.762220025062561,5.027726173400879,8.268908500671387,0.31595349311828613,0.6840465068817139,1.32785080040097,1.6969635189978325,0.25790000715142186,0.7868916768159268,0.37250450600398527,1.0,640
defactify,1,2,49690,0.8589870659139739,0.03597119823098183,0.00935277808457613,0.1329780826962344,JPEG,25.768245697021484,10.0,0.008503440767526627,22.953388214111328,0.09682343900203705,20.0,-2.296828725651826,1024,0.0,0.7286048531532288,2.293124198913574,9.269782066345215,-0.021388769149780273,1.0213887691497803,1.234947111208125,0.47001323093983416,0.49757885279549907,0.9042456885429464,0.281410558092099,1.0,1024
defactify,0,0,62389,0.4456788342230558,0.056387629359960556,0.0013018553145229816,0.2047677183773225,JPEG,17.912206649780273,10.0,0.02414648048579693,19.991880416870117,0.14272919297218323,20.0,-2.2776224549307384,499,0.0,0.8211544752120972,7.384718418121338,8.887480735778809,0.6233130097389221,0.3766869902610779,1.5057288641165323,2.7838929666603676,0.15567227778707932,0.6773194032120242,0.40453443085037316,1.0,640
defactify,0,0,19448,0.4336143497757848,0.050914011895656586,0.0059435926377773285,0.2218518809431489,JPEG,22.86249542236328,10.0,0.00529102049767971,20.84357261657715,0.054738059639930725,20.0,-2.7126148509620256,282,0.0,0.7433053255081177,3.124581813812256,9.370954513549805,0.6532485485076904,0.3467514216899872,1.090873722355469,0.8264663267180671,0.20428118536879405,0.8107825144141536,0.3802581636572819,1.0,640
defactify,1,2,104001,0.36822973464194836,0.036727890372276306,0.002823983784765005,0.11038870558019913,JPEG,28.396127700805664,10.0,0.011119419708848,20.993730545043945,0.06615334004163742,20.0,-2.6587394555867436,1024,0.0,0.8216339945793152,3.934934139251709,11.500328063964844,0.6117868423461914,0.388213187456131,1.2764222216994832,0.929208302727199,0.20780702384506067,0.7987362615566695,0.3878847461119354,1.0,1024
defactify,1,5,23357,0.5939721097615834,0.16692689061164856,0.0013440062757581472,0.26659126706132574,JPEG,28.25271224975586,10.0,0.0016058770706877112,19.04168701171875,0.04790341109037399,20.0,-2.5303583751447083,436,0.0,0.5390286445617676,2.233613967895508,3.93906569480896,0.5035501718521118,0.49644985795021057,1.3744438536581178,0.7159838240895707,0.18375766053575804,0.7939467237648752,0.36421773021769444,1.0,436
defactify,1,5,18297,0.6519279754062363,0.06677015125751495,-0.004810851998627186,0.21577200532046434,JPEG,28.055036544799805,10.0,0.003144754096865654,15.052160263061523,0.11440014839172363,20.0,-2.43627790162695,436,0.0,0.5025071501731873,2.137052059173584,4.820008754730225,0.2706708312034607,0.7293291687965393,1.3778315963512269,0.655792621137804,0.38559992985079083,0.8401045767546441,0.3538540516197279,1.0,436
defactify,1,5,15983,0.5265289093943261,0.014064673334360123,0.022174309939146042,0.04052793111765431,JPEG,31.015356063842773,10.0,0.0021593321580439806,26.283721923828125,0.0633552297949791,20.0,-2.7189950610348927,436,0.0,0.5274016261100769,1.6046411991119385,5.896209716796875,0.5624734163284302,0.43752655386924744,1.2391315357336796,0.3993360670079782,0.2839127960903828,0.8656063319859371,0.3664111259553304,1.0,436
defactify,1,5,18687,0.5108884632385443,0.0747719258069992,0.007064661476761103,0.2441028403216862,JPEG,29.133983612060547,10.0,0.001816718140617013,25.379640579223633,0.040340833365917206,20.0,-2.8096582785233903,436,0.0,0.530802309513092,1.868717908859253,4.621991157531738,0.3761329650878906,0.6238670349121094,1.4002831380941165,0.5210953051609191,0.2150472512876414,0.8283683280319766,0.3503273909161738,1.0,436
defactify,1,2,88856,0.6012141664985419,0.0006644428940489888,1.6455499007861363e-07,0.00573037459646106,JPEG,27.58736801147461,10.0,0.006481500342488289,16.645910263061523,0.07304354757070541,20.0,-2.6584566161713092,1024,0.0,0.7208999991416931,3.8596367835998535,7.951850414276123,0.47395288944244385,0.5260471105575562,1.3327359779069963,1.4513887853298473,0.19437076715112878,0.7953354635541828,0.37217036530136066,1.0,1024
defactify,1,5,26254,0.5225212726600074,0.09864363074302673,-0.0008875891799107194,0.25121652303776,JPEG,33.33287048339844,6.0,0.0026753684505820274,24.698827743530273,0.09567657858133316,20.0,-2.415632909996416,436,0.0,0.4884296655654907,3.4340851306915283,6.938041687011719,0.634941816329956,0.36505815386772156,1.5944190445033184,1.3366938345822914,0.16621165397667786,0.7090150460252449,0.370906654998112,1.0,436
defactify,1,2,92685,0.4064694490028237,0.09254126995801926,-1.158460963779362e-05,0.18317595942143838,JPEG,19.518234252929688,10.0,0.01424407958984375,14.784303665161133,0.109759621322155,20.0,-2.483579060285463,1024,0.0,0.7753638625144958,3.2325234413146973,3.8676252365112305,0.5269069671630859,0.47309303283691406,1.3424983293557247,0.7549559924965977,0.26407585631876207,0.8324143426351306,0.3930245790740224,1.0,1024
defactify,0,0,23806,0.7165172713837824,0.06812738627195358,0.019655520096421242,0.20156762725161226,JPEG,22.84793472290039,10.0,0.002878501545637846,22.94986343383789,0.03823266923427582,20.0,-2.6451534418090383,428,0.0,0.6821683645248413,2.270878791809082,1.8931955099105835,0.1907200813293457,0.8092799186706543,1.3136456097732216,0.5529282876254284,0.25591038103204566,0.853711466471425,0.36131763895002145,1.0,640
defactify,1,5,22226,0.591967952602168,0.09874577820301056,-0.013010588474571705,0.19860710513518828,JPEG,26.51055335998535,10.0,0.0034496881999075413,23.688993453979492,0.07426916062831879,20.0,-2.6032593064806,436,0.0,0.5397151708602905,2.7046172618865967,1.2546184062957764,0.42981046438217163,0.5701895356178284,1.5102479921111236,0.7435302953513332,0.21095909523361395,0.8066432499315551,0.37398421046232677,1.0,436
defactify,1,2,107197,0.1872915782453162,0.058949798345565796,0.0034814230166375637,0.16430594955302802,JPEG,22.061767578125,10.0,0.009779049083590508,12.42933177947998,0.14479103684425354,20.0,-2.3150672027339736,1024,0.0,0.6764183640480042,3.3780360221862793,0.04751632362604141,0.6984834671020508,0.3015165627002716,1.2438152070669548,1.1235097439708044,0.21682194557430678,0.7513359869804889,0.38437177433962233,1.0,1024
defactify,0,0,26905,0.5984856023665855,0.13710026443004608,0.006289698649197817,0.2172503740409185,JPEG,18.801494598388672,10.0,0.004967540968209505,20.88424301147461,0.03484325483441353,20.0,-2.8861097830824765,597,0.0,0.7946711778640747,1.9354132413864136,2.7097690105438232,0.06726205348968506,0.9327379465103149,1.1604441778621069,0.368821751163391,0.3147144391755124,0.903169874905339,0.3668273824083741,1.0,640
defactify,1,2,118359,0.19713104255864164,0.042265426367521286,0.01654691994190216,0.16555413702957603,JPEG,19.694406509399414,10.0,0.019012536853551865,13.959574699401855,0.12904572486877441,20.0,-2.414147709576534,1024,0.0,0.8028579354286194,4.3120880126953125,7.492799758911133,0.5309866666793823,0.46901336312294006,1.4025800333539602,1.1451187226888178,0.2472589703777326,0.7683312436002521,0.4001427176681399,1.0,1024
defactify,0,0,37413,0.5126622567878,0.05456683039665222,-0.007876901887357235,0.13643202012168204,JPEG,22.688594818115234,10.0,0.0069714561104774475,21.544713973999023,0.06961847096681595,20.0,-2.519626796403295,640,0.0,0.7405272722244263,3.9540064334869385,6.343183994293213,0.3985682725906372,0.6014317274093628,1.3859242504085936,1.2252833024209808,0.19348482357576285,0.7742969190410212,0.3925232480542522,1.0,480
defactify,1,5,20852,0.4873588954193488,0.0423145554959774,0.015765395015478134,0.14524526298614623,JPEG,25.666488647460938,10.0,0.007069741375744343,14.126495361328125,0.19184209406375885,20.0,-2.189790708197053,436,0.0,0.5736947655677795,2.521918296813965,3.4687089920043945,0.4408697485923767,0.5591302514076233,1.4165759577088992,0.6301061072447492,0.34130872320301203,0.8201125851127673,0.38883320102740987,1.0,436
defactify,0,0,30121,0.4827606443851052,0.09755536913871765,0.017215555533766747,0.207290839158762,JPEG,17.79715347290039,10.0,0.00701599707826972,16.56276512145996,0.030108442530035973,20.0,-2.8252392080513284,513,0.0,0.8536590337753296,3.02246356010437,1.879571557044983,0.06475585699081421,0.9352441430091858,1.146088799978984,0.5409605071010675,0.2928303992882496,0.8719939527760442,0.37955674379583665,1.0,640
defactify,0,0,39316,0.7991830632458552,0.10501950979232788,0.010528285056352615,0.1849346544342877,JPEG,19.636184692382812,10.0,0.017188020050525665,17.535734176635742,0.06703568249940872,20.0,-2.571947707334807,480,0.0,0.8572319746017456,4.593914985656738,7.178154468536377,0.36143189668655396,0.638568103313446,1.1952374343904606,0.9581999890672748,0.2241772002898235,0.8024344843871779,0.3746142077774002,1.0,640
defactify,0,0,75316,0.17107093184979139,0.1056947335600853,0.00878670159727335,0.20610242557645012,JPEG,17.28369903564453,10.0,0.031156374141573906,17.336484909057617,0.1539631485939026,20.0,-2.2306496851107847,495,0.0,0.8340103030204773,7.071234703063965,3.3432719707489014,0.6675615310668945,0.33243846893310547,1.3839427780139884,2.339783914131429,0.1357983561602148,0.5847644720005181,0.4109345165437335,1.0,640
defactify,0,0,57592,0.46237145528201934,0.07088577747344971,0.01736537367105484,0.1397081342754175,JPEG,16.998046875,10.0,0.016025904566049576,15.30907154083252,0.06668537110090256,20.0,-2.1381444160045353,544,0.0,0.8578659296035767,5.341347694396973,5.612506866455078,0.6702864170074463,0.3297136127948761,1.232385163971368,1.2479337216180144,0.2437270672166336,0.7407019561138125,0.40534919412282694,1.0,640
defactify,0,0,26123,0.8157239328418313,0.07215667515993118,-0.00115595746319741,0.13849434735844202,JPEG,23.909748077392578,8.0,0.015069625340402126,23.489608764648438,0.1634339839220047,20.0,-2.1976739954283544,427,0.0,0.7334989309310913,3.889044761657715,10.5049409866333,0.31661731004714966,0.6833826899528503,1.2934812916951506,1.1452916459630105,0.37264238803083416,0.8270536826510418,0.3303857614845687,1.0,640
defactify,0,0,43017,0.8202327976525913,0.08326498419046402,-0.015869569033384323,0.3145890082025551,JPEG,17.18180274963379,10.0,0.011827967129647732,18.138410568237305,0.054831381887197495,20.0,-2.2321191856716016,640,0.0,0.838098406791687,5.023591995239258,3.871311902999878,0.43466925621032715,0.5653307437896729,1.095650816282969,1.191625779385286,0.22796743620417342,0.7433581991616997,0.3873298646328194,1.0,425
defactify,0,0,17895,0.41933472497085694,0.12977519631385803,0.012551527470350266,0.22980763066670507,JPEG,28.409502029418945,10.0,0.0020973174832761288,28.79507064819336,0.0293022021651268,20.0,-2.884218058906767,375,0.0,0.670096755027771,1.8213762044906616,7.883867263793945,0.5168307423591614,0.4831692576408386,1.1776288716378929,0.47798546994672453,0.3218174818659972,0.8778728826491216,0.38962997141707767,1.0,500
defactify,1,2,160897,0.21107188122397247,0.05065818130970001,0.018099209293723106,0.1505667417532209,JPEG,15.457411766052246,10.0,0.030976973474025726,13.094188690185547,0.08205070346593857,20.0,-2.5126856087040093,1024,0.0,0.897908627986908,4.887416362762451,4.139112949371338,0.6347861289978027,0.36521390080451965,1.4085181935990376,0.869315496276704,0.23598141521654173,0.7497517760588794,0.40849205620432605,1.0,1024
defactify,1,2,59838,0.5383080993475641,0.04517952725291252,0.014098255895078182,0.09919382525592736,JPEG,24.668073654174805,10.0,0.004440893419086933,26.618194580078125,0.021001845598220825,20.0,-3.098421546534522,1024,0.0,0.8649895191192627,1.4590027332305908,3.7696332931518555,0.24259960651397705,0.757400393486023,1.1589126361680822,0.2452622848125968,0.2832529230680948,0.8953332113180934,0.3716630912082094,1.0,1024
defactify,1,2,108333,0.260903157595104,0.07196678221225739,0.0081230029463768,0.19546393040331916,JPEG,20.807212829589844,10.0,0.009669124148786068,14.0702486038208,0.04534856602549553,20.0,-2.8111350943445843,1024,0.0,0.8519350290298462,3.2119040489196777,5.234863758087158,0.5324941873550415,0.4675058126449585,1.2691256503716424,0.6452348182918741,0.23433120950030703,0.8350996007788857,0.39899078086898493,0.9999999999999999,1024
defactify,1,2,69906,0.5364383852315527,0.019797559827566147,0.01989375427365303,0.08397306431376496,JPEG,21.928897857666016,10.0,0.006205364130437374,20.734024047851562,0.03765462338924408,20.0,-2.9300886158295945,1024,0.0,0.8237105011940002,2.7967731952667236,8.781660079956055,0.4556756019592285,0.5443243980407715,1.1238634558136547,0.5427852862816914,0.2508973118808684,0.881063692290025,0.36583731673614533,1.0,1024
defactify,0,0,32930,0.7571212302298713,0.08500092476606369,-0.020094601437449455,0.257788604174363,JPEG,24.18337059020996,10.0,0.013768895529210567,23.485828399658203,0.08671705424785614,20.0,-2.6046759373838584,426,0.0,0.799913763999939,4.814027309417725,9.631516456604004,0.3262999653816223,0.6737000346183777,1.261129338721035,1.2317574425646416,0.2756866116528267,0.8116585470108497,0.3810202341925754,1.0,640
defactify,0,0,28724,0.8453323855943677,0.09284713864326477,-0.00027721410151571035,0.13195821540951594,JPEG,16.857097625732422,10.0,0.02694655768573284,17.17620849609375,0.1745968610048294,20.0,-2.18377513125021,429,0.0,0.8057587146759033,5.385518550872803,3.2430520057678223,-0.022725820541381836,1.0227258205413818,1.5889388166271172,1.519450897032736,0.660404127689216,0.8512922798418369,0.2770964747660777,1.0,640
defactify,1,5,20529,0.5141811527904849,0.047732509672641754,-0.0054587493650615215,0.12291780484482882,JPEG,31.16733741760254,10.0,0.0014210608787834644,23.177841186523438,0.05845298990607262,20.0,-2.7670826836187428,436,0.0,0.46988338232040405,1.898888349533081,6.7673749923706055,0.5714587569236755,0.42854124307632446,1.5127278646508504,0.7163492558377473,0.20347289180875539,0.7907552037021439,0.35749720173240496,0.9999999999999999,436
defactify,0,0,24648,0.41296348712142655,0.08462205529212952,-0.0003202731895726174,0.2516035835501342,JPEG,27.8223876953125,10.0,0.0037376880645751953,24.218109130859375,0.05484499782323837,20.0,-2.7978790914096088,352,0.0,0.6702142953872681,3.0631682872772217,10.110779762268066,0.5314548015594482,0.46854522824287415,1.148585790281762,0.9974743230744045,0.1954143449924121,0.7992942709674431,0.3813397019134165,1.0,640
defactify,0,0,30280,0.40872964649910565,0.11529555916786194,0.007779363077133894,0.24156116609071157,JPEG,24.534635543823242,10.0,0.008362147957086563,21.066104888916016,0.08065667003393173,20.0,-2.5273039751964497,640,0.0,0.7648624181747437,2.857706069946289,7.151622772216797,0.43140703439712524,0.5685929656028748,1.393685730373793,0.6587424367241275,0.284922167556105,0.8457020867004219,0.38558029185227816,1.0,480
defactify,1,5,21022,0.5203565786504175,0.044954027980566025,-0.004826741758733988,0.16083983921542105,JPEG,23.97433853149414,10.0,0.0030189594253897667,15.407636642456055,0.10170575231313705,20.0,-2.491069960196808,436,0.0,0.543994128704071,2.3530609607696533,4.148901462554932,0.6707522869110107,0.32924768328666687,1.2960973143949799,0.6804694299390779,0.4105149298299227,0.8237972370097538,0.37887651889039625,0.9999999999999999,436
defactify,0,0,8186,0.8623252629841751,0.011126826517283916,-0.008895955979824066,0.025144335082824792,JPEG,25.490177154541016,10.0,0.0075975400395691395,17.646299362182617,0.09559864550828934,20.0,-2.6458187744388453,428,0.0,0.7086952328681946,2.042335033416748,7.519584655761719,-0.7647863626480103,1.7647863626480103,1.277535251953568,0.35301559313618835,0.6691201098271082,0.9747670158945295,0.15297802284193762,1.0,640
defactify,1,5,19408,0.5284508505388911,0.07948345690965652,-0.009594251401722431,0.17735859590923064,JPEG,27.348100662231445,10.0,0.0023535829968750477,18.968645095825195,0.06665109097957611,20.0,-2.4847559425657093,436,0.0,0.5548914670944214,1.8821945190429688,5.592778205871582,0.592319667339325,0.40768033266067505,1.1831027985735383,0.45422161035990005,0.29491713296723115,0.8320251286248285,0.37645892992076174,1.0,436
defactify,0,0,34404,0.4949881161516999,0.08023339509963989,0.002966256346553564,0.1932290044468643,JPEG,20.787153244018555,10.0,0.009710022248327732,19.255168914794922,0.09349072724580765,20.0,-2.5075974257726705,640,0.0,0.7520365715026855,3.525836706161499,4.974739074707031,0.5755220651626587,0.4244779646396637,1.3288080367352157,0.9398890983808166,0.22602708279831266,0.8156070981969258,0.3886028546504701,1.0,447
defactify,1,5,15777,0.725966538693648,0.05259694904088974,0.025852205231785774,0.12470889050325498,JPEG,24.84170913696289,8.0,0.010939329862594604,24.03631591796875,0.21002601087093353,20.0,-2.007050306289262,436,0.0,0.6030245423316956,1.8986526727676392,3.1797549724578857,0.37901991605758667,0.6209800839424133,1.230296668427818,0.3432776731298872,0.4864585651238794,0.8783614191877611,0.35684610753001744,1.0,436
defactify,0,0,40141,0.4059723930572639,0.027057576924562454,-0.0035264978650957346,0.1306385419607218,JPEG,27.556989669799805,5.0,0.027950173243880272,45.48242950439453,0.33269187808036804,20.0,-2.2044175382412767,428,0.0,0.4942159056663513,5.610265254974365,16.156211853027344,0.6816943883895874,0.318305641412735,1.7146229758504667,2.556068059635191,0.21073699083064276,0.6336517490178568,0.37469964972912734,1.0,640
defactify,1,5,12659,0.6509652509652509,0.0328868106007576,0.009188657626509666,0.13920606936739655,JPEG,34.51676940917969,10.0,0.0012768369633704424,26.27383041381836,0.031059984117746353,20.0,-3.036550956564575,436,0.0,0.4951588809490204,1.403534173965454,7.740799903869629,0.24226224422454834,0.7577377557754517,1.288306330799531,0.40252495909003644,0.23719821929373802,0.8884276202243006,0.31130460389196196,1.0,436
defactify,0,0,46240,0.7378675720747202,0.09559349715709686,0.0010646746959537268,0.14984071237835397,JPEG,16.17941665649414,10.0,0.06578223407268524,19.069618225097656,0.1952809989452362,20.0,-2.1752693992949577,480,0.0,0.8795345425605774,7.49360990524292,8.663859367370605,0.30446290969848633,0.6955370903015137,1.3775053934613248,2.022507096952962,0.2673660895497886,0.7819003836333877,0.3647389963051023,1.0,640
defactify,1,5,16955,0.5520840450973693,0.03469112515449524,-0.0038368587847799063,0.0795588287031595,JPEG,33.48724365234375,10.0,0.001969987992197275,25.049047470092773,0.03747585415840149,20.0,-2.7501476302711536,436,0.0,0.527918815612793,2.2030887603759766,4.951645374298096,0.32698315382003784,0.6730168461799622,1.356050721045632,0.6593701836169267,0.2932889453604759,0.8619771198101247,0.3661908147336945,1.0,436
defactify,0,0,42587,0.6608621506395074,0.0788184329867363,0.01605752855539322,0.1584834192780703,JPEG,15.962562561035156,10.0,0.02311333641409874,14.661660194396973,0.08175794780254364,20.0,-2.4371848952449238,640,0.0,0.8705348372459412,5.432274341583252,6.3731770515441895,0.3782234787940979,0.6217765212059021,1.2366937882888764,1.287211541571776,0.24591922243301065,0.7756456604959178,0.39080915971197705,1.0,480
defactify,0,0,39026,0.46919079435783223,0.03657522425055504,-0.006152114365249872,0.14742978417006655,JPEG,24.95185661315918,10.0,0.0120522640645504,18.024768829345703,0.09881501644849777,20.0,-2.4632619286156308,640,0.0,0.7833660244941711,5.592849254608154,10.483736991882324,0.5779263973236084,0.422073632478714,1.3704700127339275,2.1378739692565816,0.22681307376063195,0.7901928788345922,0.3940226714457905,1.0,480
defactify,0,0,25773,0.4702404922601118,0.05731164291501045,0.013648577965795994,0.16767032523853603,JPEG,26.31321907043457,10.0,0.005538279190659523,21.336891174316406,0.04039846733212471,20.0,-2.6514759010712727,640,0.0,0.7985484600067139,2.7693893909454346,13.371429443359375,0.48562097549438477,0.5143790245056152,1.0900496421677957,0.5395046953386473,0.24248438067917732,0.8675073364162882,0.37356273547765484,1.0,480
defactify,0,0,33408,0.36809868432308507,0.05231728404760361,0.020264670252799988,0.12432280297727959,JPEG,30.33891487121582,10.0,0.0018423961009830236,21.53185272216797,0.0492108017206192,20.0,-2.7031227022281157,612,0.0,0.5404225587844849,2.081829071044922,7.387262344360352,0.5927727222442627,0.4072272479534149,1.2799096936379488,0.6935517152075708,0.2602178698413601,0.8507371960628431,0.3836667287332257,1.0,612
defactify,0,0,49280,0.6886683591045465,0.03014208935201168,-0.007842985913157463,0.1456342593586749,JPEG,19.861635208129883,10.0,0.015214206650853157,19.77515983581543,0.0922965332865715,20.0,-2.3652660899349276,480,0.0,0.8147748708724976,6.242493152618408,5.051726341247559,0.48218590021133423,0.5178140997886658,1.4968317954533823,2.122205898551257,0.20085392708386743,0.7307808361580805,0.3971266804707008,1.0,640
defactify,1,5,18821,0.3734127245213501,0.052524384111166,0.0024067326448857784,0.20195486371122467,JPEG,30.969209671020508,10.0,0.0022612581960856915,28.76886749267578,0.027018046006560326,20.0,-2.771707405329221,436,0.0,0.600324809551239,1.6090233325958252,3.8443806171417236,0.637624979019165,0.36237502098083496,1.1375264568963517,0.3575022338572878,0.2729077429182587,0.8525046088068446,0.38020911751605485,1.0,436
defactify,1,5,20401,0.5650168008960478,0.056330300867557526,0.004307366907596588,0.22286515617613128,JPEG,28.909852981567383,10.0,0.002270268276333809,27.466842651367188,0.05918775498867035,20.0,-2.720804462203507,436,0.0,0.4893924593925476,1.9928452968597412,5.76369571685791,0.5808745622634888,0.41912543773651123,1.426182952660647,0.730322540907123,0.20941382031974337,0.8086872571722039,0.35575623433275994,1.0,436
defactify,0,0,19084,0.8828881360021715,0.03285451978445053,-0.008898223750293255,0.12419941927878246,JPEG,34.13364028930664,10.0,0.0030190451070666313,32.12814712524414,0.027269039303064346,20.0,-2.576680288101117,427,0.0,0.7711094617843628,2.2942304611206055,11.432695388793945,0.21221667528152466,0.7877833247184753,1.1199352445601543,0.3982694404124697,0.5540922192905307,0.898014100122936,0.2974963268042712,1.0,640
defactify,0,0,21863,0.6351932895696571,0.03501642867922783,0.0069784922525286674,0.17285297568100633,JPEG,19.958721160888672,10.0,0.007931076921522617,17.632129669189453,0.054059408605098724,20.0,-2.5710035247742917,375,0.0,0.8072933554649353,5.049221038818359,8.752645492553711,0.4659464359283447,0.5340535640716553,1.3264441149956896,1.3111364714172247,0.21093388535355373,0.7939823575382505,0.376424574110324,1.0,500
defactify,1,5,18511,0.39603699444124973,0.07138673961162567,0.012947128154337406,0.19829126978372863,JPEG,25.273229598999023,10.0,0.003588747698813677,12.953842163085938,0.10095258802175522,20.0,-2.3437471347995316,436,0.0,0.5714433193206787,1.6797008514404297,4.246364116668701,0.4841514229774475,0.5158485770225525,1.305595823572628,0.3746094167194997,0.40242094619908936,0.8588301546335965,0.3758129910845061,1.0,436
defactify,1,5,15701,0.587819947043248,0.03814727067947388,0.012482158839702606,0.18163207484236943,JPEG,31.145906448364258,10.0,0.0017699156887829304,29.254541397094727,0.03021552599966526,20.0,-3.04818846276516,436,0.0,0.5322666168212891,1.2866333723068237,5.497400283813477,0.39766448736190796,0.602335512638092,1.2635286818550746,0.3709535946727998,0.2141266522085224,0.8639046195496152,0.32677620011823433,1.0,436
defactify,0,0,26758,0.48247099018129214,0.07134169340133667,0.0057287197560071945,0.24191070522878355,JPEG,15.43850326538086,8.0,0.04090554267168045,20.195894241333008,0.1620103418827057,20.0,-2.0715036008552015,375,0.0,0.8631279468536377,6.364780902862549,9.992584228515625,0.5624092817306519,0.43759071826934814,1.2550811541477553,1.5014730433927805,0.22014095277094775,0.7598814298443888,0.39823415998149914,1.0,500
defactify,1,5,21943,0.4178839820991303,0.09190098941326141,-0.00123548973351717,0.27481822106658166,JPEG,27.73708152770996,10.0,0.0017047419678419828,20.6761531829834,0.04900500178337097,20.0,-2.874226746877079,436,0.0,0.4844664931297302,1.9303854703903198,5.216560363769531,0.5562834143638611,0.4437165856361389,1.3265228798773145,0.6991347473438703,0.19251185575048435,0.7952034930288,0.34726133711991797,1.0,436
defactify,0,0,31895,0.45691715024138096,0.07496019452810287,0.0028775096870958805,0.15249815915145842,JPEG,22.144824981689453,10.0,0.013206482864916325,22.871936798095703,0.07861388474702835,20.0,-2.330225311681831,396,0.0,0.8206260800361633,6.223158836364746,11.815601348876953,0.2937168478965759,0.7062831521034241,1.3760082890490428,1.8016152192207897,0.29752832155698694,0.8020741410542437,0.3919676206324802,1.0,640
defactify,0,0,44024,0.33232882126272106,0.07319315522909164,0.010851431638002396,0.20030196279188156,JPEG,22.574865341186523,10.0,0.017157992348074913,15.37259578704834,0.07749509811401367,20.0,-2.5384234768274574,427,0.0,0.8670374751091003,5.508325576782227,13.138805389404297,0.5792051553726196,0.420794814825058,1.0176759484739708,1.3821425179044113,0.1675392423824343,0.714559379994222,0.3986225974613817,1.0,640
defactify,0,0,38751,0.5386152919927755,0.05738037824630737,-6.5863878262462094e-06,0.22675261930195215,JPEG,23.277339935302734,10.0,0.006979435682296753,26.14059066772461,0.06528396159410477,20.0,-2.5495237952317993,480,0.0,0.7573919296264648,4.382233142852783,8.917661666870117,0.5402230024337769,0.45977699756622314,1.2959441101416245,1.4127737114104169,0.18686460268732075,0.78112744030847,0.39190898245060135,1.0,640
defactify,0,0,50996,0.26775766016713093,0.0,0.0,0.0,JPEG,17.857467651367188,10.0,0.0511845164000988,18.111412048339844,0.27474042773246765,20.0,-2.066586410542581,328,0.0,0.8250857591629028,9.074517250061035,3.9547536373138428,0.6323459148406982,0.36765405535697937,1.4864441428095359,3.88244795961206,0.14782673298585614,0.5699647786400768,0.407388994402534,1.0,640
defactify,0,0,19533,0.5500883676092545,0.08806212991476059,0.020525552332401276,0.23472703948242224,JPEG,21.924936294555664,10.0,0.0032036362681537867,14.528045654296875,0.035700324922800064,20.0,-2.7926623607381087,640,0.0,0.7245539426803589,1.824308156967163,8.088336944580078,0.427110493183136,0.572889506816864,1.0376024166575823,0.3567123198769522,0.27795735278246636,0.9052970839602118,0.3481371489071333,1.0,480
defactify,0,0,44572,0.3190636778416981,0.06023314222693443,0.0007339350995607674,0.19298607824293562,JPEG,17.34478187561035,10.0,0.019847074523568153,14.917022705078125,0.14270561933517456,20.0,-2.315140672599806,480,0.0,0.7919360995292664,4.674646377563477,2.885120153427124,0.5671370029449463,0.4328629970550537,1.4033606040501099,1.40988673825975,0.2484537612447512,0.7727984169955482,0.40176538462752104,0.9999999999999999,640
defactify,0,0,20830,0.6068092740284304,0.020503073930740356,0.006389358080923557,0.05182675914879661,JPEG,26.937705993652344,10.0,0.00415532011538744,28.131702423095703,0.02923962101340294,20.0,-2.7950769829698685,640,0.0,0.7834966778755188,2.2442398071289062,2.891721248626709,0.4357556700706482,0.5642443299293518,0.9957537366530058,0.3929357701907636,0.3084198185173697,0.9026038482739392,0.34930280017306886,1.0,480
defactify,0,0,63676,0.4630057577063178,0.08525970578193665,0.003984107170253992,0.2838636781474504,JPEG,18.806365966796875,10.0,0.03602069243788719,18.35859489440918,0.2062743604183197,20.0,-2.0725386934040553,480,0.0,0.8341358304023743,9.046430587768555,8.84969711303711,0.6170735359191895,0.38292649388313293,1.5518428434062237,4.191335551340407,0.1551277146759042,0.6446437306054722,0.3962727949297777,1.0,640
defactify,0,0,53917,0.5154587348135735,0.10028036683797836,0.0028505020309239626,0.23351469369182026,JPEG,16.51639175415039,10.0,0.018156656995415688,14.490865707397461,0.08916254341602325,20.0,-2.5592455015084443,480,0.0,0.839546263217926,5.685662746429443,3.677579402923584,0.6954025030136108,0.3045974671840668,1.3383015924088448,1.6634370014569815,0.17591498755189927,0.7040762246608829,0.4030250496480107,1.0,640
defactify,0,0,43437,0.44211307158374397,0.05377109721302986,-0.007981028407812119,0.17366537653764244,JPEG,21.47223663330078,10.0,0.013905621133744717,20.657451629638672,0.1215132400393486,20.0,-2.1835218849970626,427,0.0,0.771628201007843,5.176353454589844,9.26738452911377,0.5966229438781738,0.40337708592414856,1.3440236866201691,1.7285907308689386,0.1792238721931384,0.7162513909319886,0.40019941581189333,1.0,640
defactify,0,0,26149,0.782636949789308,0.05090620368719101,-0.015227532014250755,0.15935471355393904,JPEG,26.206466674804688,10.0,0.0056754304096102715,26.259750366210938,0.04696207121014595,20.0,-2.626393641181116,479,0.0,0.7817660570144653,4.246815204620361,9.746973037719727,0.061664462089538574,0.9383355379104614,1.3683853649185242,1.2152511196739908,0.3853343785320242,0.8676329708473312,0.3411581262178759,1.0,640
defactify,0,0,12586,0.9237243285359363,0.09277215600013733,-0.002213325584307313,0.1334429003495776,JPEG,24.992698669433594,10.0,0.010304544121026993,17.280517578125,0.1291104257106781,20.0,-2.536311655122749,404,0.0,0.7347104549407959,2.378530502319336,7.276926517486572,-0.20473814010620117,1.2047381401062012,1.350664208334777,0.4958974439684311,0.6330941258597873,0.9243516443619741,0.19343418980457247,1.0,640
defactify,0,0,18146,0.36688548504741064,0.07516758143901825,0.002215619897469878,0.13491616727119246,JPEG,20.78883171081543,10.0,0.018655382096767426,15.709646224975586,0.2437053620815277,20.0,-2.102272192207827,332,0.0,0.7075760960578918,2.5344769954681396,3.7966604232788086,0.5952516794204712,0.4047482907772064,1.216061695611361,0.5687216506817689,0.45757766144926854,0.821190650037557,0.40256224433326643,1.0,500
defactify,0,0,27538,0.6570447472904818,0.03859684243798256,0.006813648622483015,0.20842690155271046,JPEG,29.318340301513672,10.0,0.0042235031723976135,27.595006942749023,0.0363776832818985,20.0,-2.754793466380393,426,0.0,0.7703906893730164,3.142794609069824,11.369643211364746,0.46697282791137695,0.533027172088623,1.1312503894809065,0.700932380316991,0.23356762715075313,0.8304675326438926,0.3830811788120129,1.0,640
defactify,0,0,30492,0.483248206811351,0.033839162439107895,0.005472560413181782,0.16653996658627693,JPEG,21.232736587524414,10.0,0.004899210762232542,16.223167419433594,0.04737906530499458,20.0,-2.741845596086994,640,0.0,0.7427082061767578,3.0465166568756104,1.1496721506118774,0.3241274356842041,0.6758725643157959,1.2314219115883787,0.8152753498187839,0.20850655612403565,0.8295387519154748,0.37848071145975754,1.0,480
defactify,0,0,52215,0.1929276732213689,0.08035630732774734,0.008065986447036266,0.16776516466345157,JPEG,17.781007766723633,10.0,0.020687544718384743,15.593679428100586,0.1472526490688324,20.0,-2.3507244808835566,480,0.0,0.795138418674469,5.038566589355469,4.496398448944092,0.7053350210189819,0.2946649491786957,1.387266033912848,1.6013063738199853,0.1861525012487384,0.7070934287313642,0.4052391054123807,1.0,640
defactify,0,0,46663,0.35250913564166575,0.03547949716448784,0.0059823645278811455,0.12677785892190607,JPEG,24.35057830810547,10.0,0.011578344739973545,18.30950927734375,0.127980574965477,20.0,-2.487297657920498,480,0.0,0.7144958972930908,5.925741672515869,8.390098571777344,0.7248117923736572,0.2751881778240204,1.5329927492222286,2.847713963876455,0.21263318059411745,0.7145532109719823,0.3874595489803991,1.0,640
defactify,0,0,6190,0.929380904035745,0.0746663361787796,-0.02654600515961647,0.02955464596433194,JPEG,27.164918899536133,10.0,0.00523682776838541,22.129058837890625,0.09074731916189194,20.0,-2.3631616195964003,480,0.0,0.6317853331565857,0.40658673644065857,5.500659942626953,-0.7978658676147461,1.797865867614746,1.1459229757081602,0.025348172241630117,0.7296764246584239,0.9931005418120665,0.08724494191530799,1.0,640
defactify,0,0,57504,0.6678480552526354,0.0728803426027298,0.004521232098340988,0.1914391886657875,JPEG,11.884523391723633,10.0,0.042646609246730804,14.786768913269043,0.13717839121818542,20.0,-2.3360154202251975,359,0.0,0.8752351403236389,8.296096801757812,4.085117340087891,0.6389389038085938,0.36106112599372864,1.223325918803951,2.498004525960308,0.14315621366820205,0.5988044576020028,0.40877074033204963,1.0,640
defactify,0,0,23041,0.5537592847780056,0.06410211324691772,-0.003029030282050371,0.2933582743168171,JPEG,16.484424591064453,10.0,0.02356645092368126,15.180845260620117,0.08428444713354111,20.0,-2.326117594895788,332,0.0,0.8670898675918579,6.517668724060059,8.003033638000488,0.29951900243759155,0.7004809975624084,1.2606094635515919,1.5277849871543296,0.26583521866052773,0.7791731437170093,0.39290015089727254,1.0,500
defactify,0,0,18998,0.636561927040526,0.012629698030650616,0.0005462035769596696,0.10374635329334093,JPEG,29.51439094543457,10.0,0.0046051363460719585,21.738500595092773,0.03713047504425049,20.0,-2.78382398112533,640,0.0,0.7978940010070801,3.0897505283355713,15.002609252929688,0.4546341896057129,0.5453658103942871,1.1530737745557937,0.6390782201571308,0.2626529936018075,0.8914227072620582,0.32521828898407734,1.0,423
defactify,0,0,39643,0.6162123385939742,0.0492679625749588,0.006806611083447933,0.11888178662941105,JPEG,23.041881561279297,10.0,0.009027666412293911,20.585277557373047,0.10109855234622955,20.0,-2.3463858892450493,428,0.0,0.7247877717018127,3.4494693279266357,2.8363242149353027,0.6140391230583191,0.3859608769416809,1.353211871216599,0.9413424823802456,0.20249307969015468,0.7337567281352397,0.4037607389391122,1.0,640
defactify,0,0,20969,0.7674635484854463,0.03419980779290199,-0.017957519739866257,0.12449834800848543,JPEG,28.096067428588867,10.0,0.0018881671130657196,21.03216552734375,0.041199181228876114,20.0,-2.834929232000095,640,0.0,0.6001059412956238,1.826385498046875,1.330514907836914,-0.027426838874816895,1.027426838874817,1.3055257650711576,0.4580199621946772,0.5338975088425615,0.9327999945819755,0.3069925987663237,1.0,640
defactify,0,0,42979,0.6550001777524974,0.06269987672567368,0.014170264825224876,0.19462419925206084,JPEG,26.784461975097656,10.0,0.011118755675852299,26.807262420654297,0.07631711661815643,20.0,-2.385879041727223,640,0.0,0.7904969453811646,5.027383327484131,13.145990371704102,0.4137968420982361,0.5862031579017639,1.437921103509508,1.435137102752592,0.2200037678101602,0.7665004420715122,0.38230734773913966,1.0,508
defactify,0,0,23142,0.7718258490996125,0.10758408159017563,0.00171757023781538,0.2635460199616665,JPEG,19.782882690429688,10.0,0.021437104791402817,17.82523536682129,0.12170448154211044,20.0,-2.3371821935359276,375,0.0,0.8250806927680969,6.762479782104492,9.617243766784668,0.2248125672340393,0.7751874327659607,1.4298597571859226,2.051292031527819,0.280647626741499,0.7984042276865544,0.3459476570735114,1.0,500
defactify,0,0,54781,0.7708709483277448,0.08321306109428406,0.000980494893155992,0.15615925477047823,JPEG,22.486480712890625,10.0,0.017721332609653473,19.418418884277344,0.10497336089611053,20.0,-2.2118069160853344,480,0.0,0.8156096339225769,6.014942646026611,6.292448997497559,0.6824047565460205,0.3175952732563019,1.3899590565983058,1.9026751452779476,0.29561689170511407,0.699324230763688,0.392809799937894,1.0,640
defactify,0,0,18331,0.5271353804109624,0.04872651398181915,-0.0005081285489723086,0.16312415713364087,JPEG,23.088069915771484,10.0,0.00931619107723236,23.98700714111328,0.03640536963939667,20.0,-2.505912783947863,500,0.0,0.8692298531532288,3.90126633644104,14.814325332641602,0.6604081392288208,0.3395918905735016,1.0842502778933014,0.6385176798821135,0.2239492168923806,0.8238835447574211,0.3862925393328319,1.0,339
defactify,0,0,67054,0.6313671932673852,0.07967405021190643,-0.0010078088380396366,0.22388771114035375,JPEG,15.523921966552734,10.0,0.03670061379671097,13.860978126525879,0.1859235316514969,20.0,-2.1045099981824653,494,0.0,0.8240045309066772,7.646424770355225,4.431528568267822,0.6368905305862427,0.36310943961143494,1.466185426058614,2.7475722524505963,0.1834182829728015,0.6564808610072895,0.4026197307521149,1.0,640
defactify,0,0,29899,0.6108914980234822,0.01975531503558159,0.002287641167640686,0.06877951200267934,JPEG,24.06963348388672,10.0,0.010319522581994534,22.18496322631836,0.0867471992969513,20.0,-2.4765179692696977,354,0.0,0.7741184234619141,5.240726947784424,9.72866153717041,0.5275415182113647,0.47245851159095764,1.315676791831756,1.835125586133873,0.23447946870503722,0.7629925832566725,0.38413465607199904,1.0,640
defactify,0,0,36239,0.5138536302313774,0.1208047941327095,0.004072405863553286,0.27414973501740647,JPEG,24.725082397460938,8.0,0.008337046019732952,16.436267852783203,0.13608893752098083,20.0,-2.2341788635099755,640,0.0,0.6916096210479736,4.226714611053467,9.280582427978516,0.4413512349128723,0.5586487650871277,1.2976981932873959,1.8081454577260416,0.22226687955856966,0.7691190702516787,0.39876164339424736,1.0,425
defactify,0,0,26723,0.7824790865111865,0.046560246497392654,0.00865334551781416,0.29180701305836143,JPEG,24.952674865722656,10.0,0.006879972759634256,25.32398223876953,0.05133121833205223,20.0,-2.5431752047646903,427,0.0,0.7739067673683167,4.803308010101318,6.116091728210449,0.2138088345527649,0.7861911654472351,1.323090997403089,1.4402703247710265,0.2770205920471793,0.8485783746496175,0.32731127255170234,1.0,640
defactify,0,0,23485,0.729228881984455,0.0681598111987114,0.016320960596203804,0.2054299031296684,JPEG,24.663925170898438,8.0,0.007144740782678127,25.036800384521484,0.048700496554374695,20.0,-2.4899075137819797,480,0.0,0.7981957197189331,3.252225875854492,10.302275657653809,-0.05106925964355469,1.0510692596435547,1.3550515275879322,0.6481125566410575,0.29239331515205824,0.8851447510031538,0.33612032336089115,1.0,640
defactify,0,0,40463,0.19325729136586775,0.028034955263137817,0.022128397598862648,0.13119915485699646,JPEG,19.020851135253906,10.0,0.0067509254440665245,20.793598175048828,0.04824719950556755,20.0,-2.466775927675472,640,0.0,0.7936459183692932,3.5628292560577393,4.3915581703186035,0.5333480834960938,0.46665191650390625,1.256738506293567,0.8567511064132936,0.24030633723957884,0.7804762439109967,0.40649980655781515,1.0,480
defactify,0,0,52076,0.5903588928618726,0.09122875332832336,0.0040030209347605705,0.230493227887484,JPEG,22.21491241455078,8.0,0.019414514303207397,18.497112274169922,0.1444157510995865,20.0,-2.401646438184844,480,0.0,0.799426257610321,6.287498474121094,9.095829010009766,0.5345655083656311,0.4654344916343689,1.499592835586007,2.4585807529763786,0.18766020306564293,0.7056970901153145,0.3967567075589755,0.9999999999999999,640
defactify,0,0,30826,0.41748201905008747,0.042892150580883026,0.0010745736071839929,0.2168988854226598,JPEG,16.25551986694336,10.0,0.04827648773789406,14.872247695922852,0.19691607356071472,20.0,-2.071816587033039,500,0.0,0.8573217988014221,7.804112434387207,3.5284175872802734,0.449502170085907,0.550497829914093,1.3226649093591292,2.2154476801631118,0.24246986102722687,0.6860842400079528,0.407806786374239,1.0,350
defactify,0,0,42847,0.16243654822335024,0.11998163163661957,-0.002420205855742097,0.3163769256034063,JPEG,16.324037551879883,10.0,0.02156735770404339,14.583062171936035,0.14220333099365234,20.0,-2.3502842507775523,360,0.0,0.8040429353713989,5.365344047546387,3.754211902618408,0.8062485456466675,0.1937514692544937,1.2426427631648083,1.7843743332380362,0.1643675222091267,0.6921633338007368,0.4033933688104384,1.0,640
defactify,0,0,55393,0.48971886899457184,0.07121486961841583,-0.015958817675709724,0.16531965215737812,JPEG,11.400148391723633,10.0,0.057520024478435516,12.098945617675781,0.1759188324213028,20.0,-2.0955804829890976,640,0.0,0.8794949054718018,5.220699787139893,4.047391891479492,-0.025524020195007324,1.0255240201950073,1.0885604091423884,1.03641239306316,0.2941283588099991,0.7778099018342066,0.39222319243217707,1.0,640
defactify,0,0,26438,0.33460499125735177,0.026396369561553,0.005606807768344879,0.07068223988192723,JPEG,21.07771110534668,10.0,0.0060164835304021835,16.12175941467285,0.05266662314534187,20.0,-2.5886433855382824,640,0.0,0.7591988444328308,2.1429460048675537,2.6236488819122314,0.6676650047302246,0.3323349952697754,1.0639349934135647,0.4146683198370558,0.3148962706464883,0.8836501489045634,0.39576056735004717,1.0,478
defactify,0,0,13652,0.772459734452708,0.042078450322151184,-0.0029011431615799665,0.08624370555426801,JPEG,31.013286590576172,10.0,0.00037618933129124343,23.864381790161133,0.029950225725769997,20.0,-3.1657794365376124,427,0.0,0.35779455304145813,1.001753330230713,5.383608818054199,0.05726712942123413,0.9427328705787659,1.2406909445134244,0.4494384707067255,0.38236103492973766,0.8993044915077941,0.2894631202224278,1.0,640
defactify,0,0,36111,0.21882062872406,0.12753841280937195,0.007756703998893499,0.23655912844948096,JPEG,13.832988739013672,10.0,0.0614708811044693,12.892266273498535,0.16487500071525574,20.0,-2.1873071094548755,500,0.0,0.8968526124954224,7.988038539886475,4.426269054412842,0.6057901382446289,0.3942098319530487,1.3158963306572806,1.88035417473749,0.16443614254911323,0.6602991655690443,0.4052907043268321,1.0,375
defactify,0,0,29670,0.5180735527174419,0.12305565923452377,-0.012695775367319584,0.28625489920630126,JPEG,24.918987274169922,10.0,0.004933387506753206,19.59099578857422,0.07506868243217468,20.0,-2.6945523099486803,564,0.0,0.6582683324813843,2.1039633750915527,2.785015106201172,0.23000919818878174,0.7699908018112183,1.2236218827961898,0.5361722311749941,0.3611918207242272,0.860908932143778,0.37018449851231994,1.0,640
defactify,0,0,19896,0.580394922425952,0.028119590133428574,0.007311453577131033,0.1276532204842249,JPEG,28.83793830871582,10.0,0.0023939686361700296,25.211856842041016,0.030624156817793846,20.0,-2.8062526856983383,640,0.0,0.6774589419364929,1.8785216808319092,7.920942306518555,0.4745730757713318,0.5254269242286682,1.1836666547812,0.42423048151563914,0.25592707922693436,0.892444114158489,0.33820392857066245,1.0,480
defactify,0,0,23166,0.6219576299157733,0.029876232147216797,0.003176066791638732,0.1250416625612443,JPEG,29.768369674682617,10.0,0.00424057524651289,27.242021560668945,0.039351630955934525,20.0,-2.833020152591554,480,0.0,0.7647255063056946,2.817084789276123,11.436094284057617,0.22347211837768555,0.7765278816223145,1.229396893479163,0.6731151583359367,0.257200266760541,0.8812306925586805,0.3649095484283384,1.0,640
defactify,0,0,45698,0.47566871891196216,0.09116680920124054,0.0015041802544146776,0.25006587842910794,JPEG,20.517894744873047,10.0,0.017628759145736694,18.473291397094727,0.1093076542019844,20.0,-2.475325402250627,425,0.0,0.8193698525428772,6.319637298583984,8.050105094909668,0.6026486158370972,0.39735135436058044,1.2982613756651935,2.2409563121254585,0.19018180258631057,0.7182956545506612,0.3984574698513386,1.0,640
defactify,0,0,32392,0.49580005508124486,0.09900926798582077,-0.006265679374337196,0.14387812290129337,JPEG,20.388164520263672,10.0,0.004274742212146521,21.182958602905273,0.06792272627353668,20.0,-2.550438127912213,640,0.0,0.6855049729347229,2.3880960941314697,3.1370928287506104,0.3870468735694885,0.6129531264305115,1.2680975205432132,0.6784224271886441,0.38798859290383514,0.8824912960815996,0.38392852422047513,1.0,640
defactify,0,0,61065,0.14006300866369126,0.048598065972328186,-0.0019666971638798714,0.1408361614724406,JPEG,19.238431930541992,10.0,0.06245795637369156,15.950721740722656,0.31376785039901733,20.0,-1.8284628858787981,640,0.0,0.8427017331123352,7.188526630401611,8.075899124145508,0.624974250793457,0.37502574920654297,1.4981607637644192,2.3813322919762334,0.19078066077640202,0.6474540758115698,0.40588608931800146,1.0,480
defactify,0,0,29548,0.5541423720125584,0.034426841884851456,0.014295420609414577,0.20055085060048153,JPEG,27.405990600585938,10.0,0.006355820689350367,26.94000244140625,0.053652092814445496,20.0,-2.6054940706278713,478,0.0,0.7755497097969055,4.214613437652588,11.704109191894531,0.38872456550598145,0.6112754344940186,1.3831500842349922,1.151733376214458,0.25199337590742343,0.8321429283000752,0.38233596625759214,1.0,640
defactify,0,0,34863,0.4127839367392821,0.06885965168476105,0.0008380241924896836,0.256775427917324,JPEG,20.654605865478516,10.0,0.007888205349445343,19.337867736816406,0.0697544738650322,20.0,-2.613277206107843,428,0.0,0.7622474431991577,3.5831663608551025,2.8260529041290283,0.3217349052429199,0.6782650947570801,1.210711146313107,0.9804193377606706,0.25151799056987423,0.7744975654690461,0.39521249441143164,1.0,640
defactify,0,0,43576,0.25180264117313456,0.11613321304321289,0.01216510683298111,0.16630625384296682,JPEG,15.949420928955078,10.0,0.018797053024172783,16.378679275512695,0.057024382054805756,20.0,-2.7391939951151065,448,0.0,0.8862205743789673,4.629603862762451,5.605538368225098,0.3468132019042969,0.6531867980957031,1.110476705181045,0.8989232587735149,0.20589139886856386,0.752766701943684,0.4033901056796609,1.0,640
defactify,0,0,32983,0.7074940186771629,0.14020636677742004,-0.006135870236903429,0.293423256494915,JPEG,19.80562973022461,10.0,0.011396548710763454,16.684280395507812,0.09855955094099045,20.0,-2.3979192248438377,480,0.0,0.7615330815315247,4.532983303070068,8.472588539123535,0.24843478202819824,0.7515652179718018,1.4252565396156744,1.4229500559397963,0.23447693311411064,0.8190732982438507,0.36763171849676407,1.0,640
defactify,0,0,17068,0.6750654078034354,0.14863958954811096,0.004618421662598848,0.2907021717681764,JPEG,28.757549285888672,10.0,0.0018968743970617652,31.113500595092773,0.020578699186444283,20.0,-2.9441591487294927,360,0.0,0.7092117667198181,1.970588207244873,10.160489082336426,0.300079882144928,0.699920117855072,1.0858126596943765,0.46894882859322706,0.3444067285497484,0.88340463165944,0.35957852693894937,1.0,640
defactify,0,0,28884,0.5300099115304138,0.10426055639982224,0.00024941060109995306,0.25581968973761576,JPEG,13.771230697631836,10.0,0.016440916806459427,16.452411651611328,0.05866627022624016,20.0,-2.6737503933718108,378,0.0,0.8777487277984619,5.497348785400391,2.480888843536377,0.6223609447479248,0.3776390254497528,1.0991927293584927,1.1661166146937172,0.17757777045448922,0.7470146463785388,0.4044475624085529,1.0,500
defactify,0,0,32756,0.7674132846510322,0.08928020298480988,0.007443547714501619,0.17098295002978964,JPEG,19.57347297668457,10.0,0.02430177666246891,19.531068801879883,0.14928698539733887,20.0,-2.2451516459754157,640,0.0,0.8145413398742676,4.701506614685059,8.334915161132812,0.17984157800674438,0.8201584219932556,1.3579070815460619,1.2414079531807278,0.27783739776980065,0.803633614241521,0.37777591311445674,1.0,428
defactify,0,0,32604,0.3697559931506849,0.05705897882580757,-0.005918951705098152,0.1557459144253285,JPEG,15.057086944580078,10.0,0.02216820791363716,14.88979434967041,0.10414440184831619,20.0,-2.2693768934832494,500,0.0,0.8489760160446167,6.281461715698242,4.965729236602783,0.6465621590614319,0.3534378409385681,1.2222625378146759,1.6470701551505664,0.18599972425324043,0.6873679641279189,0.40897336487659103,1.0,375
defactify,0,0,44750,0.637704432037156,0.056728262454271317,0.005228515714406967,0.15133262330214356,JPEG,21.776798248291016,10.0,0.01867678202688694,17.197423934936523,0.08239865303039551,20.0,-2.4150728456223782,480,0.0,0.8583935499191284,5.485140800476074,10.560803413391113,0.5552928447723389,0.44470712542533875,1.2773788916487199,1.4461793236101887,0.21341797339055052,0.7551707677394579,0.3958707616775477,1.0,640
defactify,0,0,17361,0.613029819437335,0.06840886920690536,0.010246139951050282,0.20453797911355706,JPEG,25.962913513183594,10.0,0.0057225096970796585,22.924367904663086,0.039711158722639084,20.0,-2.817053209995497,430,0.0,0.8110992908477783,2.279223918914795,12.249114990234375,0.22497618198394775,0.7750238180160522,1.0515417317477957,0.38808817289739167,0.3815600419701498,0.908881343022192,0.3297164420710499,1.0,640
defactify,0,0,36904,0.8605882691532838,0.13396385312080383,0.007732455153018236,0.1624247213082222,JPEG,14.151931762695312,10.0,0.03366846591234207,12.432147026062012,0.1669803112745285,20.0,-2.103505210313866,640,0.0,0.8354753851890564,4.500292778015137,4.161403656005859,0.28488653898239136,0.7151134610176086,1.305249555624976,0.9431278416508999,0.2842884509266907,0.7916811222749006,0.36265892097943425,1.0,426
defactify,0,0,14470,0.6684914428199026,0.0686158686876297,0.010158265940845013,0.17803255929275133,JPEG,34.96751022338867,10.0,0.0006401062128134072,25.06528663635254,0.020269135013222694,20.0,-2.960079191652379,384,0.0,0.3955167233943939,1.4559123516082764,7.546098709106445,0.3836461901664734,0.6163538098335266,1.1819931015265472,0.5210232887150777,0.254059881978877,0.8928639711842955,0.3043695578459721,1.0,640
defactify,0,0,25182,0.39493947323832296,0.05363662540912628,0.011852309107780457,0.1611254951039493,JPEG,27.592700958251953,10.0,0.00418712105602026,24.341371536254883,0.04798853397369385,20.0,-2.7388683909392983,640,0.0,0.7062086462974548,2.2487034797668457,8.466347694396973,0.44687509536743164,0.5531249046325684,1.2201912856859414,0.5303526581021825,0.2445544568353365,0.8665387595242199,0.3872008038834609,1.0,480
defactify,0,0,39191,0.5275222564136319,0.15442104637622833,0.00366807053796947,0.27086601924604764,JPEG,20.3619384765625,10.0,0.006380080711096525,16.722511291503906,0.07562944293022156,20.0,-2.479952616914341,640,0.0,0.7031883001327515,4.377376079559326,5.327009201049805,0.5860639214515686,0.4139360785484314,1.350504848816399,1.5201359495935969,0.2181542322860151,0.7994037576585125,0.3866025692404266,1.0,480
defactify,0,0,46694,0.6761165980247111,0.10123367607593536,0.0033396396320313215,0.23371722535490894,JPEG,20.26178550720215,10.0,0.028663109987974167,21.746429443359375,0.09671465307474136,20.0,-2.6191630227470855,426,0.0,0.8810824155807495,5.299372673034668,7.238804817199707,0.5810368061065674,0.41896316409111023,0.9861316235470367,1.088636120565802,0.19976569177170744,0.736920893183927,0.40238688270229,1.0,640
defactify,0,0,45061,0.30284251650276167,0.1417284458875656,0.004296611063182354,0.2719667471167516,JPEG,19.216228485107422,10.0,0.011123242788016796,17.614702224731445,0.08325184136629105,20.0,-2.549830773019108,480,0.0,0.7892086505889893,4.2500081062316895,3.3448030948638916,0.651837944984436,0.34816208481788635,1.3212399806681163,1.233284538820305,0.17644525230638225,0.7558798164339705,0.39773947671214727,1.0,640
defactify,0,0,59074,0.6510638297872341,0.08466537296772003,0.005348521284759045,0.17200127322440073,JPEG,23.889484405517578,10.0,0.04930240660905838,25.37057113647461,0.26833462715148926,20.0,-1.8657040442887383,480,0.0,0.820990800857544,6.401215076446533,12.197962760925293,0.6847752332687378,0.3152247369289398,1.4690523673189384,2.0510690829790392,0.1777096513216514,0.6465621037941759,0.40531217767213923,1.0,640
defactify,0,0,60001,0.2899751449875725,0.19593864679336548,0.0052866218611598015,0.2840125083634611,JPEG,19.592557907104492,10.0,0.021763848140835762,13.846084594726562,0.15812809765338898,20.0,-2.206964649395865,640,0.0,0.7892821431159973,6.098158836364746,4.615734100341797,0.5781922340393066,0.42180776596069336,1.3897250059839645,2.277624053107837,0.19348098875896091,0.6699791067360132,0.40612449719873356,1.0,480
defactify,0,0,31262,0.44709092126405997,0.049766212701797485,0.008423554711043835,0.2140172284052416,JPEG,30.714662551879883,10.0,0.005930556450039148,24.056514739990234,0.09645752608776093,20.0,-2.4847904172067716,640,0.0,0.6822816729545593,3.0922491550445557,9.451820373535156,0.5212301015853882,0.4787698984146118,1.3265741421896937,0.9896506796800533,0.27879556746183015,0.8171181049804532,0.382336967509944,1.0,480
defactify,0,0,64487,0.18734241048915784,0.07533413916826248,0.006965550594031811,0.279435006731203,JPEG,15.040237426757812,10.0,0.03637459874153137,14.170034408569336,0.21175946295261383,20.0,-2.1185493751354625,640,0.0,0.8074697256088257,6.964168071746826,5.216467380523682,0.6767979264259338,0.32320207357406616,1.466810135756852,2.5206982063001804,0.18419692862492734,0.6558580996660275,0.4090698503650533,1.0,480
defactify,0,0,20059,0.6506738618309319,0.03661056607961655,-0.0018716289196163416,0.16450164676962808,JPEG,30.28376007080078,10.0,0.00332073075696826,28.569843292236328,0.03972534462809563,20.0,-2.7475461007631887,640,0.0,0.7110245227813721,2.8211147785186768,10.812579154968262,0.285011887550354,0.714988112449646,1.1997644214512362,0.7534082366692383,0.34073573882276115,0.8848579041966818,0.3575591048596742,1.0,427
defactify,0,0,37566,0.20346856611954164,0.057904720306396484,0.005340391770005226,0.17026214585005048,JPEG,18.15656852722168,10.0,0.02318895235657692,18.754108428955078,0.131932333111763,20.0,-2.3971396892856096,360,0.0,0.823815107345581,4.7803120613098145,4.040099143981934,0.5494987964630127,0.4505011737346649,1.2757272965314097,1.2756318153790054,0.21133234868089432,0.7364278979365549,0.40692994735259036,1.0,640
defactify,0,0,35866,0.4544592421556096,0.07619136571884155,-0.001362520968541503,0.19463996157244406,JPEG,24.74368667602539,10.0,0.007408130448311567,24.797752380371094,0.12079509347677231,20.0,-2.449238370442991,427,0.0,0.6728270649909973,3.7754123210906982,4.564907073974609,0.45518630743026733,0.5448136925697327,1.2896381828396142,1.38502719951568,0.2036406347717319,0.7623892823980084,0.39561117227713444,1.0,640
defactify,0,0,57903,0.2578623518687329,0.08742836117744446,0.003411088138818741,0.22794557923013795,JPEG,16.40018081665039,10.0,0.027072694152593613,13.549396514892578,0.10175370424985886,20.0,-2.3297782212799003,640,0.0,0.8654053807258606,6.685023307800293,5.2846455574035645,0.6697714924812317,0.3302285075187683,1.182377297307729,1.9681281069814567,0.15329050937102387,0.6487234664635311,0.4077067456797549,1.0,427
defactify,0,0,27849,0.7933100540004198,0.1038435846567154,0.007726261392235756,0.3740377183296308,JPEG,20.355031967163086,10.0,0.02626514621078968,22.85757064819336,0.13251535594463348,20.0,-2.3663683894087395,480,0.0,0.8373953104019165,4.629730701446533,10.816492080688477,0.00967860221862793,0.9903213977813721,1.3444324858840055,1.012838740357342,0.6392109418554364,0.8821765182566849,0.3239839083928961,1.0,640
defactify,0,0,44604,0.47104783165001496,0.09048810601234436,-0.004954863805323839,0.20454482422198522,JPEG,23.683183670043945,10.0,0.0114003149792552,24.494789123535156,0.09520038962364197,20.0,-2.4156057970443814,480,0.0,0.7754836678504944,5.108614444732666,7.568256378173828,0.5853897333145142,0.41461026668548584,1.398388367493684,1.7867501247265718,0.19422619818271145,0.7490059901207581,0.3923999891297945,1.0,640
defactify,0,0,23168,0.6672375910451376,0.1263049840927124,0.002757498761638999,0.3403098611176703,JPEG,29.056869506835938,10.0,0.019203539937734604,29.864233016967773,0.08637841790914536,20.0,-2.492564444672622,336,0.0,0.8597510457038879,6.6341962814331055,11.207399368286133,0.5272202491760254,0.4727797508239746,1.2992576559136038,2.153011673395398,0.2705395189098798,0.7740779698112795,0.3608104019974579,1.0,500
defactify,0,0,44597,0.319783423573511,0.10582610219717026,0.00889674387872219,0.23307490747851686,JPEG,21.186969757080078,10.0,0.012416158802807331,14.905628204345703,0.13431179523468018,20.0,-2.496805907377873,480,0.0,0.7343073487281799,4.458370685577393,5.4561543464660645,0.5574745535850525,0.4425254464149475,1.409258082029312,1.5346549311551025,0.18793703077325064,0.7340517916477423,0.39015943481526827,1.0,640
defactify,0,0,43956,0.49288979177247333,0.08074508607387543,0.005143854767084122,0.20055590451337987,JPEG,21.65593719482422,10.0,0.026413915678858757,15.77325439453125,0.1046181470155716,20.0,-2.4833764352780494,640,0.0,0.8684216737747192,3.951528549194336,12.336640357971191,0.4864014983177185,0.5135985016822815,1.3000937407869444,0.7204572182332462,0.26370753372245426,0.8281359424962247,0.3618189699410455,0.9999999999999999,628
defactify,0,0,44081,0.572170562117785,0.0769466832280159,-0.0015466039767488837,0.2068759305763716,JPEG,21.54384422302246,10.0,0.011316103860735893,21.327791213989258,0.08793439716100693,20.0,-2.5148929370689803,480,0.0,0.7813964486122131,4.267971515655518,4.653081893920898,0.6892446279525757,0.31075534224510193,1.3471488083514511,1.2583779945117153,0.1914743165419758,0.7599818268678795,0.39806689492527025,1.0,640
defactify,0,0,54346,0.07042253521126761,0.0,0.0,0.0,JPEG,16.42315673828125,10.0,0.024347716942429543,15.22356128692627,0.12787486612796783,20.0,-2.208772913237999,411,0.0,0.8291372060775757,6.47506046295166,5.171036243438721,0.8384157419204712,0.16158422827720642,1.181052207133505,2.061805750049494,0.15643332030613233,0.6299486233547759,0.40646265422755895,1.0,640
defactify,0,0,38302,0.6806158476587371,0.01784862019121647,-0.001806145184673369,0.08557086578506,JPEG,23.016807556152344,10.0,0.010371928103268147,20.117259979248047,0.07459171116352081,20.0,-2.5342917355185044,640,0.0,0.7642063498497009,5.427690505981445,6.756342887878418,0.5432571172714233,0.4567428529262543,1.354819182856861,1.5554373934367267,0.3819805583097081,0.8017885243019026,0.37908883107338764,1.0,481
defactify,0,0,39074,0.41107651380029625,0.06645546853542328,0.014333603903651237,0.20580427614538416,JPEG,22.325130462646484,10.0,0.008662165142595768,21.615882873535156,0.065193772315979,20.0,-2.710182887253478,480,0.0,0.7806113362312317,4.240855693817139,8.933804512023926,0.4927385449409485,0.5072614550590515,1.2952657398254137,1.1949002346160986,0.18878039701173135,0.7907095782059443,0.39855622187874473,1.0,640
defactify,0,0,22220,0.8055922917060269,0.0749305784702301,0.00925006065517664,0.177304907116322,JPEG,22.655012130737305,10.0,0.005712204147130251,19.66307830810547,0.050004467368125916,20.0,-2.8095520278721757,428,0.0,0.7582788467407227,3.3451857566833496,7.014820575714111,-0.01336967945098877,1.0133696794509888,1.2887168650711036,0.8317657571214951,0.3783785662084451,0.8814583755967926,0.32211875361552583,1.0,640
defactify,0,0,53327,0.39271765150560667,0.03464818000793457,0.004745061043649912,0.18583337495897254,JPEG,19.286752700805664,10.0,0.014156751334667206,18.95757293701172,0.10395361483097076,20.0,-2.6145384652609973,480,0.0,0.7912757992744446,6.290920734405518,3.714484930038452,0.6596710681915283,0.34032896161079407,1.4549951695995218,2.602463237644663,0.20025771529439623,0.7129167812727597,0.40204615064758525,0.9999999999999999,640
defactify,0,0,29157,0.5699747859073666,0.09488405287265778,-0.016907820478081703,0.227607208216488,JPEG,24.730228424072266,5.0,0.016731711104512215,14.686670303344727,0.21241137385368347,20.0,-2.0623807034422694,427,0.0,0.6064472794532776,6.279506683349609,3.999251127243042,0.4319899082183838,0.5680100917816162,1.3484003728335268,1.6991150027603197,0.34135893271795875,0.8315409977780158,0.37157777784997426,1.0,640
defactify,0,0,24511,0.56208749697082,0.02587278187274933,-0.006660995539277792,0.11763870891423335,JPEG,27.660140991210938,10.0,0.005730841774493456,27.460960388183594,0.03798302635550499,20.0,-2.6025319957425057,480,0.0,0.8096555471420288,3.435084819793701,12.27276611328125,0.26877689361572266,0.7312231063842773,1.2522999852601846,0.7187703527640813,0.30272554416294073,0.8726598161818524,0.3782778249080071,1.0,640
defactify,0,0,83146,0.4008561977038334,0.07718206942081451,0.005104494746774435,0.14257436815149266,JPEG,12.127226829528809,10.0,0.0720805674791336,12.474245071411133,0.17740119993686676,20.0,-2.166380839993573,480,0.0,0.8940445184707642,9.173550605773926,3.6545298099517822,0.7185383439064026,0.2814616560935974,1.3086164495050385,2.7536777142630973,0.1384036031813672,0.5731909433110735,0.40736798744243385,1.0,640
defactify,0,0,15908,0.8471432867238009,0.026199394837021828,-0.0059051173739135265,0.09480663245031448,JPEG,25.353191375732422,8.0,0.010745019651949406,22.483797073364258,0.10064859688282013,20.0,-2.536599395498891,427,0.0,0.7716187238693237,3.612889528274536,9.999531745910645,0.20357239246368408,0.7964276075363159,1.236005899093902,0.8881393164180362,0.3959478222680415,0.9148484166855199,0.24838373264147534,0.9999999999999999,640
defactify,0,0,11962,0.5925857031025957,0.053761955350637436,0.0050255730748176575,0.08125574722272379,JPEG,33.19768524169922,10.0,0.0013370222877711058,27.872501373291016,0.014410062693059444,20.0,-3.1297613579001973,640,0.0,0.6095276474952698,0.5018534064292908,7.509304046630859,0.5490148067474365,0.4509851634502411,1.0450107753366729,0.09792888898618102,0.37410434246261354,0.9548861050889292,0.30330113636199596,1.0,480
defactify,0,0,25215,0.4218758092081413,0.12243755161762238,0.0036145076155662537,0.29860641410392746,JPEG,24.813392639160156,10.0,0.0026276896242052317,21.162460327148438,0.03622150048613548,20.0,-2.938284733481224,428,0.0,0.6815392971038818,1.7542234659194946,2.206448554992676,0.4367086887359619,0.5632913112640381,1.0923654972028158,0.4860050206168194,0.30801508181610876,0.8532232096173558,0.37941609602480353,1.0,640
defactify,0,0,15268,0.5735884292923272,0.03317846357822418,0.018990065902471542,0.14007490158723837,JPEG,27.410306930541992,10.0,0.005051830317825079,19.91053009033203,0.04106529802083969,20.0,-2.6828363595097473,427,0.0,0.7984964847564697,1.7125473022460938,12.112733840942383,0.2494744062423706,0.7505255937576294,1.0055561384566805,0.2696939332975923,0.32983811089551984,0.9234628913514934,0.32991840307097264,1.0,640
defactify,0,0,54816,0.12682748538011696,0.0535220205783844,0.015884466469287872,0.12411010264549734,JPEG,16.85088539123535,10.0,0.03963066637516022,14.63427734375,0.27552521228790283,20.0,-1.895353831385033,640,0.0,0.788142740726471,5.069847106933594,5.2696733474731445,0.5692159533500671,0.43078404664993286,1.309153164167461,1.419664946217539,0.22061742818608038,0.7048469395862788,0.4068638052966716,1.0,512
defactify,0,0,31371,0.7135042950985346,0.048376306891441345,-0.0007394984713755548,0.13044301102838518,JPEG,18.381240844726562,10.0,0.017618542537093163,18.552806854248047,0.11255490034818649,20.0,-2.5203695045038867,640,0.0,0.8089951276779175,3.7424235343933105,4.769467353820801,0.4083138108253479,0.5916861891746521,1.2231485413270806,0.8646347236184271,0.3434603644343279,0.8442151852387481,0.3690588239515712,0.9999999999999999,480
defactify,0,0,45841,0.6424904741744285,0.14378127455711365,0.003399069420993328,0.26390835683548863,JPEG,19.752174377441406,10.0,0.022092953324317932,15.853370666503906,0.17241302132606506,20.0,-2.2505232858572377,426,0.0,0.7766442894935608,6.240024566650391,7.035219669342041,0.46727705001831055,0.5327229499816895,1.373704694060091,2.288299462462652,0.2093991962836274,0.7188518246404496,0.39419009270700406,1.0,640
defactify,0,0,24248,0.5337977170506762,0.016948694363236427,0.009180419147014618,0.12860173623097082,JPEG,17.688188552856445,5.0,0.04449540749192238,15.552054405212402,0.14817480742931366,20.0,-2.3927604420691826,500,0.0,0.8817473649978638,6.646755695343018,7.431711673736572,0.3884849548339844,0.6115150451660156,1.2448170061424542,1.5019962414477088,0.2948216529504818,0.7964239681514187,0.3843217992672885,1.0,409
defactify,0,0,26704,0.6576093907655577,0.06425851583480835,0.002585465321317315,0.28169887973464935,JPEG,25.968353271484375,10.0,0.004762930795550346,20.969928741455078,0.06458589434623718,20.0,-2.6799807380977816,450,0.0,0.7121016979217529,3.0469439029693604,9.01921558380127,0.3042992353439331,0.6957007646560669,1.3026539192958482,0.824430259078526,0.27679920734758,0.8388212980682428,0.3612334034792237,1.0,640
defactify,0,0,54640,0.7573493830147593,0.08795862644910812,0.005542605649679899,0.19782745955329348,JPEG,20.914060592651367,10.0,0.047203294932842255,17.52417755126953,0.1806008666753769,20.0,-2.1832481078631867,424,0.0,0.8815644979476929,7.720968723297119,9.34537410736084,0.5863305330276489,0.4136694371700287,1.343648045411182,2.297344806456585,0.24042159489241788,0.6610288390137363,0.3961156079253865,1.0,640
defactify,0,0,34808,0.5389926124916051,0.15531732141971588,0.005963975563645363,0.1661546884240629,JPEG,25.428640365600586,10.0,0.015218337997794151,21.274349212646484,0.11066268384456635,20.0,-2.5498652060071176,426,0.0,0.8028550148010254,4.030743598937988,13.012772560119629,0.518813967704773,0.48118606209754944,1.1905646733017927,1.0052572283224204,0.2543502064502494,0.7920394591633995,0.3900827525908891,1.0,640
defactify,0,0,29427,0.6009570206241653,0.16514471173286438,0.001337509136646986,0.1599340222244459,JPEG,27.49458122253418,10.0,0.005730818957090378,18.945545196533203,0.11035596579313278,20.0,-2.4251012746502836,640,0.0,0.6466624736785889,3.692946672439575,5.672957420349121,0.14713013172149658,0.8528698682785034,1.4234276240739683,1.4448897899043447,0.21598259686985047,0.8363293917196805,0.3695978934476131,1.0,454
defactify,0,0,58745,0.34763453267596767,0.08676601946353912,0.005407718941569328,0.17808616551616369,JPEG,18.19680404663086,10.0,0.02081146277487278,13.092758178710938,0.10892917960882187,20.0,-2.477085757583801,480,0.0,0.8302009105682373,5.837835311889648,4.305016040802002,0.6921808123588562,0.3078191876411438,1.3514015087413913,1.808904028470827,0.16736385523574115,0.6792771391547994,0.40814992335847966,1.0,640
defactify,0,0,25256,0.5941567224743756,0.02632376365363598,-0.0005257092416286469,0.19476229843653176,JPEG,20.758148193359375,10.0,0.02387392707169056,20.239965438842773,0.13080404698848724,20.0,-2.139525627434539,333,0.0,0.8253481984138489,7.266851902008057,8.393951416015625,0.2613943815231323,0.7386056184768677,1.406931450757659,2.3905461368299195,0.2120091646235551,0.7318083247148627,0.3939114479211354,1.0,500
defactify,0,0,34231,0.32190935606910476,0.1341601312160492,0.005525529384613037,0.2811648241246557,JPEG,24.14335060119629,10.0,0.00751870684325695,16.627197265625,0.08354029804468155,20.0,-2.5798706171988246,427,0.0,0.731109619140625,3.8669519424438477,6.446847438812256,0.6102843284606934,0.38971570134162903,1.248516489348417,1.2706301752370854,0.2127614239335109,0.7948567627854137,0.38776459203895225,1.0,640
defactify,0,0,38238,0.43831596747320517,0.09057869017124176,0.006287772208452225,0.2393697825106217,JPEG,28.18058967590332,10.0,0.0020326587837189436,20.928003311157227,0.05996019393205643,20.0,-2.653507740170492,640,0.0,0.5358849763870239,2.251190423965454,4.083285808563232,0.6527055501937866,0.34729447960853577,1.2188953722362104,0.9304356974793168,0.19686704071030356,0.788861779484624,0.36954775841114995,1.0,558
defactify,0,0,42088,0.40571857945107964,0.05591752752661705,-0.012204617261886597,0.16409941429048072,JPEG,22.88414192199707,8.0,0.017241917550563812,17.399736404418945,0.19737252593040466,20.0,-2.1607222975879403,428,0.0,0.7243826985359192,5.565252304077148,8.745333671569824,0.5120260119438171,0.48797398805618286,1.5217999288458186,2.2801751129765453,0.20570704494360037,0.7098255428541722,0.3923248238057149,1.0,640
defactify,0,0,13554,0.7625240269101393,0.03028254769742489,-0.010913657024502754,0.08489106399855698,JPEG,23.764297485351562,10.0,0.007978699170053005,24.529850006103516,0.06149543076753616,20.0,-2.198507561382912,333,0.0,0.7725013494491577,3.7957684993743896,6.158142566680908,0.17228931188583374,0.8277106881141663,1.2226947499436627,0.827054529929866,0.38460204931448116,0.8835767253893048,0.3496214395271141,1.0,500
defactify,0,0,7871,0.9344965306535623,0.009156915359199047,-0.0015463668387383223,0.0666002559402641,JPEG,21.329586029052734,10.0,0.006929396651685238,17.10527229309082,0.07406923919916153,20.0,-2.7805077154241062,427,0.0,0.7424299120903015,1.2563986778259277,7.020713806152344,-0.889387845993042,1.889387845993042,1.349380573392593,0.14072569782786828,0.8032714687564998,0.9727020039608485,0.14143504903177148,1.0,640
defactify,0,0,34295,0.4682485225436597,0.04945192113518715,0.006774678360670805,0.18375727475698317,JPEG,23.96715545654297,10.0,0.0044565582647919655,18.7198486328125,0.05194786563515663,20.0,-2.807740803005327,480,0.0,0.7351140379905701,3.7881901264190674,6.649883270263672,0.40066587924957275,0.5993341207504272,1.3482055730731297,1.3143943134286342,0.19178532447578392,0.8112903492239127,0.3871013229520154,1.0,640
defactify,0,0,33063,0.3278834389945501,0.05846238508820534,0.013103466480970383,0.14512076189852424,JPEG,22.90290641784668,10.0,0.009635836817324162,20.04901123046875,0.10090211033821106,20.0,-2.401628333107078,640,0.0,0.7344518899917603,4.3875651359558105,4.741883754730225,0.4171428084373474,0.5828571915626526,1.2083752514141481,1.5214352199727657,0.2008075141955388,0.7000968621546566,0.3764071033950731,1.0,362
defactify,0,0,43924,0.4789165037698967,0.04872581362724304,0.016025671735405922,0.23120801850634334,JPEG,22.13212013244629,10.0,0.016394754871726036,22.961414337158203,0.1030513197183609,20.0,-2.3813526392204816,424,0.0,0.8112977743148804,6.193371772766113,7.244406700134277,0.6549060940742493,0.34509390592575073,1.3399825205402727,2.1649059121990875,0.17727208999037047,0.7289713704008879,0.3988284120766229,1.0,640
defactify,0,0,36978,0.4966760230462402,0.06698133796453476,0.021709490567445755,0.1721633607710767,JPEG,38.7478141784668,10.0,0.0029194208327680826,29.814231872558594,0.09280643612146378,20.0,-2.566975057377457,598,0.0,0.5718187689781189,3.414595365524292,11.663202285766602,0.558175802230835,0.4418242275714874,1.3337228663958693,1.4270688614190568,0.24708739120621687,0.8229497135572162,0.3771878264105198,1.0,640
defactify,0,0,29814,0.6021136859011128,0.06387321650981903,0.012973294593393803,0.16576288309648762,JPEG,24.764217376708984,10.0,0.004316129721701145,19.897945404052734,0.044240836054086685,20.0,-2.5320920249045127,640,0.0,0.7358850240707397,3.114091157913208,7.29961633682251,0.5310131311416626,0.4689868688583374,1.2885285970986022,0.8205906787917889,0.24329642717523386,0.8414797829273892,0.372880730949829,1.0,480
defactify,0,0,29596,0.7702590094927194,0.10839792340993881,0.013251565396785736,0.13041179118698504,JPEG,15.105653762817383,10.0,0.04838011413812637,18.554298400878906,0.17561405897140503,20.0,-1.9679919456504116,480,0.0,0.8635135889053345,4.769326210021973,6.284111976623535,-0.3009967803955078,1.3009967803955078,1.5099104216848074,0.9037287152218665,0.3876026737317426,0.8473287687494306,0.3264441758698752,0.9999999999999999,640
defactify,0,0,23270,0.7203823071793732,0.08821183443069458,-0.007439171429723501,0.12286662468917757,JPEG,26.69009017944336,10.0,0.003065523924306035,21.579954147338867,0.026691123843193054,20.0,-2.6859263591580556,640,0.0,0.7546659708023071,2.6126458644866943,5.78334903717041,0.19102293252944946,0.8089770674705505,1.3008090813087954,0.5563518147566082,0.2667487608238587,0.8866151942037102,0.35640460673200003,1.0,480
defactify,0,0,56851,0.5256458632052927,0.0889660194516182,7.145276867959183e-06,0.31584506640779975,JPEG,18.234149932861328,8.0,0.015881288796663284,18.01703643798828,0.09635865688323975,20.0,-2.3072517839075397,480,0.0,0.8195971846580505,7.3910346031188965,6.613720893859863,0.5525543689727783,0.44744566082954407,1.4975758396185437,2.946678940633122,0.18469547876304318,0.6918504595830034,0.3949681580887279,1.0,640
defactify,0,0,57435,0.29583333333333334,0.06433460861444473,0.0012161578051745892,0.1766268022440278,JPEG,20.430850982666016,10.0,0.014558150433003902,16.34056854248047,0.08296610414981842,20.0,-2.4984103539302054,480,0.0,0.820709228515625,5.961507797241211,4.989712715148926,0.7159051895141602,0.28409481048583984,1.3419878043120217,1.9276775633655845,0.1534162561381439,0.6910068064661273,0.4030563602659019,1.0,640
defactify,0,0,26187,0.5373195432018961,0.05092648044228554,-0.0031122947111725807,0.18462985933252546,JPEG,22.028209686279297,10.0,0.003900825511664152,22.705074310302734,0.05191173031926155,20.0,-2.7364569904080405,640,0.0,0.700011670589447,2.805706262588501,2.618705987930298,0.27770304679870605,0.722296953201294,1.2173866153012818,0.8459621519486653,0.20257761309706032,0.8200766113174964,0.3667589268183862,1.0,427
defactify,0,0,24209,0.6492370224931969,0.0496840626001358,-0.0058213467709720135,0.10553428454766556,JPEG,23.609088897705078,10.0,0.0050988770090043545,23.591365814208984,0.03733646124601364,20.0,-2.6653318940206843,640,0.0,0.794696033000946,2.9295613765716553,7.91841459274292,0.1352265477180481,0.8647734522819519,1.3068743437703236,0.5892917358135492,0.26241171678911346,0.8730982582865459,0.3646802436571187,1.0,480
defactify,0,0,20890,0.5136917488858549,0.026294495910406113,-0.007740972097963095,0.1069968363132629,JPEG,27.949466705322266,10.0,0.001417181920260191,27.004051208496094,0.024383047595620155,20.0,-2.888396251863207,427,0.0,0.6170184016227722,1.3835347890853882,3.949434280395508,0.5506905317306519,0.44930949807167053,1.1132244133786198,0.40258471982642646,0.2826225032410713,0.8609799967549215,0.36992043947286735,0.9999999999999999,640
defactify,0,0,35039,0.3995404411764706,0.10906077921390533,0.010548367165029049,0.22159463271440982,JPEG,22.978748321533203,10.0,0.007177429273724556,19.479785919189453,0.08813295513391495,20.0,-2.4762299859566306,424,0.0,0.7132642269134521,4.073221683502197,8.82196044921875,0.608254075050354,0.3917459547519684,1.2523925411944548,1.450984125497,0.1726927824750633,0.75766637353025,0.3849426706346222,0.9999999999999999,640
defactify,0,0,39252,0.3755508341202392,0.0,0.0,0.0,JPEG,19.520471572875977,10.0,0.009986267425119877,16.272748947143555,0.08154993504285812,20.0,-2.596262269122451,414,0.0,0.7798980474472046,5.123698711395264,5.391702651977539,0.644737958908081,0.35526204109191895,1.289233597195317,1.7815648532179085,0.17736046705387015,0.7491102487681814,0.397879829666297,1.0,640
defactify,0,0,30674,0.41605839416058393,0.03177417069673538,0.005306377541273832,0.19967744857501787,JPEG,18.63437271118164,10.0,0.011227618902921677,19.3638973236084,0.11418177932500839,20.0,-2.2245937482614258,640,0.0,0.7341777682304382,3.5364761352539062,3.6832046508789062,0.320570170879364,0.679429829120636,1.2632696986180367,0.9600724715222997,0.3219701820869004,0.8241623770198967,0.3986012138269288,1.0,427
defactify,0,0,28060,0.5424614204926675,0.0479295440018177,-0.00497263902798295,0.148241849171846,JPEG,18.921417236328125,10.0,0.010499825701117516,16.726978302001953,0.08654260635375977,20.0,-2.5549464697411883,375,0.0,0.7746875882148743,4.565807819366455,2.1851258277893066,0.7067482471466064,0.29325175285339355,1.2383849425949054,1.3733213836212166,0.17029003329351144,0.7332064532903009,0.4000894568584269,1.0,500
defactify,0,0,18013,0.38573410898222765,0.12900316715240479,-0.003951591439545155,0.281188975600158,JPEG,21.32642936706543,10.0,0.007196038495749235,18.403423309326172,0.08124316483736038,20.0,-2.4899983243623005,500,0.0,0.7338313460350037,3.115171194076538,6.322474002838135,0.5361117124557495,0.4638882875442505,1.098937150866522,0.7697429515827192,0.23317201177744692,0.8336128589600336,0.3878022407126117,0.9999999999999999,333
defactify,0,0,15610,0.562723792103917,0.08999045193195343,0.008861592039465904,0.18622013335982368,JPEG,21.446887969970703,10.0,0.01355755515396595,22.09225082397461,0.06384382396936417,20.0,-2.7033041034429304,500,0.0,0.9097913503646851,4.861915111541748,14.667452812194824,-0.0273287296295166,1.0273287296295166,1.1855180214375447,0.937442795001388,0.24031990189289928,0.8316302283456749,0.3614416796738621,1.0,332
defactify,0,0,32634,0.6858991481910189,0.08685479313135147,-0.0005432742182165384,0.3214184517579788,JPEG,32.684425354003906,10.0,0.0028991044964641333,30.21918296813965,0.04435519501566887,20.0,-2.7856433371072904,450,0.0,0.6008526086807251,2.746666431427002,8.413665771484375,0.4919152855873108,0.5080847144126892,1.1382278024900756,0.9496405274236093,0.20845701441167566,0.7838479214463783,0.38672199684422587,1.0,600
defactify,0,0,34317,0.6785481252181302,0.04751786217093468,0.004101693630218506,0.14322216566306917,JPEG,22.428491592407227,10.0,0.006548603996634483,20.748764038085938,0.04021154344081879,20.0,-2.6098245645897573,480,0.0,0.8230560421943665,4.164078712463379,6.294914245605469,0.4537079334259033,0.5462920665740967,1.2894462546647267,1.049082738888106,0.2390900304482359,0.8206418472826906,0.3763296545453209,1.0,640
defactify,0,0,60429,0.19763328046846407,0.06732268631458282,-0.005491954740136862,0.15600097400832927,JPEG,15.369552612304688,10.0,0.03783689811825752,13.883699417114258,0.1813383847475052,20.0,-2.1562275867289484,429,0.0,0.8399474024772644,7.743553638458252,4.586238384246826,0.6475017070770264,0.35249829292297363,1.4923729894062825,2.680555801176382,0.17502968161953666,0.6251942531590113,0.4087219626020526,0.9999999999999999,640
defactify,0,0,64658,0.3094337160751566,0.09907390177249908,0.0038402765057981014,0.21233932634062308,JPEG,17.297565460205078,10.0,0.04258689656853676,15.478023529052734,0.18491116166114807,20.0,-2.1876256331113906,480,0.0,0.8532937169075012,7.500524997711182,9.520843505859375,0.7980293035507202,0.20197069644927979,1.5133583427892618,2.5645145781465275,0.15451054528943992,0.6527968664966756,0.4029968865021082,1.0,640
defactify,0,0,34275,0.4606220516510754,0.0613766685128212,0.0018691974692046642,0.15908613794576967,JPEG,22.25092124938965,10.0,0.010230266489088535,20.298297882080078,0.0705275908112526,20.0,-2.6360726921207482,427,0.0,0.7860027551651001,4.449408531188965,8.877689361572266,0.551727294921875,0.448272705078125,1.2499915855511678,1.1800922192489658,0.21603324330801466,0.7859751529438844,0.39094622484957864,1.0,640
defactify,0,0,26746,0.44416676825551626,0.06646032631397247,0.005944807548075914,0.22212160906139966,JPEG,23.184919357299805,10.0,0.005338316783308983,20.41306495666504,0.04442453384399414,20.0,-2.9044102737152078,426,0.0,0.7692351937294006,2.8363213539123535,1.988283634185791,0.25242674350738525,0.7475732564926147,1.0831653828573522,0.7039503346326937,0.22829899601250048,0.8420099110244736,0.3830707734236429,1.0,640
defactify,0,0,43441,0.5479632930613323,0.04715058580040932,-0.0003497665748000145,0.1994847571010403,JPEG,13.892694473266602,10.0,0.08375760167837143,15.277809143066406,0.2743690013885498,20.0,-1.7913979426080646,375,0.0,0.8806285262107849,11.626653671264648,5.926044464111328,0.6181017160415649,0.38189828395843506,1.5532044090130916,4.177763710699047,0.14689105611551412,0.590590279521114,0.4057544982710262,1.0,500
defactify,0,0,20126,0.375366639419147,0.07702679932117462,0.009118359535932541,0.2614286625785924,JPEG,24.467103958129883,10.0,0.007988677360117435,18.34011459350586,0.06869547814130783,20.0,-2.6694697597289934,375,0.0,0.7771657705307007,3.673994779586792,8.812063217163086,0.4646441340446472,0.5353558659553528,1.3158202699176318,0.9233255070845072,0.2843340503476762,0.8270627464451251,0.37953178133965765,1.0,500
defactify,0,0,39062,0.3886948930597992,0.04977486655116081,0.005757355596870184,0.1817809151920667,JPEG,19.832530975341797,10.0,0.006956311874091625,15.192340850830078,0.09433241188526154,20.0,-2.5678311398135163,427,0.0,0.6935783624649048,4.908895492553711,3.3995180130004883,0.651627242565155,0.34837275743484497,1.3699847431192202,2.051626937927149,0.20398821805217066,0.7476261731276046,0.39465285492674496,1.0,640
defactify,0,0,44584,0.4055621350104137,0.06854389607906342,0.004360714927315712,0.17086291621321617,JPEG,21.75743865966797,8.0,0.018758291378617287,19.92473793029785,0.14854171872138977,20.0,-2.2788022124816023,640,0.0,0.7815456986427307,5.579797267913818,6.885197639465332,0.5138814449310303,0.4861185550689697,1.4024690919587885,1.8849025538767696,0.1971992993043261,0.727265381089879,0.4033533957938768,1.0,432
defactify,0,0,36792,0.7415740097289785,0.06124773994088173,-0.003214460564777255,0.1844515194496639,JPEG,21.534671783447266,10.0,0.00664459029212594,21.730873107910156,0.04347915202379227,20.0,-2.570963945826591,640,0.0,0.8108594417572021,4.776909351348877,9.165237426757812,0.4100467562675476,0.5899532437324524,1.2711264685867243,1.335054299808373,0.2558089489604166,0.7945611058782756,0.36837218474115374,1.0,480
defactify,0,0,23718,0.5210245948090219,0.05580864101648331,0.0031770868226885796,0.14877050972280592,JPEG,24.850980758666992,10.0,0.006885693408548832,19.238183975219727,0.1551695168018341,20.0,-2.2171301013733613,500,0.0,0.5964196920394897,4.267977714538574,4.969849109649658,0.4426562786102295,0.5573437213897705,1.4446723732690687,1.797052439720234,0.2473904406412245,0.7571508280389032,0.3907458506716167,1.0,357
defactify,0,0,16551,0.5617455019690951,0.036356810480356216,0.0017152767395600677,0.12311457079290675,JPEG,25.365198135375977,10.0,0.005534153897315264,19.168689727783203,0.061333268880844116,20.0,-2.681068290017965,640,0.0,0.7473209500312805,1.759366750717163,12.385401725769043,0.36565130949020386,0.6343486905097961,1.096145460532105,0.30154582609328534,0.3487780666277523,0.9200004237297817,0.323214411048754,1.0,480
defactify,0,0,42893,0.5727127007574567,0.03489984571933746,0.0024297130294144154,0.15562759591088438,JPEG,18.31177520751953,10.0,0.010050631128251553,17.102752685546875,0.09664776176214218,20.0,-2.294523072263487,427,0.0,0.7413736581802368,6.235455513000488,4.835990905761719,0.41024041175842285,0.5897595882415771,1.40474861197089,2.6121764715078375,0.1822246468590042,0.7041463580359385,0.3892918939919487,1.0,640
defactify,0,0,64573,0.7809132543103449,0.05271732434630394,0.0008155800169333816,0.2139480155520825,JPEG,25.242393493652344,10.0,0.015118726529181004,21.765213012695312,0.08501145988702774,20.0,-2.4883668688530896,582,0.0,0.8448198437690735,7.372458457946777,9.101940155029297,0.48005759716033936,0.5199424028396606,1.4912234271157687,2.6811951444639006,0.2495431412405606,0.7353238521099112,0.3897507238622766,0.9999999999999999,640
defactify,0,0,46638,0.5381962010762085,0.10639619827270508,0.004894501529633999,0.17639836553320645,JPEG,19.198015213012695,10.0,0.012910222634673119,14.756431579589844,0.06653095781803131,20.0,-2.5464639552000867,426,0.0,0.8385659456253052,5.511812686920166,12.100729942321777,0.6261109113693237,0.3738890588283539,1.1935551677305167,1.6143676537605858,0.16912733715522543,0.7035653883604902,0.4054445286733756,1.0,640
defactify,0,0,29732,0.3710807056946127,0.12952691316604614,0.01594732701778412,0.24097507517815536,JPEG,24.837053298950195,10.0,0.005113581661134958,17.788928985595703,0.09946224838495255,20.0,-2.5829513266830575,480,0.0,0.6249314546585083,2.137389659881592,6.977176189422607,0.5058401823043823,0.4941598176956177,1.117417887829587,0.5871327969664327,0.27179439900507263,0.8330342673694722,0.38472143680018794,1.0,640
defactify,0,0,44143,0.5589387239418825,0.026551635935902596,0.005525119137018919,0.12082558901068442,JPEG,19.149099349975586,10.0,0.018880534917116165,15.466768264770508,0.11758481711149216,20.0,-2.3653247953685814,480,0.0,0.8112306594848633,5.721717357635498,7.118825435638428,0.5257614850997925,0.4742385149002075,1.4358988802968378,1.8091823533587,0.22905779213513128,0.7595653234265659,0.3923230708199212,1.0,640
defactify,0,0,28313,0.5643077186376861,0.08252004534006119,0.007101958617568016,0.25851914562581785,JPEG,25.434934616088867,10.0,0.004101927857846022,26.182064056396484,0.06001599133014679,20.0,-2.7401041975737845,480,0.0,0.6492764353752136,2.7861788272857666,2.451146125793457,0.392339825630188,0.607660174369812,1.335596162363736,0.8959332709526744,0.20811876272346194,0.8328128411545158,0.37121735160728786,1.0,640
defactify,0,0,56538,0.6086917320349833,0.0,0.0,0.0,JPEG,20.373245239257812,6.0,0.020447682589292526,18.314422607421875,0.12317610532045364,20.0,-2.2299444079828046,519,0.0,0.8140103220939636,7.939526557922363,10.381425857543945,0.561671257019043,0.43832874298095703,1.5008416459001468,3.367865846358428,0.19037447458158338,0.7170817093514296,0.3965383996806615,1.0,640
defactify,0,0,54565,0.6682351750657761,0.07088629901409149,0.0008162903250195086,0.25365901328233803,JPEG,19.17677116394043,10.0,0.016143925487995148,14.91141414642334,0.09458519518375397,20.0,-2.152641515121565,425,0.0,0.8148226141929626,6.961307525634766,6.25169563293457,0.5099422931671143,0.49005767703056335,1.3613533900306447,2.538003101693742,0.1638675085705305,0.6541669158093277,0.4039191553126716,1.0,640
defactify,0,0,31182,0.21711851987543507,0.07584084570407867,0.004627477843314409,0.29296043146904976,JPEG,30.019662857055664,10.0,0.002097835997119546,24.59389877319336,0.0376000702381134,20.0,-2.831252456667877,640,0.0,0.6467662453651428,2.131204128265381,8.822973251342773,0.6550112962722778,0.3449886739253998,1.2123191162305915,0.6571872261290679,0.2074627891516526,0.8174487218920001,0.3954896992134843,0.9999999999999999,480
defactify,0,0,27864,0.8191385422773079,0.026737578213214874,-0.005023137666285038,0.2098211110918282,JPEG,21.2952880859375,10.0,0.007001013495028019,17.95368194580078,0.06158720701932907,20.0,-2.7094368361761214,424,0.0,0.7647838592529297,3.980182409286499,7.5079145431518555,0.27669239044189453,0.7233076095581055,1.2902549114552397,1.1162684092653468,0.47990553294667965,0.8344114830795138,0.3433703808885999,1.0,640
defactify,0,0,34235,0.2707854968761681,0.0737592875957489,0.02047233283519745,0.24059628369844524,JPEG,19.766860961914062,10.0,0.00558397127315402,18.742528915405273,0.0507054328918457,20.0,-2.5812440693128194,426,0.0,0.7619494199752808,2.7584190368652344,3.535749673843384,0.6203606128692627,0.3796393573284149,0.9865069286863083,0.637597209479007,0.22332071902315714,0.8006396606028161,0.3991314606072558,1.0,640
defactify,0,0,48148,0.6356913726152288,0.02458505518734455,0.005574035923928022,0.20096620205917615,JPEG,17.854066848754883,10.0,0.01540351565927267,14.876394271850586,0.0702807679772377,20.0,-2.4499995640701795,427,0.0,0.8417491316795349,6.834300994873047,4.819663047790527,0.4482859969139099,0.5517140030860901,1.2666927263830952,2.1485366203314165,0.18539446203393173,0.7092397488575239,0.4001555017766778,1.0,640
defactify,0,0,17337,0.5986909611019557,0.027804430574178696,0.010240178555250168,0.15787215113576333,JPEG,22.8092098236084,10.0,0.006766869220882654,16.9873046875,0.06412029266357422,20.0,-2.538483708338364,500,0.0,0.7664873003959656,3.5325493812561035,8.27276611328125,0.4618902802467346,0.5381097197532654,1.2568148226424176,0.8072256312361712,0.24305926474956308,0.8457115131408135,0.37122539860991965,1.0,375
defactify,0,0,27469,0.53520539582806,0.038297683000564575,5.682086703018285e-05,0.12791190895941354,JPEG,30.216691970825195,10.0,0.0053137135691940784,18.909351348876953,0.05260081961750984,20.0,-2.620104436688429,640,0.0,0.7574864625930786,2.7833988666534424,10.077611923217773,0.4435494542121887,0.5564505457878113,1.1885490965694065,0.6546853030307624,0.22617643887420416,0.847720903960113,0.3750522940370799,1.0,480
defactify,0,0,37183,0.6458257382427999,0.04221194237470627,-0.006671825889497995,0.10684300113857217,JPEG,22.935894012451172,8.0,0.012285501696169376,23.22667121887207,0.11008503288030624,20.0,-2.3352737270639303,419,0.0,0.7552837133407593,4.988990783691406,10.372210502624512,0.5830739736557007,0.4169260263442993,1.348686265717971,1.6073799055030968,0.21244607480030142,0.7442908856981644,0.3899212178672343,0.9999999999999999,640
defactify,0,0,48780,0.6836577756294766,0.08078376203775406,-0.003187544411048293,0.29202576596799273,JPEG,25.25473403930664,10.0,0.017753593623638153,22.215497970581055,0.14913228154182434,20.0,-2.313830405278663,480,0.0,0.7622715830802917,6.090578079223633,10.79492473602295,0.5522023439407349,0.44779762625694275,1.4394648246837844,2.3108636290810867,0.19684863083862048,0.7117923669955298,0.3871221989654545,1.0,640
defactify,0,0,46945,0.7199743224538105,0.059026096016168594,0.004394487477838993,0.2529832005138683,JPEG,19.592308044433594,10.0,0.015389271080493927,20.57740020751953,0.11859502643346786,20.0,-2.3046210237831746,480,0.0,0.7704442739486694,6.324624061584473,2.551985740661621,0.3196614980697632,0.6803385019302368,1.5089990032853924,2.387654892254058,0.25398454275045684,0.742520481142455,0.3914703792579464,1.0,640
defactify,0,0,35958,0.30465165902059105,0.06213612109422684,0.0003840253339149058,0.14890271691231388,JPEG,21.787633895874023,10.0,0.005545551888644695,20.267749786376953,0.05421368032693863,20.0,-2.5121428462995357,427,0.0,0.7494412064552307,3.6669085025787354,7.042078971862793,0.6160545349121094,0.383945494890213,1.1361466380850451,1.0688156958459354,0.19278337877997825,0.7716127105703073,0.39513748187692044,1.0,640
defactify,0,0,71425,0.6080250783699059,0.06503868103027344,0.0005193131510168314,0.2316301951543452,JPEG,16.529027938842773,10.0,0.026909884065389633,16.04122543334961,0.10040562599897385,20.0,-2.3200613930007017,640,0.0,0.8627432584762573,7.510412693023682,5.594839572906494,0.6626890897750854,0.33731088042259216,1.434976055912566,2.2095194944767997,0.17049698027865218,0.6508741728133132,0.4073549901821294,1.0,519
defactify,0,0,30080,0.6897574951396706,0.09011443704366684,-0.005045571830123663,0.22761398337447125,JPEG,28.522441864013672,10.0,0.005571415182203054,20.851661682128906,0.06624662131071091,20.0,-2.505028815728316,480,0.0,0.7311401963233948,3.1379997730255127,10.061851501464844,0.38908374309539795,0.610916256904602,1.3052231493084656,0.901140226244556,0.2423637433952897,0.8309514267304555,0.37374016980002955,1.0,640
defactify,0,0,20734,0.5555188422078673,0.1314656138420105,0.012599116191267967,0.2591218985546274,JPEG,36.040767669677734,10.0,0.0012738242512568831,24.256511688232422,0.02640485018491745,20.0,-3.0981624920195765,640,0.0,0.5500926375389099,1.4361834526062012,7.393829345703125,0.45176857709884644,0.5482314229011536,1.1579967534102598,0.5461387118769276,0.21085482520022095,0.852485271207865,0.33373989613551147,1.0,425
defactify,0,0,40910,0.2542006721075372,0.09999788552522659,-0.0011455942876636982,0.2802843579611351,JPEG,23.544816970825195,10.0,0.018028201535344124,20.515705108642578,0.24395962059497833,20.0,-1.9811921429614099,343,0.0,0.6815979480743408,6.777610778808594,6.272091388702393,0.6225688457489014,0.37743112444877625,1.482276851692682,4.0260598043504725,0.1732623461495437,0.6630764922588569,0.3846701930596641,1.0,640
defactify,0,0,48845,0.459020169117889,0.14030316472053528,-0.002622005296871066,0.25607915704049267,JPEG,19.514633178710938,8.0,0.029290631413459778,16.105934143066406,0.161646768450737,20.0,-2.354316270046626,426,0.0,0.8213953971862793,6.911868572235107,8.454002380371094,0.5110065937042236,0.48899340629577637,1.3866235510709919,2.336301111278697,0.17814380290018916,0.7105097418700919,0.39537342680075327,1.0,640
defactify,0,0,40106,0.7497241698401964,0.023471109569072723,0.00043799643754027784,0.09246200757689044,JPEG,19.091032028198242,10.0,0.01955793984234333,20.167903900146484,0.07158073782920837,20.0,-2.542079034501285,640,0.0,0.8801862597465515,6.596236228942871,8.013335227966309,0.5599427819252014,0.4400572180747986,1.2781821156459114,1.8390069242043976,0.21065882834969887,0.7255553090222359,0.3952024414477564,1.0,360
defactify,0,0,68100,0.6345619335347432,0.03731870278716087,0.012818926014006138,0.11051718062942802,JPEG,16.89402198791504,10.0,0.07893409579992294,16.638423919677734,0.27160224318504333,20.0,-1.9757529653148478,424,0.0,0.8728234767913818,8.817898750305176,5.925459861755371,0.7650842070579529,0.23491577804088593,1.4890719160337202,2.7789021246673484,0.15585467985110535,0.5765501317898039,0.40833076902713633,1.0,640
defactify,0,0,17001,0.8296795654404869,0.049335069954395294,-0.013708213344216347,0.19817923312835395,JPEG,19.199953079223633,10.0,0.002814757637679577,16.17580223083496,0.04880034551024437,20.0,-2.7319860699103855,427,0.0,0.6591150760650635,2.2548434734344482,0.3974161148071289,0.14455276727676392,0.8554472327232361,1.161048768501228,0.6073847499012122,0.4504099803383099,0.9133812532289423,0.28855507504237227,1.0,640
defactify,0,0,28508,0.7917959164776147,0.07991156727075577,-0.009261393919587135,0.14398612706755456,JPEG,25.129478454589844,10.0,0.011575368233025074,23.036909103393555,0.08507180213928223,20.0,-2.4981441378091094,480,0.0,0.8102620840072632,2.7434213161468506,12.1791410446167,0.3058777451515198,0.6941222548484802,1.1005738338002606,0.5298783137277122,0.33178748560277305,0.8444681568168231,0.3737780063761457,1.0,640
defactify,0,0,33217,0.39137562366357803,0.11171182245016098,-0.004082344472408295,0.1990275974326919,JPEG,25.781570434570312,10.0,0.007843979634344578,23.300954818725586,0.09703773260116577,20.0,-2.447810966665851,404,0.0,0.7192428708076477,3.772585391998291,8.222339630126953,0.4487570524215698,0.5512429475784302,1.2007439649428366,1.2576778272479132,0.1956511413716294,0.7661787195936294,0.38283513155732213,1.0,640
defactify,0,0,35941,0.504329737313144,0.08721575140953064,-0.00038898803177289665,0.23566173085681938,JPEG,20.48088264465332,10.0,0.010434006340801716,18.637453079223633,0.09859486669301987,20.0,-2.6304533439354163,426,0.0,0.7600018978118896,4.747971534729004,7.229593276977539,0.5961835384368896,0.40381646156311035,1.3174528170664805,1.616007329286603,0.18237492957536208,0.7756927693792681,0.382213206416496,1.0,640
defactify,0,0,36018,0.3191256830601093,0.10238293558359146,-0.006458649877458811,0.21477895160447213,JPEG,27.0014591217041,10.0,0.007341349963098764,22.80402183532715,0.09513819217681885,20.0,-2.5775671066925057,426,0.0,0.6997280120849609,3.47002911567688,6.451713562011719,0.4641261696815491,0.5358738303184509,1.2249857354506921,1.1805114152323135,0.21007041491745224,0.7658617347054746,0.3935108606625459,1.0,640
defactify,0,0,10730,0.9237008311733542,0.019998960196971893,0.030135007575154305,0.06623517442986432,JPEG,17.03527069091797,10.0,0.0041665066964924335,16.149869918823242,0.06191663071513176,20.0,-2.744454075179466,427,0.0,0.710713267326355,1.7223244905471802,0.718498706817627,-0.5717697143554688,1.5717697143554688,1.3588192852923489,0.311389061744792,0.8807874154582351,0.9564831826522786,0.17966316442348843,1.0,640
defactify,0,0,33383,0.5704748683189743,0.1070384681224823,-0.0081910016015172,0.2416712398719623,JPEG,23.811418533325195,4.0,0.012189747765660286,16.667495727539062,0.13690674304962158,20.0,-2.3108983816270245,426,0.0,0.6305825114250183,6.518954277038574,3.6081409454345703,0.49764347076416016,0.5023565292358398,1.3649101271722128,1.8276069551569742,0.3463648528597304,0.8123964356720086,0.38243787886271235,1.0,640
defactify,0,0,40110,0.33351168182628854,0.06593258678913116,0.010107966139912605,0.18542641214314798,JPEG,12.02518367767334,10.0,0.09049886465072632,13.813776016235352,0.24000532925128937,20.0,-2.075083083699325,333,0.0,0.8966054320335388,11.105549812316895,3.6167192459106445,0.6231052875518799,0.3768947124481201,1.3769312341852276,3.5437564705226032,0.1294442422373288,0.5662447444732105,0.4081281470555136,0.9999999999999999,500
defactify,0,0,51097,0.6343634584425013,0.05650106072425842,-0.014388230629265308,0.09733244499436317,JPEG,20.183773040771484,10.0,0.013497750274837017,16.454126358032227,0.10228893160820007,20.0,-2.440565506745299,478,0.0,0.7870132923126221,5.539842128753662,6.196247100830078,0.6502425670623779,0.34975746273994446,1.4256118017738042,1.9088151749425601,0.20736109082800996,0.7030701761798956,0.397880825332511,1.0,640
defactify,0,0,58936,0.4679640168900312,0.07643706351518631,-0.0007675763918086886,0.19099722306051067,JPEG,20.290874481201172,10.0,0.01985344849526882,19.973176956176758,0.12139001488685608,20.0,-2.3178236764897315,485,0.0,0.8145949244499207,6.107059478759766,8.494874954223633,0.7145346403121948,0.2854653298854828,1.4294430587592593,2.0285216553804037,0.15589357178317637,0.6805056953809449,0.4058751189944549,1.0,640
defactify,0,0,39402,0.48245754382756967,0.13074161112308502,-0.00042902471614070237,0.2597966201907689,JPEG,20.31710433959961,10.0,0.009112351574003696,15.03481388092041,0.07042741775512695,20.0,-2.6989462626660186,480,0.0,0.7860817909240723,4.1545820236206055,7.920361042022705,0.6178330779075623,0.38216692209243774,1.3653090530365333,1.1939044831850205,0.19170215140554941,0.78547001727827,0.3871104943243418,1.0,640
defactify,0,0,41772,0.527069607562303,0.1472456008195877,0.007773750461637974,0.2683729234958,JPEG,19.184646606445312,10.0,0.032694023102521896,16.295631408691406,0.11000178009271622,20.0,-2.411237080884556,640,0.0,0.8839451670646667,5.511516571044922,9.509709358215332,0.2986098527908325,0.7013901472091675,1.290032725729829,1.2815781752412596,0.2625460931828324,0.8026203396938918,0.39463011947193966,1.0,480
defactify,0,0,24670,0.5559490618642152,0.02917778491973877,0.008156010881066322,0.12004871647565513,JPEG,20.113346099853516,10.0,0.0030907602049410343,15.859411239624023,0.03139811009168625,20.0,-2.916431579903431,424,0.0,0.7383617758750916,2.3768692016601562,3.6038711071014404,0.6094261407852173,0.3905738890171051,1.1149731108894614,0.5749655546029112,0.26974099428147524,0.8538926047479141,0.38012995077027306,0.9999999999999999,640
defactify,0,0,22845,0.7128716626213593,0.06875196099281311,-0.0011257415171712637,0.28359798721840634,JPEG,28.39008331298828,10.0,0.0032124046701937914,26.054977416992188,0.03556571900844574,20.0,-2.5940889206724065,360,0.0,0.7301583290100098,3.3617565631866455,9.752511024475098,0.21760410070419312,0.7823958992958069,1.2077096962848048,0.9969726020042142,0.27337944972816747,0.8288686084415944,0.3662673794172859,1.0,640
defactify,0,0,31618,0.5278221705651606,0.039129436016082764,0.004468449857085943,0.11987546597224435,JPEG,23.948965072631836,10.0,0.008331558667123318,22.166053771972656,0.05296212062239647,20.0,-2.4181674530386927,427,0.0,0.8088527321815491,4.3550705909729,10.389642715454102,0.40202027559280396,0.597979724407196,1.2952397603697121,1.1155627017236576,0.2133902978702018,0.8086365840178171,0.38593084117472165,1.0,640
defactify,0,0,92258,0.017310252996005325,0.09917585551738739,0.021631302312016487,0.17342897381360253,JPEG,14.560749053955078,10.0,0.15127669274806976,16.6146240234375,0.38668209314346313,20.0,-1.4783666606438017,408,0.0,0.8920474648475647,12.41362476348877,5.300893306732178,0.9146190285682678,0.08538097143173218,1.5523914104619283,4.6418418957694865,0.12301293029135718,0.4561018415416146,0.40768886817871147,1.0,640
defactify,0,0,53694,0.29181400282885434,0.042716458439826965,0.008411486633121967,0.16498011970119336,JPEG,24.525676727294922,8.0,0.026556136086583138,25.682968139648438,0.168845072388649,20.0,-2.357172949197145,480,0.0,0.7987583875656128,6.981971263885498,14.60539722442627,0.7227445244789124,0.27725547552108765,1.3856404754506482,2.4582226773944473,0.15494588485848607,0.659304034656921,0.40323329366631727,1.0,640
defactify,0,0,28342,0.5300562884028702,0.02260185219347477,5.137573316460475e-05,0.131636700194765,JPEG,23.083879470825195,10.0,0.012191606685519218,18.298479080200195,0.08569611608982086,20.0,-2.6562832812248796,640,0.0,0.796441912651062,3.7328336238861084,9.466453552246094,0.23726963996887207,0.7627303600311279,1.2349558386192223,0.9134416686346212,0.3000363322403001,0.8435158743485363,0.3766573245118977,1.0,480
defactify,0,0,23829,0.6235159561904051,0.05295346677303314,0.0010401475010439754,0.16734378510073705,JPEG,26.71903419494629,10.0,0.011212123557925224,20.324214935302734,0.13373126089572906,20.0,-2.4473256762558324,427,0.0,0.7306865453720093,3.5902187824249268,11.622872352600098,0.1667531132698059,0.8332468867301941,1.2040726951175864,1.0246275245549017,0.297432527363162,0.8480789391890073,0.3460783799651891,1.0,640
defactify,0,0,21695,0.6916691781116804,0.037490274757146835,-0.0089008379727602,0.19191780358100874,JPEG,33.17409133911133,10.0,0.0025988223496824503,28.115604400634766,0.031159715726971626,20.0,-2.738380120996794,512,0.0,0.734674870967865,2.696232795715332,12.170137405395508,0.08137679100036621,0.9186232089996338,1.311001487145617,0.6931800599190894,0.3304128171882149,0.896194362288077,0.3314835074517974,1.0,640
defactify,0,0,53347,0.7679209426073736,0.06234686076641083,0.0006298709195107222,0.21872227683059628,JPEG,18.898197174072266,10.0,0.01976817473769188,20.59221649169922,0.08326243609189987,20.0,-2.5496729651287335,480,0.0,0.85765141248703,5.935813903808594,5.920882701873779,0.6434322595596313,0.35656771063804626,1.2688031125776502,1.5421372204400077,0.22850281514296905,0.7184770687819841,0.4020144421637972,1.0,640
defactify,0,0,38257,0.343689152351694,0.14480867981910706,0.008248916827142239,0.2473007912780406,JPEG,25.409748077392578,10.0,0.008158172480762005,20.631240844726562,0.0971832126379013,20.0,-2.414414490082165,427,0.0,0.7203116416931152,4.345613956451416,5.042062282562256,0.42479342222213745,0.5752065777778625,1.3247375901373402,1.5804190105983826,0.2186585547383826,0.758663873781624,0.38971909565166585,1.0,640
defactify,0,0,29065,0.5638288955323965,0.03479256108403206,0.00543045811355114,0.17937559894756744,JPEG,23.090953826904297,10.0,0.00928750354796648,22.31641387939453,0.07862745970487595,20.0,-2.5779061479212917,360,0.0,0.7703630328178406,4.545588970184326,6.687613010406494,0.47273969650268555,0.5272603034973145,1.3717520897266084,1.4437510717385977,0.2627610519732638,0.7957109437633757,0.39446823516973395,1.0,640
defactify,0,0,52732,0.40177666487807784,0.0839424878358841,0.0014064081478863955,0.21420363860309927,JPEG,18.345584869384766,10.0,0.020281612873077393,17.814353942871094,0.17145442962646484,20.0,-2.270446387860455,426,0.0,0.7705764174461365,6.825674057006836,3.511777400970459,0.712867021560669,0.28713300824165344,1.4631261491612444,2.979644839412939,0.14794892467951654,0.6703274102326557,0.4006326949612717,1.0,640
defactify,0,0,26442,0.6379522857377633,0.09163058549165726,0.0029332090634852648,0.2503589222596824,JPEG,26.437225341796875,10.0,0.003873275825753808,18.73844337463379,0.03987542912364006,20.0,-2.8406113495912977,427,0.0,0.7581707239151001,4.044482707977295,10.321427345275879,0.20545798540115356,0.7945420145988464,1.29942108681397,1.3176801472761266,0.29897108387264587,0.8402519157069134,0.3583155029004283,1.0,640
defactify,0,0,26318,0.5232341889857419,0.15300725400447845,0.007794188801199198,0.2646403125459707,JPEG,26.894603729248047,10.0,0.0033269200939685106,26.26526641845703,0.04125801473855972,20.0,-2.673327393966845,480,0.0,0.7125819325447083,2.6344518661499023,6.761674404144287,0.4242284893989563,0.5757715106010437,1.1409199899626588,0.6666335680062905,0.23074323700515792,0.8693621489149526,0.3656748219118047,0.9999999999999999,640
defactify,0,0,43672,0.6602144735954677,0.12691758573055267,0.003915023058652878,0.20083252962010456,JPEG,19.070039749145508,10.0,0.018327711150050163,16.519607543945312,0.10344573110342026,20.0,-2.3985313953951053,427,0.0,0.8310245871543884,5.661398410797119,9.097746849060059,0.535940408706665,0.46405962109565735,1.2794365815093103,1.6720749314562209,0.25350709600079907,0.7420914588070257,0.3884932173480308,1.0,640
defactify,0,0,30155,0.7887802544254573,0.07349619269371033,-0.0013514274032786489,0.30322015019588255,JPEG,20.59726905822754,10.0,0.016595328226685524,20.433029174804688,0.09367578476667404,20.0,-2.37105101221786,500,0.0,0.8257927894592285,5.931821823120117,10.863236427307129,0.320128858089447,0.679871141910553,1.3336411153122005,1.5849096913083696,0.42033499314055023,0.8184329712871697,0.3644050206196819,1.0,500
defactify,0,0,22657,0.7141143705149315,0.07741750031709671,0.008992178365588188,0.22412255818773028,JPEG,22.805461883544922,10.0,0.008437300100922585,21.22746467590332,0.09036825597286224,20.0,-2.4769015989254752,333,0.0,0.7426056861877441,4.521963119506836,2.149243116378784,0.46035945415496826,0.5396405458450317,1.2335987928726326,1.425578050332674,0.23727642321844095,0.7631171146506374,0.3824797342782759,0.9999999999999999,500
defactify,0,0,15325,0.6613200105180121,0.040226440876722336,0.015455350279808044,0.10175732563782268,JPEG,26.038131713867188,10.0,0.006069425027817488,20.877168655395508,0.06207071244716644,20.0,-2.546434105694979,640,0.0,0.7537067532539368,1.474757432937622,12.692342758178711,0.4199836254119873,0.5800163745880127,1.0865260857031227,0.22015137734019075,0.3907794503696067,0.929379982430633,0.30763127840753696,1.0,480
defactify,0,0,39993,0.3517056600162672,0.04659542813897133,0.011793453246355057,0.20832718392470936,JPEG,18.256057739257812,10.0,0.011301073245704174,14.588125228881836,0.08643654733896255,20.0,-2.5977070322789966,427,0.0,0.7886909246444702,4.876705169677734,6.514570713043213,0.40342259407043457,0.5965774059295654,1.2741001017205094,1.5607309856690366,0.2061628143157268,0.7438901398256648,0.394170207671146,1.0,640
defactify,0,0,24383,0.6461508222498853,0.083951435983181,0.006518122274428606,0.20679878442969238,JPEG,29.191875457763672,10.0,0.00674316193908453,26.671504974365234,0.06795797497034073,20.0,-2.6279883893667235,426,0.0,0.7242787480354309,3.5186927318573,12.260892868041992,0.47269994020462036,0.5273000597953796,1.2368108166849063,0.9932584186126209,0.24204168836988627,0.8602764897704012,0.3543241075913668,1.0,640
defactify,0,0,37435,0.5742616574774544,0.09490372985601425,-0.008883548900485039,0.2788567873747468,JPEG,17.415992736816406,10.0,0.024987779557704926,17.088459014892578,0.10485634952783585,20.0,-2.3109531351318466,361,0.0,0.8502870202064514,5.913477897644043,4.3635101318359375,0.31162309646606445,0.6883769035339355,1.3877711123367757,1.46446044093364,0.21756191932612345,0.7483650390543554,0.40266323580038027,1.0,640
defactify,0,0,55682,0.31906787169945067,0.0715915858745575,0.026346514001488686,0.1178911931097086,JPEG,15.283393859863281,10.0,0.10604575276374817,13.254507064819336,0.30100369453430176,20.0,-1.8966459499999322,429,0.0,0.8838885426521301,7.1361918449401855,6.011634349822998,0.5839977264404297,0.4160023033618927,1.3013342710619467,1.729898214796389,0.2683933786314703,0.669861931883341,0.4075700431365614,1.0,640
defactify,0,0,30460,0.5369374066788329,0.10410094261169434,-8.93389733391814e-06,0.3253084025428011,JPEG,25.45282554626465,10.0,0.00428746547549963,17.165233612060547,0.05843905732035637,20.0,-2.7674647787173305,640,0.0,0.6856088042259216,3.1067941188812256,4.476795673370361,0.4697537422180176,0.5302462577819824,1.2177037490760276,1.0504099791713783,0.23507782831431892,0.806852931089804,0.37985442640050987,1.0,427
defactify,0,0,39723,0.765417668170294,0.07351264357566833,-0.011042250320315361,0.2032745917054953,JPEG,18.243728637695312,10.0,0.014536130242049694,15.735258102416992,0.11215395480394363,20.0,-2.1848970692937297,424,0.0,0.7769351601600647,6.003304958343506,6.0130839347839355,0.3294052481651306,0.6705947518348694,1.5128428775114657,2.179173837568145,0.22645695869035948,0.7536616285674098,0.37400857724381636,1.0,640
defactify,0,0,23389,0.5127221056545643,0.04258881136775017,0.015549666248261929,0.17014264787094474,JPEG,27.828386306762695,10.0,0.0024316422641277313,25.046586990356445,0.04084955155849457,20.0,-2.896718042035593,640,0.0,0.641244649887085,1.3464781045913696,4.449148178100586,0.42009323835372925,0.5799067616462708,1.0547186455921795,0.3389150855474208,0.3069328216995855,0.8847457392391056,0.3538662682145299,1.0,556
defactify,0,0,26592,0.7514522676371781,0.058100659400224686,-0.0022326079197227955,0.1527148434760226,JPEG,25.42506217956543,10.0,0.0075751724652945995,27.813411712646484,0.07068423181772232,20.0,-2.484494500898808,400,0.0,0.7510948181152344,4.07235860824585,11.920934677124023,0.3165850043296814,0.6834149956703186,1.2544717814158,1.2230337299853253,0.272315681238124,0.8103303057046525,0.36558376902403444,1.0,640
defactify,0,0,28291,0.4723602827479567,0.0972355380654335,0.0034213352482765913,0.2909446630748048,JPEG,21.952180862426758,10.0,0.01784149929881096,19.094200134277344,0.11944372206926346,20.0,-2.510275458282886,500,0.0,0.8106319308280945,5.164534091949463,8.294635772705078,0.42024022340774536,0.5797597765922546,1.3014245104241449,1.377818970273651,0.22543332854445364,0.7705893187071382,0.39704702035529194,1.0,418
defactify,0,0,24817,0.5076900796524257,0.12075703591108322,-0.002576063619926572,0.1805490522347763,JPEG,24.027565002441406,10.0,0.006238475441932678,22.95675277709961,0.07307678461074829,20.0,-2.506511015054892,424,0.0,0.7408597469329834,2.2778878211975098,3.640552520751953,0.28159886598587036,0.7184011340141296,1.2165164896597032,0.5127722167870545,0.33221542411221106,0.8488761643654802,0.37815094834544366,1.0,640
defactify,0,0,39353,0.3952117695435647,0.08101582527160645,0.004535378888249397,0.3067527495716003,JPEG,19.320293426513672,10.0,0.012493285350501537,18.27967071533203,0.08381880074739456,20.0,-2.465372920335441,427,0.0,0.8030088543891907,4.645646095275879,5.979640007019043,0.42361295223236084,0.5763870477676392,1.3063156465964512,1.312187150629728,0.19267373010780972,0.7631232884320194,0.39231534113565986,1.0,640
defactify,0,0,42734,0.5127372256756089,0.04823021963238716,0.011650760658085346,0.22858232319510802,JPEG,25.275516510009766,10.0,0.006483105011284351,16.09724235534668,0.13541287183761597,20.0,-2.393732137039559,572,0.0,0.6276072263717651,4.576568126678467,7.967280864715576,0.4452401399612427,0.5547598600387573,1.419766141327377,2.1691524609843063,0.23507312087040103,0.7703362649914084,0.3704290245833979,1.0,640
defactify,0,0,30319,0.7230500412561277,0.052479300647974014,0.004732017405331135,0.1646981488073426,JPEG,25.7454776763916,10.0,0.005890637636184692,23.682863235473633,0.043309565633535385,20.0,-2.6195076139874844,427,0.0,0.7903045415878296,4.1078033447265625,7.593063831329346,0.40476441383361816,0.5952355861663818,1.2723873116908593,1.1184413655276642,0.2606048647914244,0.817174882392254,0.3709360045358023,1.0,640
defactify,0,0,17040,0.572165858827685,0.024372637271881104,-0.0014092414639890194,0.12908300161016303,JPEG,25.117210388183594,10.0,0.0015384814469143748,21.899639129638672,0.017556041479110718,20.0,-2.782075737580491,480,0.0,0.7316195964813232,1.513113021850586,11.396059036254883,0.2662655711174011,0.7337344288825989,1.131942716723467,0.27105897478833296,0.2670976369435576,0.916928836972045,0.34346268985317213,1.0,640
defactify,0,0,18006,0.5949336494527374,0.08424977213144302,0.0009707022691145539,0.19626314268697612,JPEG,31.037559509277344,10.0,0.0024059691932052374,24.88924789428711,0.04434451833367348,20.0,-2.7994543690587212,640,0.0,0.6285982728004456,1.6298259496688843,10.315667152404785,0.38300812244415283,0.6169918775558472,1.148176889032002,0.36401381963735086,0.28359863424910686,0.8971776165536745,0.3314346325486105,1.0,426
defactify,0,0,32976,0.7394782792740356,0.04129000008106232,-0.0037058298476040363,0.15592797526870367,JPEG,28.25250244140625,10.0,0.011893701739609241,22.82890510559082,0.08158943802118301,20.0,-2.5196194944821357,480,0.0,0.8065618872642517,5.293667316436768,13.09296703338623,0.42080259323120117,0.5791974067687988,1.434708676443979,1.7348838052821274,0.35587834051823736,0.8212793393979492,0.3397245495591473,1.0,640
defactify,0,0,58225,0.47552768430712755,0.055631134659051895,-0.0005732427816838026,0.21240709399943955,JPEG,23.646835327148438,10.0,0.017479298636317253,17.871654510498047,0.09729089587926865,20.0,-2.5175526861323485,488,0.0,0.8236687779426575,6.404810905456543,7.632264614105225,0.762519121170044,0.23748089373111725,1.3941590481704664,2.1419343100265906,0.16474404135807252,0.6720619405512673,0.4032659514128035,1.0,640
defactify,0,0,37344,0.41937072233984934,0.06577185541391373,-0.0037386093754321337,0.18546110846460276,JPEG,23.08868408203125,10.0,0.015829190611839294,21.42284393310547,0.11113730072975159,20.0,-2.6673426819621047,361,0.0,0.805099606513977,5.6863250732421875,9.881783485412598,0.6054109930992126,0.39458900690078735,1.3303954933362363,2.0530326670843992,0.18683957034181625,0.724786014493107,0.3956081938453886,1.0,640
defactify,0,0,19971,0.6022650174834299,0.04035342112183571,0.0019990322180092335,0.10831978473251658,JPEG,35.58214569091797,10.0,0.0032046812120825052,21.373960494995117,0.02973812445998192,20.0,-2.843744656399728,640,0.0,0.7779788374900818,2.6471824645996094,16.110519409179688,0.3368214964866638,0.6631785035133362,1.1686395152199471,0.5710984653498623,0.3054931877810413,0.9037444963048016,0.3407129741231191,1.0,480
defactify,0,0,24989,0.756797583081571,0.0705542042851448,0.00797323789447546,0.3450118268363646,JPEG,26.061115264892578,8.0,0.008311825804412365,22.038013458251953,0.09128230065107346,20.0,-2.2980051312077183,430,0.0,0.724037230014801,3.230642318725586,5.994816780090332,0.09151673316955566,0.9084832668304443,1.27800095584003,0.7850476747857992,0.5929015193996843,0.8544511215958561,0.3412745993624255,1.0,640
defactify,0,0,40848,0.47788136738278614,0.05559155344963074,0.011171362362802029,0.1754598140974955,JPEG,23.97665023803711,10.0,0.012683060951530933,21.351720809936523,0.0828230157494545,20.0,-2.3919639775859336,480,0.0,0.815787136554718,4.889594554901123,9.111297607421875,0.4203374981880188,0.5796625018119812,1.3267611522120761,1.352554370013465,0.21231600813763252,0.7692141249952297,0.3958181525532717,1.0,640
defactify,0,0,63502,0.6471760018748536,0.039063360542058945,-0.0005485902656801045,0.14930763497523156,JPEG,19.157196044921875,10.0,0.020393282175064087,13.873472213745117,0.11910465359687805,20.0,-2.3022947961847198,531,0.0,0.8159978985786438,7.62258243560791,6.330356597900391,0.5500485897064209,0.4499514102935791,1.5351013289634234,2.8228826831691207,0.17143496311944728,0.6759912023187451,0.3993057402164703,1.0,640
defactify,0,0,16421,0.8382563111841697,0.05829774588346481,-0.019539589062333107,0.12249272951062115,JPEG,15.068958282470703,10.0,0.029639454558491707,12.858268737792969,0.1439630389213562,20.0,-2.2925573131097963,484,0.0,0.8435373902320862,3.932461977005005,2.593536138534546,-0.10065627098083496,1.100656270980835,1.3178436555657402,0.6750165407427622,0.4406402351566039,0.9050991028375172,0.25632818528871804,1.0,500
defactify,0,0,35447,0.6309910608926176,0.03543411195278168,-0.008000572212040424,0.18876524821962362,JPEG,22.20109748840332,10.0,0.014141014777123928,17.511974334716797,0.13611119985580444,20.0,-2.2861219006698676,427,0.0,0.7439873218536377,6.315701007843018,7.537500381469727,0.23476463556289673,0.7652353644371033,1.532363581057536,2.429262548548092,0.2711722927010313,0.7703894723575013,0.3779521547893872,1.0,640
defactify,0,0,26686,0.7357489224137931,0.20354583859443665,0.01876549795269966,0.11769527847943008,JPEG,27.505752563476562,8.0,0.007269730791449547,23.557037353515625,0.08296173065900803,20.0,-2.2600982514566286,427,0.0,0.757431149482727,3.674473285675049,13.592752456665039,0.2801164388656616,0.7198835611343384,1.3102899204794562,1.0175506664366663,0.3361959079229046,0.8493566260644542,0.3583147298433064,1.0,640
defactify,0,0,46002,0.4584892584892585,0.0363566093146801,0.003639293136075139,0.12541894106091855,JPEG,21.750152587890625,10.0,0.017751604318618774,15.524276733398438,0.10687712579965591,20.0,-2.423065990243261,640,0.0,0.8187389373779297,4.825497627258301,7.977590084075928,0.6318273544311523,0.36817261576652527,1.307893261654215,1.348159173927563,0.18475937493781758,0.7428569124464381,0.4018241754663032,1.0,480
defactify,0,0,42476,0.582501640754068,0.05834048241376877,-0.007441824302077293,0.1719463207045823,JPEG,23.659765243530273,10.0,0.014534353278577328,20.35638427734375,0.1012161523103714,20.0,-2.2742675993240455,480,0.0,0.802392303943634,5.505599498748779,11.880803108215332,0.5605000257492065,0.43949994444847107,1.4363485434039556,1.7963343674882926,0.22232883828336916,0.7472892176295075,0.3901864966732581,1.0,640
defactify,0,0,30192,0.6303141628950707,0.07702600955963135,-0.0014016167260706425,0.20310908363914207,JPEG,27.09621238708496,10.0,0.012747066095471382,28.964210510253906,0.12628687918186188,20.0,-2.303030863969193,427,0.0,0.7641305923461914,4.141702175140381,10.424867630004883,0.2522372007369995,0.7477627992630005,1.4593918382748474,1.2088930237362543,0.2614182179709384,0.8183778098456878,0.3852750199466865,1.0,640
defactify,0,0,25732,0.5685882236712112,0.09977921843528748,-0.0038518644869327545,0.28465636746689665,JPEG,20.399158477783203,10.0,0.09079423546791077,16.59337615966797,0.17997562885284424,20.0,-2.1383972339725665,375,0.0,0.9208870530128479,7.07627010345459,13.725199699401855,0.3314933180809021,0.6685066819190979,1.2306524435531678,1.2742476837373857,0.2738682048157827,0.7749160487384873,0.3905136764104692,1.0,500
defactify,0,0,28843,0.568356152487915,0.0552309975028038,0.00010003811621572822,0.22041346496728256,JPEG,21.15837287902832,10.0,0.009966528974473476,19.71065330505371,0.08204340189695358,20.0,-2.494486267969788,500,0.0,0.7779715657234192,5.664885997772217,5.254631996154785,0.49918198585510254,0.5008180141448975,1.3181614976220106,1.8786995335778882,0.1990154032796356,0.7482818702944662,0.3948854349288587,1.0,400
defactify,0,0,15646,0.7171417629788195,0.07817062735557556,-0.007607895880937576,0.19769517116837418,JPEG,24.334636688232422,10.0,0.003138588508591056,16.9862003326416,0.03594442456960678,20.0,-2.857747967305539,640,0.0,0.7093960046768188,1.8401602506637573,6.806987762451172,0.03148549795150757,0.9685145020484924,1.104387824299425,0.37107410782293093,0.3124483921744884,0.9205189170973394,0.31673005538868104,1.0,427
defactify,0,0,75517,0.1511282333516786,0.07463057339191437,0.001970191951841116,0.1322012560136825,JPEG,18.134658813476562,10.0,0.01367504708468914,17.9307918548584,0.10775687545537949,20.0,-2.305933274404252,612,0.0,0.7743484377861023,5.849414348602295,5.6496124267578125,0.697085976600647,0.3029140532016754,1.4612615471858403,1.9160318956048177,0.17529908164266828,0.6646841613336629,0.4088296937786598,1.0,612
defactify,0,0,29632,0.802175061641423,0.031848110258579254,-0.008126872591674328,0.1908854669580525,JPEG,17.927738189697266,8.0,0.03164396062493324,18.925369262695312,0.08706925064325333,20.0,-2.206296411222674,375,0.0,0.8883682489395142,9.600748062133789,9.16778564453125,0.2990211248397827,0.7009788751602173,1.4042820833617173,2.639595547755762,0.2182413385680112,0.7314022580412126,0.38528175429992184,1.0,500
defactify,0,0,36493,0.7981908391186237,0.11413128674030304,0.007327113300561905,0.17306676010172567,JPEG,20.056676864624023,10.0,0.010622100904583931,18.98044776916504,0.07201986014842987,20.0,-2.487427375714131,480,0.0,0.798690915107727,5.090950012207031,2.763798713684082,0.07657688856124878,0.9234231114387512,1.4545074249841659,1.520935033977054,0.4661202302122576,0.8088828802802215,0.3340468925629482,1.0,640
defactify,0,0,29376,0.7229987293519695,0.05245930701494217,-0.0028187353163957596,0.17444060420859483,JPEG,17.532560348510742,10.0,0.042859841138124466,17.27256965637207,0.1268138736486435,20.0,-2.247909509675843,375,0.0,0.8904287815093994,8.384952545166016,9.308377265930176,0.5900231599807739,0.4099768102169037,1.3643658670902639,2.2387611302315347,0.21762162412385122,0.7163770673308488,0.39197368347627065,1.0,500
defactify,0,0,22515,0.7614029310060926,0.12303964793682098,-0.001942019211128354,0.42750412745557204,JPEG,31.14366340637207,10.0,0.001522445003502071,30.342182159423828,0.02043835073709488,20.0,-2.9741759392841343,480,0.0,0.6405299305915833,2.1237282752990723,6.623673915863037,0.23301762342453003,0.76698237657547,1.1999451237953338,0.6542681908105217,0.5036044297102369,0.8983482460811563,0.31799952754192223,1.0,640
defactify,0,0,54525,0.6569023377509812,0.05127876251935959,0.004573579411953688,0.15081925433356252,JPEG,16.000415802001953,10.0,0.019158855080604553,14.234003067016602,0.09563035517930984,20.0,-2.3102732134340567,427,0.0,0.8412356376647949,6.8186211585998535,5.992873191833496,0.6051414012908936,0.39485856890678406,1.360063166268092,2.1533094900051277,0.18339534678551397,0.6761153760556167,0.4062332117164693,1.0,640
defactify,0,0,19424,0.8214590347923681,0.03203801065683365,-0.010486221872270107,0.10474656198240972,JPEG,25.41521453857422,10.0,0.008722889237105846,22.644073486328125,0.05308687314391136,20.0,-2.392197609921452,409,0.0,0.8134688138961792,3.5240142345428467,11.541289329528809,0.07241493463516235,0.9275850653648376,1.2788295872664275,0.7221174296449816,0.3885590411057029,0.8878065267129641,0.2884782699251925,1.0,640
defactify,0,0,32615,0.5700792602377807,0.03196868300437927,0.00972115807235241,0.12268385080100074,JPEG,24.29755210876465,10.0,0.007824293337762356,19.955047607421875,0.07227089256048203,20.0,-2.614022207006842,484,0.0,0.7617512941360474,3.9520978927612305,10.038888931274414,0.4288831353187561,0.5711168646812439,1.3640302345193516,1.1510059897821803,0.22151580687712485,0.8213599470260191,0.37812261210573067,1.0,640
defactify,0,0,40859,0.8175315209714019,0.05540822446346283,0.005023407284170389,0.15854288435959524,JPEG,25.331893920898438,10.0,0.011799627915024757,23.24069595336914,0.09884897619485855,20.0,-2.306310868608591,480,0.0,0.7597705125808716,5.892517566680908,11.765331268310547,0.5181158781051636,0.4818841516971588,1.5386948675043584,2.131321743444028,0.2797110226704861,0.7376637721894097,0.36639990471693207,1.0,640
defactify,0,0,63922,0.08422506040731792,0.06204044818878174,0.011880450882017612,0.14294492106670528,JPEG,17.318532943725586,10.0,0.03274098411202431,12.829461097717285,0.2499699592590332,20.0,-2.068569547416487,457,0.0,0.7849078178405762,6.2970499992370605,4.396868705749512,0.8365209698677063,0.1634790152311325,1.3488995125694692,2.357290430664775,0.15358116344207334,0.5950245902978324,0.40753496529455907,1.0,640
defactify,0,0,37887,0.46812557054468,0.1019633412361145,0.01412971317768097,0.24357153050368757,JPEG,20.7064266204834,10.0,0.012318074703216553,17.170164108276367,0.08006443083286285,20.0,-2.6088360486767415,480,0.0,0.791962742805481,4.23811149597168,9.253725051879883,0.5117835998535156,0.4882164001464844,1.169257200192093,1.0947068168243819,0.2174955582799047,0.7807098845333877,0.3891125309549346,1.0,640
defactify,0,0,36478,0.6202705732864937,0.04526662081480026,-0.008697263896465302,0.17984960256287574,JPEG,19.907459259033203,8.0,0.021520134061574936,22.38857078552246,0.059560470283031464,20.0,-2.469977968470678,473,0.0,0.8979002833366394,5.75713586807251,7.373442649841309,0.07539933919906616,0.9246006608009338,1.4050988857897928,1.0989944806032717,0.2751846570149631,0.8206464745998192,0.378934094698803,1.0,640
defactify,0,0,29572,0.5854292049414,0.02349802665412426,0.01602926105260849,0.11521964962953002,JPEG,23.516551971435547,10.0,0.021756699308753014,20.720317840576172,0.12440439313650131,20.0,-2.422733480390379,393,0.0,0.822740912437439,7.950155735015869,7.753263473510742,0.48471421003341675,0.5152857899665833,1.4350856708409494,3.1389064509698104,0.2951017763467835,0.7546988383121493,0.38937241749718465,1.0,500
defactify,0,0,43907,0.4162612689232863,0.10047805309295654,0.0010305083123967052,0.2724937250744622,JPEG,23.16248893737793,10.0,0.005833808798342943,14.898982048034668,0.10488817095756531,20.0,-2.337975897760281,480,0.0,0.6492624878883362,4.649048805236816,1.9670441150665283,0.3505028486251831,0.6494971513748169,1.4368967072130996,1.9750940566596307,0.21895783636012284,0.7269288009299112,0.39485273533546433,1.0,640
defactify,0,0,33890,0.6179967017996701,0.07829608023166656,0.0049643018282949924,0.26380373264981966,JPEG,27.99384307861328,10.0,0.0028483057394623756,26.31039047241211,0.05072052404284477,20.0,-2.62162333964162,557,0.0,0.6176565289497375,2.7426304817199707,6.066059112548828,0.2087436318397522,0.7912563681602478,1.3687012739824989,0.9311445103510643,0.30638324470863737,0.8116371279390202,0.3658828346465148,1.0,563
defactify,0,0,62061,0.6256792336563778,0.07109332829713821,0.005805449094623327,0.21880924049193073,JPEG,16.415727615356445,10.0,0.031247073784470558,11.947410583496094,0.14585603773593903,20.0,-2.3116861220385894,640,0.0,0.8386453986167908,7.844366550445557,4.0996222496032715,0.6558197736740112,0.34418025612831116,1.560733102058551,2.8216923814729555,0.19309030883774156,0.680022405815428,0.400189596054965,1.0,480
defactify,0,0,34093,0.5417192778896359,0.06237830966711044,0.007930638268589973,0.15937214511704664,JPEG,23.603126525878906,10.0,0.004560043103992939,21.186199188232422,0.052156321704387665,20.0,-2.814524259411953,480,0.0,0.7279693484306335,2.777700185775757,4.304965019226074,0.38064897060394287,0.6193510293960571,1.1826874571469537,0.8256955247657662,0.19714141065392943,0.7922258479037602,0.38457062418126553,1.0,640
defactify,0,0,46960,0.7148346313549693,0.12373004853725433,0.0030398592352867126,0.24516361726846242,JPEG,22.20138168334961,10.0,0.02083277888596058,19.155553817749023,0.11305814981460571,20.0,-2.2410889858312717,426,0.0,0.8178407549858093,6.506839275360107,8.932397842407227,0.6194016933441162,0.3805982768535614,1.2581303840877907,2.0274187414697407,0.18484283329575207,0.7264118466642383,0.3877389705951913,1.0,640
defactify,0,0,40398,0.4976672958438691,0.04663544520735741,0.004436615388840437,0.214644833129832,JPEG,29.215961456298828,10.0,0.012018219567835331,24.249542236328125,0.11279743909835815,20.0,-2.2944501805472455,427,0.0,0.7625465989112854,5.139275550842285,11.854583740234375,0.5821608304977417,0.4178391993045807,1.28067326804903,1.699159318317206,0.18527786676061675,0.7335962920696707,0.3945900544943686,1.0,640
defactify,0,0,19242,0.6168618000341562,0.08504324406385422,0.0032894292380660772,0.2855785635046681,JPEG,28.004173278808594,10.0,0.003336215391755104,17.905744552612305,0.05180307477712631,20.0,-2.732028319977711,500,0.0,0.6791210174560547,3.5289955139160156,6.624048233032227,0.4240162968635559,0.5759837031364441,1.2707654542554456,1.1521209573637958,0.24277180844151564,0.8139822139484312,0.37297784361131636,1.0,333
defactify,0,0,31501,0.470675355450237,0.055419810116291046,-0.001818640623241663,0.13047145311603142,JPEG,28.273380279541016,10.0,0.002891240641474724,20.232994079589844,0.04935561493039131,20.0,-2.787274642326141,480,0.0,0.6419356465339661,2.7303812503814697,7.2275471687316895,0.5413860082626343,0.4586139917373657,1.2488929017772392,0.9954505422423326,0.1946942135933988,0.7972576549117224,0.3790115209833846,1.0,640
defactify,0,0,46746,0.5965662361438251,0.08646917343139648,-0.002654238371178508,0.38051699754183566,JPEG,22.46417808532715,10.0,0.006685870233923197,19.036880493164062,0.03899140655994415,20.0,-2.639604582812057,640,0.0,0.816845178604126,4.830022811889648,8.314435958862305,0.43390583992004395,0.566094160079956,1.3246221083364764,1.4284881797828495,0.30125184406118505,0.8372763979445602,0.37890759846422073,1.0,640
defactify,0,0,63900,0.0935309433206489,0.09963010251522064,0.002012425335124135,0.17912379180196394,JPEG,25.282838821411133,10.0,0.040542345494031906,23.368806838989258,0.21610672771930695,20.0,-2.057116371954224,428,0.0,0.8355965614318848,7.301026344299316,9.253707885742188,0.7529557943344116,0.24704422056674957,1.4877718185706403,2.503133989194569,0.1508803928594194,0.5992380827543666,0.40781119306379093,1.0,640
defactify,0,0,24676,0.5856074785684001,0.06793484091758728,0.00034481988404877484,0.18257263005763452,JPEG,26.360633850097656,10.0,0.004286805633455515,23.565919876098633,0.043475471436977386,20.0,-2.6807888223360172,640,0.0,0.7516845464706421,2.976837158203125,8.126117706298828,0.39299333095550537,0.6070066690444946,1.2280072775534858,0.761116512585181,0.23835816857060957,0.8710054349841205,0.3434390649649955,1.0,478
defactify,0,0,57644,0.2902239150507849,0.052143312990665436,0.0015403296565636992,0.19784587306740298,JPEG,17.453521728515625,10.0,0.016560977324843407,16.278430938720703,0.08622712641954422,20.0,-2.537727578627612,480,0.0,0.824874222278595,6.4683709144592285,3.131697416305542,0.5827019214630127,0.4172981083393097,1.4042032277337453,2.1814818718607505,0.19793657908952395,0.6933798330003074,0.40580488729274145,0.9999999999999999,640
defactify,0,0,19062,0.8454794825221486,0.03233109042048454,-0.015920955687761307,0.14731298018996228,JPEG,24.25065803527832,10.0,0.002988476073369384,25.300453186035156,0.034961339086294174,20.0,-2.7729432176518123,640,0.0,0.7244584560394287,2.2815451622009277,3.5120737552642822,0.023197531700134277,0.9768024682998657,1.2230649940879794,0.504954115796264,0.4961696968252025,0.8907535945321663,0.2977059803589639,1.0,427
defactify,0,0,32757,0.5029646485689562,0.19711795449256897,0.001467730849981308,0.31648672431106756,JPEG,23.61720848083496,10.0,0.008178524672985077,19.310836791992188,0.0792032927274704,20.0,-2.638294635376491,640,0.0,0.7499361634254456,5.400025844573975,8.31318473815918,0.645672082901001,0.35432788729667664,1.3130033143332493,2.170544718662283,0.2586576076215915,0.7611175297283612,0.3839349107468174,1.0,329
defactify,0,0,25070,0.3274032968826506,0.031783826649188995,0.0013245295267552137,0.1051990670111961,JPEG,28.640289306640625,10.0,0.006323942914605141,16.15913963317871,0.3421435058116913,20.0,-1.906683272444168,400,0.0,0.47596123814582825,1.973154067993164,2.3345913887023926,0.5261315107345581,0.4738685190677643,1.0825861907130652,0.6073306163263834,0.4063249653811253,0.7885829462362729,0.3833428752415037,1.0,600
defactify,0,0,29103,0.45918300439315457,0.1461123675107956,-0.006306366994976997,0.31052269402290916,JPEG,29.046138763427734,10.0,0.0030953604727983475,27.643707275390625,0.0522848442196846,20.0,-2.7671918173739227,640,0.0,0.6254973411560059,1.964257836341858,7.3897480964660645,0.5135672092437744,0.4864327907562256,1.1081186147126538,0.7525866805956233,0.19739754418926542,0.7932242554387902,0.361499586041172,1.0,427
defactify,0,0,34135,0.38473938742611496,0.051916539669036865,0.006441950332373381,0.22997811751939198,JPEG,23.214567184448242,10.0,0.01797218807041645,25.127120971679688,0.0889018252491951,20.0,-2.2432125869424264,321,0.0,0.8358237147331238,5.760222434997559,10.967434883117676,0.6519384384155273,0.34806156158447266,1.2486424378745131,1.6027357775968403,0.204601039978263,0.7175340410432832,0.4037247540100682,1.0,640
defactify,0,0,15725,0.5928244049085801,0.02724720723927021,-0.004620220512151718,0.21643822349392192,JPEG,23.409250259399414,10.0,0.006116454489529133,20.089780807495117,0.07053884118795395,20.0,-2.5086824414137534,334,0.0,0.7239933013916016,3.419163227081299,7.103209972381592,0.4010031223297119,0.5989968776702881,1.254176472407408,0.8641233078849471,0.37150511561088223,0.8481339815338176,0.3675982314321533,1.0,500
defactify,0,0,69278,0.7229782719010933,0.09511484950780869,0.008009502664208412,0.21360957627813354,JPEG,15.682022094726562,8.0,0.04593612253665924,11.840864181518555,0.20223774015903473,20.0,-2.1758890234399235,523,0.0,0.8605642318725586,7.044948577880859,4.269644737243652,0.5574953556060791,0.4425046741962433,1.4348556310628078,2.1135163499230036,0.17123606750815445,0.6517208275529219,0.406905366776269,1.0,640
defactify,0,0,49740,0.5777140476015393,0.060751862823963165,-0.003603946417570114,0.304853634746972,JPEG,18.10702896118164,10.0,0.023581109941005707,18.910781860351562,0.14841146767139435,20.0,-2.236515815657147,480,0.0,0.8090001940727234,6.245595455169678,7.5562567710876465,0.6116666197776794,0.38833338022232056,1.4573156939220848,2.075822543466191,0.2592751277681031,0.7389657752240159,0.39124052786109653,1.0,640
defactify,0,0,70817,0.23884249928016124,0.06777395308017731,0.004488967824727297,0.23820444359376533,JPEG,15.453986167907715,10.0,0.053254205733537674,12.727899551391602,0.3184661865234375,20.0,-1.9197520746762016,424,0.0,0.8058387637138367,8.560547828674316,2.7973029613494873,0.8073687553405762,0.19263125956058502,1.4849941996994982,3.5695516899450555,0.1868155110842113,0.5573588395451541,0.41064454615697343,1.0,640
defactify,0,0,17782,0.5923878670259312,0.021609308198094368,-0.004535849206149578,0.06544890375331881,JPEG,26.530807495117188,10.0,0.0038013590965420008,21.75006103515625,0.025800159201025963,20.0,-2.814641588001593,640,0.0,0.815284252166748,2.010789394378662,14.156893730163574,0.4218771457672119,0.5781228542327881,1.227257832011342,0.3327597423345201,0.2870914137056462,0.9140821066872683,0.3185722467066022,1.0,480
defactify,0,0,15188,0.6949777719089749,0.03178904950618744,-0.0009512939723208547,0.15866282178960964,JPEG,31.001502990722656,10.0,0.0012522890465334058,21.15537452697754,0.02682567574083805,20.0,-2.929618104978386,480,0.0,0.5654812455177307,1.148826241493225,8.951233863830566,0.3728027939796448,0.6271972060203552,1.0972215458043033,0.24540935301767236,0.3214741574248941,0.9235146253919237,0.30469784666823524,1.0,640
defactify,0,0,19850,0.6664267036492023,0.08160535991191864,0.0058380006812512875,0.30441046886795803,JPEG,30.28964614868164,10.0,0.0020649852231144905,30.015356063842773,0.019694313406944275,20.0,-2.826435891817641,640,0.0,0.7385570406913757,2.3842647075653076,10.93824577331543,0.2985602617263794,0.7014397382736206,1.247813989839307,0.5466394374216508,0.29007248260445545,0.9028394676382308,0.3316670104346581,1.0,442
defactify,0,0,40625,0.46174626145682585,0.08121572434902191,0.0009287117864005268,0.2491556030948914,JPEG,16.252992630004883,10.0,0.07000945508480072,17.84539031982422,0.2015819400548935,20.0,-1.9816675475859322,375,0.0,0.8970910906791687,10.867712020874023,11.20564079284668,0.7132577300071716,0.28674226999282837,1.5109139933797728,3.4234358234487114,0.13629853477477508,0.6097843552473736,0.4049882429766802,1.0,500
defactify,0,0,29946,0.44217732960102524,0.054077595472335815,-0.0033919340930879116,0.2018911416521174,JPEG,25.47522735595703,10.0,0.0031260251998901367,19.6732120513916,0.05823853611946106,20.0,-2.719671666295568,425,0.0,0.634233832359314,2.724890947341919,1.6663751602172852,0.3830157518386841,0.6169842481613159,1.1541274370969348,1.0991256901491855,0.22362139881646523,0.7769573378311488,0.36200138561689715,1.0,640
defactify,0,0,23203,0.7256968744280192,0.03298112004995346,0.002047597663477063,0.0961824850235986,JPEG,14.306341171264648,10.0,0.0369480699300766,15.987139701843262,0.16342954337596893,20.0,-2.256773199802921,640,0.0,0.8416807055473328,3.822216272354126,5.4264020919799805,0.2466573715209961,0.7533426284790039,1.2948004828485051,0.7289053835422015,0.3882969211354397,0.8580628181697569,0.33939090956133694,1.0,425
defactify,0,0,47718,0.706687660119556,0.08534720540046692,-0.006413801107555628,0.2502353711132826,JPEG,21.732912063598633,10.0,0.01638435572385788,20.958675384521484,0.09171868115663528,20.0,-2.3993980354765743,427,0.0,0.8222618103027344,6.701663017272949,8.152178764343262,0.6513174176216125,0.34868258237838745,1.3279504682991836,2.2728304945451687,0.19985178991848435,0.7218715567541664,0.3932713152716405,1.0,640
defactify,0,0,57459,0.15293882447021193,0.05929258465766907,0.004670089576393366,0.2036408438869401,JPEG,16.271289825439453,8.0,0.02679370529949665,14.100400924682617,0.16698825359344482,20.0,-2.109954970346244,427,0.0,0.8053257465362549,6.767935276031494,4.788227558135986,0.6673949956893921,0.3326049745082855,1.3256174572068193,2.467739080420914,0.14948223072979827,0.6335010113449882,0.40619489499427175,1.0,640
defactify,0,0,46180,0.5350872780320942,0.10942211747169495,0.0026354158762842417,0.28085159562317336,JPEG,21.503629684448242,10.0,0.012465493753552437,22.40683364868164,0.0905868336558342,20.0,-2.496882452172596,426,0.0,0.783653974533081,4.741674900054932,4.088836669921875,0.6859970688819885,0.3140029311180115,1.2829289631800156,1.3573756777219532,0.18287867310109246,0.7149522308525739,0.40503628451238155,1.0,640
defactify,0,0,40302,0.5270474658085278,0.10575737804174423,0.0017863222165033221,0.1967633792578979,JPEG,23.56109619140625,10.0,0.0051015689969062805,20.65676498413086,0.059503648430109024,20.0,-2.707140901928744,480,0.0,0.7210375070571899,3.669691324234009,3.246462106704712,0.3904154896736145,0.6095845103263855,1.342144777419485,1.4268013757860447,0.16748055579611493,0.7459572694996024,0.3817476332718435,1.0,640
defactify,0,0,35947,0.456574914078707,0.0946066603064537,0.01658638007938862,0.22372107405959016,JPEG,19.855144500732422,10.0,0.04445062577724457,21.50397491455078,0.21208873391151428,20.0,-2.013462920452399,427,0.0,0.8469032645225525,5.541980743408203,9.952434539794922,0.10822969675064087,0.8917703032493591,1.3280607488650211,1.4270317980296365,0.2975782135587941,0.7827297150398895,0.38784543382015485,1.0,640
defactify,0,0,28572,0.5597642991432501,0.0,0.0,0.0,JPEG,22.33530044555664,10.0,0.0051641627214848995,21.29336166381836,0.047712281346321106,20.0,-2.555596663244269,517,0.0,0.7576010823249817,3.105095624923706,4.840145587921143,0.4256499409675598,0.5743500590324402,1.2569836083906405,0.7703918506735612,0.24389707294847682,0.8548152069873203,0.37179767050233603,1.0,640
defactify,0,0,42683,0.544740445983308,0.04421349987387657,-0.0008385294931940734,0.18447138618594014,JPEG,21.64684295654297,10.0,0.009443363174796104,18.102550506591797,0.06859598308801651,20.0,-2.389266100502152,640,0.0,0.7918978333473206,5.2498860359191895,7.713773250579834,0.5225303769111633,0.47746962308883667,1.3568853883601035,1.7079207520660051,0.20080750915343393,0.7514842792718046,0.39645077570407483,1.0,480
defactify,0,0,38960,0.2202086765513454,0.0907290130853653,-0.0036226948723196983,0.13357473261418398,JPEG,19.109020233154297,10.0,0.0470464788377285,14.13792610168457,0.2203119695186615,20.0,-2.2585435148659116,293,0.0,0.8440987467765808,5.547649383544922,4.577608108520508,0.8041431307792664,0.19585688412189484,1.1889188522511556,1.5375925708583602,0.21626304032549754,0.6589086822353526,0.40956095994733327,1.0,640
defactify,0,0,38757,0.5495391986701542,0.07674579322338104,-0.01138519961386919,0.23881944989971787,JPEG,18.84809684753418,10.0,0.02702612243592739,15.2705659866333,0.19397638738155365,20.0,-2.2827016853028463,427,0.0,0.7934672832489014,5.781778335571289,5.911856174468994,0.29399293661117554,0.7060070633888245,1.3995208611964014,1.9080909302495006,0.2781854447035932,0.7676912379797866,0.3901231898582724,1.0,640
defactify,0,0,32250,0.4584957668832447,0.12301718443632126,-1.5435989553225227e-05,0.2953134356266568,JPEG,17.585521697998047,10.0,0.009206458926200867,14.547794342041016,0.06154128909111023,20.0,-2.527147618474475,480,0.0,0.7986718416213989,3.051276445388794,4.273166179656982,0.4317271113395691,0.5682728886604309,1.1223302996567084,0.5901239188573812,0.3929704390558021,0.8677838752689868,0.3935170518192219,1.0,640
defactify,0,0,24453,0.7732991612301957,0.052634455263614655,0.01716686226427555,0.22402412321122145,JPEG,21.59404754638672,10.0,0.022353339940309525,18.544145584106445,0.1636219173669815,20.0,-2.263599000859631,640,0.0,0.7980968952178955,3.0201616287231445,9.12468147277832,0.1619185209274292,0.8380814790725708,1.135170765623799,0.5847707219374323,0.5339113651452497,0.8878577821821503,0.3269464793582164,1.0,474
defactify,0,0,29096,0.5476737160120846,0.07670086622238159,0.003141396678984165,0.27897053989503584,JPEG,23.712827682495117,10.0,0.007933298125863075,18.578231811523438,0.04641202837228775,20.0,-2.7007038533161807,427,0.0,0.8201997876167297,3.914360284805298,10.265617370605469,0.4120517373085022,0.5879482626914978,1.1948817973283605,0.9075332840728648,0.2130206016167271,0.836838162299348,0.38145877525165023,1.0,640
defactify,0,0,32780,0.7293613873358656,0.13686175644397736,0.0020420276559889317,0.19899509067511373,JPEG,19.423507690429688,10.0,0.00880846381187439,19.048484802246094,0.05482405424118042,20.0,-2.521066284057741,478,0.0,0.8228572607040405,3.06850266456604,4.93541145324707,0.34655284881591797,0.653447151184082,1.3125130740274265,0.6082283080631904,0.23469843123717765,0.8288274631552044,0.37783108322346104,1.0,640
defactify,0,0,32368,0.37153464741945724,0.03223787993192673,0.012597315944731236,0.2773016938254507,JPEG,25.83869743347168,8.0,0.012280170805752277,14.489165306091309,0.12157757580280304,20.0,-2.221447436330626,640,0.0,0.7975285649299622,5.083127975463867,11.138548851013184,0.20140570402145386,0.7985942959785461,1.486489198414371,1.5581936816728934,0.2872738933519086,0.7923040263173853,0.3909467912786186,1.0,427
defactify,0,0,25682,0.4902207814156437,0.09998602420091629,0.003995125647634268,0.18605304267542003,JPEG,26.131141662597656,10.0,0.007848645560443401,22.29015350341797,0.049990955740213394,20.0,-2.7297141354675123,411,0.0,0.808948278427124,3.7164034843444824,8.705934524536133,0.352339506149292,0.647660493850708,1.2762464007605943,0.8698927614910992,0.23160864012215135,0.8510062336158688,0.37372113312553734,1.0,640
defactify,0,0,41383,0.7410980594321906,0.07684974372386932,0.003400060348212719,0.25745331324574167,JPEG,18.889862060546875,10.0,0.01609603688120842,17.392213821411133,0.08624880760908127,20.0,-2.4808653032109813,428,0.0,0.8273141980171204,6.225513458251953,10.202888488769531,0.4845171570777893,0.5154828429222107,1.34951974005629,1.9246994669277635,0.26960302263962643,0.7602248375488134,0.3781329929573114,1.0,640
defactify,0,0,33056,0.72934356814528,0.03495142608880997,-0.0002752116706687957,0.1663114459410861,JPEG,13.887039184570312,10.0,0.053983110934495926,23.989885330200195,0.09954813122749329,20.0,-2.4630620482941428,640,0.0,0.9535346031188965,9.262214660644531,11.360617637634277,-0.3468359708786011,1.346835970878601,1.4037282262636823,2.1259089485582097,0.3301787537574238,0.8059427582478917,0.35069521874978293,1.0,428
defactify,0,0,68383,0.09102873437157272,0.045337170362472534,0.009765801019966602,0.19450919912059125,JPEG,16.326387405395508,10.0,0.04868577420711517,12.596916198730469,0.23307107388973236,20.0,-1.9457247445537507,480,0.0,0.8343056440353394,7.3412017822265625,3.8625564575195312,0.7075967788696289,0.2924032211303711,1.4838633601453266,2.512884624399443,0.20256956179324484,0.6203533617397454,0.4105755128520127,1.0,640
defactify,0,0,12956,0.6311105301932081,0.0365176722407341,0.028700197115540504,0.09456185234956699,JPEG,22.27557373046875,10.0,0.006333313416689634,20.731813430786133,0.07191141694784164,20.0,-2.49257012827155,500,0.0,0.7160563468933105,1.7214831113815308,4.555222988128662,0.5653451085090637,0.4346548914909363,1.14582982463983,0.2635224384475871,0.42636890575060743,0.9079666621268089,0.3521639805600783,1.0,375
defactify,0,0,65065,0.6431870669745958,0.08846289664506912,0.0014556613750755787,0.23855930343960863,JPEG,18.103530883789062,10.0,0.025245536118745804,16.06055450439453,0.09621503204107285,20.0,-2.3666856140398984,480,0.0,0.8660461902618408,7.510875225067139,5.454957485198975,0.5577510595321655,0.4422489106655121,1.4197512853918999,2.41587941804038,0.16253044186261484,0.6631368661977882,0.4023986061505692,1.0,640
defactify,0,0,35604,0.4194977843426883,0.10977992415428162,0.020152658224105835,0.24918709805966816,JPEG,22.517358779907227,10.0,0.009944881312549114,19.14934539794922,0.09934825450181961,20.0,-2.597120296800554,430,0.0,0.7602737545967102,4.261923789978027,9.938641548156738,0.609858512878418,0.3901415169239044,1.319921910786959,1.409897247109473,0.1916554666254841,0.7804407694046593,0.38928316814893826,1.0,640
defactify,0,0,12016,0.4728938212885894,0.0702187567949295,0.006448431871831417,0.17801284628737557,JPEG,28.234033584594727,10.0,0.0014342223294079304,20.08324432373047,0.022187044844031334,20.0,-2.9594150316869308,448,0.0,0.6761687397956848,1.9072009325027466,9.378379821777344,0.49639439582824707,0.5036056041717529,1.0840404298409372,0.4062397772225812,0.2374123899115243,0.8842551941981504,0.35912492078903435,1.0,336
defactify,0,0,35660,0.5175576236338059,0.06437234580516815,0.004312969744205475,0.1308860591049366,JPEG,25.336483001708984,10.0,0.00805522408336401,24.85739517211914,0.04363667592406273,20.0,-2.6300231640789056,480,0.0,0.8332440257072449,3.985748052597046,7.456960201263428,0.2327997088432312,0.7672002911567688,1.2787795388906953,0.8994862013905947,0.2507489316923018,0.8119743633013058,0.396154561887499,1.0,640
defactify,0,0,62497,0.6220507759935409,0.03542296588420868,0.014779087156057358,0.3001985740136094,JPEG,21.176441192626953,10.0,0.019216913729906082,22.09876823425293,0.13148820400238037,20.0,-2.3918565124765925,471,0.0,0.7944065928459167,7.972438335418701,4.975953102111816,0.7184679508209229,0.28153207898139954,1.491523279208396,3.587946229724791,0.20257503604114854,0.6405353133305387,0.4031778925963114,1.0,640
defactify,0,0,9509,0.7593913757181641,0.012821529060602188,-0.015140693634748459,0.02776547592706839,JPEG,27.338436126708984,10.0,0.0038815385196357965,26.916648864746094,0.05282151326537132,20.0,-2.386271803888231,428,0.0,0.6821315288543701,1.1568104028701782,8.319804191589355,-0.640095591545105,1.640095591545105,1.1721675773840567,0.159193396271694,0.4182253524263487,0.9608637836510152,0.25280971932383167,1.0,640
defactify,0,0,18117,0.6303512864133008,0.08650007843971252,0.019997671246528625,0.16500393505039554,JPEG,23.61666488647461,10.0,0.0066273510456085205,19.292469024658203,0.0744512677192688,20.0,-2.5945296916025966,640,0.0,0.7438551783561707,1.7374796867370605,7.458738803863525,0.1485862135887146,0.8514137864112854,1.042219909007868,0.31766897425828056,0.48051920923689617,0.9232256598368959,0.3201359149419983,0.9999999999999999,480
defactify,0,0,48591,0.5431168464183111,0.029883410781621933,0.019155237823724747,0.15139170416638406,JPEG,23.949581146240234,10.0,0.010228490456938744,15.619035720825195,0.15094591677188873,20.0,-2.3473531197321726,455,0.0,0.6745415925979614,5.845585346221924,6.448719501495361,0.6930902004241943,0.3069097697734833,1.439561642763366,2.908268837106701,0.14695335892381928,0.6509925918425233,0.39642722298754396,1.0,640
defactify,0,0,16956,0.5306958123392143,0.058880023658275604,0.011340084485709667,0.2784874319003959,JPEG,24.328449249267578,10.0,0.00943976454436779,20.531702041625977,0.08597555011510849,20.0,-2.5395327151106124,375,0.0,0.7636370658874512,3.0643999576568604,5.793876647949219,0.225216805934906,0.774783194065094,1.0646337319704187,0.6370652227887915,0.39123572625633046,0.8744691636156131,0.37215906086813233,1.0,500
defactify,0,0,53228,0.28801383530663827,0.09459804743528366,-0.0011978623224422336,0.24492617939338632,JPEG,18.992551803588867,10.0,0.01809646748006344,16.14108657836914,0.14854250848293304,20.0,-2.273029668695331,480,0.0,0.7799606919288635,5.721924781799316,5.899630546569824,0.7174279689788818,0.28257203102111816,1.4505011163521948,2.1874336072263767,0.16129064780047914,0.6880267970132021,0.39159711052381696,1.0,640
defactify,0,0,41990,0.2778755131104968,0.07518774271011353,0.00451907142996788,0.1610398318914987,JPEG,23.18804931640625,10.0,0.007367095444351435,24.411705017089844,0.06876163184642792,20.0,-2.4144116868820076,428,0.0,0.7427449226379395,3.821286678314209,5.80275821685791,0.61643385887146,0.3835661709308624,1.4610463893582288,1.0249868678433083,0.18141209096612865,0.7200520309014572,0.40467640735761706,1.0,640
defactify,0,0,18175,0.5991148810621427,0.05880067124962807,0.00876147486269474,0.1323189160782672,JPEG,23.881423950195312,10.0,0.015050534158945084,21.633373260498047,0.12303806096315384,20.0,-2.434804155853275,375,0.0,0.7614648342132568,4.1081647872924805,8.27691650390625,0.4018236994743347,0.5981763005256653,1.0734159541872692,0.8916156815020688,0.27133472631441546,0.8359409422301258,0.3730653801967506,1.0,500
defactify,0,0,56727,0.34849220103986134,0.07882609218358994,-0.010295791551470757,0.15161350360448458,JPEG,20.44991683959961,10.0,0.01736840419471264,17.80195426940918,0.10577438771724701,20.0,-2.332854275509506,573,0.0,0.811751663684845,4.080259799957275,6.101819038391113,0.7296507358551025,0.27034926414489746,1.2637373961639216,0.995023805252759,0.27320878002741156,0.7500137601187706,0.4088304390658986,1.0,640
defactify,0,0,21234,0.8927397033427172,0.0680011734366417,0.0021782475523650646,0.2943090399699711,JPEG,19.531383514404297,10.0,0.005777174141258001,16.091358184814453,0.04392995312809944,20.0,-2.7771309048260795,426,0.0,0.7932435870170593,3.371318817138672,3.712249279022217,-0.13066136837005615,1.1306613683700562,1.2570653550329642,0.8501945189490543,0.5253891866307392,0.8804209367048392,0.30009543417506285,1.0,640
defactify,0,0,37622,0.6126446601941747,0.06531767547130585,0.01989850588142872,0.14658236122741905,JPEG,17.55111312866211,10.0,0.014319819398224354,18.435346603393555,0.07611704617738724,20.0,-2.6539285254182,480,0.0,0.8216605186462402,4.711276054382324,7.0189714431762695,0.4490063786506653,0.5509936213493347,1.297125220671757,1.276212287151429,0.2123384685389342,0.7992161432968931,0.3801031457576268,1.0,640
defactify,0,0,30436,0.5721800116890707,0.08570171892642975,-0.00650354428216815,0.23729713433201904,JPEG,26.21349334716797,8.0,0.004487143829464912,25.9964542388916,0.03197570517659187,20.0,-2.8138526378842856,480,0.0,0.7978676557540894,3.12904953956604,11.010292053222656,0.16707444190979004,0.83292555809021,1.1787610024459052,0.7584036857057191,0.21642118915631303,0.8354106167975867,0.37774339408962704,1.0,640
defactify,0,0,18229,0.8657844576386302,0.15628530085086823,0.0015957554569467902,0.28881916569776467,JPEG,19.276792526245117,10.0,0.014518490061163902,14.902942657470703,0.05604875087738037,20.0,-2.6591342128317716,500,0.0,0.8777440786361694,6.370396614074707,3.6731374263763428,0.04709845781326294,0.9529015421867371,1.291542540078743,1.4848129457900479,0.46965654996176803,0.8560060449227833,0.35266477395587714,0.9999999999999999,348
defactify,0,0,38464,0.5117332625672909,0.09025228023529053,0.002765860641375184,0.28002468918149986,JPEG,22.56543731689453,10.0,0.013163815252482891,23.28740882873535,0.0758717805147171,20.0,-2.581540673236372,480,0.0,0.8211649060249329,5.140971660614014,11.168375015258789,0.2617170810699463,0.7382829189300537,1.2871130509337227,1.4178421932790877,0.3956646792211338,0.8098959795789554,0.3854008369559449,1.0,640
defactify,0,0,26072,0.5500258618750984,0.1152057945728302,-0.0028488580137491226,0.26237839802379587,JPEG,31.030006408691406,10.0,0.0023381595965474844,29.933195114135742,0.05150548368692398,20.0,-2.881793312223503,426,0.0,0.5493682622909546,2.2883663177490234,5.003761291503906,0.42764490842819214,0.5723550915718079,1.2150850615755817,0.9053464210394149,0.2171666347357848,0.8155925192134847,0.3605212732835314,1.0,640
defactify,0,0,51620,0.3363150087652268,0.06373755633831024,-0.00825585052371025,0.2550126681610003,JPEG,16.031076431274414,10.0,0.0190195981413126,13.312568664550781,0.10695680230855942,20.0,-2.457924788178587,480,0.0,0.8149446249008179,5.420371055603027,3.087327241897583,0.5896058678627014,0.4103941321372986,1.361257052668856,1.6806153661082621,0.23295888902910783,0.7280162565450226,0.40580328777737434,1.0,640
defactify,0,0,42428,0.2954983922829582,0.1593710482120514,0.001732350792735815,0.27247418377880633,JPEG,25.50899314880371,10.0,0.004094460979104042,17.48777198791504,0.11240731179714203,20.0,-2.5367491286142334,427,0.0,0.586564838886261,3.1399831771850586,2.2500314712524414,0.5755282044410706,0.42447179555892944,1.3425844200191472,1.7278203597367123,0.172833818529995,0.6890589937183428,0.3570874476885233,1.0,640
defactify,0,0,35481,0.5027383701748598,0.030501503497362137,0.0002906974114011973,0.14585960149953123,JPEG,23.767959594726562,10.0,0.009777079336345196,15.806425094604492,0.06401979923248291,20.0,-2.676276688865788,640,0.0,0.8210746049880981,3.9006731510162354,7.452527046203613,0.5153133869171143,0.48468664288520813,1.3091120710640856,0.9889950419095186,0.2172182127622253,0.8069904188460891,0.39354651185869993,1.0,480
defactify,0,0,26508,0.4655948437274953,0.03091396950185299,0.02154875360429287,0.16099456539500753,JPEG,23.700475692749023,10.0,0.006168000400066376,19.312353134155273,0.0638427585363388,20.0,-2.656634854678505,426,0.0,0.736125111579895,3.3014440536499023,9.642358779907227,0.44098353385925293,0.5590164661407471,1.175555021118959,0.8670100769207296,0.21784710848632863,0.8349418719729295,0.37917755453411356,1.0,640
defactify,0,0,28495,0.8053821891148245,0.09247155487537384,0.011491099372506142,0.22358495532407255,JPEG,20.264572143554688,10.0,0.028594741597771645,18.600019454956055,0.164193257689476,20.0,-2.0364324965419787,375,0.0,0.8220506906509399,8.057405471801758,9.242321014404297,0.33879393339157104,0.661206066608429,1.485678794659064,2.788559313494338,0.2959784075334937,0.7293020606214857,0.3760504554921321,1.0,500
defactify,0,0,34807,0.4195061976213178,0.10482072830200195,0.013351733796298504,0.2880239422100428,JPEG,22.371828079223633,10.0,0.006722609978169203,17.832731246948242,0.08453767746686935,20.0,-2.420392501599087,427,0.0,0.7167288661003113,4.075887680053711,7.188209533691406,0.5652507543563843,0.4347492456436157,1.2578020022770269,1.4845033362963433,0.22110405362318522,0.7861822327327784,0.3824172594580043,1.0,640
defactify,0,0,52671,0.7322388904613643,0.0606081485748291,0.002601400250568986,0.2217135720299577,JPEG,19.163040161132812,10.0,0.011673583649098873,17.082061767578125,0.08311325311660767,20.0,-2.384695041455138,480,0.0,0.7948175072669983,6.004199028015137,5.734711170196533,0.6043025255203247,0.3956975042819977,1.4341860013942647,2.2062614302418213,0.19082830505575327,0.6990573716417802,0.3967155482128727,1.0,640
defactify,0,0,50151,0.6062363397930934,0.025519635528326035,4.6419663704000413e-05,0.15918951218662958,JPEG,15.983837127685547,10.0,0.03572330251336098,16.522220611572266,0.13732226192951202,20.0,-2.334778239732033,426,0.0,0.8589239120483398,7.438595294952393,6.4074811935424805,0.42140424251556396,0.578595757484436,1.3354760861904296,2.2449325272739014,0.2532287643194655,0.7115168218971335,0.3967280964619295,1.0,640
defactify,0,0,12632,0.7914907661841236,0.054226212203502655,-0.023845531046390533,0.10131696396519355,JPEG,21.65865135192871,10.0,0.01057533547282219,29.060771942138672,0.08384378254413605,20.0,-2.543557306010984,427,0.0,0.7692908048629761,2.487715005874634,11.345963478088379,-0.6267833709716797,1.6267833709716797,1.2785524914506876,0.4265313480668037,0.5069165963744041,0.9416794227333676,0.27658067923651203,1.0,640
defactify,0,0,37735,0.7957161347789174,0.12277857959270477,-0.004621491767466068,0.110309625833181,JPEG,23.130470275878906,10.0,0.015683911740779877,18.863262176513672,0.04823397845029831,20.0,-2.0901368206307738,480,0.0,0.8958128690719604,4.143552303314209,7.130156517028809,0.193561851978302,0.806438148021698,1.2453269234661186,0.6891840357538344,0.24018209496065984,0.8170850587233277,0.37322534706562693,1.0,640
defactify,0,0,23741,0.6342330068488107,0.08425585925579071,-0.0006360062980093062,0.17912215737239873,JPEG,18.47458267211914,10.0,0.011391982436180115,16.072690963745117,0.08149023354053497,20.0,-2.4230550229064693,375,0.0,0.7896199226379395,5.248896598815918,1.880035400390625,0.43975329399108887,0.5602467060089111,1.1996567552712356,1.4346239465445636,0.23884914016269637,0.7867039047163554,0.3859037711862904,1.0,500
defactify,0,0,29738,0.6256340966197317,0.08722046762704849,0.0064973668195307255,0.2859820617061867,JPEG,17.587848663330078,10.0,0.018184181302785873,15.14859676361084,0.09643707424402237,20.0,-2.5507046131156677,375,0.0,0.826654314994812,6.869290828704834,3.6442861557006836,0.5188630819320679,0.4811369478702545,1.3847923501497477,2.1321562817936663,0.2361976772933578,0.7411749466947617,0.39009400640246444,1.0,500
defactify,0,0,59590,0.7220370658775892,0.0895848274230957,-9.722344839246944e-05,0.17343452926544814,JPEG,17.531253814697266,10.0,0.028505155816674232,19.35084342956543,0.06913270056247711,20.0,-2.333908869845752,640,0.0,0.9033554196357727,6.674885272979736,4.910817623138428,0.38841700553894043,0.6115829944610596,0.9940655320538803,1.344765573116148,0.20137082618459584,0.7007011136158189,0.39905703856928876,1.0,481
defactify,0,0,30056,0.7083309135257564,0.041243914514780045,-0.005350922700017691,0.1574517086155404,JPEG,27.004568099975586,10.0,0.0048531400971114635,26.631620407104492,0.03831489384174347,20.0,-2.7519701845006637,480,0.0,0.7862656116485596,3.6521811485290527,11.625019073486328,0.35860103368759155,0.6413989663124084,1.290814759823174,0.9479988891485449,0.2731545786388162,0.8284376323719422,0.3686056228270016,1.0,640
defactify,0,0,45414,0.26583865533048623,0.12417145818471909,0.0166642926633358,0.21497920368653753,JPEG,27.49667739868164,10.0,0.003615754656493664,21.83913803100586,0.05983441323041916,20.0,-2.709421480759034,575,0.0,0.6530628800392151,3.310586452484131,5.939345359802246,0.5834502577781677,0.4165497422218323,1.3005839197461035,1.3204241346183676,0.20737612749424378,0.7836209652951839,0.3948399951498141,1.0,640
defactify,0,0,22774,0.6635229662965318,0.06447787582874298,0.009301385842263699,0.30817916739401413,JPEG,25.637609481811523,8.0,0.005934915505349636,25.61809539794922,0.06655354052782059,20.0,-2.631717607201429,480,0.0,0.7331177592277527,2.706573724746704,9.755041122436523,0.2117137908935547,0.7882862091064453,1.3000487060809724,0.6279222395610636,0.29231379527570367,0.8822139720030372,0.33172270788429803,1.0,640
defactify,0,0,15527,0.6371072565102416,0.07980838418006897,0.0030089726205915213,0.34481761558677687,JPEG,26.125783920288086,10.0,0.004602331202477217,22.110065460205078,0.05297282338142395,20.0,-2.5786478817527776,375,0.0,0.716611921787262,2.610537052154541,4.254441738128662,0.5244176387786865,0.4755823314189911,1.2060702677081565,0.5525555139063258,0.30814452372730405,0.8769257030301125,0.35081606111742364,1.0,500
defactify,0,0,63678,0.4049853668382279,0.11268067359924316,0.0008788643754087389,0.22573946167539297,JPEG,13.360431671142578,10.0,0.0352277047932148,15.3367338180542,0.12769493460655212,20.0,-2.355871772150388,473,0.0,0.8607445359230042,7.475290775299072,7.125091075897217,0.7538844347000122,0.2461155652999878,1.3684469819221974,2.2129418346636744,0.16695743382110909,0.667736929082479,0.4027466664829854,1.0,640
defactify,0,0,41188,0.5016425541172631,0.051939528435468674,0.007158362306654453,0.20678422444938854,JPEG,20.941068649291992,10.0,0.009797020815312862,18.939842224121094,0.08302856236696243,20.0,-2.467403617787806,480,0.0,0.7753677368164062,4.873235702514648,8.923844337463379,0.54170823097229,0.4582917392253876,1.4114822850400892,1.6320301159784967,0.18909458481688599,0.7611036898261905,0.38595223370789794,1.0,640
defactify,0,0,32387,0.43571867052530033,0.06461413204669952,0.011635900475084782,0.2832379173279816,JPEG,20.308467864990234,10.0,0.01674387790262699,17.418209075927734,0.14592331647872925,20.0,-2.481328193579776,360,0.0,0.770526647567749,4.873106956481934,8.445542335510254,0.6486498117446899,0.35135015845298767,1.2383538580120677,1.6720752218534032,0.22304056382004112,0.7419608958811303,0.3900551195225742,1.0,640
defactify,0,0,23802,0.48715424910747057,0.05195852741599083,0.004964799620211124,0.13092465841489256,JPEG,29.91219711303711,10.0,0.0023920005187392235,28.540119171142578,0.030823590233922005,20.0,-2.757514175778467,480,0.0,0.6564194560050964,1.7393025159835815,7.633236885070801,0.45777714252471924,0.5422228574752808,1.2377476489491024,0.410794202247144,0.2377578834891852,0.8766545192496328,0.3839566680890109,1.0,640
defactify,0,0,22995,0.4874547293549545,0.038301754742860794,-0.0004167183651588857,0.17642266585333866,JPEG,26.633567810058594,10.0,0.0017612610245123506,21.750186920166016,0.028790146112442017,20.0,-2.975939824798724,480,0.0,0.6539355516433716,1.6444268226623535,2.9390618801116943,0.5570214986801147,0.44297853112220764,1.0997879982879681,0.4485004251632992,0.5477227779572427,0.8816647039884788,0.3881027710527492,1.0,640
defactify,0,0,43727,0.6996747755951607,0.04141637682914734,0.00683645810931921,0.12285065577136842,JPEG,24.475921630859375,10.0,0.015633078292012215,22.001949310302734,0.1113281324505806,20.0,-2.3388895861128227,427,0.0,0.7831938862800598,6.793110370635986,10.944409370422363,0.5043671131134033,0.4956328868865967,1.4130529637429046,2.6035837082698166,0.19751462495017977,0.7148246714593922,0.39076756598970713,1.0,640
defactify,0,0,28446,0.6106052880763347,0.06603506207466125,0.005818566307425499,0.20247836543263215,JPEG,17.668886184692383,10.0,0.06476236879825592,17.653419494628906,0.17725816369056702,20.0,-2.231758321580348,283,0.0,0.8935843110084534,10.027433395385742,6.772475242614746,0.4982156753540039,0.5017843246459961,1.35161531818089,2.9265338000851675,0.16764567997279797,0.6627081746578023,0.40498250335215835,1.0,500
defactify,0,0,29835,0.47778755064669154,0.08587837964296341,0.010688398033380508,0.22698386139380214,JPEG,25.50809669494629,10.0,0.012789092026650906,18.244678497314453,0.11184193193912506,20.0,-2.4202125499808056,480,0.0,0.765121340751648,3.618504524230957,10.172449111938477,0.422304630279541,0.577695369720459,1.2703416070897773,0.9377193790660516,0.2511066160907367,0.8350198617078052,0.36813356626819344,1.0,640
defactify,0,0,29196,0.6431040268456376,0.07513014227151871,0.01138005405664444,0.2889716894301345,JPEG,24.85881996154785,8.0,0.0038299437146633863,23.121335983276367,0.0623437725007534,20.0,-2.505616464582225,640,0.0,0.6448329091072083,3.8656511306762695,5.866994380950928,0.4140894412994385,0.5859105587005615,1.3995591138479735,1.5718477098827375,0.23359823551024197,0.8001084184924997,0.3645316850732181,1.0,413
defactify,0,0,15621,0.5309117769855799,0.1452779769897461,0.0048368205316364765,0.24385323509875492,JPEG,21.811233520507812,8.0,0.007756964303553104,22.05529022216797,0.05494427680969238,20.0,-2.6058883796046777,500,0.0,0.8069782853126526,4.393526077270508,11.208871841430664,0.10887759923934937,0.8911224007606506,1.299246690005675,1.0100100753388297,0.22478583962958298,0.8810894986394402,0.36340531596003,1.0,375
defactify,0,0,37006,0.5464907449534254,0.03374972939491272,0.007805758621543646,0.17721699641935748,JPEG,18.4973087310791,10.0,0.006404365878552198,14.969745635986328,0.055361293256282806,20.0,-2.6433176463300683,480,0.0,0.7673577666282654,3.0422797203063965,2.147886276245117,0.6208738088607788,0.3791262209415436,1.2049959767598573,0.7280020775179197,0.20770939441015937,0.8001216120727362,0.3971421324621327,1.0,640
defactify,0,0,39482,0.5692987713515133,0.05738183483481407,-0.003565395250916481,0.11580820299745152,JPEG,15.37811279296875,10.0,0.016252703964710236,14.190672874450684,0.07834538072347641,20.0,-2.497885383108458,428,0.0,0.8354002833366394,5.175489902496338,4.82646369934082,0.34557169675827026,0.6544283032417297,1.363765829217162,1.3835516604378908,0.24539958210353052,0.7551896588200051,0.39741480483291675,0.9999999999999999,640
defactify,0,0,19995,0.6918330945349279,0.0,0.0,0.0,JPEG,24.906766891479492,10.0,0.006652188021689653,17.434112548828125,0.030850667506456375,20.0,-2.5692747475203106,375,0.0,0.8493809103965759,5.257916450500488,8.853534698486328,0.028986036777496338,0.9710139632225037,1.257456195890531,1.1683157696619746,0.33582560158594055,0.8100440823854134,0.3751447778319392,1.0,500
defactify,0,0,39777,0.32796573875803,0.09221071004867554,0.0158280860632658,0.26088872250916045,JPEG,23.157224655151367,10.0,0.0036335804034024477,16.42873191833496,0.0654335469007492,20.0,-2.6722692551317055,640,0.0,0.6593503355979919,3.561622142791748,5.0511860847473145,0.6218721270561218,0.3781278729438782,1.3331399293941977,1.4857628891178418,0.220468568466815,0.7606155393765182,0.3936261838406117,1.0,480
defactify,0,0,33213,0.802772321470131,0.12488028407096863,0.003047169651836157,0.11538819210071369,JPEG,13.963878631591797,10.0,0.035443682223558426,12.188154220581055,0.22469371557235718,20.0,-2.214324179544089,640,0.0,0.8085849285125732,4.637768268585205,4.454268455505371,0.20169252157211304,0.798307478427887,1.3803520971599956,1.155341941756908,0.47606455423721494,0.8223506465781161,0.3302612451339383,1.0,480
defactify,0,0,32471,0.7738833608495828,0.0884571447968483,0.008614417165517807,0.17282160996087936,JPEG,22.327411651611328,10.0,0.0067053320817649364,14.392608642578125,0.11760075390338898,20.0,-2.4238445930820216,640,0.0,0.6556219458580017,2.794395923614502,2.5258841514587402,0.4980083703994751,0.5019916296005249,1.2820199228282765,0.8524173121489891,0.24589024341910376,0.7826377141509427,0.38319078598831013,1.0,427
defactify,0,0,22586,0.3169844020797227,0.04148745536804199,-0.005169957876205444,0.13312854452878267,JPEG,29.147188186645508,8.0,0.001916602486744523,21.025959014892578,0.03531324490904808,20.0,-2.7369522918205673,640,0.0,0.5721635222434998,1.8431962728500366,4.035261631011963,0.3757721781730652,0.6242278218269348,1.2657040145373197,0.4943699577851155,0.3504145470982132,0.8546346111825528,0.39161549532013157,1.0,428
defactify,0,0,30691,0.6805531815709736,0.08058717846870422,0.0010849557584151626,0.231587211961129,JPEG,26.157493591308594,10.0,0.012795833870768547,24.49317741394043,0.07784874737262726,20.0,-2.42652616802024,426,0.0,0.836395800113678,4.335443019866943,10.385221481323242,0.46832549571990967,0.5316745042800903,1.4063129339406697,1.0347710252248015,0.284225867472398,0.834528183786346,0.3714195625817811,1.0,640
defactify,0,0,16453,0.6796058661778185,0.07802536338567734,0.0030109139624983072,0.2024029603766369,JPEG,29.220813751220703,10.0,0.007686661556363106,27.977554321289062,0.06988050043582916,20.0,-2.7112364271525426,333,0.0,0.7525619268417358,3.4419658184051514,15.717164993286133,0.31975317001342773,0.6802468299865723,1.2675032124921808,0.9022609006516477,0.23400721560522159,0.8262964937704746,0.3641420991097694,1.0,500
defactify,0,0,45853,0.49493681479621726,0.06593279540538788,0.003842111211270094,0.15057136338918786,JPEG,24.81714630126953,10.0,0.015965862199664116,19.17963409423828,0.1373811513185501,20.0,-2.321079972995274,427,0.0,0.7709726095199585,6.040813446044922,5.708343505859375,0.6378849744796753,0.3621149957180023,1.3954926015779259,2.437353086628006,0.18957374104308966,0.7138038640813027,0.3959889535156328,1.0,640
defactify,0,0,15878,0.8493012608056856,0.057602409273386,-0.01747552491724491,0.11733275760184592,JPEG,27.723417282104492,10.0,0.007360976655036211,24.311887741088867,0.12243961542844772,20.0,-2.3277585097543425,427,0.0,0.6332278847694397,1.7530657052993774,6.35012149810791,0.17163985967636108,0.8283601403236389,1.1797345251250402,0.32377214214204825,0.5290325467932423,0.9170154024427264,0.27454710563093415,0.9999999999999999,640
defactify,0,0,14556,0.635057622480661,0.10145862400531769,-0.005114368163049221,0.19534986389172107,JPEG,30.981475830078125,10.0,0.0029488003347069025,22.039066314697266,0.028611134737730026,20.0,-2.985749556210935,480,0.0,0.7520071268081665,1.3400893211364746,13.155349731445312,0.3629302382469177,0.6370697617530823,0.9912638523855074,0.2103231837303104,0.35954028709692076,0.9414383964550942,0.2968639036296386,1.0,640
defactify,0,0,13412,0.8716212184497881,0.07867904007434845,-0.004024317022413015,0.07644617546749272,JPEG,19.63275146484375,10.0,0.01440483145415783,17.523168563842773,0.11061612516641617,20.0,-2.033296314317658,427,0.0,0.7941422462463379,2.018932342529297,6.780159950256348,-0.6502258777618408,1.6502258777618408,1.2017358453402018,0.29060226243098697,0.548275404989307,0.9346771304486157,0.22928290889107408,1.0,640
defactify,0,0,62474,0.27152935452481347,0.037160724401474,0.0005574038368649781,0.13045636747643896,JPEG,17.39441680908203,10.0,0.023139767348766327,16.399375915527344,0.1681232452392578,20.0,-2.178505286823358,640,0.0,0.7852298617362976,4.785765647888184,2.34041428565979,0.5765553712844849,0.4234446585178375,1.3410723637655872,1.4723275757938568,0.2401921330255904,0.7384521590764528,0.40482741232853775,1.0,640
defactify,0,0,30368,0.7339996454215052,0.05301018804311752,0.004694313742220402,0.10235353114397641,JPEG,25.85883903503418,10.0,0.010731392540037632,22.73748207092285,0.11384280025959015,20.0,-2.2158534009681135,427,0.0,0.7468321919441223,3.879319906234741,10.759459495544434,0.4915581941604614,0.5084418058395386,1.1900406266825772,1.1010594498764403,0.2483164603249865,0.8006814774178707,0.3696312025851745,1.0,640
defactify,0,0,35677,0.248298847382308,0.06383323669433594,0.0030233701691031456,0.15349207185671482,JPEG,17.331283569335938,10.0,0.012372292578220367,17.617429733276367,0.08207163959741592,20.0,-2.7006724626019567,480,0.0,0.8009421229362488,3.1444199085235596,3.647146701812744,0.2072005271911621,0.7927994728088379,1.1368457480642102,0.7156122746361283,0.33975972777363783,0.7990268857065471,0.39265893147103426,1.0,640
defactify,0,0,69801,0.053546784432790505,0.05768194794654846,-0.00524445716291666,0.0678263417469758,JPEG,9.325530052185059,10.0,0.12562195956707,12.849682807922363,0.24623465538024902,20.0,-1.9961206702279284,480,0.0,0.9246375560760498,8.316105842590332,5.1212029457092285,0.6226426362991333,0.3773573338985443,1.1866753546846982,1.9501274794953756,0.22047117017593537,0.6244600397723014,0.40233141473435596,1.0,640
defactify,0,0,59013,0.5752936364167592,0.054960235953330994,0.004225637763738632,0.18434343221692923,JPEG,22.01526641845703,10.0,0.03516395390033722,18.79165267944336,0.16404911875724792,20.0,-2.1061636272164983,454,0.0,0.8469000458717346,7.761129856109619,11.550125122070312,0.7385371327400208,0.26146286725997925,1.4421978506865982,2.6414000456850593,0.16461461757587526,0.6432772113211447,0.40222315828564287,1.0,640
defactify,0,0,41285,0.7321034620529122,0.10652192682027817,0.0001445332745788619,0.21007786858778735,JPEG,20.851104736328125,10.0,0.015119127929210663,18.52336311340332,0.09997112303972244,20.0,-2.2965607887047987,424,0.0,0.8036642074584961,6.175284385681152,7.509404182434082,0.4609808325767517,0.5390191674232483,1.3738662783474744,2.082247593511267,0.21690981000312282,0.7481969252617127,0.38188609307997107,1.0,640
defactify,0,0,44469,0.42114723975393464,0.07476546615362167,0.012213806621730328,0.1978858184291974,JPEG,21.096817016601562,10.0,0.01467724796384573,21.786941528320312,0.10473323613405228,20.0,-2.39839185351523,480,0.0,0.7840621471405029,4.908080101013184,6.793066024780273,0.46009278297424316,0.5399072170257568,1.3830748779559947,1.4876935390119828,0.1788967706644956,0.7404947785601824,0.3985611133024223,1.0,640
defactify,0,0,33957,0.2935131402575247,0.1944771707057953,-0.0024028473999351263,0.3601895662014563,JPEG,24.055213928222656,10.0,0.013902627862989902,23.27557373046875,0.13515278697013855,20.0,-2.4670562634829203,361,0.0,0.7579928636550903,4.819892883300781,6.323224067687988,0.5565202236175537,0.4434798061847687,1.3508031498214847,1.6952563646162933,0.21314688006294769,0.7496157414243879,0.3892763053665037,1.0,640
defactify,0,0,32900,0.7252638085566692,0.09116332978010178,0.0034618722274899483,0.3778816124053179,JPEG,23.888057708740234,10.0,0.004480342846363783,24.241697311401367,0.06345265358686447,20.0,-2.583061267563243,640,0.0,0.6699609756469727,3.7163028717041016,3.156826972961426,0.3455210328102112,0.6544789671897888,1.2680465557016816,1.381456900201898,0.3082761897279682,0.793255894632057,0.37633665679627504,1.0,427
defactify,0,0,34382,0.4469762109486959,0.15816348791122437,0.005090291146188974,0.26798097464922666,JPEG,23.233434677124023,10.0,0.00372606934979558,12.901527404785156,0.048619210720062256,20.0,-2.6605283864793074,640,0.0,0.6969132423400879,3.0301921367645264,1.318565011024475,0.5170407295227051,0.48295924067497253,1.2148088336440408,0.9476042046632616,0.18567382167015803,0.781705188030662,0.38989643703537935,1.0,428
defactify,0,0,19789,0.5820232172470978,0.02833404764533043,-0.008142146281898022,0.1749561415162319,JPEG,24.35565757751465,10.0,0.003935202956199646,25.165706634521484,0.02987002395093441,20.0,-2.540137072047003,427,0.0,0.7907174229621887,2.7389070987701416,9.024182319641113,0.14078396558761597,0.859216034412384,1.236015728482211,0.5597819224373874,0.31895667518332793,0.8952754762060823,0.36205034313157547,1.0,640
defactify,0,0,29008,0.8254977397326152,0.03599236160516739,6.980069156270474e-05,0.16485619908021204,JPEG,24.92296028137207,10.0,0.00913998857140541,22.46131134033203,0.05579540878534317,20.0,-2.6942924577967235,480,0.0,0.8022247552871704,4.518147945404053,8.597718238830566,0.3934258818626404,0.6065741181373596,1.4110085928756246,1.1229683068945224,0.3343220308912472,0.8516511913454586,0.3176971861527773,1.0,640
defactify,0,0,22858,0.5295492046729589,0.03125820308923721,0.005922169424593449,0.18216148588951442,JPEG,25.490474700927734,10.0,0.0049977474845945835,25.096054077148438,0.05250793695449829,20.0,-2.7264151394294642,640,0.0,0.7244254350662231,2.4227538108825684,8.933937072753906,0.12694859504699707,0.8730514049530029,1.2474570830038934,0.5864470476081817,0.4320655121148055,0.866710055223114,0.37497995116100075,1.0,480
defactify,0,0,20165,0.8996898685105778,0.09659089893102646,0.0026219876017421484,0.10989185391990919,JPEG,22.015457153320312,10.0,0.015283782966434956,16.98114585876465,0.08329588174819946,20.0,-2.48387397372965,427,0.0,0.8307943344116211,3.421651840209961,6.070648193359375,-0.19885540008544922,1.1988554000854492,1.262857599551187,0.6018677241479791,0.6328584517587593,0.8932477862390079,0.24648022293128255,1.0,640
defactify,0,0,23485,0.8060949731628595,0.032030802220106125,-0.008798775263130665,0.22120061416379053,JPEG,24.500564575195312,10.0,0.0034527499228715897,18.61046028137207,0.05086987838149071,20.0,-2.595204304531555,427,0.0,0.6600552201271057,4.070217609405518,3.0706615447998047,0.09594601392745972,0.9040539860725403,1.41780116034788,1.4543269183711054,0.45974942461551266,0.8732974851946105,0.29300771386058183,1.0,640
defactify,0,0,23515,0.5099667309681568,0.0,0.0,0.0,JPEG,25.9256534576416,10.0,0.003556119743734598,23.75635528564453,0.04626776650547981,20.0,-2.7061921653260237,427,0.0,0.7009410262107849,2.594768762588501,6.494471549987793,0.19781702756881714,0.8021829724311829,1.2430727829508823,0.7596769687703699,0.26143310681210274,0.8367306408698987,0.37708443442939854,1.0,640
defactify,0,0,44795,0.4390545643964058,0.1156957745552063,0.0020935451611876488,0.23295265282489738,JPEG,26.143264770507812,10.0,0.012891103513538837,17.91008758544922,0.1403542309999466,20.0,-2.463366733504894,480,0.0,0.7400732636451721,5.054165363311768,8.91288948059082,0.6859991550445557,0.31400084495544434,1.455256462769676,1.9435877054126762,0.1752610686454703,0.7309162361763987,0.388385604425511,1.0,640
defactify,0,0,17851,0.6391483127736436,0.11206630617380142,0.0021047003101557493,0.2370596160698236,JPEG,28.0979061126709,10.0,0.0030182371847331524,26.91699981689453,0.0311520304530859,20.0,-2.791300336434994,480,0.0,0.7248357534408569,2.2259469032287598,9.563100814819336,0.41425180435180664,0.5857481956481934,1.179302524987559,0.47264893335011327,0.2491316246851515,0.9156321324683913,0.3169553913666611,1.0,640
defactify,0,0,32712,0.38864679230036653,0.08788038790225983,-0.0028916173614561558,0.2362976006752311,JPEG,27.854782104492188,10.0,0.006216773297637701,19.768089294433594,0.09653867781162262,20.0,-2.5993958075659176,429,0.0,0.6763882040977478,3.8127784729003906,8.152349472045898,0.5017205476760864,0.4982794523239136,1.3775710559490768,1.5297686655415879,0.2062190856369711,0.769506731033195,0.3807491272513734,1.0,640
defactify,0,0,59173,0.26199460916442047,0.06004009023308754,0.018656473606824875,0.2561235659107952,JPEG,16.60772132873535,10.0,0.025324907153844833,15.1563720703125,0.12379324436187744,20.0,-2.3615091894073084,480,0.0,0.8317858576774597,6.01392126083374,3.732987403869629,0.5881914496421814,0.4118085503578186,1.3792755390409386,1.7618189501974406,0.1926078840596329,0.679728021068072,0.40977692036685587,1.0,640
defactify,0,0,33809,0.6530310141892623,0.10663006454706192,-0.01280884724110365,0.20472787648686114,JPEG,18.069347381591797,10.0,0.01836525648832321,17.285118103027344,0.08103545010089874,20.0,-2.4815682948751743,295,0.0,0.8508014678955078,6.901578426361084,7.219566822052002,0.5036774277687073,0.4963225722312927,1.3626236224772073,2.235597359265131,0.21220780190817207,0.7188325923434733,0.3942700588292579,1.0,640
defactify,0,0,65258,0.2078982822499158,0.2287238985300064,0.009153015911579132,0.29195608841776444,JPEG,18.69305992126465,10.0,0.015269688330590725,13.769975662231445,0.1215442344546318,20.0,-2.4231911139702533,640,0.0,0.7844356894493103,5.999800682067871,3.224451780319214,0.6327534914016724,0.36724647879600525,1.4345987527835211,2.3333876159260596,0.16316612179602666,0.6741670744839873,0.40788209055876534,1.0,480
defactify,0,0,31691,0.3724849161417218,0.26251643896102905,0.006717872805893421,0.31516944191956314,JPEG,18.74723243713379,10.0,0.009089382365345955,14.882944107055664,0.06709534674882889,20.0,-2.6854919799409416,640,0.0,0.7938591837882996,3.22237491607666,3.845757484436035,0.0964396595954895,0.9035603404045105,1.219675426725102,0.7615111452680506,0.226791378964823,0.8279939543253109,0.3805509534364964,1.0,428
defactify,0,0,41018,0.5753492738417362,0.0851382240653038,0.001514794072136283,0.21400547335518133,JPEG,19.887405395507812,10.0,0.013666928745806217,20.246686935424805,0.09352453798055649,20.0,-2.505848755122576,426,0.0,0.7993432879447937,5.059106349945068,6.4271063804626465,0.6785877346992493,0.32141226530075073,1.3253286908375157,1.5663794937359432,0.21033169727919554,0.7590833595374167,0.3960380712931837,1.0,640
defactify,0,0,27240,0.5793753337812463,0.09151613712310791,0.008924311026930809,0.14475801366883365,JPEG,25.63373565673828,10.0,0.009422333911061287,19.80459976196289,0.09387881308794022,20.0,-2.6130804302728117,427,0.0,0.7452689409255981,3.8954551219940186,8.31132984161377,0.07510137557983398,0.924898624420166,1.396241581069535,1.2110799685733982,0.239653094758636,0.8361660817209864,0.3724170106794151,1.0,640
defactify,0,0,24704,0.9464942541865619,0.0,0.0,0.0,JPEG,19.41082763671875,10.0,0.03812505304813385,21.931018829345703,0.12698298692703247,20.0,-2.178031717306953,371,0.0,0.8766254186630249,8.905420303344727,7.260306358337402,-0.02283155918121338,1.0228315591812134,1.5865492138112391,2.641490756718748,0.49330748288620463,0.7647003951055079,0.34184224314787837,1.0,500
defactify,0,0,56149,0.09668295191565955,0.04751114919781685,0.022286273539066315,0.10950173710987883,JPEG,13.97580337524414,8.0,0.07064355164766312,16.301830291748047,0.2973056733608246,20.0,-1.9098186609158796,396,0.0,0.8504156470298767,7.005799770355225,4.490396976470947,0.7420758008956909,0.25792422890663147,1.4191152161644676,2.030764588451038,0.17944102911756873,0.6255042770449709,0.4087388040176444,1.0,640
defactify,0,0,73480,0.13169479090242112,0.05584273114800453,0.010787995532155037,0.1378716626189765,JPEG,14.173096656799316,10.0,0.0739385262131691,12.348833084106445,0.3313172161579132,20.0,-1.791949479187027,480,0.0,0.8386434316635132,7.862001895904541,3.3801045417785645,0.720022439956665,0.2799775302410126,1.4337280250924807,2.6804602041687273,0.166581991008544,0.5707173928685978,0.4101268747467114,1.0,640
defactify,0,0,22568,0.645014809540027,0.061311911791563034,0.0006236354820430279,0.2057322949374221,JPEG,24.910484313964844,10.0,0.003550351830199361,24.959333419799805,0.029428726062178612,20.0,-2.915550301778488,480,0.0,0.7621294856071472,2.7386698722839355,4.485748291015625,-0.16404187679290771,1.1640418767929077,1.2961355281254998,0.6296729642292342,0.28623218238762316,0.8751290586160106,0.3423673689049704,1.0,640
defactify,0,0,30498,0.589517121552161,0.08107714354991913,0.012653017416596413,0.18938611530454136,JPEG,23.469097137451172,10.0,0.010159763507544994,23.266490936279297,0.06197261065244675,20.0,-2.6017369245630415,480,0.0,0.8228733539581299,4.350132465362549,10.039435386657715,0.4520421028137207,0.5479578971862793,1.3431646700721662,1.0923246569790281,0.25613188295567124,0.8476118218945909,0.3662109613514646,1.0,640
defactify,0,0,38860,0.8995294866805816,0.09170804917812347,0.0008625785703770816,0.33770160159044044,JPEG,24.876527786254883,8.0,0.006524284370243549,26.189472198486328,0.04520411044359207,20.0,-2.7231023611449867,480,0.0,0.7691745162010193,4.201883792877197,10.796818733215332,0.36069780588150024,0.6393021941184998,1.4120667133739886,1.113307578883673,0.3237998788563663,0.7991598484524864,0.37456458571034,1.0,640
defactify,0,0,18199,0.5622164246823956,0.13300257921218872,0.01646840013563633,0.09303653241991193,JPEG,26.06745719909668,10.0,0.0035678267013281584,24.962865829467773,0.035447463393211365,20.0,-2.725714470666627,479,0.0,0.7670180201530457,1.5002477169036865,11.143933296203613,0.3111485242843628,0.6888514757156372,0.8776037541716432,0.2347879515122514,0.31847962993022166,0.9200426261883594,0.3413913427057439,1.0,640
defactify,0,0,45311,0.4432328949558848,0.09264758229255676,0.00449836440384388,0.2972445090647322,JPEG,9.761740684509277,10.0,0.14071494340896606,16.16040802001953,0.21581560373306274,20.0,-2.0296124437901706,377,0.0,0.9362542033195496,13.081059455871582,6.682898998260498,0.6474652886390686,0.3525347113609314,1.4463351780115585,3.6198484830015785,0.15505917301219882,0.6022394812666998,0.40352420371681713,1.0,500
defactify,0,0,38200,0.46972527852743756,0.10979215800762177,0.009572215378284454,0.27463512053335976,JPEG,21.720455169677734,10.0,0.014338608831167221,16.62236976623535,0.11015693843364716,20.0,-2.4944777604718977,480,0.0,0.7899675965309143,4.442562103271484,8.299027442932129,0.5944018363952637,0.40559813380241394,1.250397311750861,1.3257087681784596,0.22287698398047628,0.7897440884651645,0.386116250322113,1.0,640
defactify,0,0,29027,0.5231466097693209,0.11817757785320282,-0.00823542196303606,0.24931397660242655,JPEG,29.459230422973633,10.0,0.005213049240410328,21.50003433227539,0.10630014538764954,20.0,-2.5825357535076083,640,0.0,0.6286965608596802,3.0137922763824463,8.417583465576172,0.7000220417976379,0.29997795820236206,1.2065879790064145,1.095452363609952,0.23777288242123223,0.795509600762342,0.3626662638982404,1.0,427
defactify,0,0,36663,0.7387157213421904,0.03922170773148537,-0.008484110236167908,0.2038370745042421,JPEG,25.529739379882812,10.0,0.008180600591003895,25.399795532226562,0.06501642614603043,20.0,-2.528303367317116,491,0.0,0.7492015957832336,5.221152305603027,11.064022064208984,0.4445532560348511,0.5554467439651489,1.3800732418692918,1.7479749967916849,0.22993664944645983,0.8000068482476985,0.3630639116746045,1.0,640
defactify,0,0,17892,0.5838991744418934,0.09097340703010559,0.026631547138094902,0.1893749764373771,JPEG,28.400035858154297,10.0,0.0011132833315059543,23.717784881591797,0.022961625829339027,20.0,-2.892853025503528,640,0.0,0.6149932742118835,1.476280927658081,8.05049991607666,0.39141833782196045,0.6085816621780396,1.183688671458054,0.33632211966119113,0.27470362973847423,0.9047022999868812,0.34094341454751614,1.0,480
defactify,0,0,18539,0.6308319478494472,0.034409355372190475,0.005735174287110567,0.13886018232633135,JPEG,26.004966735839844,10.0,0.0037109891418367624,22.882625579833984,0.025914976373314857,20.0,-2.8886610842881804,640,0.0,0.8045228123664856,2.1496832370758057,11.514080047607422,0.2840992212295532,0.7159007787704468,1.195812122303581,0.3728275275222912,0.29340412415828887,0.9114018547975766,0.3298141461167104,1.0,480
defactify,0,0,47876,0.6314713688642118,0.050535332411527634,-0.010753653943538666,0.18362982080034207,JPEG,22.780075073242188,10.0,0.01697249338030815,17.138158798217773,0.10363157838582993,20.0,-2.3456572272919107,480,0.0,0.8489704728126526,5.860731601715088,8.203571319580078,0.36825788021087646,0.6317421197891235,1.4118568314235806,1.8763306885519553,0.23769943217532158,0.7651169969029252,0.3978912546891443,1.0,640
defactify,0,0,30701,0.4906779661016949,0.09133370220661163,0.00963971670717001,0.3046556170824616,JPEG,22.11742401123047,10.0,0.00827582087367773,20.747581481933594,0.06896650791168213,20.0,-2.436768758152961,427,0.0,0.767326831817627,4.180106163024902,10.268630981445312,0.3555096387863159,0.6444903612136841,1.2721436083605695,1.199520852459178,0.23733451997173272,0.821717646128419,0.3702641164490467,1.0,640
defactify,0,0,32592,0.49140423981601655,0.05128752812743187,0.012793179601430893,0.2268603150930433,JPEG,26.882875442504883,10.0,0.0059457626193761826,28.026748657226562,0.06862784177064896,20.0,-2.60409684608357,464,0.0,0.73235023021698,4.376842975616455,13.185466766357422,0.6213599443435669,0.3786400556564331,1.3379871451906948,1.578691889824286,0.19547971897531913,0.7878282706105427,0.37291959558883586,1.0,640
defactify,0,0,42860,0.6696097437626433,0.058818161487579346,0.004076374229043722,0.3289313351470677,JPEG,23.655662536621094,10.0,0.008877628482878208,23.84323501586914,0.0451335646212101,20.0,-2.736574736067206,480,0.0,0.8380860090255737,5.333066940307617,6.159538745880127,0.529335618019104,0.4706643521785736,1.254773621298866,1.5157562436412664,0.26077906601969003,0.7890344495310762,0.39134839067227895,0.9999999999999999,640
defactify,0,0,13168,0.49962221132305573,0.02921489253640175,-0.01633467525243759,0.07091611829597526,JPEG,23.126007080078125,10.0,0.006730690598487854,25.24394989013672,0.03699509799480438,20.0,-2.855679524071395,427,0.0,0.8291378021240234,1.360413908958435,6.338870525360107,-0.48095273971557617,1.4809527397155762,1.2399856521908863,0.18646961838518478,0.390300051896206,0.9397254953090244,0.3532226532419179,1.0,640
defactify,0,0,34988,0.6930836050149881,0.12597481906414032,-0.002738236216828227,0.1746532985012607,JPEG,22.482418060302734,10.0,0.007788187358528376,19.181001663208008,0.04646238312125206,20.0,-2.5528506849833668,640,0.0,0.8139393925666809,4.207454681396484,8.750385284423828,0.19700783491134644,0.8029921650886536,1.3396346734494622,1.0048322688336855,0.2615172843357406,0.8491068945808598,0.368396608111207,1.0,533
defactify,0,0,55093,0.30484000356538016,0.0,0.0,0.0,JPEG,18.410715103149414,10.0,0.03322090208530426,14.612726211547852,0.10519838333129883,20.0,-2.260879065943346,424,0.0,0.8809395432472229,7.281902313232422,6.630068778991699,0.5461251139640808,0.4538748860359192,1.2266517566150152,1.8695575702721836,0.17296749895128,0.6609726877598113,0.40799285058253565,1.0,640
defactify,0,0,25951,0.6400362700173254,0.05908777192234993,0.0026326915249228477,0.18514440442222296,JPEG,24.82452392578125,10.0,0.006080241408199072,26.5709285736084,0.041657447814941406,20.0,-2.5477946578979225,427,0.0,0.7910128831863403,3.650010824203491,12.904378890991211,0.32543647289276123,0.6745635271072388,1.2314974615538286,0.8042476767309992,0.2336997921297641,0.8511437891122977,0.37633962077257277,1.0,640
defactify,0,0,42516,0.34204688530487437,0.07295669615268707,-0.008407186716794968,0.1532079087808688,JPEG,19.350452423095703,10.0,0.02513887733221054,18.6790714263916,0.1422090083360672,20.0,-2.399516178773854,424,0.0,0.8343878388404846,5.699613094329834,8.829635620117188,0.5294419527053833,0.4705580472946167,1.2477752733144507,1.559863676104446,0.19377579348287954,0.7233453628341249,0.40001950058494784,1.0,640
defactify,0,0,26693,0.3451194932335157,0.12748312950134277,0.01511863898485899,0.30085424701360025,JPEG,23.293495178222656,10.0,0.04385098069906235,22.091304779052734,0.15679103136062622,20.0,-2.1360985555058165,500,0.0,0.8892843723297119,7.184727191925049,13.455068588256836,0.5429348349571228,0.4570651650428772,1.2935315541627197,1.638958647795285,0.2508225927201393,0.7509914264406639,0.3978632171735079,1.0,375
defactify,0,0,31197,0.6674159001189959,0.0973467230796814,0.006697296630591154,0.3393951956028108,JPEG,18.324047088623047,10.0,0.008928180672228336,14.16612720489502,0.06686051934957504,20.0,-2.678035177711502,640,0.0,0.7991093993186951,3.0812501907348633,3.3059210777282715,0.2546100616455078,0.7453899383544922,1.2077999163148703,0.7859611718160127,0.29412913883168623,0.8105224711283071,0.3764357840060753,1.0,427
defactify,0,0,31769,0.5928492748301818,0.09993876516819,0.013949660584330559,0.2870146476033519,JPEG,16.26222801208496,10.0,0.025149473920464516,15.432557106018066,0.14939306676387787,20.0,-2.271148350968415,375,0.0,0.8166112899780273,5.654445171356201,5.780542373657227,0.6594699621200562,0.34053006768226624,1.3363567795794051,1.4959906259065854,0.19462837512391487,0.7002448779205828,0.40711290432794073,1.0,500
defactify,0,0,47337,0.20497720364741642,0.0364234484732151,0.00203783274628222,0.21674013414118434,JPEG,19.114755630493164,10.0,0.01667873188853264,16.92300796508789,0.1008196771144867,20.0,-2.2563707468465926,480,0.0,0.821216881275177,5.332503795623779,7.874658584594727,0.3795904517173767,0.6204095482826233,1.454395606561931,1.5723584730106677,0.2564231329935234,0.7436551848387793,0.4072316414591514,1.0,640
defactify,0,0,40904,0.6218386080284971,0.05114565044641495,0.0036528855562210083,0.2740669829760692,JPEG,22.190670013427734,10.0,0.007446967530995607,19.259628295898438,0.0875469446182251,20.0,-2.4782039234617006,474,0.0,0.7227657437324524,4.6399736404418945,7.216972827911377,0.6708709001541138,0.3291291296482086,1.3954663262821567,1.795222313033722,0.22385851181007504,0.7573342215718282,0.3856507905503913,1.0,640
defactify,0,0,25332,0.3766592725608253,0.09878155589103699,0.015017044730484486,0.15852680711456657,JPEG,26.913888931274414,10.0,0.0032157546374946833,22.804847717285156,0.03312334045767784,20.0,-2.8684073270577186,640,0.0,0.7393375039100647,2.2673332691192627,8.833727836608887,0.5311627388000488,0.4688372313976288,1.2000475184871233,0.5448476878028059,0.23028107506301382,0.8689488752573653,0.3744046467713726,1.0,480
defactify,0,0,74759,0.24322413386754654,0.05036626383662224,0.0011371932923793793,0.17032638924934237,JPEG,16.157155990600586,10.0,0.038898371160030365,14.826874732971191,0.16875191032886505,20.0,-2.1696070636870175,480,0.0,0.8477824330329895,8.476689338684082,3.8536415100097656,0.6492407917976379,0.35075920820236206,1.5314536448554001,3.1972164024649268,0.1425470235085904,0.5949362250999846,0.4069487663403536,1.0,640
defactify,0,0,49699,0.44790399740533526,0.05649672448635101,0.009640599600970745,0.18126225455888123,JPEG,18.714433670043945,5.0,0.031996406614780426,20.968673706054688,0.14351126551628113,20.0,-2.306872837734493,640,0.0,0.8400821089744568,5.623028755187988,7.915555953979492,0.708648681640625,0.2913512885570526,1.28507392000369,1.4609925883711699,0.1781426267174563,0.6861200388665286,0.40678677785082334,1.0,427
defactify,0,0,17358,0.5942867188186692,0.056061290204524994,-0.008145400322973728,0.08945094889616234,JPEG,28.53948974609375,10.0,0.0024790179450064898,29.903915405273438,0.023652201518416405,20.0,-2.7624050541490033,375,0.0,0.7183628082275391,2.182528257369995,0.5815067291259766,0.49632126092910767,0.5036787390708923,0.9389041756025082,0.43365956233782554,0.37169645973361515,0.8641562494988394,0.3816779937897888,1.0,500
defactify,0,0,59350,0.3623433489355277,0.055291883647441864,0.002283646957948804,0.17561546127590855,JPEG,24.843791961669922,10.0,0.014128715731203556,16.40611457824707,0.10428940504789352,20.0,-2.4173855233508332,561,0.0,0.7828433513641357,6.560163497924805,6.171770095825195,0.5797998905181885,0.4202001392841339,1.485147696146008,2.68814266420833,0.17543746968778318,0.713556805538345,0.39551112488182405,1.0,640
defactify,0,0,52640,0.479607250755287,0.010960877873003483,0.01358091365545988,0.13168663151212406,JPEG,18.46685218811035,10.0,0.013049003668129444,15.376716613769531,0.13202261924743652,20.0,-2.2526591742954403,476,0.0,0.7401254773139954,6.664505958557129,4.8458757400512695,0.4958587884902954,0.5041412115097046,1.4814727855064822,2.8134648902545063,0.21353458716010076,0.684562361091296,0.4038701436021491,1.0,640
defactify,0,0,48559,0.5697290414992241,0.06562490016222,0.001057748799212277,0.24340398788362777,JPEG,20.186431884765625,10.0,0.01711597666144371,19.928478240966797,0.08006074279546738,20.0,-2.3472049213124087,425,0.0,0.8507606983184814,6.860238552093506,10.145088195800781,0.7719458937644958,0.22805410623550415,1.2235870879190762,2.1063585232684416,0.1812893502956492,0.693266786913966,0.40107616224164677,1.0,640
defactify,0,0,90784,0.4253980482794042,0.11404553800821304,0.0026553089264780283,0.2108182816231074,JPEG,12.751876831054688,10.0,0.09224753081798553,11.792581558227539,0.24017158150672913,20.0,-1.995796478886987,480,0.0,0.8930016160011292,10.649497032165527,4.003322601318359,0.7749238610267639,0.2250761240720749,1.4769407025067252,3.7536718605483346,0.13110364260004315,0.5377065396062872,0.4073326084904458,1.0,640
defactify,0,0,23772,0.6111964621591741,0.07968716323375702,0.0024051605723798275,0.21829143811236562,JPEG,24.217082977294922,10.0,0.008021119050681591,22.70127296447754,0.08162730187177658,20.0,-2.646878323404162,426,0.0,0.7382421493530273,3.249772071838379,10.909248352050781,0.4823869466781616,0.5176130533218384,1.178019211014349,0.8032489171647386,0.26929122213744006,0.8652960638307435,0.35963041134962387,1.0,640
defactify,0,0,18807,0.6703477746029295,0.06610316783189774,0.00483478931710124,0.21021287684079742,JPEG,31.715173721313477,10.0,0.002686303574591875,32.22098159790039,0.03942670673131943,20.0,-2.644091273020834,375,0.0,0.6179520487785339,2.147333860397339,8.040969848632812,0.6825064420700073,0.3174935579299927,1.4618133950324934,0.6691186683378164,0.21642057540428217,0.8061317044598446,0.37239456575338187,1.0,500
defactify,0,0,26366,0.4712534908948231,0.08570897579193115,-0.005737353581935167,0.2032228837881903,JPEG,20.022666931152344,8.0,0.019265463575720787,18.574472427368164,0.10739945620298386,20.0,-2.437400410623432,500,0.0,0.8142648935317993,6.229757308959961,8.340270042419434,0.3307774066925049,0.6692225933074951,1.437545384982858,1.92998351830835,0.19291665432456084,0.7630191075442222,0.39003667095874067,1.0,375
defactify,0,0,38493,0.3834906628360353,0.07166212052106857,-0.008785317651927471,0.1928582772219623,JPEG,21.572847366333008,10.0,0.03448628634214401,19.21222686767578,0.13717804849147797,20.0,-2.316118946244062,460,0.0,0.8632877469062805,7.932486534118652,8.71414566040039,0.5585285425186157,0.44147148728370667,1.3851107745146052,2.325236208080862,0.17796999291054155,0.7137593266637408,0.402913546303132,1.0,500
defactify,0,0,33087,0.4969664316334419,0.07912780344486237,0.00651839654892683,0.2106649230573013,JPEG,21.962017059326172,8.0,0.005756576545536518,24.575180053710938,0.060903627425432205,20.0,-2.7428009841572614,480,0.0,0.7354116439819336,3.5843868255615234,10.427806854248047,0.6562410593032837,0.3437589108943939,1.2549104378927574,1.128711231469015,0.21148864649214721,0.8072870126316992,0.38697574715820926,0.9999999999999999,640
defactify,0,0,13335,0.9201823643565409,0.025917690247297287,-0.01858891174197197,0.07455745229395533,JPEG,19.99143409729004,10.0,0.004574107471853495,14.07098388671875,0.06551279872655869,20.0,-2.783876876710009,448,0.0,0.6909586191177368,2.2371904850006104,4.033493995666504,-0.16116094589233398,1.161160945892334,1.2991935941309307,0.5065365571105525,0.6493278572468324,0.936224654555523,0.18929663331135355,0.9999999999999999,640
defactify,0,0,63183,0.057615755290173896,0.060822151601314545,0.0066534713841974735,0.16474064347304285,JPEG,17.855112075805664,10.0,0.06301980465650558,14.943231582641602,0.2728212773799896,20.0,-1.8288888014422342,640,0.0,0.8528029322624207,8.131210327148438,7.693185806274414,0.795866072177887,0.20413394272327423,1.6592686768531038,2.7962675651348246,0.1598223058826027,0.5755688281332575,0.40474399865188954,1.0,427
defactify,0,0,30538,0.6468516380345918,0.057983603328466415,-0.002095885807648301,0.21250656754176064,JPEG,24.80224609375,10.0,0.010318531654775143,26.253145217895508,0.07207778841257095,20.0,-2.480429432332919,480,0.0,0.8073161244392395,4.85802698135376,11.058835983276367,0.2247198224067688,0.7752801775932312,1.4136029490894384,1.3980049983340315,0.236713884595328,0.8336704783882745,0.361957020876717,1.0,640
defactify,0,0,42146,0.43862810178599654,0.10198972374200821,-0.0009942426113411784,0.28517140014736503,JPEG,20.739139556884766,10.0,0.00773558858782053,15.263815879821777,0.07527216523885727,20.0,-2.663691560978216,480,0.0,0.7540607452392578,4.204444885253906,5.578595161437988,0.7011016011238098,0.2988983988761902,1.3086620931740391,1.4339784190179763,0.1799281122524669,0.7655875041286836,0.388454523028443,1.0,640
defactify,0,0,68841,0.31383035618782756,0.06387117505073547,-0.0016971392324194312,0.2083335381556152,JPEG,19.111772537231445,10.0,0.03507821261882782,19.486957550048828,0.13462358713150024,20.0,-2.2815104486643656,471,0.0,0.8644576072692871,9.097649574279785,8.8770751953125,0.6722310185432434,0.3277689814567566,1.447506825211432,3.2053562505607567,0.1472829878047492,0.619431407651743,0.40726012216394014,1.0,640
defactify,0,0,26925,0.5759265332896032,0.07512472569942474,0.007007070817053318,0.2030091547458229,JPEG,20.297983169555664,10.0,0.0074546001851558685,16.779539108276367,0.11206860840320587,20.0,-2.4148905990001297,426,0.0,0.6919464468955994,2.9823217391967773,5.078916549682617,0.08362060785293579,0.9163793921470642,1.4132972972202293,0.9481488010642746,0.3144161584425087,0.8287758899841929,0.3731241893829348,1.0,640
defactify,0,0,47067,0.46786096893226997,0.07092296332120895,0.005673672072589397,0.31132042051695297,JPEG,19.733877182006836,10.0,0.010608132928609848,15.840662956237793,0.11620036512613297,20.0,-2.5406876300252046,425,0.0,0.7273803949356079,5.248241901397705,4.276777267456055,0.6561403274536133,0.3438597023487091,1.3490589602741136,2.089824731861504,0.18533891715193823,0.6978816250723346,0.4052354350633225,1.0,640
defactify,0,0,20336,0.6761106534379216,0.08019153773784637,0.013329279609024525,0.2700534362359267,JPEG,30.09400177001953,10.0,0.0022980428766459227,26.427173614501953,0.034933026880025864,20.0,-2.980945986238702,451,0.0,0.5944069027900696,1.7520171403884888,4.781238079071045,0.3712722659111023,0.6287277340888977,1.2055672186592175,0.4916129551306039,0.2586039058363561,0.8782010581986026,0.333486906771532,1.0,640
defactify,0,0,27581,0.5611817818429777,0.10321391373872757,0.012598935514688492,0.2049162123225985,JPEG,30.59573745727539,10.0,0.006068811751902103,25.83940315246582,0.05699359253048897,20.0,-2.730334599982459,489,0.0,0.709337592124939,3.132157802581787,12.870784759521484,0.4620679020881653,0.5379320979118347,1.2796325722614936,0.8355388942393177,0.23260766025421212,0.8648844480244827,0.35347739440268544,1.0,640
defactify,0,0,50299,0.2942940572961881,0.061801228672266006,0.013023843057453632,0.1643313493274252,JPEG,18.960411071777344,10.0,0.024022748693823814,18.24064064025879,0.2303708791732788,20.0,-2.0701636043250833,480,0.0,0.7544640302658081,4.822455883026123,3.6282575130462646,0.5785616636276245,0.4214383661746979,1.3505458003816568,1.595095813445313,0.21101322750810036,0.7026951780282358,0.40723153922866673,1.0,640
defactify,0,0,47947,0.5064418758742546,0.045574381947517395,0.0004444821970537305,0.13749166501220592,JPEG,33.491493225097656,10.0,0.004827729891985655,28.485248565673828,0.06290803849697113,20.0,-2.662314495651864,640,0.0,0.7661839723587036,4.2617998123168945,12.533899307250977,0.6221233606338501,0.3778766095638275,1.2720018651801475,1.4127638622926604,0.22864883934555275,0.7861248928823598,0.3877548847533585,1.0,633
defactify,0,0,35049,0.1991359167658599,0.11159929633140564,-0.007295877672731876,0.27853980467666006,JPEG,20.828371047973633,10.0,0.007217579521238804,16.33205223083496,0.06439223885536194,20.0,-2.6877401207321747,480,0.0,0.754269540309906,2.8594961166381836,4.988965034484863,0.5386456251144409,0.4613543748855591,1.2032306392997383,0.6555945576823359,0.30597256250709715,0.8238857770801807,0.404355037892932,1.0,640
defactify,0,0,39660,0.4652101206921623,0.06387481838464737,0.0024474491365253925,0.2825991422106399,JPEG,23.6939697265625,10.0,0.006318006664514542,18.042661666870117,0.10557138919830322,20.0,-2.5861836438979298,426,0.0,0.6460999846458435,4.49331521987915,2.4351091384887695,0.6089720726013184,0.39102792739868164,1.3295348195043803,2.0780905630855484,0.184865747244308,0.7361751159233305,0.38543025947630893,1.0,640
defactify,0,0,14789,0.6491266858279903,0.10000920295715332,0.011170987039804459,0.18165837841773552,JPEG,29.240873336791992,10.0,0.0018131549004465342,26.487091064453125,0.015983616933226585,20.0,-2.7365827849406363,640,0.0,0.7737562656402588,1.6835026741027832,12.577699661254883,0.35612380504608154,0.6438761949539185,1.1302427577363146,0.25857986179556414,0.287538192333014,0.9266583178170402,0.30941621645228107,1.0,427
defactify,0,0,27881,0.562611878489941,0.04183059185743332,0.008211028762161732,0.1728088620163188,JPEG,23.3436222076416,10.0,0.009713300503790379,19.97882652282715,0.0726165845990181,20.0,-2.5160172036483512,480,0.0,0.7815861701965332,3.3871777057647705,11.535950660705566,0.4156152009963989,0.5843847990036011,1.2130276773463768,0.8210802033392166,0.29150304949822436,0.8441451410684809,0.3618914538848818,0.9999999999999999,640
defactify,0,0,22966,0.8252857269425002,0.1060711219906807,-0.0034671383909881115,0.17588299966782356,JPEG,24.190135955810547,10.0,0.021160811185836792,27.527807235717773,0.12610439956188202,20.0,-2.199346056760439,360,0.0,0.8528582453727722,5.167611598968506,14.527116775512695,0.2305896282196045,0.7694103717803955,1.3039098490908152,1.3289399350955104,0.3067517159668426,0.8324767103356765,0.3238882035843355,1.0,640
defactify,0,0,20757,0.5679139536800462,0.0,0.0,0.0,JPEG,24.99078369140625,10.0,0.0015962894540280104,17.822290420532227,0.026118116453289986,20.0,-3.015529431459807,480,0.0,0.6598189473152161,1.6187247037887573,3.4815311431884766,0.507757842540741,0.49224215745925903,1.0442407054347675,0.40270189862997563,0.3212313996330722,0.8880522152122259,0.3642229334243072,1.0,640
defactify,0,0,16781,0.6515707608968343,0.051973503082990646,-0.0011297863675281405,0.13127376241974606,JPEG,24.951574325561523,10.0,0.0021889526396989822,19.643449783325195,0.03532664477825165,20.0,-2.970286049912196,480,0.0,0.6773571372032166,1.9935557842254639,8.687004089355469,-0.05451488494873047,1.0545148849487305,1.2039305444059336,0.5359525368408522,0.3371174045479516,0.9220208541974013,0.3340091589640447,1.0,640
defactify,0,0,16931,0.7015778357559945,0.07410696893930435,-0.005921345669776201,0.23643822161159048,JPEG,35.25152587890625,10.0,0.0017157158581539989,29.637924194335938,0.026699351146817207,20.0,-2.9191986548399433,480,0.0,0.6963641047477722,1.8683773279190063,12.893319129943848,0.2675716280937195,0.7324283719062805,1.3480322877962974,0.44154573819872134,0.4224333476414156,0.9170022012693915,0.3056811511302308,1.0,640
defactify,0,0,51653,0.7150331901600937,0.09147228300571442,-0.002534395083785057,0.262816918109119,JPEG,19.975486755371094,10.0,0.014231231063604355,18.345434188842773,0.11845991015434265,20.0,-2.2457700866941708,640,0.0,0.7633566856384277,6.587155342102051,4.3237714767456055,0.37727785110473633,0.6227221488952637,1.463185615902671,2.590189954286915,0.30966452382734544,0.7025137548784175,0.392533827832856,1.0,490
defactify,0,0,22761,0.694495308352097,0.08817609399557114,0.003966549411416054,0.20203146551100148,JPEG,26.984731674194336,10.0,0.0037511170376092196,20.437034606933594,0.03536719083786011,20.0,-2.7789411911109316,480,0.0,0.7586053609848022,3.057793617248535,10.504683494567871,0.17826169729232788,0.8217383027076721,1.2716730999175723,0.7588833823300113,0.2530304069256243,0.8872048947222465,0.3279332182283164,1.0,640
defactify,0,0,28235,0.6122758098385487,0.17026029527187347,0.005522667896002531,0.3762325565763829,JPEG,23.858905792236328,10.0,0.005333487875759602,20.162036895751953,0.06368773430585861,20.0,-2.69236565035706,640,0.0,0.7372220158576965,4.075127601623535,7.10329008102417,0.20763832330703735,0.7923616766929626,1.294315685541235,1.3943597016076699,0.2638300232117323,0.8606688824818505,0.35195686083400524,1.0,480
defactify,0,0,25172,0.5191157917832264,0.07533510029315948,0.015556469559669495,0.1830568359995009,JPEG,21.96149444580078,10.0,0.019733410328626633,22.62720489501953,0.09507910162210464,20.0,-2.367029371699341,500,0.0,0.8269829154014587,5.766533851623535,12.657398223876953,0.5012044906616211,0.4987954795360565,1.3025269644354054,1.4214636941120093,0.1844045179722714,0.762305274029148,0.39485691751320495,1.0,375
defactify,0,0,31131,0.4629282208115957,0.10621221363544464,-0.0030104860197752714,0.33948178628417847,JPEG,31.75067138671875,10.0,0.0022501423954963684,30.87932777404785,0.05351174250245094,20.0,-2.7058731223210852,480,0.0,0.47666800022125244,2.4987785816192627,5.525603294372559,0.49005454778671265,0.5099454522132874,1.3556837715391714,1.1064735416199165,0.20960372773356012,0.8173805975164183,0.37310934541511165,1.0,640
defactify,0,0,30447,0.7394975475846636,0.09073364734649658,4.842194812226808e-06,0.20183730752089524,JPEG,21.584203720092773,10.0,0.011979667469859123,15.869793891906738,0.08362650871276855,20.0,-2.4687007868448174,640,0.0,0.8015187978744507,3.566608428955078,6.978494644165039,0.17178744077682495,0.828212559223175,1.18081515892313,0.8332074577360613,0.30937582359705756,0.8432362179324188,0.36982509244230694,0.9999999999999998,480
defactify,0,0,51252,0.34511880002520956,0.056434810161590576,0.003419627668336034,0.21285034389453994,JPEG,21.838790893554688,10.0,0.020475199446082115,17.618844985961914,0.15896721184253693,20.0,-2.2801299555016192,427,0.0,0.7796469926834106,6.60369873046875,7.016749858856201,0.702090859413147,0.2979091703891754,1.4197910920585828,2.662144796235705,0.17013730818404899,0.6754461268966454,0.40011608544250366,1.0,640
defactify,0,0,18983,0.6770671699168239,0.20904959738254547,-0.0039145625196397305,0.2444867784205296,JPEG,26.410640716552734,10.0,0.0011891013709828258,21.159849166870117,0.028244195505976677,20.0,-3.146348275599342,443,0.0,0.562938928604126,1.1221733093261719,4.622498512268066,0.2128562331199646,0.7871437668800354,1.2381073010542756,0.35894244219199956,0.3047926389125385,0.8806878638759562,0.32617079531523774,1.0,640
defactify,0,0,28345,0.4348587326713676,0.049611855298280716,0.011126830242574215,0.19351180467824086,JPEG,20.616191864013672,10.0,0.00800569448620081,18.574283599853516,0.08481849730014801,20.0,-2.4731303043215793,640,0.0,0.7460877895355225,2.895449161529541,7.020701885223389,0.5910941362380981,0.40890586376190186,1.0851635318350872,0.6963353844125484,0.2676289210793863,0.829238963575164,0.39083532418444655,1.0,427
defactify,0,0,28000,0.49781968670147764,0.10407675057649612,-0.0038648799527436495,0.25962038889555084,JPEG,26.234188079833984,10.0,0.0037511035334318876,25.218313217163086,0.055457472801208496,20.0,-2.7412119277642946,640,0.0,0.6669511795043945,2.8320469856262207,7.338545322418213,0.35304129123687744,0.6469587087631226,1.1535152373011528,0.8327476972846695,0.20918662802202417,0.8337015275531241,0.3713452467181116,1.0,478
defactify,0,0,13988,0.7560984215850015,0.007084173616021872,-2.9022630769759417e-05,0.045143737472137964,JPEG,19.96674346923828,10.0,0.008925970643758774,13.882757186889648,0.06940839439630508,20.0,-2.71795984342925,500,0.0,0.7951904535293579,4.638689994812012,4.869099140167236,0.11465102434158325,0.8853489756584167,1.3067549147459192,1.355959234595109,0.5234582436999292,0.8806745844954651,0.3492940239412877,1.0,332
defactify,0,0,35972,0.7837015878349995,0.11453621834516525,0.009595843032002449,0.41882857186081063,JPEG,21.4305419921875,10.0,0.016347886994481087,21.087133407592773,0.10691826045513153,20.0,-2.447336320290126,428,0.0,0.8001039624214172,4.939307689666748,9.401029586791992,0.3648553490638733,0.6351446509361267,1.4609254673027934,1.3985415940065107,0.24716298238994494,0.7904930801180428,0.378848977042721,1.0,640
defactify,0,0,26677,0.7559262510974539,0.053848303854465485,-0.0012855830136686563,0.14276773264709328,JPEG,25.71558380126953,10.0,0.0048019057139754295,27.68559455871582,0.05635322257876396,20.0,-2.408298289562876,427,0.0,0.7106607556343079,2.3740909099578857,7.505917549133301,0.48604607582092285,0.5139539241790771,1.0279714194991225,0.5200038830064135,0.2909654288295558,0.838940004794992,0.3812832862726422,1.0,640
defactify,0,0,31442,0.7020373137640741,0.04704207181930542,-0.007267547771334648,0.1742568795675749,JPEG,24.396059036254883,10.0,0.0035841139033436775,24.78449058532715,0.0277717225253582,20.0,-2.7088802974140003,640,0.0,0.7853766679763794,3.4464635848999023,7.361427307128906,0.2772650718688965,0.7227349281311035,1.2933185094142197,0.8581277244155909,0.2614985822066175,0.8348018225493368,0.37779949527134854,1.0,480
defactify,0,0,40124,0.3728367376785453,0.05689728260040283,0.006986693013459444,0.1445348147158259,JPEG,23.461910247802734,10.0,0.014238248579204082,21.196998596191406,0.10911180824041367,20.0,-2.4667257338199318,640,0.0,0.7797574996948242,4.631694793701172,9.905535697937012,0.6409633755683899,0.3590366244316101,1.319409704130305,1.3244220179289257,0.19166110162257669,0.7401773622732378,0.4024104149160002,1.0,427
defactify,0,0,39567,0.4549763033175355,0.045724570751190186,-0.006259556859731674,0.20209838634492547,JPEG,25.59915542602539,10.0,0.006644392851740122,23.15464973449707,0.08933133631944656,20.0,-2.5528251331713006,474,0.0,0.6950589418411255,4.065873622894287,5.679447650909424,0.687934160232544,0.31206583976745605,1.3638974104334873,1.5039804154047485,0.23860157442400357,0.7658451810704661,0.39737433497642355,1.0,640
defactify,0,0,40025,0.4484950233840988,0.0992051362991333,-0.002405454171821475,0.25226369612979366,JPEG,23.578636169433594,10.0,0.013667034916579723,18.415733337402344,0.17852239310741425,20.0,-2.322787156918158,344,0.0,0.7138944268226624,6.223404407501221,8.198814392089844,0.7198115587234497,0.2801884114742279,1.3994483194400265,2.9282879898337155,0.18086805347826224,0.6681279228286031,0.3953557739967119,1.0,640
defactify,0,0,33821,0.4521489971346705,0.06712694466114044,-0.0008910596952773631,0.22794103105542113,JPEG,19.702545166015625,10.0,0.008045886643230915,22.014408111572266,0.07470738887786865,20.0,-2.5433145744027534,456,0.0,0.7829429507255554,3.8784732818603516,8.456003189086914,0.4072687029838562,0.5927312970161438,1.382690830129305,1.090423225826219,0.2176600137201997,0.8079333095854196,0.38653558232688745,1.0,640
defactify,0,0,47097,0.7329757343550447,0.06622162461280823,0.0014250072417780757,0.195288292716484,JPEG,18.38153076171875,10.0,0.01503113005310297,19.680761337280273,0.0663921907544136,20.0,-2.6763398373412666,479,0.0,0.8487496376037598,5.059415340423584,5.330147743225098,0.5050084590911865,0.4949915111064911,1.2696530366116532,1.1880126915801954,0.20516557411173625,0.7519983558882436,0.3991632173571435,1.0,640
defactify,0,0,61410,0.7878763740640433,0.04778703674674034,0.004016748163849115,0.1678149936504919,JPEG,18.50078773498535,10.0,0.02288113906979561,20.197486877441406,0.07922045141458511,20.0,-2.5568012438761727,480,0.0,0.8772759437561035,6.185158729553223,4.663381099700928,0.720685601234436,0.27931439876556396,1.1902129225853346,1.5788363063017976,0.18104273680369648,0.6778682976026738,0.40422811478741205,1.0,640
defactify,0,0,18041,0.5534166622716805,0.09505477547645569,0.0051713059656322,0.2890121245137651,JPEG,32.96937561035156,10.0,0.0015947824576869607,33.77326965332031,0.021230028942227364,20.0,-3.11440048529576,427,0.0,0.5619084239006042,1.2466657161712646,2.7200026512145996,0.2181345820426941,0.7818654179573059,1.2174190760562877,0.45269329836550565,0.2200775264320225,0.8734667027792672,0.3414508581181766,0.9999999999999999,640
defactify,0,0,13345,0.8863443282975658,0.02399255335330963,0.00017933578055817634,0.16716258774674736,JPEG,29.40515899658203,10.0,0.004322359804064035,32.84955596923828,0.037042926996946335,20.0,-2.840562983960852,500,0.0,0.7785753011703491,4.525601387023926,14.868947982788086,0.21252179145812988,0.7874782085418701,1.2496061031779853,1.2876308426242518,0.5269247879738074,0.9096148479070276,0.23997875488589546,1.0,396
defactify,0,0,56468,0.7828666350261034,0.10826131701469421,0.006746882572770119,0.3248828977046708,JPEG,22.50303077697754,10.0,0.015893971547484398,16.63730239868164,0.13437530398368835,20.0,-2.1820442268731135,640,0.0,0.7475045323371887,7.104005813598633,7.3271942138671875,0.5533479452133179,0.44665202498435974,1.528066163894724,3.0247503589067506,0.21162776538279054,0.6673438521166599,0.3903594882705379,1.0,480
defactify,0,0,38744,0.3146809668143312,0.12127724289894104,0.007584915962070227,0.19683300390796646,JPEG,20.479440689086914,10.0,0.011062173172831535,16.280942916870117,0.10120891779661179,20.0,-2.44763053435319,428,0.0,0.7598751783370972,4.1937150955200195,7.982933044433594,0.6265251636505127,0.3734748661518097,1.3578330387056374,1.2298796294518668,0.18874101001760019,0.758817433109219,0.3954830047563547,0.9999999999999999,640
defactify,0,0,48353,0.3140183847669074,0.06264498829841614,0.014233646914362907,0.18110909201321462,JPEG,15.78579044342041,10.0,0.027389412745833397,12.661432266235352,0.11732999235391617,20.0,-2.376866347692945,370,0.0,0.8482506275177002,6.024301528930664,4.953012943267822,0.7504065036773682,0.24959351122379303,1.2426473720599887,1.7154514390022086,0.16102520025263747,0.6672273537975252,0.40924482855085464,1.0,640
defactify,0,0,61732,0.3943202280912365,0.0529571957886219,-0.006055903155356646,0.18448906701387585,JPEG,14.535479545593262,10.0,0.039626594632864,16.226490020751953,0.1982046216726303,20.0,-2.1016647872556296,480,0.0,0.8432676196098328,9.010254859924316,7.660226345062256,0.4132099747657776,0.5867900252342224,1.5796060068371698,3.714200907482545,0.18951582052465224,0.6582335532297623,0.40449753826335916,1.0,640
defactify,0,0,69464,0.27037581356288054,0.13909095525741577,0.012266417033970356,0.25984481707111734,JPEG,20.663232803344727,10.0,0.01007162220776081,13.099527359008789,0.1680566370487213,20.0,-2.203278290968664,612,0.0,0.691135048866272,5.51080322265625,3.2669832706451416,0.636282205581665,0.36371782422065735,1.5076061006596806,2.7629355613392406,0.29618687768344,0.7016647250241566,0.3966544807854685,1.0,612
defactify,0,0,18473,0.7141614836380135,0.0335247740149498,-0.009615845046937466,0.287265649699593,JPEG,25.07655143737793,10.0,0.004419398028403521,22.320514678955078,0.0749724879860878,20.0,-2.60606504694144,425,0.0,0.6605409979820251,2.7738547325134277,7.01551628112793,-0.04445946216583252,1.0444594621658325,1.455617964494074,0.8637703112194843,0.47697120435749113,0.897141106224744,0.3076357275507539,1.0,640
defactify,0,0,33360,0.47134873072520367,0.027861066162586212,0.007186087314039469,0.152871016182421,JPEG,24.69585609436035,10.0,0.01022823341190815,20.66727066040039,0.11454975605010986,20.0,-2.441034908499344,400,0.0,0.7447525262832642,4.870375633239746,9.518464088439941,0.7057569026947021,0.29424309730529785,1.2993231612062976,1.8835482011941456,0.17954773832684803,0.7423154408719259,0.38585016882048095,1.0,640
defactify,0,0,28435,0.8023737234336186,0.043047383427619934,0.0007493178709410131,0.17248454752688006,JPEG,17.29525375366211,10.0,0.017663711681962013,16.071271896362305,0.08076997846364975,20.0,-2.3695923901605767,500,0.0,0.8515888452529907,6.352753162384033,3.8882060050964355,0.40450775623321533,0.5954922437667847,1.3070217623675504,1.5964749585150293,0.21918237258831202,0.7347125935464802,0.400226912314294,1.0,375
defactify,0,0,50228,0.4457257644520497,0.06390697509050369,0.018517307937145233,0.17008473627180604,JPEG,17.729297637939453,10.0,0.02051519975066185,15.427953720092773,0.10881804674863815,20.0,-2.26038437610611,640,0.0,0.8272075653076172,6.738995552062988,5.521271705627441,0.501263439655304,0.49873656034469604,1.426248241012617,2.252687098291111,0.18657230752252424,0.6915979554845406,0.4020805507089397,1.0,427
