dataset,label,source,bytes,color.banded_fraction,color.colorfulness,color.gray_region_rb_cast,color.saturation_std,fmt,frequency.best_lattice_db,frequency.best_lattice_period,frequency.hf_energy_ratio,frequency.max_peak_db,frequency.mid_energy_ratio,frequency.n_peaks_significant,frequency.power_law_exponent,h,jpeg.is_jpeg,noise.noise_hf_ratio,noise.noise_sigma,noise.sensor_periodicity_db,noise.spatial_uniformity,noise.tile_std_cv,texture.fractal_dimension,texture.glcm_contrast,texture.glcm_energy,texture.glcm_homogeneity,texture.lbp_entropy,texture.lbp_uniform_ratio,w
synthbuster,1,dalle2,3147977,0.12176146788990826,0.2602757513523102,0.004161136690527201,0.2600428557276598,PNG,19.027650833129883,10.0,0.015667157247662544,13.192041397094727,0.08195000141859055,20.0,-2.5314926674302596,1024,0.0,0.8208454251289368,9.370959281921387,3.8503410816192627,0.6777454614639282,0.3222545385360718,1.2327646946408672,4.463519666288031,0.0883954491649152,0.5538801854125953,0.40518578066346816,1.0,1024
synthbuster,1,dalle2,3147977,0.08666922379524374,0.324908971786499,0.0016755242832005024,0.3471306917758497,PNG,28.68722152709961,10.0,0.004018208011984825,23.012170791625977,0.050348568707704544,20.0,-2.6990114345418292,1024,0.0,0.7008559107780457,6.110072612762451,9.01417350769043,0.6290408968925476,0.3709591031074524,1.3549826822276714,3.636603138165616,0.16050128860742346,0.7401050449254851,0.3922281102613329,1.0,1024
synthbuster,1,dalle2,3147977,0.0844071607714261,0.28280824422836304,0.014616754837334156,0.280240984447682,PNG,32.98023986816406,10.0,0.004679184872657061,30.52227210998535,0.06151639670133591,20.0,-2.559321158391993,1024,0.0,0.6974420547485352,9.094653129577637,13.09813117980957,0.5014417767524719,0.4985582232475281,1.455622607873824,7.180698225888051,0.20750995969926833,0.7152527298713103,0.38617454571896276,1.0,1024
synthbuster,1,dalle2,3147977,0.08095970470624424,0.2927691340446472,-0.007372349966317415,0.36636238639472496,PNG,21.01435089111328,8.0,0.002529166406020522,17.437021255493164,0.023561980575323105,20.0,-3.0028551637230696,1024,0.0,0.757516086101532,3.9073965549468994,4.9423322677612305,0.6388048529624939,0.3611951470375061,1.0800145025795984,1.4393506725609393,0.1455392203429863,0.7646596572088245,0.3912260171590098,1.0,1024
synthbuster,1,dalle2,3147977,0.09258856770267333,0.1824282705783844,-0.005736997351050377,0.1688419542023042,PNG,18.279346466064453,10.0,0.01914745569229126,11.751642227172852,0.10969292372465134,20.0,-2.3302513410342565,1024,0.0,0.8138383626937866,10.550271034240723,4.807353973388672,0.6473220586776733,0.3526779115200043,1.4734671767003322,5.964852493341929,0.09631523243542801,0.529600037576791,0.4019867188308545,1.0,1024
synthbuster,1,dalle2,3147977,0.06365650969529085,0.3144146502017975,0.003254967974498868,0.3323211586265336,PNG,26.591341018676758,10.0,0.0017800903879106045,19.432146072387695,0.03159179538488388,20.0,-2.9776477355269613,1024,0.0,0.5933037400245667,3.596013307571411,1.9861804246902466,0.5109484195709229,0.48905161023139954,1.2815696337814233,2.5119866912666167,0.12087382728609396,0.7260237770189572,0.3774343502020927,1.0,1024
synthbuster,1,dalle2,3147977,0.10954305253341623,0.2340415120124817,-0.007832255214452744,0.2450579242959565,PNG,17.17205238342285,10.0,0.01405198872089386,12.11349868774414,0.07323452085256577,20.0,-2.5254456590788896,1024,0.0,0.8219891786575317,9.19659423828125,4.127109527587891,0.7425026893615723,0.25749728083610535,1.4257920257463814,4.280432324438669,0.09858511611806257,0.5662609259931715,0.4058001562987693,1.0,1024
synthbuster,1,dalle2,3147977,0.07582840424855307,0.11866156756877899,0.011248980648815632,0.2549135476349165,PNG,24.74652862548828,10.0,0.0019646743312478065,24.67970848083496,0.010846632532775402,20.0,-2.7884947298255165,1024,0.0,0.8265159130096436,3.3007168769836426,6.159279823303223,0.4004320502281189,0.5995679497718811,1.1788596661142858,0.7119580122174581,0.163253942963337,0.8380762677780542,0.4027444482836725,1.0,1024
synthbuster,1,dalle2,3147977,0.1088671897048033,0.4443292021751404,-0.0026392454747110605,0.3575326724459284,PNG,31.943382263183594,10.0,0.004568240139633417,22.18939208984375,0.06768722087144852,20.0,-2.4836554297652094,1024,0.0,0.7006305456161499,5.538907527923584,12.490095138549805,0.44571512937545776,0.5542848706245422,1.253523718308787,3.012163985824885,0.22875611800878243,0.7810376045498338,0.38164246813985314,1.0,1024
synthbuster,1,dalle2,3147977,0.08211539440851454,0.27534663677215576,0.009265506640076637,0.30850230617367713,PNG,25.637218475341797,10.0,0.0029777593445032835,19.53602409362793,0.04928038269281387,20.0,-2.7226782324939136,1024,0.0,0.6487661004066467,4.238234996795654,5.130155563354492,0.5272070169448853,0.47279301285743713,1.2060875849277672,2.1291261073242866,0.14200023461920075,0.7534093173286573,0.3714694355838062,1.0,1024
synthbuster,1,dalle2,3147977,0.22594884721255556,0.10757877677679062,-0.018230540677905083,0.15687220389274595,PNG,28.384002685546875,10.0,0.003259079298004508,26.802034378051758,0.0307158175855875,20.0,-2.757500461050603,1024,0.0,0.7372351288795471,5.971461296081543,9.716160774230957,0.15958905220031738,0.8404109477996826,1.3843455180427926,2.8371495224732852,0.45784176251023656,0.8353629353741701,0.3356040403757388,1.0,1024
synthbuster,1,dalle2,3147977,0.10210462548609618,0.3079250454902649,0.016927532851696014,0.3472578111966281,PNG,25.00171661376953,10.0,0.0010801954194903374,24.01343536376953,0.022649727761745453,20.0,-3.0682761791732793,1024,0.0,0.5289346575737,2.70066499710083,0.5259256958961487,0.45881062746047974,0.5411893725395203,1.1871225475387601,1.9498898037117107,0.15245917452036845,0.7671909922299787,0.3418034935395657,1.0,1024
synthbuster,1,dalle2,3147977,0.19074010731769886,0.25480496883392334,-0.007822259329259396,0.26972046574363695,PNG,29.41116714477539,10.0,0.001315885572694242,25.665414810180664,0.009994441643357277,20.0,-3.048898803149211,1024,0.0,0.7646982073783875,3.0843558311462402,9.926925659179688,-0.32479703426361084,1.3247970342636108,1.075393990743954,0.6479340565967799,0.6680797565429802,0.9260690521156675,0.33875098685278676,1.0,1024
synthbuster,1,dalle2,3147977,0.133576441791343,0.09472662955522537,0.0014930139295756817,0.18247340717117166,PNG,16.740314483642578,10.0,0.010533415712416172,12.829395294189453,0.06926488131284714,20.0,-2.525496895315371,1024,0.0,0.7915595173835754,10.853801727294922,3.8267180919647217,0.5822412371635437,0.4177587628364563,1.3964438729392759,6.619925652833828,0.1460222790047853,0.6166548731355819,0.40550527799123387,1.0,1024
synthbuster,1,dalle2,3147977,0.12655038759689924,0.0920223593711853,0.018798746168613434,0.0740827902179845,PNG,24.12885284423828,10.0,0.010341699235141277,17.391399383544922,0.06488856673240662,20.0,-2.6343112861647002,1024,0.0,0.8063135743141174,6.391352653503418,4.682119846343994,0.7843560576438904,0.2156439572572708,1.2149724593271753,2.5309331625922913,0.13815016417331544,0.6579587353681029,0.4050867653243767,1.0,1024
synthbuster,1,dalle2,3147977,0.056821935910142056,0.1977677196264267,-0.0068680900149047375,0.24064066442051832,PNG,22.575687408447266,10.0,0.00851112324744463,18.067699432373047,0.06040400266647339,20.0,-2.69600479400777,1024,0.0,0.7941728234291077,6.0005717277526855,6.756577968597412,0.6018683910369873,0.3981316387653351,1.2284485189874192,2.479949280095422,0.1482013672183564,0.7051734452509021,0.4051439888212967,1.0,1024
synthbuster,1,dalle2,3147977,0.11566995281752272,0.281593382358551,-0.01053029578179121,0.16175447227079856,PNG,25.728687286376953,10.0,0.0026390596758574247,26.544208526611328,0.018242323771119118,20.0,-2.8420141891273683,1024,0.0,0.7891202569007874,4.196348190307617,4.104671001434326,-0.010079741477966309,1.0100797414779663,1.2277329217478161,1.1927055860599094,0.2525337714945021,0.8518902117271958,0.3833198716685799,1.0,1024
synthbuster,1,dalle2,3147977,0.1110387906146659,0.0766996443271637,-0.00637487368658185,0.12650115114439747,PNG,19.756629943847656,10.0,0.009184712544083595,15.888711929321289,0.05672682076692581,20.0,-2.695882126534964,1024,0.0,0.8059327602386475,5.882039546966553,3.8327245712280273,-0.1278977394104004,1.1278977394104004,1.1969425383038617,2.0029514149265926,0.193256599170162,0.8044163959118154,0.38624376513685793,1.0,1024
synthbuster,1,dalle2,3147977,0.2918010752688172,0.4686087965965271,0.006033182144165039,0.25363892494526463,PNG,19.695785522460938,10.0,0.012026111595332623,18.072649002075195,0.09547220170497894,20.0,-2.5022398151886813,1024,0.0,0.7606709599494934,11.19343376159668,3.2610833644866943,0.7250231504440308,0.2749768793582916,1.469372330736032,7.8587917835877885,0.10398360066283142,0.5447049305420313,0.40274852402118844,1.0,1024
synthbuster,1,dalle2,3147977,0.07609946022475887,0.1743273138999939,-0.0008994876407086849,0.18211869595623467,PNG,17.70684051513672,10.0,0.013220527209341526,12.79513931274414,0.09376167505979538,20.0,-2.3961155845556656,1024,0.0,0.7858884334564209,9.036839485168457,5.576317310333252,0.7797146439552307,0.2202853411436081,1.3120771868961294,4.744031910197769,0.0987609548752198,0.5508535427825967,0.4013539246662104,1.0,1024
synthbuster,1,dalle2,3147977,0.1110803501075452,0.1827530562877655,0.004182861652225256,0.2398023035801018,PNG,27.008949279785156,10.0,0.00153812812641263,24.854686737060547,0.023633716627955437,20.0,-3.0370054411822336,1024,0.0,0.5767163038253784,2.614412546157837,0.8116979002952576,0.5154420137405396,0.48455801606178284,1.062661824949489,1.5863154032155942,0.17399803453147028,0.7916116604882099,0.35135537607701645,1.0,1024
synthbuster,1,dalle2,3147977,0.15743232462904855,0.07060045003890991,-0.015635181218385696,0.14258413467550046,PNG,30.125003814697266,10.0,0.003197244368493557,30.020904541015625,0.023380042985081673,20.0,-2.907072369210343,1024,0.0,0.7691568732261658,3.7156355381011963,4.361167907714844,0.25641703605651855,0.7435829639434814,1.0280668344940864,1.0655400910543182,0.2683246642132017,0.8180709105499784,0.39009741768969747,1.0,1024
synthbuster,1,dalle2,3147977,0.10697894719649828,0.27851155400276184,0.0003541915793903172,0.24480496347976435,PNG,21.559356689453125,10.0,0.0057039083912968636,22.245807647705078,0.05353236198425293,20.0,-2.538940164354008,1024,0.0,0.734444797039032,7.914830684661865,2.6182243824005127,0.09754955768585205,0.902450442314148,1.5473010391489654,4.5908973715224075,0.15616557449000612,0.7340017180030499,0.3986863154934601,1.0,1024
synthbuster,1,dalle2,3147977,0.21223003129328477,0.0748663991689682,0.007568735629320145,0.17134156612737392,PNG,21.180707931518555,10.0,0.013173483312129974,15.328941345214844,0.07201062142848969,20.0,-2.4890525592009864,1024,0.0,0.8186928033828735,11.468006134033203,5.0692362785339355,0.4892812967300415,0.5107187032699585,1.4469034794035072,6.448452185263848,0.13353532574408875,0.5817774407225741,0.4014388290393945,1.0,1024
synthbuster,1,dalle2,3147977,0.10132583286952374,0.2824997305870056,0.012845509685575962,0.19295189931601442,PNG,31.456754684448242,10.0,0.00333896791562438,28.35630226135254,0.0332113653421402,20.0,-2.9782653250731044,1024,0.0,0.7300118207931519,4.328463077545166,9.704916000366211,0.4557735323905945,0.5442264676094055,1.304739212066746,1.6836973963268673,0.17011700079450934,0.8362705518717244,0.3818270962187925,1.0,1024
synthbuster,1,dalle2,3147977,0.12322488820911534,0.08249308913946152,-0.0030100911390036345,0.17341824915934462,PNG,32.40044403076172,10.0,0.0012702802196145058,34.479637145996094,0.012195880524814129,20.0,-2.8728649775770205,1024,0.0,0.6645230054855347,2.9290599822998047,3.6065707206726074,-0.03451037406921387,1.0345103740692139,1.1159369927097031,0.872562227562793,0.41413092583783107,0.9159767274243815,0.35090199996495963,1.0,1024
synthbuster,1,dalle2,3147977,0.15194618645552324,0.262742280960083,-0.004892511293292046,0.24423189943853849,PNG,15.366057395935059,10.0,0.0338067002594471,14.304837226867676,0.1421629786491394,20.0,-2.2048905995587185,1024,0.0,0.8429226875305176,8.681790351867676,4.115939617156982,0.5778022408485413,0.42219775915145874,1.3572112160570604,3.1846756653319273,0.14660499449040024,0.6258930749868361,0.4071277005872593,1.0,1024
synthbuster,1,dalle2,3147977,0.14344746162927982,0.10030235350131989,0.02539565972983837,0.15417469893985639,PNG,15.229787826538086,10.0,0.02127031236886978,11.8040132522583,0.14339962601661682,20.0,-2.356363816648766,1024,0.0,0.7870925068855286,13.609764099121094,2.9916939735412598,0.7873056530952454,0.21269433200359344,1.5856919531221112,10.404754608921758,0.09797509748641069,0.4826381261566769,0.40469483087032765,1.0,1024
synthbuster,1,dalle3,1832098,0.3656413806745129,0.1265500783920288,0.0016861631302163005,0.13120747386305695,PNG,16.505451202392578,10.0,0.012634852901101112,12.657190322875977,0.08528352528810501,20.0,-2.551038565753349,1024,0.0,0.798150360584259,7.616183280944824,2.475316047668457,0.48693758249282837,0.5130624175071716,1.321471266376488,3.547821557747173,0.12168963065323461,0.6613674841228498,0.37844241240401383,1.0,1024
synthbuster,1,dalle3,3389335,0.43506661254013357,0.19997571408748627,0.0014808040577918291,0.1598621766755369,PNG,27.1317081451416,10.0,0.011697937734425068,23.523714065551758,0.10820633918046951,20.0,-2.4361353095603477,1792,0.0,0.7813997268676758,8.354022979736328,7.585907936096191,0.46842116117477417,0.5315788388252258,1.545729214877077,4.3971489835106485,0.1295804534448996,0.6356209485341607,0.39632000420533875,1.0,1024
synthbuster,1,dalle3,2107265,0.38555156810734903,0.1523118019104004,0.0006169794942252338,0.16443697813017236,PNG,23.207111358642578,8.0,0.02248985879123211,16.061710357666016,0.1444883644580841,20.0,-2.368309028199421,1024,0.0,0.8067159652709961,11.87100887298584,10.084503173828125,0.7127780914306641,0.28722187876701355,1.4982514019723705,7.282447016768196,0.10063407653546017,0.5882135014684132,0.3974654854644036,1.0,1024
synthbuster,1,dalle3,1475877,0.5983621726658647,0.12015070766210556,-0.007380556780844927,0.1501139574486925,PNG,28.230361938476562,10.0,0.002970646834000945,29.168684005737305,0.03367379680275917,20.0,-2.8812029104087404,1792,0.0,0.6916659474372864,4.273018836975098,3.486271858215332,0.07583093643188477,0.9241690635681152,1.2051769269774106,2.1501782302376844,0.2505243050534005,0.7959883185927943,0.3226932656745411,1.0,1024
synthbuster,1,dalle3,1423234,0.527348224513173,0.32018378376960754,-0.017041821032762527,0.3176179027674916,PNG,28.19085693359375,10.0,0.0011879787780344486,28.11464500427246,0.013437045738101006,20.0,-2.972021772278431,1024,0.0,0.6930698752403259,2.5930325984954834,5.402307987213135,0.18447858095169067,0.8155214190483093,1.186178157825854,0.7993237837748476,0.20405257192444803,0.8753645797210494,0.3346100369530353,1.0,1792
synthbuster,1,dalle3,3468719,0.26789541363051866,0.11257428675889969,-0.006333042401820421,0.16636057250759292,PNG,17.06148910522461,10.0,0.01791095733642578,15.623351097106934,0.10394088178873062,20.0,-2.4332315355294987,1024,0.0,0.8144630193710327,9.381790161132812,4.306612968444824,0.45266348123550415,0.5473365187644958,1.3223846071369576,4.39638006027974,0.12649954471550115,0.6251950250156993,0.4026557727162824,1.0,1792
synthbuster,1,dalle3,2101869,0.35334123666313094,0.13298887014389038,0.008856029249727726,0.10856287540384453,PNG,15.05018138885498,10.0,0.019166579470038414,16.003036499023438,0.06141050159931183,20.0,-2.5244559210469095,1024,0.0,0.8778824210166931,9.59036922454834,3.606778383255005,0.6117222309112549,0.3882777690887451,1.3631607788091917,3.296394702042534,0.13270763009160041,0.6113043552261354,0.4069019234297414,1.0,1024
synthbuster,1,dalle3,2046603,0.5608011444921316,0.22608470916748047,-0.0008310467237606645,0.23898165736044424,PNG,20.70270538330078,10.0,0.01866377517580986,17.77754020690918,0.12052606791257858,20.0,-2.319804960769576,1024,0.0,0.8052847385406494,10.165215492248535,7.768670082092285,0.5842335224151611,0.4157664477825165,1.4738589868903766,5.611363795172115,0.11425051664968176,0.5672291571027339,0.3933988834178928,1.0,1024
synthbuster,1,dalle3,2021062,0.18063136826783116,0.16089676320552826,0.003008561674505472,0.18230098007601733,PNG,17.23895263671875,10.0,0.014071968384087086,12.881952285766602,0.08325972408056259,20.0,-2.4664559019571852,1024,0.0,0.8134493827819824,6.742274284362793,5.2038187980651855,0.5632143020629883,0.4367857277393341,1.2790093503759847,2.5537794307102675,0.12539813040482348,0.6703289623870066,0.3980829679199442,1.0,1024
synthbuster,1,dalle3,3361190,0.4069136567973958,0.3033919036388397,-0.0012283343821763992,0.301018857285046,PNG,19.704111099243164,10.0,0.015877796337008476,16.89569664001465,0.11533385515213013,20.0,-2.4186970944520594,1792,0.0,0.7917921543121338,9.553001403808594,8.567753791809082,0.48017066717147827,0.5198293328285217,1.5192178735149606,5.677215676527543,0.11440666754320605,0.6101236748844918,0.3837315223197445,1.0,1024
synthbuster,1,dalle3,2137102,0.6592757186081695,0.08140082657337189,-0.019352737814188004,0.21662746761415028,PNG,20.830219268798828,8.0,0.029879998415708542,15.604631423950195,0.1622941792011261,20.0,-2.162087972180168,1024,0.0,0.8267072439193726,16.9449462890625,8.8671293258667,0.6491838097572327,0.35081619024276733,1.6009739181905371,12.980011428834988,0.08377363052899323,0.4888660337786281,0.39988348487276915,1.0,1024
synthbuster,1,dalle3,1682387,0.4836829836829837,0.27969804406166077,0.0009200344211421907,0.30310245467908714,PNG,25.34446907043457,10.0,0.017673645168542862,25.219669342041016,0.10949455946683884,20.0,-2.4237251849372012,1024,0.0,0.8213647603988647,11.228287696838379,11.578441619873047,0.7281613349914551,0.2718386948108673,1.4257853585586397,6.4285899797999555,0.11004346948243561,0.6376096450394579,0.36756864848662296,1.0,1024
synthbuster,1,dalle2,3147977,0.07433575480147278,0.10706204175949097,0.012309703044593334,0.2053873411135344,PNG,24.99135971069336,10.0,0.007142283488065004,16.714460372924805,0.08915948122739792,20.0,-2.5147417848980873,1024,0.0,0.701183557510376,7.130677700042725,6.531927585601807,0.5312129259109497,0.4687871038913727,1.3431339296172253,4.747876575115277,0.12107831745886313,0.6226340381099225,0.3826031792195658,1.0,1024
synthbuster,1,dalle2,3147977,0.08710996390881265,0.07901129871606827,0.004716464783996344,0.16545898482248436,PNG,28.539216995239258,10.0,0.002089093206450343,26.180877685546875,0.02515273727476597,20.0,-2.983613082591312,1024,0.0,0.6910384297370911,3.394866704940796,7.6227827072143555,0.40357208251953125,0.5964279174804688,1.2209651759381686,1.2733250215663192,0.1914693066627452,0.8672815425112137,0.38825674988394443,1.0,1024
synthbuster,1,dalle3,2241618,0.1395324457490303,0.16299530863761902,-0.003617611015215516,0.16946908263856847,PNG,21.390888214111328,10.0,0.01640508882701397,18.313190460205078,0.107379250228405,20.0,-2.48762486934981,1024,0.0,0.8139245510101318,8.336770057678223,6.573107719421387,0.6214869022369385,0.37851306796073914,1.47019524282987,4.165742743967119,0.11473673987611142,0.6049140154432554,0.39629433483964316,1.0,1024
synthbuster,1,dalle3,2055766,0.4154992816091954,0.12803678214550018,0.006073144730180502,0.2666519594405019,PNG,19.020015716552734,10.0,0.016436375677585602,17.00412940979004,0.10828685760498047,20.0,-2.436768242691309,1024,0.0,0.8061032295227051,11.860187530517578,7.944184303283691,0.5471588373184204,0.4528411328792572,1.4563381538943014,7.400296827137982,0.11297281942788608,0.5879242743255215,0.39537880296770156,1.0,1024
synthbuster,1,dalle3,1695303,0.3100396704302716,0.1266072392463684,0.0034957220777869225,0.1733229774246932,PNG,17.350923538208008,10.0,0.00911522563546896,17.03164291381836,0.048024311661720276,20.0,-2.678748737458209,1024,0.0,0.8288355469703674,6.218445777893066,2.86183500289917,0.6409116387367249,0.35908836126327515,1.3489229759269632,2.160569273045355,0.14585158555935135,0.6893653436690306,0.38297426125180317,1.0,1024
synthbuster,1,dalle3,2014711,0.28423265592151364,0.4214114546775818,-0.001176470541395247,0.2486486926135756,PNG,26.693721771240234,10.0,0.016903787851333618,17.388200759887695,0.1377849280834198,20.0,-2.406708914402446,1024,0.0,0.7875874638557434,10.859408378601074,10.115450859069824,0.1915079951286316,0.8084920048713684,1.4783889601737341,7.44142380325752,0.10346206292829475,0.6055922102615623,0.33896426969413,1.0,1024
synthbuster,1,dalle3,1470817,0.5739453344272205,0.1457790732383728,0.0010574948973953724,0.09394618267131026,PNG,19.380704879760742,8.0,0.009292623028159142,17.018131256103516,0.08443330973386765,20.0,-2.418209149718683,1024,0.0,0.7492577433586121,8.954051971435547,4.996538162231445,0.27391552925109863,0.7260844707489014,1.4281365016552485,5.1800528429832875,0.12958915002188925,0.7065587242662995,0.3757641751331905,0.9999999999999999,1024
synthbuster,1,dalle3,2307963,0.18833535844471447,0.22798436880111694,0.0025341277942061424,0.26853320878846065,PNG,17.58062744140625,10.0,0.024095317348837852,11.843040466308594,0.1290636509656906,20.0,-2.377514927573743,1024,0.0,0.8217006921768188,11.121618270874023,3.1883442401885986,0.7698006629943848,0.23019935190677643,1.4803077460288727,6.076776328412775,0.09010754377750634,0.5279436579696428,0.3927103708786128,1.0,1024
synthbuster,1,dalle3,1525327,0.33790537336300297,0.1653224527835846,0.004169558174908161,0.19036160245892644,PNG,29.22203254699707,10.0,0.010997213423252106,27.64883804321289,0.0508483424782753,20.0,-2.7090453111648296,1024,0.0,0.8418368697166443,8.40743637084961,16.301921844482422,0.6002994775772095,0.3997005522251129,1.325054400915165,3.3324596826307142,0.11956396514726991,0.6994002969166709,0.374850559987695,1.0,1024
synthbuster,1,dalle3,1603759,0.5616887186006123,0.1167512834072113,0.001355502987280488,0.14309308037324847,PNG,22.8756046295166,10.0,0.007263389881700277,24.96782684326172,0.029027659446001053,20.0,-2.929514372034076,1024,0.0,0.873188853263855,6.3766770362854,5.190806865692139,0.36584144830703735,0.6341585516929626,1.254411532118689,1.6222972732348144,0.1454179303844481,0.7687626858510751,0.39345768522315966,1.0,1024
synthbuster,1,dalle3,2115294,0.16016382841129553,0.14876893162727356,-0.0035700337029993534,0.13698903534198997,PNG,19.407102584838867,10.0,0.01782953180372715,12.895378112792969,0.09515762329101562,20.0,-2.522626140311407,1024,0.0,0.824890673160553,9.413098335266113,7.341318130493164,0.412212610244751,0.587787389755249,1.4027689128223442,4.4596641587389,0.11116171719095153,0.6424487460307753,0.3949103530259708,1.0,1024
synthbuster,1,dalle3,1892658,0.20541795665634674,0.12948615849018097,-0.005370618775486946,0.15293726290973583,PNG,17.42510223388672,10.0,0.009309816174209118,14.994383811950684,0.04981856048107147,20.0,-2.7444724979982427,1024,0.0,0.8233626484870911,6.282365322113037,3.781796932220459,0.6233726143836975,0.3766273856163025,1.3136016988691888,2.1843130918132907,0.1611718881091549,0.7008399845152481,0.39641441704422486,1.0,1024
synthbuster,1,dalle3,2225500,0.3971965175491431,0.34296199679374695,-0.0036053669173270464,0.2387364512507771,PNG,19.5331974029541,10.0,0.019601555541157722,13.971696853637695,0.11449441313743591,20.0,-2.370637648835309,1024,0.0,0.8160907030105591,10.884801864624023,7.783751487731934,0.6063670516014099,0.3936329483985901,1.350921112450499,6.070834965719715,0.11622618542034263,0.5846994086328199,0.3807675385542335,1.0,1024
synthbuster,1,dalle3,2181015,0.3071386889710173,0.14415913820266724,-0.004377393983304501,0.14892688045023267,PNG,18.566835403442383,10.0,0.02646714262664318,16.69281768798828,0.11876760423183441,20.0,-2.471693526104484,1024,0.0,0.847302258014679,13.03962230682373,5.74282169342041,0.6014292240142822,0.3985707461833954,1.5444959074350555,7.218351077257834,0.10625247034805603,0.5728449665718238,0.400969551485234,1.0,1024
synthbuster,1,dalle3,2181364,0.3850210970464135,0.17642152309417725,-0.005512405186891556,0.22035692234554263,PNG,21.3465518951416,10.0,0.012097717262804508,16.127429962158203,0.1452973484992981,20.0,-2.2328720532696678,1024,0.0,0.7219772934913635,11.159296989440918,5.7749552726745605,0.5722002983093262,0.4277997314929962,1.560579491985669,9.680266007434671,0.08986715684745056,0.5160196056133399,0.37275516663249186,1.0,1024
synthbuster,1,dalle3,1910577,0.19539931841754335,0.1413143277168274,-0.005717364139854908,0.15352183054848037,PNG,27.929737091064453,10.0,0.012283967807888985,21.806564331054688,0.16714411973953247,20.0,-2.2007797370698703,1024,0.0,0.7209257483482361,12.102622032165527,8.456925392150879,0.5926158428192139,0.4073841869831085,1.560100306518946,10.800008458406623,0.14280269751351868,0.6075873689269186,0.3864832593127634,1.0,1024
synthbuster,1,dalle3,2025507,0.3183365307259113,0.287178635597229,0.0006722979014739394,0.20919002746867021,PNG,17.88149070739746,10.0,0.015088478103280067,16.620576858520508,0.08707873523235321,20.0,-2.3182070594104442,1024,0.0,0.817479133605957,9.02773380279541,4.311489105224609,0.45357292890548706,0.5464270710945129,1.5136928698603942,4.312035950456128,0.10203489137411614,0.6159417031978969,0.38416105806562556,1.0,1024
synthbuster,1,dalle3,1580285,0.47444732000873063,0.19235999882221222,0.0006490758387371898,0.17103610018945772,PNG,22.068988800048828,10.0,0.009945756755769253,18.804248809814453,0.05238110199570656,20.0,-2.6886093175059793,1024,0.0,0.8348471522331238,6.618705749511719,8.986918449401855,0.5233666300773621,0.47663336992263794,1.328258844032342,2.2208617345483748,0.12792708237616546,0.7160083749376497,0.3825607622714402,1.0,1024
synthbuster,1,dalle3,2265674,0.2735100455850076,0.2071961611509323,0.0022836956195533276,0.23223452754820892,PNG,18.97600555419922,10.0,0.012264614924788475,14.457683563232422,0.12320543825626373,20.0,-2.3163283184239667,1024,0.0,0.7345439791679382,10.748429298400879,1.541634202003479,0.5895826816558838,0.4104173481464386,1.4877817704905025,9.091314171513943,0.11260378311239147,0.5552180094523265,0.37725333313368936,1.0,1024
synthbuster,1,dalle3,2480418,0.15336898395721926,0.19784508645534515,0.006024087779223919,0.2114233994538086,PNG,21.31735610961914,10.0,0.02186841517686844,16.57282257080078,0.10672257095575333,20.0,-2.3860976410812866,1024,0.0,0.8358908295631409,11.086738586425781,5.860235691070557,0.716794490814209,0.283205509185791,1.507815470368557,5.668924761208235,0.09517596519382299,0.5380156187987288,0.4041148258366727,1.0,1024
synthbuster,1,firefly,1688756,0.30657822001105584,0.20842429995536804,0.0024462048895657063,0.28387401497082215,JPEG,17.79051971435547,10.0,0.012949461117386818,20.839069366455078,0.06571470946073532,20.0,-2.6713609383197867,1792,0.0,0.8301519155502319,8.842682838439941,4.53317403793335,0.4329204559326172,0.5670795440673828,1.2953449733186342,3.693662408564981,0.1109068505551708,0.6773685804096536,0.38785819281692724,1.0,2304
synthbuster,1,firefly,1444188,0.34592683584504297,0.12815578281879425,-0.0033974081743508577,0.14622650480781713,JPEG,22.451879501342773,10.0,0.012293487787246704,17.95438003540039,0.11096982657909393,20.0,-2.251110222828229,2304,0.0,0.7662674784660339,9.18254280090332,6.741945743560791,0.5609726905822754,0.439027339220047,1.4689414976446482,5.3529531806489015,0.12350130173412417,0.6537910354125968,0.39102408628115776,1.0,1792
synthbuster,1,firefly,1008539,0.2635204738604172,0.3047906160354614,0.013142107054591179,0.24033166106659432,JPEG,32.69783401489258,10.0,0.0023779349867254496,33.39169692993164,0.04020744562149048,20.0,-2.775493267773607,2048,0.0,0.5390579104423523,3.5285990238189697,5.862882614135742,0.2881922125816345,0.7118077874183655,1.2778013925513767,2.305139868084009,0.13861174558586753,0.768700103502896,0.33316747743113506,1.0,2048
synthbuster,1,firefly,1052725,0.3701560805824093,0.3215271532535553,-0.004863883834332228,0.21422472477556828,JPEG,20.409435272216797,10.0,0.002731163054704666,21.302946090698242,0.01653355173766613,20.0,-2.7012070762173295,2304,0.0,0.8079349994659424,3.3827407360076904,6.138408660888672,-0.10107696056365967,1.1010769605636597,0.9888482677294577,0.7118128676317317,0.191582620428365,0.8787032178294449,0.37098315373901214,1.0,1792
synthbuster,1,firefly,1789613,0.2699505269950527,0.013059284538030624,0.007889175787568092,0.061124699790678486,JPEG,18.966768264770508,10.0,0.026334749534726143,15.061759948730469,0.17960608005523682,20.0,-2.189874869575677,1792,0.0,0.7934399247169495,11.700090408325195,4.853667259216309,0.6328545212745667,0.36714547872543335,1.5082415749457616,7.186889250942588,0.10338829806119249,0.5748415637242426,0.3939227190759011,1.0,2304
synthbuster,1,firefly,1333640,0.2902682521001583,0.11832710355520248,0.0016466079978272319,0.19999319638495283,JPEG,29.228151321411133,10.0,0.004679038189351559,29.957462310791016,0.03714033588767052,20.0,-2.8928281620134433,2048,0.0,0.7657370567321777,4.059150218963623,4.858419418334961,0.3892068862915039,0.6107931137084961,1.1544077990227215,1.2998785953687184,0.15893201609964677,0.7798685897513886,0.3949745560859647,1.0,2048
synthbuster,1,firefly,1097950,0.3612581433224756,0.1665595918893814,0.0006287159631028771,0.18691866754905412,JPEG,23.798648834228516,10.0,0.0038077293429523706,25.075586318969727,0.024767892435193062,20.0,-2.7451284332055343,2048,0.0,0.7958791851997375,4.298741817474365,5.949007034301758,0.023600459098815918,0.9763995409011841,1.0457690700063702,1.1278558728344215,0.2177352144433567,0.8374250722716352,0.37231427819430024,1.0,2048
synthbuster,1,firefly,1468451,0.3049895466034262,0.23700256645679474,-0.00606957171112299,0.2538119109778791,JPEG,20.395126342773438,10.0,0.006814340129494667,18.511682510375977,0.03816669061779976,20.0,-2.853926167359233,1792,0.0,0.818384051322937,6.346455097198486,5.824972152709961,0.19218593835830688,0.8078140616416931,1.1086394717530015,2.1266429290505346,0.12995117855397897,0.7369230950821353,0.3880478825951621,1.0,2304
synthbuster,1,firefly,2183519,0.262834008097166,0.1371915340423584,0.0064285993576049805,0.2218436878764453,JPEG,18.847450256347656,10.0,0.014511685818433762,21.305017471313477,0.07932411134243011,20.0,-2.529388406130717,2304,0.0,0.8241162300109863,10.766152381896973,4.402950763702393,0.5287665128707886,0.4712334871292114,1.37128334422229,5.682636699602758,0.09906520145997981,0.600508400615612,0.3968251152583487,1.0,1792
synthbuster,1,firefly,1968382,0.17455138662316477,0.16787166893482208,0.002228265395388007,0.23239507437358697,JPEG,19.950075149536133,10.0,0.019324608147144318,14.914762496948242,0.13292837142944336,20.0,-2.2837483358440207,1792,0.0,0.7946391105651855,11.025347709655762,7.765563011169434,0.4983895421028137,0.5016104578971863,1.4808326556569078,6.360068209551363,0.08995709621028339,0.5560657319687188,0.3925166259247772,1.0,2304
synthbuster,1,firefly,1214537,0.23175062928864523,0.14622998237609863,0.006941197440028191,0.1493245581331699,JPEG,22.112903594970703,10.0,0.004684653133153915,24.250165939331055,0.0328277051448822,20.0,-2.7895217137439747,1792,0.0,0.7848953604698181,5.011691570281982,3.047548532485962,0.12218737602233887,0.8778126239776611,1.1190445113106366,1.5659363879055794,0.13785493336551016,0.7899802433678367,0.3886648830279721,0.9999999999999999,2304
synthbuster,1,firefly,996223,0.2936330524769036,0.12470307946205139,0.011406038887798786,0.24403058230210656,JPEG,32.46253204345703,10.0,0.0022850395180284977,15.067442893981934,0.032099466770887375,20.0,-2.818712854813434,2304,0.0,0.6913084387779236,5.583269119262695,3.6862964630126953,0.0049117207527160645,0.9950882792472839,1.3650545962926894,3.5979143642263627,0.1943951237311658,0.7845185602820643,0.3645741174918244,1.0,1792
synthbuster,1,firefly,1786888,0.2926112510495382,0.22349844872951508,-0.006546427495777607,0.2804646532976451,JPEG,20.529525756835938,10.0,0.010789685882627964,16.647417068481445,0.07128678262233734,20.0,-2.771302418683125,1536,0.0,0.8045924305915833,8.859668731689453,5.11189079284668,0.42699700593948364,0.5730029940605164,1.3526786897810423,4.710232160622062,0.10123642763274658,0.6217186881538038,0.38471931600859777,1.0,2688
synthbuster,1,firefly,1781593,0.43238438884614366,0.006123040337115526,0.0008376536425203085,0.03121303650746522,JPEG,16.903837203979492,10.0,0.018450966104865074,13.482222557067871,0.07843586057424545,20.0,-2.4660668694368786,2048,0.0,0.850242018699646,11.947653770446777,5.083126068115234,0.36370134353637695,0.636298656463623,1.3874882202879064,5.735104385560904,0.10625218556767131,0.6278447728076522,0.39848071392201645,1.0,2048
synthbuster,1,firefly,1471678,0.16942937512557765,0.2300722599029541,0.009174075908958912,0.1980831373267361,JPEG,21.18227195739746,5.0,0.011783840134739876,24.200714111328125,0.0718783587217331,20.0,-2.6295169319133076,1536,0.0,0.8110939860343933,8.680622100830078,9.399827003479004,0.5107908844947815,0.4892091155052185,1.2516376120132864,4.075781781424051,0.13124924957933878,0.7192196371522557,0.37774317164979254,0.9999999999999999,2688
synthbuster,1,firefly,897668,0.2454954739669461,0.30922579765319824,-0.00892254151403904,0.32073968061522307,JPEG,34.13194274902344,10.0,0.0012285553384572268,34.58401107788086,0.010780075564980507,20.0,-2.992209178668707,2048,0.0,0.6882076859474182,2.180168628692627,3.781550168991089,0.18610060214996338,0.8138993978500366,1.000912864817123,0.6659731199311724,0.20928638993443155,0.9029029006443745,0.37109951020936677,1.0,2048
synthbuster,1,firefly,1051372,0.32254820986102634,0.2450108826160431,-0.00025006302166730165,0.3130837798644622,JPEG,32.870784759521484,10.0,0.002608641516417265,33.38787841796875,0.02877102419734001,20.0,-3.040672351828972,2048,0.0,0.6852031350135803,3.198530673980713,11.899271965026855,0.3086102604866028,0.6913897395133972,1.227119798195383,1.65721415094889,0.12380774444654198,0.7451082051899865,0.32572774924281916,1.0,2048
synthbuster,1,firefly,2260303,0.16346153846153846,0.18247678875923157,0.002758866874501109,0.24935891835334054,JPEG,20.735340118408203,10.0,0.01919335126876831,17.31967544555664,0.14791017770767212,20.0,-2.2818897475631417,1536,0.0,0.779695451259613,11.330657958984375,3.739166498184204,0.720757007598877,0.27924299240112305,1.3323311286692283,7.495993821835308,0.07725559220013639,0.4823684328509506,0.40006987628280727,1.0,2688
synthbuster,1,firefly,1092151,0.2762730414250136,0.5519659519195557,-0.004949853755533695,0.40450504802942105,JPEG,23.583824157714844,10.0,0.011000759899616241,25.069705963134766,0.047054268419742584,20.0,-2.6912669415079464,2304,0.0,0.8694429993629456,7.123493194580078,15.375782012939453,-0.21590614318847656,1.2159061431884766,1.3310630080826376,1.9761494861394349,0.23118298157535855,0.8642418570217945,0.36561987637037763,0.9999999999999999,1792
synthbuster,1,firefly,1752587,0.15434033218426826,0.31412580609321594,0.000715197587851435,0.2402776528298207,JPEG,16.07247543334961,10.0,0.03041541576385498,15.296229362487793,0.17253431677818298,20.0,-2.2293916113405787,1536,0.0,0.8221818804740906,11.190052032470703,7.117848873138428,0.6469999551773071,0.3530000150203705,1.3578096447797323,5.945869092771,0.12873234080140813,0.5852638294596102,0.39217364142896094,1.0,2688
synthbuster,1,firefly,1960124,0.33312379327376407,0.12369665503501892,-0.007360358722507954,0.16044158287913876,JPEG,16.138893127441406,10.0,0.014947704039514065,21.29558563232422,0.060344550758600235,20.0,-2.530048998552946,1792,0.0,0.8526483178138733,7.952588081359863,5.157293796539307,0.35735344886779785,0.6426465511322021,1.116825366844404,2.537722421903641,0.12468240500871652,0.6862757939219487,0.3997241640777262,0.9999999999999999,2304
synthbuster,1,firefly,2104451,0.22487874854839812,0.06605283915996552,0.01064315252006054,0.11029573851212196,JPEG,16.07784652709961,10.0,0.024590693414211273,15.966811180114746,0.1603003740310669,20.0,-2.180691731528134,2048,0.0,0.7979269027709961,11.380334854125977,4.179642677307129,0.6108649373054504,0.38913506269454956,1.4776427022067622,6.886161337542076,0.11502348109262726,0.5458026337401224,0.3969829912047473,1.0,2048
synthbuster,1,firefly,1854285,0.12559241706161137,0.19575035572052002,0.0016900895861908793,0.2666991883631517,JPEG,21.409015655517578,10.0,0.014239962212741375,14.027427673339844,0.12628667056560516,20.0,-2.380248528891684,2048,0.0,0.7660942673683167,8.691208839416504,6.9908294677734375,0.689092218875885,0.310907781124115,1.359593128543996,5.051863502638523,0.09842156612871412,0.577148323842709,0.38135861680222055,1.0,2048
synthbuster,1,firefly,1568258,0.2074656188605108,0.0622730553150177,0.01781020313501358,0.09756642809999234,JPEG,21.544572830200195,10.0,0.028102722018957138,26.021785736083984,0.15467074513435364,20.0,-2.2470752627280617,1792,0.0,0.8167925477027893,10.793902397155762,9.878010749816895,0.5866875648498535,0.4133124053478241,1.3758324323907043,5.2724362021674205,0.12163134924168947,0.6249298577080944,0.3894589523046412,0.9999999999999999,2304
synthbuster,1,firefly,2289359,0.17989317054559328,0.346578449010849,-0.0007323629106394947,0.28921853114826185,JPEG,18.681957244873047,8.0,0.02319152280688286,17.09027862548828,0.14099259674549103,20.0,-2.255927527868901,2048,0.0,0.806505024433136,11.864021301269531,7.967323303222656,0.5017814636230469,0.4982185363769531,1.4204213018165548,7.079054790058965,0.09489085082242503,0.5740376739968407,0.38968719915316313,1.0,2048
synthbuster,1,firefly,1443529,0.27726180944755807,0.12501658499240875,0.005562546197324991,0.18955099700405534,JPEG,24.074310302734375,10.0,0.008942121639847755,16.060993194580078,0.10265000909566879,20.0,-2.487390714727012,1792,0.0,0.7263540029525757,9.18086051940918,8.308170318603516,0.6483891010284424,0.35161086916923523,1.3765591547732707,6.332580786294738,0.09865181383599948,0.6171261293481698,0.381555628712636,1.0,2304
synthbuster,1,firefly,1520382,0.3343040376938682,0.18045076727867126,0.006101969629526138,0.2972931687166821,JPEG,22.5094051361084,8.0,0.008881707675755024,12.873472213745117,0.10372120887041092,20.0,-2.4821475850066306,2048,0.0,0.7359378337860107,7.984438896179199,6.537422180175781,0.5091239213943481,0.49087610840797424,1.2931399272784851,4.907904453327561,0.1773969844042214,0.6645337408977967,0.38307146236759054,1.0,2048
synthbuster,1,firefly,2024729,0.45937916970871834,0.34153008460998535,-0.008035008795559406,0.29348821723123664,JPEG,16.76091194152832,10.0,0.015944261103868484,21.05879020690918,0.11544200032949448,20.0,-2.2002663755700507,2304,0.0,0.7984318733215332,10.072785377502441,4.740173816680908,0.36634713411331177,0.6336528658866882,1.4756232211267892,5.583104785424905,0.12185038925835537,0.6352052486702169,0.39013861239276454,1.0,1792
synthbuster,1,glide,87206,0.6912193541419159,0.23998162150382996,0.020492184907197952,0.21524637624334794,PNG,37.19241714477539,10.0,0.0022490823175758123,36.83342742919922,0.03797455132007599,20.0,-2.855393304983871,256,0.0,0.46753108501434326,3.748244285583496,6.429874420166016,0.7297581434249878,0.2702418863773346,1.168130099286193,1.859061043228563,0.26474577222938367,0.7728359089538792,0.37632707022993894,1.0,256
synthbuster,1,glide,113127,0.3396806623299823,0.17396384477615356,0.0004462049400899559,0.2898543958226096,PNG,25.96485137939453,8.0,0.0021398563403636217,25.589597702026367,0.07323676347732544,20.0,-2.577831134168277,256,0.0,0.4949870705604553,6.091511249542236,3.570702075958252,0.572758674621582,0.42724132537841797,1.405434235239727,4.401375582708573,0.12530571122491663,0.6400770388778908,0.3761392786855079,1.0,256
synthbuster,1,glide,84693,0.5836189696628639,0.3512970507144928,0.0026121537666767836,0.21907515422989818,PNG,33.415626525878906,10.0,0.0024938902352005243,29.2655029296875,0.07569240033626556,20.0,-2.803141453390063,256,0.0,0.5983250141143799,5.099818229675293,9.792783737182617,0.4284479022026062,0.5715520977973938,1.4162362950348608,2.747390877306804,0.26771772308477515,0.7733647265986423,0.3708398477158347,1.0,256
synthbuster,1,glide,91689,0.4133639929663195,0.31724268198013306,0.012770578265190125,0.3164264235353145,PNG,32.740234375,10.0,0.000523046066518873,22.037551879882812,0.05840105190873146,20.0,-2.971877191189879,256,0.0,0.39598920941352844,3.8589916229248047,4.938718795776367,0.3120344281196594,0.6879655718803406,1.3237254147169313,2.656458873990774,0.2060416470719629,0.7447695259826329,0.32985906909785734,1.0,256
synthbuster,1,glide,86792,0.6977568572756857,0.3184436559677124,0.001089743571355939,0.3138039478703665,PNG,32.853668212890625,10.0,0.0037246623542159796,33.26392364501953,0.09108393639326096,20.0,-2.37291709764483,256,0.0,0.5487356185913086,5.075355052947998,7.522006034851074,0.20524924993515015,0.7947507500648499,1.38030303759692,2.6087997254661675,0.2203211949147429,0.7313942036792821,0.3718216224561124,1.0,256
synthbuster,1,glide,113144,0.5748979988342724,0.2320915311574936,0.002846789313480258,0.12866631515610794,PNG,27.099933624267578,10.0,0.0026631199289113283,29.462177276611328,0.050875693559646606,20.0,-2.5013174870721455,256,0.0,0.5830889940261841,4.515573501586914,1.1248530149459839,0.75291508436203,0.24708491563796997,1.0294284227003807,2.0228353127402916,0.15245543297638398,0.6538059366824114,0.3975279362923392,1.0,256
synthbuster,1,glide,71253,0.3464228079612695,0.39400649070739746,0.0005368024576455355,0.29045888699539507,PNG,30.263233184814453,10.0,0.0012051303638145328,27.80809211730957,0.04139426350593567,20.0,-3.0611341450285017,256,0.0,0.41854408383369446,2.585336923599243,1.915509581565857,0.30927574634552,0.69072425365448,1.1652366940239798,1.0363304978854289,0.4427172376407474,0.8686926698281,0.3140682657273112,1.0,256
synthbuster,1,glide,75962,0.6487946187460107,0.16035321354866028,0.008876770734786987,0.3054274608459451,PNG,29.39882469177246,8.0,0.0033400263637304306,33.46384811401367,0.1036061942577362,20.0,-2.68650732013404,256,0.0,0.5117179751396179,9.904706954956055,11.253499031066895,0.7745460271835327,0.2254539579153061,1.4978666189889853,11.7819821703191,0.32569655410117115,0.7362461945604795,0.33765491214288745,1.0,256
synthbuster,1,glide,82048,0.5606028888423696,0.11549536138772964,0.002253693761304021,0.21748772911685363,PNG,30.179574966430664,10.0,0.0024570433888584375,30.170612335205078,0.050727423280477524,20.0,-2.96094057208199,256,0.0,0.5164908170700073,6.352014541625977,9.499405860900879,0.6297375559806824,0.3702624440193176,1.3167990737426278,5.205492884347365,0.36585417219129107,0.7849354286247866,0.3528105309310398,1.0,256
synthbuster,1,glide,91286,0.24207135777998018,0.3993472456932068,0.015139538794755936,0.3190922830597855,PNG,33.029380798339844,10.0,0.0008361410000361502,24.588632583618164,0.05412101000547409,20.0,-3.1758713939146874,256,0.0,0.34127718210220337,3.6483757495880127,6.467139720916748,0.5814475417137146,0.4185524582862854,1.2727990131650246,2.8589954284409815,0.20405590372726046,0.757157083530562,0.3097596958839543,1.0,256
synthbuster,1,glide,69820,0.4513793103448276,0.32554861903190613,-0.008245590142905712,0.2893821307877717,PNG,42.65879821777344,10.0,0.003278762334957719,51.901466369628906,0.03607747703790665,20.0,-3.070999492295975,256,0.0,0.28006061911582947,1.2233920097351074,9.240518569946289,0.7161120772361755,0.28388792276382446,1.0722634936754885,0.36919742406766637,0.2578335714887048,0.8782887700143385,0.3593169594218908,1.0,256
synthbuster,1,glide,105522,0.38759984785089385,0.3251478672027588,-0.0015050185611471534,0.21946174685186032,PNG,32.03497314453125,10.0,0.0016572270542383194,23.936309814453125,0.08895564824342728,20.0,-2.7001166267240135,256,0.0,0.33150213956832886,4.348968029022217,5.723031997680664,0.7448589205741882,0.25514107942581177,1.2842209808803344,2.8260301176230302,0.11201296561604737,0.659779517941068,0.3400950831712908,1.0,256
synthbuster,1,glide,69616,0.4308335237846485,0.12520642578601837,0.00022117074695415795,0.3894869224894066,PNG,39.577781677246094,6.0,0.0007957396446727216,42.6864013671875,0.06999410688877106,20.0,-2.792445033997556,256,0.0,0.43236953020095825,4.811232089996338,12.930343627929688,0.30899733304977417,0.6910026669502258,1.3715408861244769,3.1193773278306516,0.47785501802850383,0.8074566129911511,0.33158338725394687,1.0,256
synthbuster,1,glide,82563,0.5855953796500765,0.5092445015907288,-0.0008500965777784586,0.42836189777432854,PNG,40.58973693847656,10.0,0.0015246979892253876,38.582149505615234,0.08248908817768097,20.0,-2.7022874207299443,256,0.0,0.33242014050483704,6.444326400756836,5.775139331817627,0.3256400227546692,0.6743599772453308,1.5050525708240166,6.512295481305267,0.4116368890539424,0.7635585859430365,0.3172030438748765,1.0,256
synthbuster,1,glide,101453,0.6163875189218223,0.3788737952709198,0.0004712495720013976,0.2169898322729902,PNG,32.68318557739258,10.0,0.0022244290448725224,27.896465301513672,0.1332099437713623,20.0,-2.608521204369759,256,0.0,0.4027632772922516,5.6177239418029785,1.7543460130691528,0.6478275060653687,0.35217252373695374,1.4685347823433315,4.386490637615335,0.1578521471986848,0.6933929844031973,0.3572840735968254,1.0,256
synthbuster,1,glide,90218,0.4084568061693094,0.18195202946662903,0.002197886584326625,0.24297145782711146,PNG,41.21100616455078,10.0,0.003636356210336089,36.00844955444336,0.0894167572259903,20.0,-2.548904501547452,256,0.0,0.481449693441391,7.313704013824463,14.965571403503418,0.6879818439483643,0.31201815605163574,1.3158879201827427,5.604936788134366,0.1606408828128663,0.6901888026422541,0.3457266501571478,1.0,256
synthbuster,1,glide,95801,0.7196758979320353,0.22345907986164093,0.0013880841434001923,0.23021346138461912,PNG,32.53944778442383,10.0,0.00470620347186923,33.43236541748047,0.06667510420084,20.0,-2.8648034581901083,256,0.0,0.5215596556663513,3.908083438873291,1.745589017868042,0.5706733465194702,0.4293266534805298,1.4145692133859347,1.8038360246059217,0.14113703111055484,0.7017303724601965,0.37102959748738706,1.0,256
synthbuster,1,glide,91909,0.6458980449479261,0.3273913562297821,-0.004795041400939226,0.25972190783515564,PNG,38.182796478271484,10.0,0.0006677390774711967,38.47443389892578,0.03490947559475899,20.0,-2.6975012909920038,256,0.0,0.2541373074054718,2.680196523666382,7.985244274139404,0.572523832321167,0.4274761974811554,1.3768816036720597,1.3849655330882347,0.14312365438773395,0.7205390796441836,0.3377959659517124,1.0,256
synthbuster,1,glide,96509,0.10637597154525096,0.11849705874919891,-0.0008562113507650793,0.16104632458738247,PNG,27.768648147583008,10.0,0.00397716648876667,27.55122184753418,0.05633696913719177,20.0,-2.9095516612916272,256,0.0,0.6452022790908813,4.799257755279541,2.401402711868286,-0.049367547035217285,1.0493675470352173,1.3530683897541091,2.291906553368896,0.2555575715925153,0.791544702444674,0.3987793373562834,1.0,256
synthbuster,1,glide,96017,0.5590631364562119,0.43120330572128296,0.0059946561232209206,0.13795379316658574,PNG,27.55791664123535,10.0,0.001761841238476336,23.644210815429688,0.06479831784963608,20.0,-2.6030927874999628,256,0.0,0.5080785155296326,5.0306196212768555,-5.012813091278076,0.5365951657295227,0.4634048342704773,1.3360930282203636,2.788748122717227,0.12079631037511582,0.6992723958903806,0.35629941165834633,1.0,256
synthbuster,1,glide,77668,0.39287840895557935,0.16671591997146606,-0.02048715017735958,0.21597288863840045,PNG,35.52399444580078,10.0,0.0009611973655410111,27.092941284179688,0.08028881996870041,20.0,-3.040129531949498,256,0.0,0.3686160743236542,2.662703275680542,4.9328413009643555,0.29783928394317627,0.7021607160568237,1.1762478343912781,1.4400269727989259,0.1902261450723079,0.7872976067151156,0.3192243939424832,1.0,256
synthbuster,1,glide,82713,0.44380602160422894,0.3292524516582489,0.016837559640407562,0.23705962854832022,PNG,35.63045120239258,10.0,0.0016157692298293114,30.193958282470703,0.025600282475352287,20.0,-3.438366897579103,256,0.0,0.3600636124610901,1.8198574781417847,3.6208178997039795,0.34338492155075073,0.6566150784492493,1.1911585706387693,1.0392259137110729,0.1732546130206642,0.805766372739951,0.28757988125653305,1.0,256
synthbuster,1,glide,74985,0.5331816047108124,0.18335175514221191,0.01093126367777586,0.10767619059523921,PNG,34.38277816772461,10.0,0.0016663871938362718,34.31562042236328,0.019373025745153427,20.0,-2.901956516721296,256,0.0,0.5228055715560913,2.66762113571167,1.8871748447418213,0.09681934118270874,0.9031806588172913,1.2430110997029886,0.9962441128412151,0.21613757177869541,0.8606380183193517,0.363367814784292,1.0,256
synthbuster,1,glide,89209,0.5002598246183826,0.24964690208435059,0.001692230929620564,0.16439947644616282,PNG,28.18514060974121,10.0,0.002143928548321128,29.496238708496094,0.07529544085264206,20.0,-2.595407428331669,256,0.0,0.4741215109825134,4.64380407333374,2.55137300491333,0.17354118824005127,0.8264588117599487,1.4853941344472963,2.548293549956746,0.25624177761926614,0.7675057106063933,0.3673855080047178,1.0,256
synthbuster,1,glide,95940,0.6107311320754717,0.1483520120382309,0.002555950079113245,0.3101780410296867,PNG,33.70728302001953,10.0,0.0012499478179961443,21.161121368408203,0.06195688992738724,20.0,-2.824461292950469,256,0.0,0.46268555521965027,5.682275772094727,5.672314167022705,0.43822163343429565,0.5617783665657043,1.3529968863191046,4.273835904459821,0.1649751038168084,0.6952409067204312,0.3540281603967802,1.0,256
synthbuster,1,glide,64529,0.5946611132146914,0.34804877638816833,0.0074773747473955154,0.3669292649278344,PNG,34.96953582763672,10.0,0.0011634617112576962,31.098098754882812,0.05903521180152893,20.0,-2.8285772311974133,256,0.0,0.4798614978790283,3.7861838340759277,6.413959980010986,0.461037278175354,0.538962721824646,1.277771157152346,1.9346014904123396,0.27339017507122637,0.8328289928179982,0.3328241976651852,1.0,256
synthbuster,1,glide,54375,0.4462523277467412,0.121609628200531,-0.002090683439746499,0.09962647468544138,PNG,37.93545150756836,10.0,0.0012121443869546056,38.97005081176758,0.012732063420116901,20.0,-2.9620229038933013,256,0.0,0.40475091338157654,1.200929880142212,2.525092363357544,0.21373504400253296,0.786264955997467,1.167340588495412,0.30913362648981135,0.2805918127928688,0.941560855049586,0.33970785393162084,1.0,256
synthbuster,1,glide,120790,0.11996348937279959,0.47648686170578003,0.012788895517587662,0.36162095262677335,PNG,19.344240188598633,10.0,0.007729574106633663,16.581830978393555,0.08801854401826859,20.0,-2.50497004369359,256,0.0,0.746298611164093,6.250087738037109,5.024867534637451,0.6559031009674072,0.3440968990325928,1.28599060796207,2.9887135656958868,0.21460650595608405,0.6431230699118485,0.40679919495255423,1.0,256
synthbuster,1,firefly,1148109,0.3328806465258143,0.11961161345243454,-0.005664088297635317,0.19360015359271202,JPEG,24.652019500732422,10.0,0.002840145956724882,22.48641014099121,0.02217678539454937,20.0,-2.7880908693508366,1792,0.0,0.7851297855377197,4.63746976852417,8.441034317016602,0.28951454162597656,0.7104854583740234,1.048402568776824,1.4967485602712187,0.14297719117781793,0.8198959546195865,0.383511076862594,1.0,2304
synthbuster,1,firefly,1059447,0.2604340567612688,0.2717847526073456,-0.0019440347095951438,0.29411684787650266,JPEG,23.174488067626953,10.0,0.002816102933138609,15.423497200012207,0.06012881174683571,20.0,-2.7564345797348695,2304,0.0,0.5914908051490784,4.321669101715088,1.8889235258102417,0.26884955167770386,0.7311504483222961,1.3056798108386891,2.9862893093718337,0.11060081908789383,0.668559415880823,0.315107779284311,1.0,1792
synthbuster,1,glide,88968,0.6291499181182075,0.46639394760131836,0.005273523740470409,0.27803357622671154,PNG,31.70426368713379,10.0,0.0012012211373075843,24.86539077758789,0.05409917235374451,20.0,-2.872191549682469,256,0.0,0.4301464259624481,4.287820339202881,2.7168526649475098,0.5429762005805969,0.4570237994194031,1.172825894836759,2.5792353601979965,0.1659208214793818,0.7715062964002336,0.366053950602494,1.0,256
synthbuster,1,glide,97713,0.5496786950074147,0.4229310154914856,0.002098335651680827,0.3575555537914464,PNG,26.73513412475586,10.0,0.004321963060647249,22.306655883789062,0.10398519039154053,20.0,-2.701524935518894,256,0.0,0.578568160533905,7.259644985198975,6.984746932983398,0.5543197989463806,0.4456802010536194,1.455937028224072,5.827588502619189,0.13589301997079292,0.7124033912917712,0.36573742697457245,1.0,256
synthbuster,1,midjourney-v5,2547995,0.05167693360711841,0.2875120937824249,-0.004950912203639746,0.2538168426604748,PNG,22.961475372314453,10.0,0.01778843253850937,22.513965606689453,0.1485341340303421,20.0,-2.150093089660764,896,0.0,0.7711986303329468,8.458447456359863,7.387180328369141,0.6239914298057556,0.3760085701942444,1.1799757131745585,4.241027192542574,0.12389094840901513,0.5951813984732759,0.40636556997618933,1.0,1360
synthbuster,1,midjourney-v5,1972749,0.5218467928748303,0.18805497884750366,0.004776004236191511,0.19488136729737685,PNG,21.44214630126953,10.0,0.0035874468740075827,24.255268096923828,0.026508692651987076,20.0,-2.8211298360771107,896,0.0,0.7903818488121033,5.422823429107666,5.847315311431885,0.29149705171585083,0.7085029482841492,1.1692968816176097,1.9882671719974943,0.1471219126673577,0.7512027189694448,0.38538460601038466,1.0,1360
synthbuster,1,midjourney-v5,1213520,0.3972345281245805,0.06243912875652313,-0.013549789786338806,0.15805104924065128,PNG,27.369613647460938,10.0,0.0032836375758051872,26.737558364868164,0.02954438142478466,20.0,-2.9099963830517375,896,0.0,0.7477566599845886,3.978731393814087,5.501435279846191,0.14710164070129395,0.852898359298706,1.1420011984676597,1.2846310309241713,0.1619060858582152,0.8172321146372172,0.3385481425363736,0.9999999999999999,1360
synthbuster,1,midjourney-v5,2633395,0.5162046686119216,0.2819833755493164,0.01921244151890278,0.25406446365555163,PNG,20.968120574951172,10.0,0.014514818787574768,18.721403121948242,0.08316159248352051,20.0,-2.5200226875538063,896,0.0,0.81719571352005,7.764073371887207,3.6528754234313965,0.5730210542678833,0.4269789755344391,1.2026387436651755,3.0896941008101417,0.11445596151713355,0.6258714069574586,0.40387391501699144,1.0,1344
synthbuster,1,midjourney-v5,2083894,0.24522861458190306,0.0930122658610344,0.000622610910795629,0.12415172430515749,PNG,21.013887405395508,10.0,0.009321100078523159,18.227706909179688,0.08746740221977234,20.0,-2.6291595052970282,896,0.0,0.7444982528686523,8.702987670898438,7.0894012451171875,0.534757673740387,0.46524232625961304,1.285604538147198,5.009228872049627,0.10244054665546184,0.6531851971019198,0.37197023827417236,1.0,1360
synthbuster,1,midjourney-v5,1492571,0.5472044915282559,0.12414930015802383,0.002728956053033471,0.2943836027798209,PNG,24.037887573242188,10.0,0.002203715033829212,14.488662719726562,0.04900125414133072,20.0,-2.886311161989842,896,0.0,0.6186825633049011,4.622152805328369,1.6656666994094849,0.2915346026420593,0.7084653973579407,1.1377770050930218,3.030511542109687,0.20035495946517032,0.757717539542379,0.32347592701744204,1.0,1360
synthbuster,1,midjourney-v5,2307879,0.3117298990602158,0.10925187915563583,-0.0007119748624972999,0.13220272797887547,PNG,18.941160202026367,10.0,0.008323118090629578,15.485734939575195,0.06562686711549759,20.0,-2.5536815806774222,1344,0.0,0.7762354016304016,7.515294075012207,4.123347282409668,0.5483781099319458,0.4516218602657318,1.3046363961300254,3.551278694720293,0.1183386598488737,0.6376197451445709,0.39665073437650356,1.0,896
synthbuster,1,midjourney-v5,1995813,0.6838309359764696,0.4389041066169739,-0.005019685253500938,0.36270197482411154,PNG,18.811376571655273,10.0,0.0075860102660954,14.754873275756836,0.07563653588294983,20.0,-2.5316939261792273,896,0.0,0.7362016439437866,8.180534362792969,4.97864294052124,0.31978434324264526,0.6802156567573547,1.3694066434388958,4.807260958551967,0.1344370848677023,0.6763230505439197,0.3846022758791787,0.9999999999999999,1344
synthbuster,1,midjourney-v5,2142693,0.3040499031236709,0.02317594178020954,0.01196359470486641,0.03196516102234312,PNG,17.985069274902344,10.0,0.010895318351686,14.473979949951172,0.0509079210460186,20.0,-2.4464316993733632,1360,0.0,0.8466430306434631,7.0367560386657715,8.42591667175293,0.4524863362312317,0.5475136637687683,1.2338191383045076,2.2859759926011547,0.15040228623282656,0.691999144139134,0.39446718908188294,1.0,896
synthbuster,1,midjourney-v5,1557796,0.5548265496015651,0.32556822896003723,0.014575492590665817,0.12076776235151764,PNG,26.76725196838379,10.0,0.008777189068496227,22.74385643005371,0.09490896016359329,20.0,-2.5001513575089556,896,0.0,0.7405534982681274,7.740806579589844,9.375648498535156,0.44582319259643555,0.5541768074035645,1.3441386804478455,4.1967728939447575,0.17720752063149153,0.6939840494396967,0.36700890440114364,1.0,1360
synthbuster,1,midjourney-v5,1705232,0.4067529411764706,0.15484975278377533,-0.0028128880076110363,0.25054693536552985,PNG,23.86432647705078,10.0,0.0021803760901093483,26.382549285888672,0.015202468261122704,20.0,-2.761314703375908,896,0.0,0.790996789932251,3.757202386856079,3.083817720413208,0.43290430307388306,0.5670956969261169,1.16342539406717,0.9746559126439287,0.168388070730044,0.8201036025328283,0.38998923084775583,1.0,1360
synthbuster,1,midjourney-v5,2328104,0.5778324341478895,0.26327642798423767,0.010173141025006771,0.29770323026705353,PNG,19.62898063659668,10.0,0.009272865951061249,21.1943359375,0.05624324828386307,20.0,-2.713475046760794,896,0.0,0.8071934580802917,6.45704460144043,4.958730697631836,0.4125038981437683,0.5874961018562317,1.2224444783562605,2.286089684709917,0.13594056521337078,0.7073755587009314,0.3978985885615706,1.0,1360
synthbuster,1,midjourney-v5,2720875,0.34364876385336746,0.11443997919559479,0.011564402841031551,0.08545309201805741,PNG,18.28923988342285,10.0,0.015251928940415382,15.547972679138184,0.12009105831384659,20.0,-2.2601413410162445,896,0.0,0.7706843018531799,8.759726524353027,3.6841001510620117,0.6863084435462952,0.31369155645370483,1.3236566328945305,4.525759000151438,0.1223305312695883,0.5664442820978492,0.40319875886657724,1.0,1360
synthbuster,1,midjourney-v5,1609721,0.7350171821305842,0.10738800466060638,0.004744446370750666,0.2890338993033696,PNG,24.250843048095703,10.0,0.014563740231096745,19.896982192993164,0.12598006427288055,20.0,-2.1309006221031783,896,0.0,0.774745523929596,12.171416282653809,8.75922679901123,0.277588427066803,0.722411572933197,1.3917986096746742,8.620062064879946,0.1742476859076721,0.6217972176233049,0.3853953686384518,1.0,1344
synthbuster,1,midjourney-v5,1348179,0.35829946455067413,0.05093959718942642,0.00979896355420351,0.11211879657672288,PNG,27.66425323486328,8.0,0.0046553113497793674,19.768402099609375,0.04455200210213661,20.0,-2.7394296758283163,1360,0.0,0.761841356754303,5.619884967803955,13.739556312561035,0.4276747703552246,0.5723252296447754,1.2704758608923201,2.329127246453699,0.16680666170612535,0.8004374110468327,0.35998264119843204,1.0,896
synthbuster,1,midjourney-v5,2548575,0.1896118941880672,0.24625323712825775,-0.00010727198969107121,0.2867729602638127,PNG,20.21734619140625,10.0,0.007817697711288929,16.569787979125977,0.043840788304805756,20.0,-2.682147850024812,896,0.0,0.8173677325248718,7.724963188171387,5.882318496704102,0.4675174951553345,0.5324825048446655,1.245792747319624,3.2434136293913243,0.11207067065083019,0.6763085766156394,0.38379127713615113,1.0,1360
synthbuster,1,midjourney-v5,1908211,0.4969313743723266,0.14235973358154297,0.005377486348152161,0.1875607358963768,PNG,23.474971771240234,10.0,0.008319089189171791,20.644378662109375,0.08083964884281158,20.0,-2.4155905959991744,896,0.0,0.7287703156471252,9.716971397399902,8.612207412719727,0.4239872694015503,0.5760127305984497,1.3804302762331138,6.406592909040111,0.15428830602079732,0.6821775643806409,0.3907234608835258,1.0,1360
synthbuster,1,midjourney-v5,2262795,0.19519519519519518,0.12710492312908173,-0.0032900734804570675,0.15261441314864038,PNG,19.54549217224121,10.0,0.013197146356105804,19.92584800720215,0.04745879024267197,20.0,-2.5723475867178514,896,0.0,0.872502863407135,7.613559722900391,3.570455312728882,0.5128107666969299,0.48718923330307007,1.301153625843291,2.2150056939150193,0.1350996757869461,0.6943536928379701,0.3956222930611827,1.0,1344
synthbuster,1,midjourney-v5,1682216,0.4617164733443803,0.21419677138328552,-0.0036678884644061327,0.2303339668782304,PNG,24.806598663330078,10.0,0.0038955470081418753,26.42137908935547,0.02131030336022377,20.0,-2.7947080049789834,896,0.0,0.8263753652572632,5.519814968109131,3.994507312774658,0.07050192356109619,0.9294980764389038,0.9028241798943161,1.5846109154470676,0.13081937689422335,0.7686526489604584,0.37012320880121335,1.0,1360
synthbuster,1,midjourney-v5,1908161,0.3892255005268704,0.3386005759239197,0.006741306744515896,0.2128083762624605,PNG,24.884387969970703,10.0,0.01075857225805521,23.678064346313477,0.1702299565076828,20.0,-2.1943175555489196,896,0.0,0.6583715677261353,8.283639907836914,5.240728378295898,0.476118803024292,0.523881196975708,1.2422422194768652,6.045821804876634,0.09522554193464142,0.528040869040123,0.3833688182671519,1.0,1360
synthbuster,1,midjourney-v5,1734028,0.37262849258364955,0.06861135363578796,0.012001371942460537,0.11657990345900852,PNG,22.047826766967773,10.0,0.005701911170035601,19.327600479125977,0.06481488049030304,20.0,-2.6080886858173074,896,0.0,0.7160288691520691,6.174279689788818,2.517420768737793,0.1341075301170349,0.8658924698829651,1.3422818144960313,3.38648853141302,0.16322086448324885,0.7010713493916969,0.3145948418543288,1.0,1360
synthbuster,1,midjourney-v5,1754425,0.5801294324883205,0.19811172783374786,-0.0038463545497506857,0.35576648219553003,PNG,22.41397476196289,10.0,0.007252187468111515,21.577880859375,0.07564827054738998,20.0,-2.4784325943926073,896,0.0,0.730881929397583,7.086415767669678,3.647066593170166,0.364921510219574,0.635078489780426,1.3696144473184446,3.6900403771853525,0.12607023151497257,0.6802593871545517,0.38715877388528996,1.0,1344
synthbuster,1,midjourney-v5,1733895,0.5809947207557655,0.2222570776939392,-0.0047363159246742725,0.27041110155487513,PNG,19.626188278198242,10.0,0.006147743668407202,16.546571731567383,0.06550626456737518,20.0,-2.6731677510819365,896,0.0,0.7336547374725342,5.645730018615723,6.907616138458252,0.4346591830253601,0.5653408169746399,1.1130450432844303,2.609376008177377,0.20781261133710693,0.7356562125886672,0.3754768177054016,1.0,1344
synthbuster,1,midjourney-v5,2056448,0.587378640776699,0.26732712984085083,0.005977524910122156,0.2705086080916198,PNG,20.429607391357422,10.0,0.011057892814278603,15.606407165527344,0.08369673788547516,20.0,-2.2581984038868375,896,0.0,0.7815457582473755,8.429557800292969,5.061015605926514,0.42536306381225586,0.5746369361877441,1.2260027620830851,4.037565952929555,0.14122495656060777,0.7028898289020772,0.3945583870259822,1.0,1360
synthbuster,1,midjourney-v5,2132987,0.5235943297497859,0.1420828104019165,0.004995021969079971,0.19170184743975,PNG,22.19744873046875,8.0,0.010500498116016388,16.080007553100586,0.0772816464304924,20.0,-2.5915038585800434,896,0.0,0.7919121384620667,12.491548538208008,9.813471794128418,0.6460666656494141,0.3539333641529083,1.3269175278145617,9.0103694788818,0.19594913890128224,0.6942872418103574,0.39029274256633933,1.0,1360
synthbuster,1,midjourney-v5,2239550,0.10959271168274384,0.25813138484954834,0.007300069089978933,0.2598761800015154,PNG,25.105831146240234,10.0,0.017155496403574944,14.720763206481934,0.07794106751680374,20.0,-2.385634322295401,1360,0.0,0.8416858315467834,10.355433464050293,9.842040061950684,0.6004592776298523,0.3995407223701477,1.2381305761896206,4.52196918891223,0.11960611090052144,0.6467631881715342,0.39687389207934876,1.0,896
synthbuster,1,midjourney-v5,2186505,0.43039630627164294,0.2689957618713379,0.003437307197600603,0.24433049554841493,PNG,20.077987670898438,10.0,0.022756461054086685,17.54401969909668,0.17824259400367737,20.0,-2.017766035503657,896,0.0,0.780476987361908,8.539487838745117,3.0280234813690186,0.5579594373703003,0.4420405924320221,1.5724154604845866,4.560928778630042,0.14045326037731914,0.5979196824592001,0.39769540828106864,1.0,1360
synthbuster,1,midjourney-v5,1887598,0.2542017784813073,0.16549213230609894,-0.007601158227771521,0.16461869086249245,PNG,23.289283752441406,10.0,0.0037215747870504856,21.869342803955078,0.04003390297293663,20.0,-2.700532697620054,896,0.0,0.7443674206733704,4.102123737335205,7.966554164886475,0.49268317222595215,0.5073168277740479,1.1353541528141993,1.4328211539049387,0.15169319834733852,0.7775700843330684,0.3862458337414605,1.0,1360
synthbuster,1,midjourney-v5,1461991,0.29892217937308413,0.22653895616531372,0.010515168309211731,0.24298007569349933,PNG,26.49703598022461,10.0,0.001900695962831378,18.679668426513672,0.06257586181163788,20.0,-2.7488282844453114,896,0.0,0.5115059018135071,4.339844703674316,0.087574303150177,0.3690752387046814,0.6309247612953186,1.2694136759855992,3.404933494887986,0.12506909625371032,0.6470439936284751,0.3187550594087754,1.0,1344
synthbuster,1,midjourney-v5,2646406,0.255272952853598,0.24489706754684448,0.015198206529021263,0.2905741054046612,PNG,19.745534896850586,10.0,0.010897967964410782,15.06241226196289,0.06943220645189285,20.0,-2.4397878870062626,1360,0.0,0.8023880124092102,8.216816902160645,4.58936071395874,0.6633553504943848,0.33664461970329285,1.1588289016492532,3.5570953727956782,0.11398290770744385,0.5853417438711037,0.4053448390368649,1.0,896
synthbuster,1,stable-diffusion-1-3,577084,0.3397182025894897,0.1118384599685669,0.018063273280858994,0.23926517842027387,PNG,16.293916702270508,8.0,0.048881154507398605,14.750267028808594,0.1546744853258133,20.0,-2.244076255196657,512,0.0,0.8787965178489685,12.553257942199707,5.407571792602539,0.7056179046630859,0.29438212513923645,1.4538054956757889,5.050740156292961,0.13466043349908513,0.5248351694198119,0.40901311865685247,1.0,512
synthbuster,1,stable-diffusion-1-3,576627,0.04590423426988524,0.29106709361076355,0.003776911646127701,0.2579788003373159,PNG,17.850505828857422,10.0,0.028028449043631554,14.472827911376953,0.14111338555812836,20.0,-2.3552076856109605,512,0.0,0.8317974805831909,11.552292823791504,4.771200656890869,0.6804956197738647,0.31950438022613525,1.4383895191393272,6.248067761379236,0.08371161830332702,0.4881871758007833,0.40723308988160656,1.0,512
synthbuster,1,stable-diffusion-1-3,653038,0.0213089802130898,0.08855506032705307,-0.009463915601372719,0.26399257426533496,PNG,14.215588569641113,2.0,0.10999564081430435,13.651823043823242,0.3973425328731537,20.0,-1.6283966062660649,512,0.0,0.8614041805267334,18.90354347229004,4.059945106506348,0.668626606464386,0.331373393535614,1.5138175855187275,12.038109462415669,0.09292740008427326,0.3870379805861265,0.40881046135865484,1.0,512
synthbuster,1,stable-diffusion-1-3,539394,0.2564363408717427,0.12088583409786224,-0.0013151323655620217,0.21020922171676337,PNG,19.573570251464844,10.0,0.01532050408422947,14.670585632324219,0.0675969198346138,20.0,-2.460717395999608,512,0.0,0.8467710018157959,11.418778419494629,4.328649520874023,0.468269407749176,0.531730592250824,1.3136051846651868,5.43423762833984,0.11079065042714006,0.5892271412395474,0.4070409906357949,1.0,512
synthbuster,1,stable-diffusion-1-3,653699,0.00944138473642801,0.22849075496196747,0.000451869098469615,0.2325610461814084,PNG,12.489842414855957,2.0,0.13143905997276306,11.60131549835205,0.28122901916503906,20.0,-1.9313065272515861,512,0.0,0.906436026096344,16.124515533447266,4.355258464813232,0.8525906205177307,0.1474093794822693,1.4275282379997039,6.615483937495601,0.09555226463235848,0.42246321700351414,0.4093563374269445,1.0,512
synthbuster,1,stable-diffusion-1-3,496424,0.18727422003284072,0.054542675614356995,0.01667654514312744,0.1270708802398526,PNG,23.626155853271484,8.0,0.013985132798552513,19.29669189453125,0.15088322758674622,20.0,-2.2810320436961833,512,0.0,0.7325287461280823,9.088685035705566,5.971830368041992,0.6717700958251953,0.3282298743724823,1.2861441104591587,5.550285107509209,0.1267944206244341,0.5984891200220732,0.4050955597237748,1.0,512
synthbuster,1,stable-diffusion-1-3,584874,0.017773131207527444,0.17253008484840393,0.0030620000325143337,0.2220380679917071,PNG,17.10067367553711,10.0,0.03558798134326935,15.929534912109375,0.16583353281021118,20.0,-2.214874239619986,512,0.0,0.8331621885299683,9.997062683105469,2.8457579612731934,0.7633999586105347,0.23660005629062653,1.2850654967938073,4.217876837504297,0.114931977206786,0.5228048403582521,0.40960118718677274,1.0,512
synthbuster,1,stable-diffusion-1-3,565542,0.266780989710926,0.1547890454530716,0.002757483860477805,0.28140818690399855,PNG,14.773149490356445,10.0,0.0426945798099041,17.039390563964844,0.13813170790672302,20.0,-2.3159840737594126,512,0.0,0.8785039782524109,14.077829360961914,3.8693156242370605,0.44257986545562744,0.5574201345443726,1.255445081396899,6.357690912513051,0.08842787580711098,0.5031228836477347,0.40447990390709937,1.0,512
synthbuster,1,stable-diffusion-1-3,583513,0.19973975276512687,0.34647810459136963,0.005595299880951643,0.2243505189116094,PNG,20.233631134033203,10.0,0.020103463903069496,14.463106155395508,0.33086657524108887,20.0,-1.8439617484867494,512,0.0,0.6607818603515625,12.826591491699219,3.5182065963745117,0.6877772808074951,0.3122227191925049,1.644537349406288,12.757647685785635,0.07227972671398002,0.3858581340811758,0.39534871907919683,1.0,512
synthbuster,1,stable-diffusion-1-3,565026,0.3855342051838912,0.17678208649158478,0.01132822036743164,0.20065502857183182,PNG,20.069398880004883,10.0,0.01997598446905613,17.27827262878418,0.14654362201690674,20.0,-2.3188013007895214,512,0.0,0.7876383066177368,14.256103515625,3.3248558044433594,0.5872500538825989,0.4127499461174011,1.6005026601104184,10.650172289993627,0.12995902333134715,0.5239374980512206,0.4050242476775444,1.0,512
synthbuster,1,stable-diffusion-1-3,526361,0.09747292418772563,0.3657532036304474,0.011211296543478966,0.20369231420262793,PNG,20.248214721679688,10.0,0.014997769147157669,12.143498420715332,0.21342861652374268,20.0,-2.0111095644956554,512,0.0,0.6971080303192139,9.865636825561523,2.9402947425842285,0.8115252256393433,0.18847478926181793,1.5186446367181377,8.286981788781603,0.0988692439068225,0.5352217300102475,0.3728720220167701,1.0,512
synthbuster,1,stable-diffusion-1-3,647541,0.03463375796178344,0.17186607420444489,0.00914259534329176,0.18153541113185548,PNG,10.443286895751953,10.0,0.09826121479272842,12.291130065917969,0.18923452496528625,20.0,-2.1292214179974067,512,0.0,0.9144051671028137,16.262348175048828,4.935301780700684,0.7476162314414978,0.2523837685585022,1.4557203410085837,6.341320247470846,0.08959764768152173,0.4503444653460823,0.40749688541180185,0.9999999999999999,512
synthbuster,1,stable-diffusion-1-3,579310,0.2366526810115863,0.23536328971385956,-0.0023494416382163763,0.2550752160568872,PNG,15.02719783782959,8.0,0.025577835738658905,17.109188079833984,0.09918976575136185,20.0,-2.2852391505446987,512,0.0,0.8553460836410522,13.530908584594727,4.024741172790527,0.6085852384567261,0.3914147615432739,1.4047472186543553,6.680301464571022,0.08981690538295063,0.5010047175272166,0.409257269836433,1.0,512
synthbuster,1,stable-diffusion-1-3,543018,0.24695121951219512,0.012389962561428547,-0.0004860440385527909,0.11627492643664396,PNG,16.864654541015625,10.0,0.030633602291345596,14.256093978881836,0.11746393889188766,20.0,-2.335980130639869,512,0.0,0.8582941293716431,14.66662883758545,5.2495832443237305,0.5401812791824341,0.4598187506198883,1.4538747361658328,7.858726710045019,0.09422377727186679,0.5462773548591364,0.4017903128300506,1.0,512
synthbuster,1,stable-diffusion-1-3,448186,0.509916127904945,0.223930224776268,0.003772956784814596,0.3172679496772069,PNG,35.15196990966797,10.0,0.0013074165908619761,20.361711502075195,0.14438235759735107,20.0,-2.380156855089005,512,0.0,0.29695019125938416,7.345168113708496,4.3054680824279785,0.41879332065582275,0.5812066793441772,1.5966365438498413,10.511538899012827,0.12746459856718634,0.5673544779792044,0.3728401170872776,1.0,512
synthbuster,1,stable-diffusion-1-3,312746,0.27886927719043514,0.1294296532869339,-0.0017505161231383681,0.3026314009967067,PNG,33.99822998046875,8.0,0.002628442831337452,21.888442993164062,0.03135405108332634,20.0,-2.734397038333403,512,0.0,0.7077279090881348,3.7839317321777344,12.817113876342773,0.43400847911834717,0.5659915208816528,1.194058629541441,1.2979749346051288,0.1876265499186367,0.8423200537911225,0.38485349597464763,1.0,512
synthbuster,1,stable-diffusion-1-3,527046,0.017946317103620473,0.22146733105182648,0.0023264263290911913,0.11749695817352003,PNG,14.351734161376953,10.0,0.04854084178805351,13.818857192993164,0.16147734224796295,20.0,-2.2274378285101277,512,0.0,0.870453417301178,8.22156810760498,4.831051349639893,0.6198630928993225,0.3801369071006775,1.018277085767196,2.4939515291492613,0.1488825248225716,0.6085062130871648,0.40960311084189704,1.0,512
synthbuster,1,stable-diffusion-1-3,507452,0.36715409876696203,0.14729522168636322,0.00203116936609149,0.2897445754414748,PNG,21.973533630371094,10.0,0.014573256485164165,17.111404418945312,0.09094079583883286,20.0,-2.4799358565296235,512,0.0,0.806456446647644,10.942583084106445,8.28225040435791,0.5420259833335876,0.45797401666641235,1.4385110959817684,5.82146666995452,0.12900366768043206,0.5831917654885643,0.404565188057326,1.0,512
synthbuster,1,stable-diffusion-1-3,439285,0.27081136303717374,0.3566161096096039,-0.011452188715338707,0.25725903164125585,PNG,26.488847732543945,10.0,0.012702063657343388,17.56836700439453,0.07223901897668839,20.0,-2.6225581956803325,512,0.0,0.8281998634338379,10.950004577636719,5.6950907707214355,0.40674257278442383,0.5932574272155762,1.395472757045355,6.353795607224299,0.19873501178560055,0.7158294328843043,0.395603657385088,1.0,512
synthbuster,1,stable-diffusion-1-3,574944,0.09197080291970802,0.14559897780418396,0.005604748614132404,0.2460194826107858,PNG,16.103984832763672,8.0,0.0325562059879303,13.323556900024414,0.152425155043602,20.0,-2.2265848183842327,512,0.0,0.8336507678031921,12.31638240814209,3.406992197036743,0.5372130870819092,0.46278688311576843,1.3536775755106882,6.316877729165399,0.13666125273870322,0.553953385488884,0.4106146253089206,1.0,512
synthbuster,1,stable-diffusion-1-3,624506,0.17131062951496387,0.12495414167642593,0.0025784613098949194,0.19690218099077683,PNG,18.066059112548828,10.0,0.037151191383600235,13.579021453857422,0.23002216219902039,20.0,-2.102096773372514,512,0.0,0.8153395056724548,18.731740951538086,3.9316537380218506,0.5644046664237976,0.4355953335762024,1.648574656262746,16.160399638897328,0.06671300422312461,0.413530187832423,0.40452611334913857,1.0,512
synthbuster,1,stable-diffusion-1-3,593734,0.028680688336520075,0.12511935830116272,-0.0007708891062065959,0.20721678918260544,PNG,19.695941925048828,10.0,0.034783270210027695,15.275341033935547,0.29624855518341064,20.0,-1.8069069126884783,512,0.0,0.7644671201705933,13.044255256652832,4.281538009643555,0.7928099036216736,0.20719008147716522,1.519182454082903,9.395206559988315,0.08203810797118896,0.41176267507989445,0.4070513713983172,0.9999999999999999,512
synthbuster,1,stable-diffusion-1-3,647768,0.06365770936603182,0.17765219509601593,0.0027156511787325144,0.1495015501749892,PNG,17.263835906982422,10.0,0.05221874266862869,12.236193656921387,0.3835879862308502,20.0,-1.6118739397771353,512,0.0,0.785559892654419,21.87917137145996,3.2006735801696777,0.8187772035598755,0.1812228262424469,1.7799386261082761,25.051211382478442,0.11086683921840756,0.41025479422851513,0.404824575655499,1.0,512
synthbuster,1,stable-diffusion-1-3,561631,0.1395542843522822,0.36727651953697205,0.004839930683374405,0.24170395213845555,PNG,16.72682762145996,10.0,0.043826088309288025,12.16104507446289,0.16141349077224731,20.0,-2.275444719891687,512,0.0,0.8660137057304382,12.494927406311035,7.260229110717773,0.6464652419090271,0.3535347580909729,1.459647761046123,5.731348023958573,0.11777861761778599,0.5629828139204838,0.40652347107060105,1.0,512
synthbuster,1,stable-diffusion-1-3,500967,0.29859304395453923,0.26807141304016113,-0.0008262243354693055,0.2592919232183696,PNG,17.244770050048828,10.0,0.027325255796313286,14.418387413024902,0.19300271570682526,20.0,-2.226489481746687,512,0.0,0.7962345480918884,14.62452507019043,4.886985778808594,0.24504053592681885,0.7549594640731812,1.4993367627192047,10.388715755924666,0.1341700922786133,0.6077989139041746,0.4017334889384043,1.0,512
synthbuster,1,stable-diffusion-1-3,498948,0.1785132166395011,0.10537125915288925,-0.001663819421082735,0.21211323287183234,PNG,23.398792266845703,10.0,0.01694888062775135,17.813264846801758,0.12597423791885376,20.0,-2.3040379734986605,512,0.0,0.7877771854400635,12.160006523132324,9.774177551269531,0.6618337631225586,0.338166207075119,1.3977444002121207,7.977568974049685,0.09689039744372958,0.5628170771239588,0.3985736795305069,1.0,512
synthbuster,1,stable-diffusion-1-3,531898,0.08297190269658684,0.14838987588882446,0.007268797606229782,0.21463170920297991,PNG,28.366043090820312,10.0,0.020263534039258957,21.81899642944336,0.16724397242069244,20.0,-2.338270234755902,512,0.0,0.7701213955879211,14.218581199645996,10.798102378845215,0.7072372436523438,0.29276278614997864,1.5785955142243944,11.364662826732927,0.083404193024321,0.5001357964163949,0.39822134396218184,1.0,512
synthbuster,1,stable-diffusion-1-3,621669,0.051842972729997,0.3558962345123291,0.0010721769649535418,0.2676978269308934,PNG,15.22044563293457,8.0,0.05309910699725151,12.127684593200684,0.28656303882598877,20.0,-1.8766131626683729,512,0.0,0.8280145525932312,17.662511825561523,4.122532844543457,0.6855701804161072,0.3144298195838928,1.7051958268303353,13.562346649771513,0.08283312798141651,0.40483207436618485,0.40645741261612367,1.0,512
synthbuster,1,stable-diffusion-1-3,523377,0.19437839673913043,0.20206961035728455,0.0063523477874696255,0.2661445959230449,PNG,24.016674041748047,8.0,0.014162437990307808,20.64737319946289,0.09082937240600586,20.0,-2.476525639893683,512,0.0,0.8175889253616333,10.092656135559082,6.595342636108398,0.6137903928756714,0.386209636926651,1.2931286052524293,5.287461523082,0.10564897423749774,0.5886954922983441,0.40722096349327735,1.0,512
synthbuster,1,stable-diffusion-1-3,485593,0.16320272572402045,0.23251578211784363,0.00042058719554916024,0.27726550872969136,PNG,25.834999084472656,10.0,0.01219990849494934,21.507890701293945,0.13387687504291534,20.0,-2.321439763001664,512,0.0,0.7456034421920776,9.579270362854004,7.894816875457764,0.6523011922836304,0.34769880771636963,1.447399387252157,6.945453223422511,0.09737391516328471,0.570618279389586,0.3868023693101139,1.0,512
synthbuster,1,stable-diffusion-1-4,608105,0.16389913899138991,0.15915758907794952,0.008001922629773617,0.26126271932019,PNG,15.355661392211914,10.0,0.04957108944654465,14.219780921936035,0.21782101690769196,20.0,-2.064422244466841,512,0.0,0.85085129737854,15.2694091796875,4.050983428955078,0.5890486240386963,0.4109513759613037,1.4656839113559688,8.96300344517851,0.11904612032432423,0.4673206238665463,0.40980825139948746,1.0,512
synthbuster,1,stable-diffusion-1-4,602061,0.041244320167773504,0.17371439933776855,0.000702156568877399,0.1740969137242626,PNG,17.37372589111328,10.0,0.036253672093153,12.853439331054688,0.2546839118003845,20.0,-1.9460585961030983,512,0.0,0.7929109930992126,14.66076946258545,3.569905996322632,0.6208797097206116,0.3791202902793884,1.5600465003760238,10.808029302924336,0.10098798418000536,0.4369926033394826,0.4089834701398245,1.0,512
synthbuster,1,stable-diffusion-1-4,476778,0.3964415609947901,0.35072004795074463,0.00457772146910429,0.3404193454947171,PNG,35.09843826293945,10.0,0.0019600295927375555,23.17451286315918,0.1439504474401474,20.0,-2.243975048807554,512,0.0,0.3944542109966278,7.628294467926025,3.812967300415039,0.6349961757659912,0.3650038540363312,1.4877492920117104,9.640023413693253,0.08527770761004548,0.5017127655198461,0.37242868817013147,1.0,512
synthbuster,1,stable-diffusion-1-4,284116,0.23942414174972315,0.06989928334951401,0.014412026852369308,0.16995398558358793,PNG,37.62984848022461,10.0,0.0023201112635433674,28.055505752563477,0.03920568898320198,20.0,-2.8957936578245413,512,0.0,0.6630076766014099,3.681946039199829,14.162503242492676,0.45713895559310913,0.5428610444068909,1.2227297718425776,1.4687514646207303,0.18294599732966998,0.8529984327279092,0.3786618844193775,0.9999999999999999,512
synthbuster,1,stable-diffusion-1-4,543870,0.17613678787426268,0.13394300639629364,0.0016263568541035056,0.20730138920408603,PNG,17.16607093811035,10.0,0.023650242015719414,14.22850513458252,0.08290970325469971,20.0,-2.412150087105556,512,0.0,0.8707458972930908,13.759511947631836,4.167576313018799,0.41457557678222656,0.5854244232177734,1.4125969198340853,6.56015332253385,0.13517377311623308,0.5751768012648476,0.40533405880720097,1.0,512
synthbuster,1,stable-diffusion-1-4,535075,0.33325485579752795,0.01106902677565813,-0.0006875277031213045,0.03180312902703044,PNG,17.606225967407227,10.0,0.03355119004845619,14.047698974609375,0.12661845982074738,20.0,-2.1838308041971417,512,0.0,0.8658722043037415,14.230060577392578,6.191030502319336,0.5954926013946533,0.40450742840766907,1.4880324388667696,7.357697396788443,0.11498883551952539,0.5657342465396189,0.4025439681802957,1.0,512
synthbuster,1,stable-diffusion-1-4,603548,0.2882550769628767,0.23416858911514282,-0.0007167824078351259,0.15669400224750749,PNG,17.47892189025879,10.0,0.07624874264001846,22.683353424072266,0.1141144186258316,20.0,-2.3978606499472765,512,0.0,0.9349464774131775,15.716231346130371,10.643118858337402,0.7358766198158264,0.2641233801841736,1.278525411116226,5.376050590201327,0.0976927023771765,0.5245030332149706,0.4001730413401909,1.0,512
synthbuster,1,stable-diffusion-1-4,571727,0.11814177012414898,0.1443379521369934,0.0072374301962554455,0.23612294593165292,PNG,17.319843292236328,8.0,0.02851753868162632,13.422100067138672,0.15096928179264069,20.0,-2.228085408649349,512,0.0,0.8203166127204895,12.030288696289062,3.2914159297943115,0.5418899059295654,0.45811012387275696,1.3968647116628383,6.4243559254897615,0.14072014316108716,0.5583037466040062,0.4105219916338352,1.0,512
synthbuster,1,stable-diffusion-1-4,642546,0.019692307692307693,0.16826337575912476,0.006387587636709213,0.2548598812972041,PNG,12.628422737121582,10.0,0.12209219485521317,12.218226432800293,0.42927733063697815,20.0,-1.596549781650936,512,0.0,0.8639189600944519,18.4359073638916,3.6976478099823,0.6226209998130798,0.37737900018692017,1.6253088067288939,11.237550603977624,0.09151057469870691,0.39903621850862564,0.40964814846520764,1.0,512
synthbuster,1,stable-diffusion-1-4,488288,0.18592921123575964,0.04262078180909157,0.016173068434000015,0.11001979426999343,PNG,23.69400978088379,10.0,0.010226340964436531,15.754220962524414,0.13482047617435455,20.0,-2.360910949712322,512,0.0,0.6952301263809204,7.912097930908203,4.2100749015808105,0.6162399053573608,0.38376012444496155,1.3591581427801458,4.875890564852924,0.129674372948503,0.6129785392735237,0.40427325151432764,1.0,512
synthbuster,1,stable-diffusion-1-4,444065,0.13302484169508036,0.37273451685905457,0.012489545159041882,0.21854194173977531,PNG,23.876392364501953,10.0,0.0031625812407583,17.195585250854492,0.05194411799311638,20.0,-2.714831860586969,512,0.0,0.6611947417259216,5.050586700439453,3.957474708557129,0.4894307851791382,0.5105692148208618,1.3052868193046046,4.026063773563179,0.12448398139537967,0.6544456724060773,0.3478036704762231,0.9999999999999999,512
synthbuster,1,stable-diffusion-1-4,563833,0.38678941041953735,0.1470773071050644,-0.0012757545337080956,0.3095948962796244,PNG,17.972274780273438,10.0,0.034855037927627563,14.056376457214355,0.14506013691425323,20.0,-2.1011139698592323,512,0.0,0.8561824560165405,14.927556037902832,4.2421345710754395,0.5349148511886597,0.46508511900901794,1.5600679750071282,8.276960773870801,0.11796213977221973,0.5387996854432409,0.40558275963523704,1.0,512
synthbuster,1,stable-diffusion-1-4,584951,0.1628616936554287,0.30317240953445435,0.0045104981400072575,0.28301229033173986,PNG,22.228822708129883,10.0,0.04398700222373009,16.441774368286133,0.11758890002965927,20.0,-2.437243136332875,512,0.0,0.9030828475952148,11.705964088439941,6.894278526306152,0.7730822563171387,0.22691774368286133,1.2209025561449631,4.115204123924604,0.11485173399650224,0.5576823106083624,0.4063021319673383,1.0,512
synthbuster,1,stable-diffusion-1-4,531420,0.14901016586409846,0.2573717534542084,-0.003731522709131241,0.30936438545656747,PNG,19.222461700439453,10.0,0.018890896812081337,17.184478759765625,0.10920445621013641,20.0,-2.421165270953544,512,0.0,0.8124755620956421,11.1104097366333,4.099002361297607,0.4310012459754944,0.5689987540245056,1.4202325417115744,6.12325656430583,0.09348630626858723,0.5586972024509671,0.39920639685390114,0.9999999999999999,512
synthbuster,1,stable-diffusion-1-4,583096,0.10811360056901895,0.14202429354190826,0.0020841555669903755,0.16393462551379162,PNG,15.022104263305664,10.0,0.07251518964767456,17.476505279541016,0.15839096903800964,20.0,-2.12042994238249,512,0.0,0.9083414673805237,15.134134292602539,4.400589942932129,0.509872317314148,0.49012768268585205,1.4734768758368908,5.891858388182946,0.10097103031446876,0.5282597928623562,0.40785858541098186,1.0,512
synthbuster,1,stable-diffusion-1-4,511271,0.3024012006003001,0.25706279277801514,0.00045373517787083983,0.2697570732681123,PNG,14.931621551513672,10.0,0.014257277362048626,16.467756271362305,0.08662944287061691,20.0,-2.6035064442802227,512,0.0,0.8130388855934143,9.82636547088623,3.5854732990264893,0.37539148330688477,0.6246085166931152,1.1772565199344258,4.629258495723382,0.0973270201193839,0.5882012943636732,0.4036508905429449,1.0,512
synthbuster,1,stable-diffusion-1-4,602126,0.29705193597023066,0.17430028319358826,0.005611051339656115,0.2569834012103866,PNG,16.81154441833496,10.0,0.04369978606700897,13.648319244384766,0.13116896152496338,20.0,-2.1423655717613608,512,0.0,0.8856995105743408,16.985647201538086,4.660475254058838,0.5800155401229858,0.4199844300746918,1.4703117915806634,9.081916366037726,0.09827259608519878,0.4876988239422991,0.4085180468717527,1.0,512
synthbuster,1,stable-diffusion-1-4,578602,0.06635596981802042,0.10265982896089554,0.006173900328576565,0.19377195222876842,PNG,18.246475219726562,10.0,0.029522061347961426,12.282198905944824,0.23445339500904083,20.0,-2.0421533586114755,512,0.0,0.7750335335731506,12.686535835266113,3.422034978866577,0.5830090045928955,0.4169909656047821,1.4843512334561784,8.576171719661447,0.1031731959139742,0.49413164512371505,0.4080333563214033,1.0,512
synthbuster,1,stable-diffusion-1-4,605797,0.010299625468164793,0.2000107318162918,-0.0001529036817373708,0.24584384062582115,PNG,16.819442749023438,10.0,0.042036399245262146,14.508989334106445,0.2603868246078491,20.0,-1.9782386126254115,512,0.0,0.7991903424263,10.779694557189941,2.8152408599853516,0.8750555515289307,0.12494446337223053,1.3128801680227682,5.703192008617437,0.09935027398093542,0.44307314533855674,0.40922018315861647,1.0,512
synthbuster,1,stable-diffusion-1-4,563393,0.261505310143143,0.14693352580070496,-0.0005503242718987167,0.2827713139247731,PNG,15.244447708129883,10.0,0.040744051337242126,18.345121383666992,0.13527745008468628,20.0,-2.2964806217054927,512,0.0,0.8761284947395325,13.784077644348145,3.905606269836426,0.44410187005996704,0.555898129940033,1.250824248124674,6.2028344991359345,0.08853363585239528,0.5061452433399076,0.40367887208083947,1.0,512
synthbuster,1,stable-diffusion-1-4,637585,0.07001414427157002,0.32012587785720825,0.0028619198128581047,0.22952177279493938,PNG,17.670814514160156,10.0,0.06416025757789612,14.422138214111328,0.28087517619132996,20.0,-1.9427665250890045,512,0.0,0.8455373644828796,18.263301849365234,6.098176956176758,0.8046424388885498,0.195357546210289,1.5539337417186199,12.731561681055105,0.0739889302535038,0.3870562532624172,0.40859771646950005,1.0,512
synthbuster,1,stable-diffusion-1-4,602903,0.3695746214852199,0.1558913141489029,-0.010602355003356934,0.22598882795546224,PNG,16.175081253051758,10.0,0.03704572096467018,13.360034942626953,0.22438398003578186,20.0,-2.1673955772509075,512,0.0,0.8057564496994019,16.038564682006836,3.474245309829712,0.5773884057998657,0.42261162400245667,1.5510881053426129,11.664200485025601,0.08948768594675756,0.44930059997807653,0.40676586272324505,1.0,512
synthbuster,1,stable-diffusion-1-4,534170,0.2536312849162011,0.13441963493824005,-0.008099252358078957,0.20684640168689572,PNG,19.578872680664062,10.0,0.0203082375228405,15.54824447631836,0.16602082550525665,20.0,-2.2146080118654683,512,0.0,0.7809723615646362,12.969034194946289,5.675497055053711,0.5763558745384216,0.42364412546157837,1.4583146498098996,9.60259620268051,0.10642399326554558,0.5294386503125307,0.40363721553611615,1.0,512
synthbuster,1,stable-diffusion-1-4,563897,0.20601766654398232,0.39581871032714844,0.001289599109441042,0.2504697530404463,PNG,17.15903091430664,10.0,0.038886908441782,12.69304370880127,0.17336563766002655,20.0,-2.156535021039275,512,0.0,0.8482044339179993,12.71948528289795,7.5552778244018555,0.6093465089797974,0.39065346121788025,1.500470355648687,6.740779213910899,0.12578792854635368,0.5487524630437749,0.4060329714361003,1.0,512
synthbuster,1,stable-diffusion-1-4,540887,0.38982150446238845,0.20484021306037903,0.0006305776769295335,0.29328254727532954,PNG,20.695220947265625,10.0,0.03866470605134964,19.456890106201172,0.2568392753601074,20.0,-2.121733163695197,512,0.0,0.7967461943626404,20.001811981201172,7.219128608703613,0.4194987416267395,0.5805012583732605,1.618007671705505,18.5803958855626,0.14321266063808866,0.5061544271308415,0.4029978800440573,1.0,512
synthbuster,1,stable-diffusion-1-4,509239,0.14739130434782607,0.1177610233426094,0.0035481080412864685,0.2078339160790541,PNG,24.710786819458008,8.0,0.019384780898690224,17.386930465698242,0.173382967710495,20.0,-2.0880279469103105,512,0.0,0.76847904920578,13.547091484069824,8.464433670043945,0.6912370920181274,0.30876287817955017,1.5291971602344305,10.591150054103968,0.10107876060579295,0.5645351351756834,0.40004523550019877,1.0,512
synthbuster,1,stable-diffusion-1-4,601330,0.06928356928356928,0.16886937618255615,0.009676439687609673,0.23169949534968726,PNG,17.979442596435547,10.0,0.035683657974004745,17.00908851623535,0.22361576557159424,20.0,-2.107235040926284,512,0.0,0.8047701716423035,16.531373977661133,5.516238689422607,0.7140864133834839,0.2859135568141937,1.6723950465428343,12.72205990969842,0.07463679172997664,0.4398341654468708,0.40465773148163847,1.0,512
synthbuster,1,stable-diffusion-1-4,602833,0.04072096128170895,0.3718934953212738,0.0030494732782244682,0.28657762601063236,PNG,15.9254150390625,10.0,0.04842962697148323,13.08706283569336,0.23393654823303223,20.0,-1.9470584255059438,512,0.0,0.8326671719551086,15.431886672973633,4.381723880767822,0.6679074764251709,0.3320925235748291,1.6626415430059784,10.122496439462632,0.08151489186244786,0.4392434894635681,0.4062974365776398,1.0,512
synthbuster,1,stable-diffusion-2,2186089,0.06376518218623482,0.12313143163919449,0.002972915768623352,0.1520962020368662,PNG,18.975507736206055,10.0,0.04384298250079155,14.923662185668945,0.2600083649158478,20.0,-2.2053289527181708,640,0.0,0.8061532378196716,14.851567268371582,5.895053863525391,0.8757299184799194,0.12427005171775818,1.4295163702751077,10.228994236869186,0.07178035787478727,0.4038496671557405,0.40446271877620454,1.0,1536
synthbuster,1,stable-diffusion-2,1811240,0.015548517132162395,0.01354495994746685,0.027538608759641647,0.03582252753553344,PNG,21.191158294677734,10.0,0.021966688334941864,23.068870544433594,0.16905929148197174,20.0,-2.2958675536591056,768,0.0,0.7808994650840759,8.960659980773926,8.579364776611328,0.7790900468826294,0.2209099680185318,1.3411136419164689,4.742755379385707,0.12977907656378407,0.6090789199025047,0.401028628158592,1.0,1280
synthbuster,1,stable-diffusion-2,1545833,0.19668508287292819,0.002440238371491432,0.0003192619187757373,0.00620200514955879,PNG,21.28024673461914,10.0,0.03056354448199272,15.556098937988281,0.28573983907699585,20.0,-2.03018233355368,1344,0.0,0.7552851438522339,10.519790649414062,6.061082363128662,0.8878524303436279,0.11214757710695267,1.3038501342091826,6.803900184715093,0.08941302601730067,0.43478645594547916,0.4021890000069396,1.0,704
synthbuster,1,stable-diffusion-2,1829983,0.22453767595914986,0.1434522271156311,0.013395438902080059,0.2158733789777998,PNG,22.862709045410156,10.0,0.01851304993033409,19.857070922851562,0.14300955832004547,20.0,-2.4646263066880647,704,0.0,0.7842995524406433,9.356231689453125,8.287773132324219,0.6030076742172241,0.3969922959804535,1.317853416387666,5.13782155956523,0.1206979360364613,0.6118398845706168,0.40580792632571333,1.0,1408
synthbuster,1,stable-diffusion-1-4,527074,0.20054775156815974,0.21273279190063477,0.003394386498257518,0.26947790941065214,PNG,23.928730010986328,8.0,0.01492137461900711,21.51671600341797,0.09838132560253143,20.0,-2.438406011145785,512,0.0,0.8105624318122864,10.5753173828125,7.113180160522461,0.6207126379013062,0.37928739190101624,1.3337965112102752,5.8731819130311465,0.10198411896124557,0.5800919531025875,0.40719466945841243,1.0,512
synthbuster,1,stable-diffusion-1-4,492985,0.14946341463414634,0.22204017639160156,0.0035730130039155483,0.25888535898067316,PNG,28.027198791503906,5.0,0.007952723652124405,24.116668701171875,0.17328181862831116,20.0,-2.2218329930323377,512,0.0,0.6199970841407776,9.805708885192871,6.8306169509887695,0.686352550983429,0.31364744901657104,1.4604930093141877,8.67298052235512,0.10156962204772695,0.5705387487285261,0.3905522048540895,1.0,512
synthbuster,1,stable-diffusion-2,1983885,0.06549945286853212,0.3627733588218689,-0.0022645676508545876,0.20745726670609813,PNG,20.54523277282715,10.0,0.032207708805799484,17.40084457397461,0.08316501975059509,20.0,-2.4555206930129883,960,0.0,0.9084106087684631,6.154408931732178,9.566021919250488,0.6754870414733887,0.3245129883289337,1.358296382158801,1.3457803599553273,0.22904178813525963,0.7260804510887666,0.40096191114407953,0.9999999999999999,1024
synthbuster,1,stable-diffusion-2,2127242,0.14686040477426052,0.14449262619018555,0.003339399816468358,0.1591718486478739,PNG,19.403648376464844,10.0,0.016819220036268234,16.82583236694336,0.12160687893629074,20.0,-2.4827525156041057,704,0.0,0.7885887622833252,7.852221488952637,3.5167622566223145,0.842214822769165,0.15778520703315735,1.254315388191383,3.5937010169181605,0.10227744813830368,0.5398195292170894,0.4034670496712739,1.0,1472
synthbuster,1,stable-diffusion-2,1904211,0.2047016274864376,0.3903282880783081,0.0010105971014127135,0.34588594499333586,PNG,18.95827865600586,10.0,0.013963839039206505,18.202241897583008,0.09970621019601822,20.0,-2.481870469376659,1344,0.0,0.7964184880256653,11.251912117004395,5.448955535888672,0.7911175489425659,0.20888248085975647,1.2231693309918992,7.862204184131969,0.11254914070766825,0.5758625101291088,0.4021755960637191,1.0,704
synthbuster,1,stable-diffusion-2,1894081,0.1509842093878434,0.04945537447929382,0.027111483737826347,0.042337009767503625,PNG,19.28665542602539,10.0,0.029717538505792618,13.570594787597656,0.2054956555366516,20.0,-2.2816001561039028,1408,0.0,0.7975742220878601,11.877605438232422,7.482702255249023,0.7832512855529785,0.21674871444702148,1.5194428605438115,7.390164679464608,0.09004116808996672,0.4838325594448063,0.40340237098878656,1.0,704
synthbuster,1,stable-diffusion-2,2324496,0.037237643872714964,0.1484232395887375,0.008813291788101196,0.13286143048714616,PNG,17.486553192138672,10.0,0.0368613563477993,12.63458251953125,0.2666139006614685,20.0,-1.9978894934312705,1152,0.0,0.7895839810371399,12.60407829284668,4.556026458740234,0.9111315608024597,0.08886841684579849,1.6045199143296978,8.75139686460208,0.07998020552672577,0.4336176023308759,0.40336388133873646,1.0,896
synthbuster,1,stable-diffusion-2,2167862,0.18454190186712982,0.05271606147289276,-0.012099102139472961,0.07483673624785528,PNG,16.506643295288086,10.0,0.034861672669649124,11.900815963745117,0.1730177104473114,20.0,-2.2360515661721174,1088,0.0,0.8362484574317932,8.884425163269043,3.5791609287261963,0.9161993265151978,0.08380065113306046,1.211848435431719,3.5933821175907137,0.12831438744454357,0.5143143174170759,0.40675092429749193,1.0,896
synthbuster,1,stable-diffusion-2,2101589,0.009099181073703366,0.048553794622421265,0.012795964255928993,0.06328491704005494,PNG,33.03981018066406,5.0,0.051394663751125336,11.80323600769043,0.31632164120674133,20.0,-1.9381183565693068,1408,0.0,0.6689402461051941,12.906022071838379,15.092883110046387,0.5075352191925049,0.4924647808074951,1.4769238725969576,8.784951342705245,0.10555143585326339,0.48146903476843306,0.3954834114580614,1.0,704
synthbuster,1,stable-diffusion-2,1688910,0.03790954314140317,0.0034880507737398148,0.002441392745822668,0.005726710288033905,PNG,21.28632354736328,10.0,0.013668321073055267,15.981603622436523,0.11613798886537552,20.0,-2.329258074539176,1088,0.0,0.7678982019424438,8.343563079833984,6.352322578430176,0.6225278377532959,0.3774721622467041,1.351335090993941,4.368052291353033,0.2173929700066155,0.7075752381459236,0.4058223730345377,1.0,896
synthbuster,1,stable-diffusion-2,1994429,0.023696682464454975,0.02375815063714981,0.023023473098874092,0.04756483895801896,PNG,17.221181869506836,10.0,0.04417252913117409,13.590473175048828,0.3700392544269562,20.0,-1.7193955971387724,832,0.0,0.7660873532295227,16.570140838623047,4.085721492767334,0.9148554801940918,0.08514454960823059,1.6871731986168677,14.804090862865811,0.0640995754049315,0.3297899622858972,0.4074669615573649,1.0,1152
synthbuster,1,stable-diffusion-2,1885707,0.06260554885404102,0.14779269695281982,0.002485851990059018,0.30367372529985404,PNG,19.90399932861328,10.0,0.01757008582353592,18.028499603271484,0.12212315946817398,20.0,-2.2890679847792725,832,0.0,0.7913380265235901,8.959351539611816,5.8787689208984375,0.6038333177566528,0.3961666524410248,1.4378884907344858,4.4190103688290545,0.14633571072728288,0.6100843757766925,0.40652251143695795,1.0,1152
synthbuster,1,stable-diffusion-2,2048591,0.02631578947368421,0.08655445277690887,-0.0018935250118374825,0.11898446535424191,PNG,15.387611389160156,10.0,0.05050056055188179,15.00919246673584,0.2698826491832733,20.0,-2.0497105467828702,768,0.0,0.8184845447540283,11.67996883392334,5.598763942718506,0.8309153318405151,0.16908469796180725,1.1971861653902827,5.9295570159214765,0.10174013818506863,0.46503622485187934,0.4090047282951868,0.9999999999999999,1280
synthbuster,1,stable-diffusion-2,2149386,0.06484641638225255,0.05114983767271042,0.004892332945019007,0.05346729908973038,PNG,17.838943481445312,10.0,0.05826229229569435,12.436972618103027,0.16560739278793335,20.0,-2.3096455381152765,1024,0.0,0.8846786618232727,8.146722793579102,9.601439476013184,0.8644636869430542,0.135536327958107,1.3764501485653942,2.177945373587999,0.14896928973002738,0.6222133214983869,0.40577673341513953,1.0,1024
synthbuster,1,stable-diffusion-2,2142052,0.0103359173126615,0.14184033870697021,0.0010351145174354315,0.1632136577142735,PNG,17.59109878540039,10.0,0.032268229871988297,13.347786903381348,0.2816495895385742,20.0,-1.9892746713585725,1216,0.0,0.765067994594574,9.995226860046387,2.9631271362304688,0.9501239657402039,0.04987604543566704,1.5486639108956837,5.952946571525203,0.09238564966914539,0.449976010727796,0.4031905547117395,1.0,832
synthbuster,1,stable-diffusion-2,1897259,0.8482818151923709,0.011578161269426346,0.01795707643032074,0.03491442909682466,PNG,19.516565322875977,10.0,0.049849554896354675,19.663158416748047,0.36440619826316833,20.0,-1.63545445386186,960,0.0,0.7860222458839417,20.064043045043945,9.925954818725586,0.7635331749916077,0.23646681010723114,1.6572194310356618,20.303527238258447,0.11321990107877387,0.3861464903747002,0.4059781962982737,1.0,1024
synthbuster,1,stable-diffusion-2,2094232,0.21514604034929238,0.03829716891050339,0.0074758874252438545,0.07942017259211882,PNG,17.215274810791016,10.0,0.03865363821387291,15.754890441894531,0.22154831886291504,20.0,-2.1113071911433243,1024,0.0,0.815081000328064,11.801900863647461,3.6893205642700195,0.673713743686676,0.326286256313324,1.4929169301704548,6.5553170250567,0.10086301602436568,0.47089177973964036,0.4000696399663464,1.0,1024
synthbuster,1,stable-diffusion-2,2342064,0.1394404332129964,0.13767507672309875,0.01795921102166176,0.11241860744895606,PNG,15.993186950683594,10.0,0.019471831619739532,15.072628021240234,0.10769525170326233,20.0,-2.3978102722434325,768,0.0,0.8223243355751038,7.089241981506348,3.4070005416870117,0.8013771772384644,0.19862283766269684,1.2865921473756987,2.5770340989763514,0.12935417962043955,0.6081517204957219,0.40754994962336855,0.9999999999999999,1344
synthbuster,1,stable-diffusion-2,1864763,0.10667271901951884,0.10412955284118652,-0.006237110588699579,0.14770254595133311,PNG,20.00210189819336,10.0,0.01987498626112938,14.532383918762207,0.12923626601696014,20.0,-2.3097304334077284,1024,0.0,0.8029415011405945,11.42239761352539,5.159704685211182,0.7902645468711853,0.2097354531288147,1.4485699566108796,6.917235726746657,0.09257402234726984,0.5220202806866269,0.40424848609560154,1.0,960
synthbuster,1,stable-diffusion-2,2274037,0.005905511811023622,0.16736944019794464,-0.0007303152233362198,0.1314222610045132,PNG,16.77851676940918,10.0,0.04333779960870743,13.095464706420898,0.39959657192230225,20.0,-1.4299416408269094,896,0.0,0.7543580532073975,12.499079704284668,2.9229683876037598,0.9520946145057678,0.047905370593070984,1.6432019963552364,9.45971913734418,0.08114297666587217,0.3854567351054725,0.40237158023999,1.0,1152
synthbuster,1,stable-diffusion-2,1861910,0.21495109455053563,0.12295559048652649,-0.000388011074392125,0.15134911734929007,PNG,16.473596572875977,10.0,0.029017502442002296,14.133862495422363,0.15933755040168762,20.0,-2.412107325396785,704,0.0,0.818919837474823,8.270523071289062,3.593445062637329,0.7036092281341553,0.29639074206352234,1.315948371477612,3.403169808365771,0.13127660220494963,0.5919180610480361,0.39393199644970506,1.0,1344
synthbuster,1,stable-diffusion-2,1935647,0.29522357723577236,0.20392781496047974,-0.004033050499856472,0.2623747074258287,PNG,21.364524841308594,10.0,0.008129986003041267,19.841001510620117,0.04916894808411598,20.0,-2.7493883470532836,1088,0.0,0.8214846253395081,7.095284938812256,5.744439125061035,0.6298999190330505,0.37010008096694946,1.3736611729139678,2.7903476875071953,0.15128618374581737,0.710520278482399,0.40412081399756794,1.0,896
synthbuster,1,stable-diffusion-2,1975606,0.41100702576112413,0.10376054048538208,0.005791316274553537,0.11102713078418883,PNG,13.936639785766602,8.0,0.08710754662752151,13.25015640258789,0.4318467676639557,20.0,-1.4841912155942263,576,0.0,0.8230680227279663,11.266035079956055,3.8601949214935303,0.8498117327690125,0.15018826723098755,1.3721378766378247,5.175651838604389,0.14053990624860457,0.4815916152936944,0.4106400450273317,1.0,1728
synthbuster,1,stable-diffusion-2,2311474,0.013233348037053375,0.09716646373271942,0.0,0.06949342935782638,PNG,17.620155334472656,10.0,0.03375658392906189,13.105755805969238,0.16477403044700623,20.0,-2.3026722970751736,1152,0.0,0.8378363847732544,8.009765625,5.332197666168213,0.8264453411102295,0.1735546886920929,1.3604935715681228,2.97108333728916,0.11951675277635763,0.5702105535916675,0.4051893420857431,1.0,896
synthbuster,1,stable-diffusion-2,1640870,0.18021085449399024,0.08959625661373138,0.013105032034218311,0.0924731467708507,PNG,19.45857048034668,10.0,0.021278781816363335,17.426546096801758,0.1470901072025299,20.0,-2.408895942494383,1344,0.0,0.7926548719406128,8.04908561706543,3.8000121116638184,0.5055559873580933,0.49444398283958435,1.377466625665248,3.625550662108437,0.19134360333490705,0.7136099419115229,0.4024692907845452,1.0,704
synthbuster,1,stable-diffusion-2,2181693,0.024351924587588374,0.025656169280409813,0.020051149651408195,0.04602120644036884,PNG,16.170469284057617,10.0,0.04419371858239174,12.403639793395996,0.29146409034729004,20.0,-1.9452556976000892,1024,0.0,0.7950286865234375,9.963303565979004,2.4345521926879883,0.9142991304397583,0.08570089936256409,1.5373927761709567,5.121622091955605,0.10292064818374048,0.46360292139347886,0.4038594268960804,1.0,1024
synthbuster,1,stable-diffusion-2,1816850,0.0035587188612099642,0.0035767483059316874,0.002981756580993533,0.005806889782385797,PNG,18.84910011291504,8.0,0.05452653393149376,13.83383560180664,0.29708588123321533,20.0,-1.8358181560494538,768,0.0,0.8149215579032898,9.46662425994873,6.526514053344727,0.8635370135307312,0.13646300137043,1.3430396956227206,3.9886351049093713,0.12580665445248324,0.4991563389109286,0.4093314556003828,1.0,1280
synthbuster,1,stable-diffusion-2,2139098,0.027364378300528083,0.07878859341144562,0.008148391731083393,0.09366314722165621,PNG,22.047555923461914,10.0,0.027820833027362823,19.660327911376953,0.20011381804943085,20.0,-2.236656422434237,1280,0.0,0.7943648099899292,11.859938621520996,10.24649429321289,0.8159735202789307,0.18402644991874695,1.4366725312453952,7.642074657803841,0.08679790218062866,0.49851745841390716,0.399891642973377,1.0,768
synthbuster,1,stable-diffusion-xl,1802475,0.36604474598174624,0.14640679955482483,0.00716047827154398,0.16057515525150315,PNG,20.93780517578125,10.0,0.023617122322320938,18.066822052001953,0.22449485957622528,20.0,-2.0868087411628204,1344,0.0,0.7493453621864319,8.925284385681152,9.623687744140625,0.584092915058136,0.415907084941864,1.4378521603720478,5.134038279462607,0.12942491897008965,0.6117410281728349,0.3933433209301579,1.0,768
synthbuster,1,stable-diffusion-xl,1583132,0.0532015065913371,0.09912709146738052,0.004982801154255867,0.08864908751544512,PNG,21.421340942382812,10.0,0.028933223336935043,20.014144897460938,0.17480085790157318,20.0,-2.2371553670074897,640,0.0,0.8194113373756409,5.092226028442383,8.003625869750977,0.6418005228042603,0.35819947719573975,1.0911604281857334,1.411834426389781,0.2065708847157957,0.719997142310296,0.40179032065060694,1.0,1600
synthbuster,1,stable-diffusion-xl,1694733,0.5795161692576274,0.14327433705329895,0.005261683836579323,0.21428871837618935,PNG,29.118671417236328,10.0,0.0032629931811243296,28.155405044555664,0.03126987814903259,20.0,-2.809816936161802,768,0.0,0.7324652075767517,3.9552648067474365,7.92362117767334,0.38804399967193604,0.611956000328064,1.3715831088894501,1.446349607690963,0.15984255612909887,0.7861301410464969,0.37348691881763113,1.0,1344
synthbuster,1,stable-diffusion-xl,2009198,0.49083933604760416,0.1581294983625412,-0.004101650323718786,0.25338064701169427,PNG,24.171588897705078,10.0,0.007781764958053827,19.060739517211914,0.09369035065174103,20.0,-2.701309127544715,704,0.0,0.7206507325172424,9.785033226013184,6.9023823738098145,0.6975867748260498,0.3024132549762726,1.3181859861849041,8.054233898812347,0.12397170869438075,0.6321109480862461,0.38609853219175794,1.0,1472
synthbuster,1,stable-diffusion-xl,1383535,0.12638436482084692,0.10896644741296768,-0.0037113968282938004,0.10628570442252222,PNG,23.448408126831055,10.0,0.0041875774040818214,23.552143096923828,0.05804884061217308,20.0,-2.632750174448212,576,0.0,0.6771733164787292,3.6702187061309814,4.980959415435791,0.6514637470245361,0.34853628277778625,1.279765520218883,1.3885854446456163,0.1621392246110464,0.7118309403400653,0.378216174984147,1.0,1664
synthbuster,1,stable-diffusion-xl,1624995,0.3145541005879735,0.19863669574260712,0.01797640323638916,0.21136640680699673,PNG,23.10810089111328,10.0,0.005581818521022797,20.98314666748047,0.04684474691748619,20.0,-2.699771206891502,1024,0.0,0.7614736557006836,5.606986045837402,7.137739181518555,0.5677545666694641,0.4322454333305359,1.1374017754338357,2.2897848547756205,0.13459819879670387,0.736684152438599,0.3886172893668165,1.0,960
synthbuster,1,stable-diffusion-xl,1778794,0.29364278506559033,0.2155366837978363,-0.0017833084566518664,0.19022499537961277,PNG,20.06970977783203,10.0,0.015434176661074162,19.313631057739258,0.1385960578918457,20.0,-2.562479503301096,704,0.0,0.7486875653266907,7.629844665527344,3.0704305171966553,0.5213112831115723,0.47868871688842773,1.177601657291472,3.9692455801930295,0.13139973171066682,0.6462507004387802,0.3890255402786681,1.0,1344
synthbuster,1,stable-diffusion-xl,1841054,0.18737270875763748,0.14408227801322937,-0.00013508433767128736,0.16406458879525437,PNG,22.705686569213867,10.0,0.010218472220003605,18.23537254333496,0.10919611901044846,20.0,-2.491113311660882,896,0.0,0.7290985584259033,6.764579772949219,7.287070274353027,0.600109338760376,0.3998906910419464,1.408287682914,3.389356080425136,0.11861870657981721,0.6228269874484458,0.3930450622388272,1.0,1152
synthbuster,1,stable-diffusion-xl,1820936,0.23912451410037386,0.160235196352005,0.017799660563468933,0.17780593563256542,PNG,25.531492233276367,10.0,0.00472645927220583,24.65131378173828,0.01908094994723797,20.0,-3.0661290513256785,896,0.0,0.881047785282135,3.5778114795684814,7.781548500061035,0.5347641706466675,0.4652358591556549,1.0491671869562722,0.6188931589867257,0.18688966340773983,0.8271957384718405,0.3982934690716699,1.0,1088
synthbuster,1,stable-diffusion-xl,1449215,0.3618546845124283,0.09227854013442993,0.008281874470412731,0.15335918673304877,PNG,25.752792358398438,10.0,0.006668026093393564,20.58417510986328,0.12059395760297775,20.0,-2.7213025738901115,576,0.0,0.6270071268081665,7.27323055267334,3.5216240882873535,0.6035890579223633,0.39641091227531433,1.4066922344089778,6.136508125039979,0.09442021209139476,0.5378136949208091,0.35917777946417306,1.0,1728
synthbuster,1,stable-diffusion-xl,1220561,0.3039840910649386,0.17780274152755737,-0.0005678287707269192,0.1755907951605327,PNG,22.756338119506836,10.0,0.0028047477826476097,16.149728775024414,0.06938131898641586,20.0,-2.6098357722574463,896,0.0,0.5785619020462036,3.82568621635437,1.703474521636963,0.17319411039352417,0.8268058896064758,1.1705093329755507,2.100469787376266,0.14147611793119744,0.7231894902182908,0.31734370517806715,0.9999999999999999,1088
synthbuster,1,stable-diffusion-xl,1877484,0.11617946246921512,0.1266196072101593,0.002981348894536495,0.12354593760238647,PNG,23.7083797454834,10.0,0.0030238970648497343,21.69866180419922,0.029206939041614532,20.0,-3.011679273933975,1152,0.0,0.7537447214126587,2.749034881591797,7.372498512268066,0.6858826875686646,0.31411728262901306,1.160769423820446,0.8697268603814743,0.1600469287343221,0.7810345823597786,0.376261458258378,1.0,896
synthbuster,1,stable-diffusion-xl,1490469,0.5015183994283673,0.13102197647094727,-0.0015556719154119492,0.13903609842533604,PNG,26.31679344177246,10.0,0.004798203241080046,28.30113983154297,0.029913080856204033,20.0,-2.721218969700922,576,0.0,0.8226059079170227,4.768881797790527,14.757867813110352,0.5193849802017212,0.4806150197982788,1.178942149396494,1.3225184477601553,0.13884485851614872,0.7517789749428301,0.38046088335681,1.0,1728
synthbuster,1,stable-diffusion-xl,1487529,0.32449770031469377,0.13255542516708374,-0.0014003126416355371,0.1099243664396198,PNG,23.067712783813477,10.0,0.004678191151469946,16.415233612060547,0.06955497711896896,20.0,-2.6610325830063783,896,0.0,0.671699047088623,4.652416706085205,2.563938856124878,0.4768519997596741,0.5231480002403259,1.460358983699577,2.312389460662592,0.11818811835460726,0.6241644633744261,0.3727848441451096,1.0,1088
synthbuster,1,stable-diffusion-xl,1974497,0.22413271698276235,0.24325865507125854,-0.0012998164165765047,0.1644883694903304,PNG,21.591716766357422,8.0,0.012964079156517982,13.971672058105469,0.12634453177452087,20.0,-2.3814168311473525,1024,0.0,0.7580690383911133,9.373801231384277,8.559123992919922,0.8596595525741577,0.14034046232700348,1.512549725531933,6.181212902488435,0.11392235551722896,0.6023877862931094,0.39018078348769636,1.0,1024
synthbuster,1,stable-diffusion-xl,1681406,0.24142392779373245,0.11073973774909973,0.0021950204391032457,0.11443194469058887,PNG,23.95354461669922,10.0,0.013994462788105011,15.975561141967773,0.1581304967403412,20.0,-2.350874479822146,896,0.0,0.7148589491844177,11.059075355529785,7.948747158050537,0.4459195137023926,0.5540804862976074,1.4938391251702305,8.264946065051502,0.13435655121981982,0.6429410708002172,0.3903106599010828,1.0,1152
synthbuster,1,stable-diffusion-xl,1682712,0.2679108970499699,0.05423051863908768,0.0012579428730532527,0.11058555712052215,PNG,23.65829849243164,10.0,0.012956805527210236,14.804769515991211,0.17577585577964783,20.0,-2.435513755861684,1344,0.0,0.6768618822097778,10.93427562713623,1.7201882600784302,0.5730525851249695,0.4269474148750305,1.5280267141855866,10.03061974962715,0.1060758767373805,0.4909931285501174,0.3782180000169426,1.0,704
synthbuster,1,stable-diffusion-xl,1951331,0.05797886751557844,0.08281654119491577,-0.0033104231115430593,0.08850943701428433,PNG,18.922447204589844,10.0,0.016195528209209442,14.613801956176758,0.16252507269382477,20.0,-2.3223579013378295,1152,0.0,0.7443022727966309,6.46850061416626,4.779670715332031,0.7181673645973206,0.28183263540267944,1.2567934339899927,2.9831282640271604,0.13100251687979456,0.599989377868095,0.39981618425079446,1.0,896
synthbuster,1,stable-diffusion-xl,1822448,0.4212408326880153,0.12348134070634842,-0.009005310013890266,0.10606729585571129,PNG,17.837646484375,10.0,0.01342295203357935,13.973078727722168,0.08665777742862701,20.0,-2.3544811201113185,1088,0.0,0.7933498620986938,5.3330888748168945,4.950769424438477,0.4642706513404846,0.5357293486595154,1.091129529486672,1.7221415836542966,0.19624376956412026,0.7580048575167694,0.39893997829292327,1.0,896
synthbuster,1,stable-diffusion-xl,1795934,0.357292434744138,0.0824337750673294,0.0005873424233868718,0.13439576071340775,PNG,21.26366424560547,10.0,0.009401580318808556,19.182723999023438,0.0515470877289772,20.0,-2.691149115767438,1024,0.0,0.8207261562347412,5.335717678070068,5.231673717498779,0.40524959564208984,0.5947504043579102,1.1762825670726758,1.5482936715815452,0.137185429945163,0.7306508229921433,0.3934431598604005,1.0,1024
synthbuster,1,stable-diffusion-xl,1852214,0.5378223495702006,0.09774941205978394,-0.004102942533791065,0.11151896883672893,PNG,29.055545806884766,10.0,0.0038156367372721434,31.16419219970703,0.021955184638500214,20.0,-3.2302878665232715,768,0.0,0.8348309397697449,3.189639091491699,7.434250831604004,0.33357828855514526,0.6664217114448547,1.1558348655496828,0.7820158676921921,0.19322648103762186,0.8454221195327658,0.36819259008242894,1.0,1344
synthbuster,1,stable-diffusion-xl,1322740,0.3920833452588798,0.1001504436135292,0.004923098720610142,0.09166798011521572,PNG,26.661144256591797,10.0,0.003970778547227383,22.823749542236328,0.07556676864624023,20.0,-2.634920594658908,1024,0.0,0.6309874057769775,4.740077018737793,5.269196510314941,0.38703811168670654,0.6129618883132935,1.326863990952454,2.8283848847737483,0.12400200543634064,0.6631679830883259,0.3641949177132479,1.0,960
synthbuster,1,stable-diffusion-xl,1648693,0.1901605913841448,0.2032100111246109,0.0004542935639619827,0.18202562411760778,PNG,22.687604904174805,10.0,0.006262489128857851,19.05188751220703,0.09950196743011475,20.0,-2.543272752781309,896,0.0,0.6522824764251709,5.69972562789917,2.7302894592285156,0.6174724698066711,0.38252753019332886,1.339317237048558,3.357195922899935,0.11951446305210203,0.6283431112470108,0.37466508392499864,1.0,1152
synthbuster,1,stable-diffusion-xl,1470273,0.5383305393682978,0.08836068212985992,0.0003703449619933963,0.11938384759505076,PNG,20.63302230834961,10.0,0.006547623313963413,19.997535705566406,0.055527061223983765,20.0,-2.7263290239448894,1344,0.0,0.7642187476158142,6.7370195388793945,6.15032958984375,0.4589173197746277,0.5410826802253723,1.2584268192221015,3.1899762925794075,0.15361716845002038,0.7253350192931107,0.3868800420911328,1.0,704
synthbuster,1,stable-diffusion-xl,2117683,0.344281045751634,0.08085142076015472,0.007152372971177101,0.14259514629904668,PNG,18.036821365356445,10.0,0.020399432629346848,19.178813934326172,0.08914414048194885,20.0,-2.564404803122423,1024,0.0,0.8490297198295593,6.268502712249756,3.8926122188568115,0.7022626399993896,0.29773736000061035,1.2592261360562242,1.8148787837278206,0.13208334115083384,0.6586813047478295,0.40166304809520154,1.0,1024
synthbuster,1,stable-diffusion-xl,1558538,0.24183673469387756,0.03228846937417984,0.020562471821904182,0.045664456900177466,PNG,26.20640754699707,10.0,0.006308401003479958,21.84235382080078,0.08741369098424911,20.0,-2.4530488794663423,768,0.0,0.6988345384597778,5.904460906982422,8.268963813781738,0.6864480972290039,0.3135519027709961,1.3827769967362735,3.1810323731503987,0.12246979171457559,0.6509040392517853,0.3785525248760073,1.0,1280
synthbuster,1,stable-diffusion-xl,1549893,0.2766244999459401,0.14004729688167572,0.01857995241880417,0.1463982334009012,PNG,27.788515090942383,10.0,0.007662805262953043,25.695798873901367,0.0938730537891388,20.0,-2.650870670001646,1280,0.0,0.7210115194320679,5.192814826965332,9.05435848236084,0.7868045568466187,0.21319541335105896,1.3265268799763037,2.41370569683761,0.1741914128415149,0.7036967104362938,0.3826036697724445,1.0,768
synthbuster,1,stable-diffusion-xl,1411505,0.383281304197017,0.15684989094734192,-0.0032387266401201487,0.16346315835329195,PNG,20.543230056762695,10.0,0.005025898572057486,21.044301986694336,0.04592740535736084,20.0,-2.6498373167259275,704,0.0,0.7458998560905457,4.782742977142334,2.8352627754211426,0.4416157603263855,0.5583842396736145,1.2588384059346167,1.7561240056398404,0.1607152530730564,0.7743512057759996,0.3788399126026471,1.0,1344
synthbuster,1,stable-diffusion-xl,2008075,0.48315847598012146,0.2730945944786072,0.008361967280507088,0.3067164471959972,PNG,18.94614601135254,10.0,0.010688678361475468,17.38327407836914,0.046503860503435135,20.0,-2.644757374890197,1088,0.0,0.8541768193244934,6.165193557739258,5.184962272644043,0.5043294429779053,0.4956705570220947,1.1230780371867757,1.7727365985059624,0.16658019135200722,0.7473039703591058,0.39917866006872194,1.0,896
synthbuster,1,stable-diffusion-xl,1773439,0.2132973337833277,0.07627750188112259,0.0028291477356106043,0.05334204833948526,PNG,20.72629165649414,10.0,0.011777650564908981,17.745737075805664,0.09697403013706207,20.0,-2.432765451869326,576,0.0,0.768519401550293,6.145060062408447,6.2549028396606445,0.70219886302948,0.29780113697052,1.171514739425365,2.329766154508612,0.12970031602615992,0.6270549362040767,0.3987455531161379,1.0,1728
synthbuster,0,raise1k,1062411,0.44321122157156473,0.16028620302677155,0.008161598816514015,0.26136264330351666,PNG,24.044321060180664,8.0,0.015351382084190845,24.849258422851562,0.18540626764297485,20.0,-2.207764962373856,1024,0.0,0.7192209362983704,13.756089210510254,12.112512588500977,0.4346148371696472,0.5653851628303528,1.5116530198387903,13.575162978334806,0.11100178282771545,0.5749720354460758,0.3843051672142456,1.0,678
synthbuster,0,raise1k,1431558,0.036417910447761194,0.25650063157081604,0.010858559980988503,0.1404955015395597,PNG,15.024188995361328,10.0,0.06393300741910934,12.491010665893555,0.21398323774337769,20.0,-2.1058880833637224,680,0.0,0.8685394525527954,10.305573463439941,4.807638168334961,0.752575695514679,0.24742431938648224,1.4000603938896503,3.800987677488349,0.12584495443603486,0.5482307511602009,0.4049067337081073,1.0,1024
synthbuster,0,raise1k,1270101,0.5005699449053258,0.2002933770418167,0.0037047392688691616,0.310669889010865,PNG,17.21294593811035,10.0,0.015010703355073929,13.84339714050293,0.08408432453870773,20.0,-2.6098842497113766,678,0.0,0.8212376832962036,12.720793724060059,3.538839340209961,0.6256345510482788,0.3743654787540436,1.3461325886034015,7.6346673810405195,0.1317238026450778,0.5829742621701144,0.4008605438063404,1.0,1024
synthbuster,0,raise1k,616594,0.7601985559566787,0.5034629702568054,0.02337881550192833,0.1514657557051096,PNG,32.12535095214844,10.0,0.002016069134697318,31.258655548095703,0.029390810057520866,20.0,-3.023792336801098,678,0.0,0.5276414155960083,2.412858486175537,2.852092742919922,0.3213247060775757,0.6786752939224243,1.1661413073699953,1.241157702683458,0.30153094422937066,0.8714320291018263,0.34941927956484986,1.0,1024
synthbuster,0,raise1k,1615362,0.7539961013645224,0.3173968195915222,0.0042852070182561874,0.2595455840404704,PNG,16.223915100097656,10.0,0.04417838156223297,15.610328674316406,0.2156686931848526,20.0,-1.9647565560766924,1024,0.0,0.8346335291862488,15.715124130249023,4.38986873626709,0.8557831645011902,0.14421683549880981,1.4165676102546882,10.098862561879594,0.07160953845231782,0.39485248496104014,0.40902542459594055,1.0,678
synthbuster,0,raise1k,1225166,0.6190993846040461,0.22489669919013977,-0.006296547129750252,0.14194182798058372,PNG,15.085052490234375,10.0,0.021743088960647583,14.204821586608887,0.05012147128582001,20.0,-2.6241480399725154,680,0.0,0.9070321321487427,9.41161060333252,5.914485454559326,0.30392205715179443,0.6960779428482056,1.0933625827227316,2.4838747795441627,0.14567197453132857,0.6962430117338967,0.39366548745876223,0.9999999999999999,1024
synthbuster,0,raise1k,1124905,0.40597418358340687,0.14429733157157898,-0.0017490433529019356,0.18843119196637553,PNG,24.185386657714844,10.0,0.011286038905382156,18.386817932128906,0.0849991887807846,20.0,-2.480724915404034,1024,0.0,0.7805553078651428,11.198502540588379,8.634129524230957,0.5132715702056885,0.4867284595966339,1.3324609121474125,7.391436180546583,0.13289581966075786,0.6565857277268475,0.39501726797705866,1.0,680
synthbuster,0,raise1k,1204280,0.40336052361647046,0.18049335479736328,0.005418030079454184,0.24956191105499329,PNG,18.86049461364746,10.0,0.02041633427143097,15.332710266113281,0.14042942225933075,20.0,-2.2358672874611143,678,0.0,0.8034248352050781,15.998344421386719,7.629202842712402,0.44671523571014404,0.553284764289856,1.4910959238369073,13.437270444644579,0.11648156130303172,0.5929398986789755,0.39736789056237076,1.0,1024
synthbuster,0,raise1k,1201627,0.6643255083091282,0.23676225543022156,0.003915229346603155,0.15404315638540414,PNG,18.63288116455078,10.0,0.01845715194940567,20.425607681274414,0.0807047039270401,20.0,-2.467996963213794,678,0.0,0.8477081656455994,13.368765830993652,9.390631675720215,0.29071223735809326,0.7092877626419067,1.3873460465623515,6.739302930148345,0.1735648855180946,0.6541645796710824,0.3995040664732013,1.0,1024
synthbuster,0,raise1k,774288,0.5951754266952487,0.18798626959323883,0.009978223592042923,0.2638109812134365,PNG,26.33650779724121,10.0,0.0019294805824756622,25.70725440979004,0.02096509374678135,20.0,-2.5900163994714553,1024,0.0,0.7172210216522217,5.10956335067749,8.697162628173828,0.564285933971405,0.43571406602859497,1.1031898782878211,2.1267980012407484,0.23490785323520286,0.7911479763430014,0.3786377046116601,1.0,678
synthbuster,0,raise1k,908915,0.2415200315941902,0.23619718849658966,0.0031263926066458225,0.27734873465442855,PNG,29.365493774414062,8.0,0.004284141585230827,21.897069931030273,0.06077677384018898,20.0,-2.6430702917052376,1024,0.0,0.7054733633995056,6.169151782989502,11.259258270263672,0.4915158748626709,0.5084841251373291,1.2174962841739536,3.828942234036731,0.14961207922143877,0.744612686232213,0.38489000691262376,1.0,678
synthbuster,0,raise1k,1699923,0.3805104408352668,0.1407766491174698,0.00907158013433218,0.23590334057157922,PNG,13.409439086914062,10.0,0.07035135477781296,14.314017295837402,0.3313027620315552,20.0,-1.8209844305975187,678,0.0,0.83181232213974,21.83997917175293,3.290372371673584,0.8814604878425598,0.11853951960802078,1.5543667425484058,19.253438750672284,0.06808978896804045,0.33215784348435407,0.40736860212186593,1.0,1024
synthbuster,0,raise1k,1446764,0.911839863713799,0.18167591094970703,-0.004156476818025112,0.21579284663822773,PNG,17.167381286621094,10.0,0.030660521239042282,13.832207679748535,0.12715306878089905,20.0,-2.3149229939411393,678,0.0,0.8505279421806335,14.428184509277344,5.5982513427734375,0.6562821269035339,0.34371787309646606,1.436576445292873,7.919486683412108,0.10266684235331953,0.4889428900287685,0.4061044852730002,1.0,1024
synthbuster,0,raise1k,901512,0.580249524212307,0.31150349974632263,0.011328521184623241,0.2098929322908757,PNG,25.140369415283203,10.0,0.0029632835648953915,21.23508071899414,0.03904522582888603,20.0,-2.9716189749163493,678,0.0,0.6610541343688965,4.149843692779541,1.332006573677063,0.43751394748687744,0.5624860525131226,1.115187373900027,1.9930530916907494,0.12623774089815448,0.7286343874843758,0.3476120780719789,1.0,1024
synthbuster,0,raise1k,926919,0.20930508575158743,0.32545268535614014,-0.0034835110418498516,0.21132877019606094,PNG,23.519824981689453,10.0,0.0059679183177649975,16.658079147338867,0.11633297055959702,20.0,-2.2911224625993816,680,0.0,0.6188516616821289,3.5905449390411377,1.7685742378234863,0.035914599895477295,0.9640854001045227,1.2570284481115148,1.3618243099119103,0.2532342064427781,0.8134023082010717,0.36881833818141296,1.0,1024
synthbuster,0,raise1k,1289906,0.30666737445588704,0.021535279229283333,-0.0027144812047481537,0.057789027842989525,PNG,16.70029067993164,10.0,0.049094170331954956,18.27076530456543,0.1392838954925537,20.0,-2.0894214344296165,678,0.0,0.8871375322341919,11.873859405517578,3.6289236545562744,0.3260776400566101,0.6739223599433899,1.2853588027078109,3.9962334213390447,0.179839565145681,0.6317695855841583,0.4069753214067215,1.0,1024
synthbuster,0,raise1k,1082766,0.540316384180791,0.20332050323486328,-0.006307637318968773,0.1448501721363595,PNG,16.56377601623535,10.0,0.02114841155707836,14.500831604003906,0.09076733142137527,20.0,-2.3401043696338584,678,0.0,0.8473153114318848,7.646306991577148,3.281214475631714,0.2174133062362671,0.7825866937637329,1.1255536135784592,2.3463822331195763,0.1724861222114642,0.7270698297408861,0.39557004551774866,1.0,1024
synthbuster,0,raise1k,806639,0.2833986548604055,0.24012577533721924,0.010636313818395138,0.31797633033515516,PNG,29.594966888427734,10.0,0.0018157634185627103,14.152141571044922,0.024234486743807793,20.0,-2.7935882764157105,1024,0.0,0.6547921299934387,3.2674286365509033,2.5153579711914062,-0.22442233562469482,1.2244223356246948,1.3033764542182715,1.2887111704570606,0.20690591988712018,0.7945885393024466,0.34872582469723684,1.0,678
synthbuster,0,raise1k,1280632,0.8689258852362038,0.11961241066455841,0.004176742862910032,0.136474617042121,PNG,22.436294555664062,10.0,0.013380569405853748,20.45882797241211,0.12877142429351807,20.0,-2.4877128093176677,680,0.0,0.7402749061584473,10.151459693908691,3.000025749206543,0.6112600564956665,0.3887399435043335,1.3377621093123204,7.090739410063817,0.09063109573075748,0.4970491227376291,0.39956276868829693,1.0,1024
synthbuster,0,raise1k,1378544,0.5527659789644013,0.21289628744125366,0.006778324022889137,0.1188750493354359,PNG,14.261228561401367,10.0,0.0346614345908165,12.285651206970215,0.1378985494375229,20.0,-2.2223346244063498,1024,0.0,0.8521548509597778,11.127878189086914,3.639711856842041,0.45993173122406006,0.5400682687759399,1.1580983849546505,4.638347312384317,0.16321088877195267,0.5859435127055298,0.3998587073538424,1.0,678
synthbuster,0,raise1k,1285423,0.40928438414471935,0.30056166648864746,0.011798691935837269,0.21970905873437888,PNG,20.367938995361328,10.0,0.033347051590681076,13.60105037689209,0.2195321023464203,20.0,-2.148048151863517,1024,0.0,0.8156365752220154,14.967879295349121,7.429996490478516,0.7442805767059326,0.2557194232940674,1.33526302128265,11.276726647939622,0.0784141838088353,0.4867598624064952,0.3950307805498787,1.0,678
synthbuster,0,raise1k,1190173,0.18980891719745224,0.09526181221008301,0.0044566560536623,0.14386664502212979,PNG,17.452009201049805,10.0,0.022298714146018028,12.77116870880127,0.18030628561973572,20.0,-2.213804130078017,1024,0.0,0.7713378071784973,12.840784072875977,3.2030582427978516,0.4613732695579529,0.5386267304420471,1.4384543417570834,10.254931188795396,0.10420830828848612,0.5774473032775642,0.3868973744114099,0.9999999999999999,680
synthbuster,0,raise1k,1115351,0.2792577866136514,0.10809996724128723,0.01937238499522209,0.2559218643775953,PNG,20.733661651611328,10.0,0.007464958354830742,17.948549270629883,0.08013202995061874,20.0,-2.3537442059335705,678,0.0,0.7233173847198486,9.775617599487305,2.7817437648773193,0.599373459815979,0.400626540184021,1.3568537274643557,6.573209805721499,0.1053234041954225,0.5925405915736597,0.3633321985638617,1.0,1024
synthbuster,0,raise1k,1289321,0.8329867506387024,0.16673851013183594,-0.0035733338445425034,0.22587894080694515,PNG,19.41257095336914,10.0,0.02169753611087799,20.071109771728516,0.08185521513223648,20.0,-2.403571832292607,678,0.0,0.8616366982460022,10.165992736816406,4.126607418060303,0.485637903213501,0.514362096786499,1.270155184347068,3.7246364635286415,0.10755004286248632,0.5888083332712561,0.4044364440026821,1.0,1024
synthbuster,0,raise1k,1257556,0.04001194386383995,0.25356125831604004,0.013765917159616947,0.06594655603173392,PNG,19.094554901123047,8.0,0.027549097314476967,16.85045623779297,0.17781296372413635,20.0,-2.1922785451416136,680,0.0,0.8122135400772095,7.7169976234436035,7.569199562072754,0.7332545518875122,0.2667454779148102,1.1477148801341799,3.3232496751755614,0.13347944059433925,0.5934569752450047,0.39952061802230543,1.0,1024
synthbuster,0,raise1k,951758,0.8290277125410991,0.16433976590633392,0.004757238551974297,0.246680255945302,PNG,23.731613159179688,10.0,0.005372810177505016,18.277812957763672,0.05080107972025871,20.0,-2.445706531855869,678,0.0,0.7563050389289856,7.217329502105713,8.390556335449219,0.3481318950653076,0.6518681049346924,1.2791838133369844,3.5197401197574605,0.12950213235042238,0.6359493691934276,0.3927800833860299,1.0,1024
synthbuster,0,raise1k,1542890,0.44095690532745163,0.23404723405838013,0.005220053717494011,0.316541957237037,PNG,15.643150329589844,10.0,0.04931512102484703,13.045916557312012,0.23594219982624054,20.0,-2.0940117692080755,1024,0.0,0.8318349719047546,18.945693969726562,4.3242902755737305,0.583099365234375,0.416900634765625,1.4919758445603175,14.626984531631678,0.09424500318011589,0.45695078544703344,0.40908512156947147,1.0,678
synthbuster,0,raise1k,686239,0.9727614388832548,0.16672348976135254,-0.0076542384922504425,0.2641924784407793,PNG,24.646005630493164,10.0,0.003974635154008865,25.574819564819336,0.026058020070195198,20.0,-2.74544774584882,678,0.0,0.8048117756843567,6.608508586883545,4.501785755157471,-0.0478590726852417,1.0478590726852417,1.285211276618729,2.435660892610727,0.2894944142351175,0.8155056869172614,0.3631159482126879,1.0,1024
synthbuster,0,raise1k,1116777,0.7025889364872415,0.25033557415008545,0.017562001943588257,0.2822408584026569,PNG,22.91683578491211,10.0,0.010021720081567764,24.97415542602539,0.054722677916288376,20.0,-2.6112005255545756,678,0.0,0.8179886937141418,6.6981425285339355,5.42167854309082,0.42972081899642944,0.5702791810035706,1.0282111217739132,2.1182882543586206,0.14555674760520856,0.6966366693219928,0.40014261329457557,1.0,1024
synthbuster,0,raise1k,867493,0.3898493955561559,0.1518334001302719,0.0004567885771393776,0.11794774107113189,PNG,18.633520126342773,10.0,0.028458524495363235,17.36986541748047,0.12909327447414398,20.0,-2.4668906325162774,680,0.0,0.8510330319404602,5.050248146057129,10.1836576461792,0.2214202880859375,0.7785797119140625,1.1034014081799959,1.0987263239638922,0.2506667243243248,0.8192717047842643,0.3745243193692493,1.0,1024
synthbuster,0,raise1k,923262,0.5525022236786667,0.2671235203742981,-0.007418293040245771,0.23276984472216064,PNG,23.028066635131836,10.0,0.009881207719445229,15.491738319396973,0.08005241304636002,20.0,-2.4447911708385615,678,0.0,0.7699569463729858,7.6715474128723145,5.826951026916504,-0.03461945056915283,1.0346194505691528,1.297109657712114,3.5156399695155347,0.23179200537020792,0.8349861847909752,0.3717969104802358,1.0,1024
synthbuster,0,raise1k,1346610,0.5949018256975542,0.21586470305919647,0.006266382988542318,0.2899127957543892,PNG,21.91749382019043,10.0,0.026595093309879303,23.00933074951172,0.14799010753631592,20.0,-2.298416247846573,678,0.0,0.812121570110321,17.495725631713867,10.117212295532227,0.6687717437744141,0.33122822642326355,1.4511084005961925,13.920439749621734,0.08346273074459887,0.4467454760970503,0.39585143796527245,1.0,1024
synthbuster,0,raise1k,1381898,0.33605843329089324,0.31890302896499634,0.020308250561356544,0.19982477639182356,PNG,20.488672256469727,10.0,0.06609666347503662,18.302364349365234,0.25795724987983704,20.0,-1.9927826434075335,1024,0.0,0.8576401472091675,24.11872100830078,7.885861396789551,0.4518510699272156,0.5481489300727844,1.620381994071678,22.148595434982855,0.22813471498237453,0.5002519077961315,0.40143138800946815,1.0,680
synthbuster,0,raise1k,1191293,0.8630851803995626,0.152753084897995,0.0012119496241211891,0.3254104386181805,PNG,18.92095947265625,10.0,0.010042068548500538,19.101802825927734,0.04606139659881592,20.0,-2.253462197770536,1024,0.0,0.8403106331825256,8.367289543151855,3.3750767707824707,0.4792608618736267,0.5207391381263733,1.1149503432518038,2.8345939113070826,0.12428092345653981,0.6265604724833542,0.40613749050730413,1.0,678
synthbuster,0,raise1k,1385973,0.5767353579175705,0.2156708538532257,0.003532559145241976,0.22259407525649297,PNG,14.89022445678711,10.0,0.03353089839220047,19.854339599609375,0.1716037094593048,20.0,-2.3015315516728903,678,0.0,0.8259226083755493,12.91218090057373,6.5842742919921875,0.7254581451416016,0.27454182505607605,1.2421431652196655,7.312060802969734,0.09523273259212284,0.477909344027662,0.4022233709733799,1.0,1024
synthbuster,0,raise1k,957454,0.8353760155544754,0.3872511684894562,0.002954755909740925,0.203902458345348,PNG,15.89312744140625,10.0,0.03512371703982353,12.325069427490234,0.16728098690509796,20.0,-2.3066773261040034,680,0.0,0.8361009359359741,3.7450971603393555,4.096296787261963,0.30840152502059937,0.6915984749794006,0.9665939011539225,0.7112425186545799,0.3181493905314755,0.8212953961770145,0.39822668444898907,1.0,1024
synthbuster,0,raise1k,959305,0.6982894187875093,0.33290404081344604,0.014708278700709343,0.27565838616235344,PNG,23.27268409729004,10.0,0.015573214739561081,22.279983520507812,0.08820067346096039,20.0,-2.5982539227126598,678,0.0,0.8044782876968384,14.624910354614258,11.50110149383545,0.5337314605712891,0.46626850962638855,1.3915535760994366,10.132997929888864,0.17355286170373982,0.6937265455805611,0.38033985453739044,1.0,1024
synthbuster,0,raise1k,826715,0.4022562153214187,0.16147753596305847,0.002493522595614195,0.1694665761382957,PNG,23.275785446166992,10.0,0.006852027028799057,17.79045867919922,0.05090024694800377,20.0,-2.544212704961334,678,0.0,0.8040403127670288,6.607036113739014,10.345355033874512,0.18495845794677734,0.8150415420532227,1.2194640324447563,2.4890400859017365,0.19932933420581406,0.8292731294058254,0.36404096941175046,1.0,1024
synthbuster,0,raise1k,1119863,0.4592970862120757,0.24187803268432617,0.013779344037175179,0.24926619876540546,PNG,23.28326416015625,10.0,0.007285409606993198,16.94043731689453,0.06838364899158478,20.0,-2.4898992639756474,1024,0.0,0.7485164403915405,7.791917324066162,3.769575357437134,0.5498687624931335,0.45013123750686646,1.176885717542709,4.081768393056509,0.09558485327444345,0.5770722434494364,0.3996182209853731,1.0,678
synthbuster,0,raise1k,1213285,0.6419959658934629,0.33776554465293884,0.008240476250648499,0.2972719349440227,PNG,18.347850799560547,10.0,0.025741934776306152,16.36690330505371,0.18165487051010132,20.0,-1.9974033937586835,678,0.0,0.7895891070365906,14.323506355285645,3.394235610961914,0.36067771911621094,0.6393222808837891,1.5588110669975908,10.546912975838593,0.1732166249445702,0.5475109010259431,0.3969217972135356,1.0,1024
synthbuster,0,raise1k,1211905,0.22995786894552844,0.26990658044815063,-0.007568699307739735,0.21053927182902543,PNG,19.173118591308594,10.0,0.006584382615983486,19.132240295410156,0.029307816177606583,20.0,-2.5872008063245726,678,0.0,0.8467583656311035,7.426208972930908,5.744338512420654,0.43887656927108765,0.5611234307289124,1.1001887665896284,2.378661091237331,0.14736816560126698,0.7304792563196139,0.4005121887366956,1.0,1024
synthbuster,0,raise1k,927599,0.6003336510962822,0.32257914543151855,0.0016305301105603576,0.20502912247790278,PNG,27.239578247070312,10.0,0.004050436895340681,19.49140167236328,0.07166506350040436,20.0,-2.5650620236409694,678,0.0,0.6641515493392944,6.121453762054443,9.474838256835938,0.5492714643478394,0.45072850584983826,1.2430921404829167,3.6680130091012058,0.11659718206314923,0.6709567444568805,0.37353476490103743,1.0,1024
synthbuster,0,raise1k,999766,0.8128802411619622,0.19621095061302185,0.005904055666178465,0.3848559528626897,PNG,22.988569259643555,10.0,0.004965201951563358,24.682893753051758,0.0257454514503479,20.0,-2.6903778548422053,678,0.0,0.8339323401451111,6.629284381866455,4.447089672088623,0.34685760736465454,0.6531423926353455,1.1899913428857836,2.1175207025779006,0.2101405048677529,0.7215287407238058,0.3846525834893549,1.0,1024
synthbuster,0,raise1k,1001618,0.9223239585040863,0.2696729898452759,-0.004974858835339546,0.30090720637297763,PNG,20.22780418395996,10.0,0.007836692035198212,20.920047760009766,0.048169348388910294,20.0,-2.454077856522275,678,0.0,0.8033536076545715,6.510374069213867,4.48077392578125,0.38573217391967773,0.6142678260803223,1.327722005617018,2.1896955904899307,0.17035223589764986,0.6640225781602277,0.3936533102465292,1.0,1024
synthbuster,0,raise1k,1138542,0.28272506082725063,0.14713512361049652,-0.0068693263456225395,0.1888045750160901,PNG,25.23444938659668,10.0,0.008454632014036179,22.245513916015625,0.06792957335710526,20.0,-2.5816473812952925,680,0.0,0.777050256729126,10.031017303466797,8.005592346191406,0.5762804746627808,0.42371952533721924,1.3063396514527175,6.3544324140368005,0.1129301485031455,0.6113099976375336,0.3945838199712575,0.9999999999999999,1024
synthbuster,0,raise1k,946231,0.10632059601057438,0.3583781123161316,-0.0046587297692894936,0.25122992845128655,PNG,21.843278884887695,10.0,0.004052076954394579,22.085735321044922,0.035450324416160583,20.0,-2.852723277488543,1024,0.0,0.7685934901237488,3.3910980224609375,4.815400123596191,0.43033069372177124,0.5696693062782288,0.9972999008950423,1.0108725862099752,0.19980680965865696,0.8060430787335464,0.3983665539343388,1.0,680
synthbuster,0,raise1k,1353935,0.5792593763585345,0.2283974289894104,0.01600603573024273,0.2601986297716948,PNG,17.602096557617188,10.0,0.01176875364035368,12.706872940063477,0.056773316115140915,20.0,-2.507600507183594,678,0.0,0.8359386324882507,11.196280479431152,4.475397109985352,0.5621840357780457,0.43781596422195435,1.388786037455902,5.693337095520403,0.14193225336034776,0.6257667720088089,0.4058585400375294,1.0,1024
synthbuster,0,raise1k,821419,0.8613007597029604,0.15235565602779388,-0.014128492213785648,0.322785005776795,PNG,24.77309799194336,10.0,0.0032887249253690243,24.723114013671875,0.02608439512550831,20.0,-2.8128346961384336,1024,0.0,0.7626686692237854,7.038285255432129,7.070758819580078,0.2961665987968445,0.7038334012031555,1.2649534741279396,3.322491403139451,0.26048938262152793,0.8067811188456442,0.3601303165220802,1.0,678
synthbuster,0,raise1k,966583,0.8168486490794612,0.24645081162452698,-0.005545999389141798,0.3621684512269199,PNG,24.86628532409668,10.0,0.007135397754609585,22.478559494018555,0.06381732225418091,20.0,-2.503838780331492,678,0.0,0.7507918477058411,9.381829261779785,4.740241050720215,0.2720681428909302,0.7279318571090698,1.253300944440629,5.708475657897036,0.1751544779326693,0.6428050414213908,0.3900910482798548,1.0,1024
synthbuster,0,raise1k,1090125,0.4229726799653079,0.15698905289173126,0.0006194374873302877,0.16098999363164404,PNG,20.39232635498047,10.0,0.014021527022123337,16.071674346923828,0.11955825239419937,20.0,-2.5369704319648787,678,0.0,0.7761039137840271,9.344972610473633,7.029475688934326,0.7031880617141724,0.29681196808815,1.3084059868585367,5.498154932854032,0.12194439603814052,0.6207461625643863,0.39701000012623555,1.0,1024
synthbuster,0,raise1k,638268,0.8369591818334042,0.10140127688646317,-0.0037601585499942303,0.12594222418410164,PNG,31.611534118652344,10.0,0.0022412424441426992,32.248878479003906,0.026257066056132317,20.0,-2.6638367538602177,678,0.0,0.5912038683891296,3.3668670654296875,2.7055459022521973,-0.007787346839904785,1.0077873468399048,1.191329136950618,1.3741660160806592,0.2161280841880018,0.8171311127076013,0.3613951616342825,1.0,1024
synthbuster,0,raise1k,1102205,0.22972184399922194,0.14488255977630615,0.007049852982163429,0.10761679982815789,PNG,22.004947662353516,10.0,0.027022914960980415,18.583457946777344,0.16951285302639008,20.0,-2.226431581697047,678,0.0,0.8084080815315247,6.986401081085205,9.067329406738281,0.535423994064331,0.46457600593566895,1.25653467843669,2.5615340236029307,0.20208544010801338,0.6965352597893038,0.40147645185644576,1.0,1024
synthbuster,0,raise1k,1239355,0.24300559552358114,0.14819423854351044,0.0028986232355237007,0.15920758034006494,PNG,19.144689559936523,10.0,0.020315460860729218,14.369466781616211,0.15507301688194275,20.0,-2.281522072802311,1024,0.0,0.7814898490905762,9.729001998901367,4.261621475219727,0.5919516086578369,0.4080484211444855,1.289907706379264,5.670677954105708,0.12042345866741015,0.6048944452259106,0.3976028023818278,1.0,680
synthbuster,0,raise1k,1100599,0.18395180722891566,0.08501532673835754,0.019989537075161934,0.25631911780475175,PNG,23.213396072387695,10.0,0.006990612950176001,20.526830673217773,0.061267707496881485,20.0,-2.5722224171841432,1024,0.0,0.7350212335586548,9.483682632446289,6.717031478881836,0.38501960039138794,0.6149803996086121,1.4396977413873204,5.49551214619374,0.16022698162220894,0.6689927485116198,0.4035583094809687,1.0,678
synthbuster,0,raise1k,1101637,0.46635113148942464,0.12656617164611816,-0.0050696199759840965,0.13733110141505722,PNG,19.274293899536133,10.0,0.010381706058979034,20.089981079101562,0.0477120541036129,20.0,-2.4050478902173946,678,0.0,0.8411253094673157,6.89129638671875,4.082556247711182,0.3949906826019287,0.6050093173980713,1.2554468056107115,2.0838892307721277,0.1404729983248933,0.6930340110159111,0.39859154741397373,1.0,1024
synthbuster,0,raise1k,1116641,0.2522496182958126,0.3302192687988281,0.02329494059085846,0.17456456859961933,PNG,18.742502212524414,10.0,0.01027216948568821,17.539520263671875,0.0679914727807045,20.0,-2.497394046623173,680,0.0,0.7978602051734924,7.290174961090088,3.5116443634033203,0.3554670214653015,0.6445329785346985,1.226141045606943,3.0522585331472376,0.1493860046976052,0.7207015408575457,0.3882473395309032,1.0,1024
synthbuster,0,raise1k,1522029,0.055168986083499,0.22972676157951355,0.006716251838952303,0.17629553491523997,PNG,17.1535701751709,8.0,0.08767629414796829,16.929195404052734,0.32038813829421997,20.0,-1.6614080257028143,678,0.0,0.8575423955917358,15.401496887207031,6.347204208374023,0.7056379914283752,0.29436200857162476,1.5195017005221918,8.027411202332923,0.09323356686917687,0.4571823750361997,0.40585048700736764,1.0,1024
synthbuster,0,raise1k,591882,0.7517846648121302,0.0383625254034996,0.0,0.038875525515794464,PNG,18.785030364990234,10.0,0.0203233752399683,15.449057579040527,0.08203823119401932,20.0,-2.430826557263697,678,0.0,0.8498122096061707,5.701138496398926,4.929764747619629,-0.8361343145370483,1.8361343145370483,1.3912588917187134,1.2705042356566865,0.4682421309388545,0.8833337817555404,0.28571544238896934,1.0,1024
synthbuster,0,raise1k,987485,0.6515474015332743,0.21660494804382324,0.00234219734556973,0.22085342937627261,PNG,16.37180519104004,10.0,0.03352310135960579,16.00333023071289,0.1172005832195282,20.0,-2.2944946486096334,678,0.0,0.8644574880599976,13.385666847229004,4.035247325897217,0.03903013467788696,0.960969865322113,1.4999657502550205,6.01955576264914,0.43834312925841656,0.7405435814983181,0.3213731794980538,1.0,1024
synthbuster,0,raise1k,1326416,0.34650749205388226,0.29769429564476013,0.000721119751688093,0.20124727059838438,PNG,16.549192428588867,10.0,0.03360384702682495,16.068098068237305,0.1632527858018875,20.0,-2.212444359497556,678,0.0,0.8397845029830933,13.800619125366211,6.486489772796631,0.35036545991897583,0.6496345400810242,1.3548621572159265,8.00041706033765,0.16035376437037804,0.601612638801267,0.39875186414780867,1.0,1024
synthbuster,0,raise1k,1507323,0.009345794392523364,0.1039443165063858,0.012970159761607647,0.1467339376148868,PNG,13.59305191040039,10.0,0.08388683944940567,13.679035186767578,0.2609984278678894,20.0,-1.8950811987521703,678,0.0,0.8754873871803284,12.599214553833008,6.563237190246582,0.6192889213562012,0.38071104884147644,1.2822983290714545,4.821725029576278,0.15266044634357545,0.5186778874838807,0.40943103941326847,1.0,1024
synthbuster,0,raise1k,932953,0.8606635447257719,0.22286102175712585,0.003899277886375785,0.17753023061626255,PNG,18.024009704589844,10.0,0.010706190951168537,15.438004493713379,0.06886151432991028,20.0,-2.502342053201155,678,0.0,0.8018642663955688,11.236364364624023,5.135892868041992,0.2177509069442749,0.7822490930557251,1.3916036399739027,6.342557913069739,0.16534833714841896,0.7359613646434633,0.378901792509511,1.0,1024
synthbuster,0,raise1k,1167159,0.775976498748776,0.21852919459342957,0.004794293083250523,0.22348267228420066,PNG,20.866764068603516,10.0,0.01572859100997448,20.643882751464844,0.0692797303199768,20.0,-2.0287655457009928,678,0.0,0.8508410453796387,11.4360990524292,7.970346927642822,0.39949262142181396,0.600507378578186,1.433277922707482,5.0336196112270715,0.15982539904339377,0.619121308295957,0.3973952016711935,1.0,1024
synthbuster,0,raise1k,1087259,0.9733569380230584,0.2065199613571167,-0.0035306683275848627,0.130024583435072,PNG,19.94525146484375,10.0,0.015727777034044266,17.413169860839844,0.08336049318313599,20.0,-2.3388643689756448,1024,0.0,0.8258774876594543,11.159612655639648,7.5050859451293945,0.30874913930892944,0.6912508606910706,1.3059021051442479,5.731192199824565,0.1825074133839404,0.6899019335300958,0.38048604221375,1.0,680
synthbuster,0,raise1k,1002883,0.2756238003838772,0.21533866226673126,0.001254469039849937,0.2727179577732577,PNG,20.900619506835938,10.0,0.010330208577215672,17.760183334350586,0.07093873620033264,20.0,-2.4862722972871127,1024,0.0,0.8081276416778564,11.347640991210938,8.870975494384766,0.3414730429649353,0.6585269570350647,1.3726142544462219,6.7633326320931175,0.14729960761107797,0.706979969168198,0.38193272246366594,0.9999999999999999,678
synthbuster,0,raise1k,1473878,0.14878048780487804,0.20529711246490479,0.0040226769633591175,0.18790080732054226,PNG,17.039817810058594,10.0,0.03164254128932953,14.207786560058594,0.20019516348838806,20.0,-2.1929746256148386,680,0.0,0.8039765357971191,14.826488494873047,4.660885810852051,0.803897500038147,0.19610248506069183,1.357101377104493,11.39401794410245,0.07827874897682086,0.45768697873027286,0.40199353342750127,1.0,1024
synthbuster,0,raise1k,1632813,0.5715565509518477,0.16016477346420288,-0.002579997293651104,0.12672310793218197,PNG,13.657270431518555,10.0,0.07696005702018738,12.794082641601562,0.29085230827331543,20.0,-1.857175631930766,678,0.0,0.8589184880256653,14.570544242858887,4.407145023345947,0.7464115619659424,0.25358840823173523,1.4064746299011597,7.513890783439708,0.10453402326191864,0.45693787970524713,0.40940020774852226,0.9999999999999999,1024
synthbuster,0,raise1k,1241880,0.43567448927908153,0.16830961406230927,0.00022855140559840947,0.19335306118158482,PNG,22.09047508239746,10.0,0.017794247716665268,12.820585250854492,0.1401541382074356,20.0,-2.182672110270425,680,0.0,0.7811295390129089,11.087621688842773,8.984925270080566,0.5688460469245911,0.43115395307540894,1.3994404570248993,7.355835316919379,0.10784727776982815,0.5832503322121532,0.3960060773165924,1.0,1024
synthbuster,0,raise1k,1610728,0.7682910636037711,0.230581134557724,0.003108755685389042,0.3117220780506122,PNG,15.044763565063477,10.0,0.049008388072252274,14.741548538208008,0.14952827990055084,20.0,-2.1068693733483275,678,0.0,0.8826968669891357,17.60254669189453,4.625584602355957,0.6399284601211548,0.3600715398788452,1.2820211765542535,9.282657301847607,0.07370145546805826,0.4397134427264534,0.4101723783505309,0.9999999999999999,1024
synthbuster,0,raise1k,1182518,0.7866085504961513,0.09539959579706192,0.012884662486612797,0.3261233457804341,PNG,18.3499755859375,10.0,0.015963207930326462,13.526769638061523,0.07785290479660034,20.0,-2.4978453849617392,1024,0.0,0.8328367471694946,13.778799057006836,5.857123374938965,0.49708253145217896,0.502917468547821,1.3405228736044357,8.1754584551074,0.11682002070421088,0.6066309592575228,0.4040724721573706,1.0,678
synthbuster,0,raise1k,1131340,0.3653935941731254,0.1214250698685646,0.011193035170435905,0.17501916724390154,PNG,35.54083251953125,10.0,0.011196658946573734,17.375057220458984,0.14152482151985168,20.0,-2.4577028485460333,1024,0.0,0.7354570627212524,10.39059066772461,10.206002235412598,0.7392646670341492,0.26073533296585083,1.3538087745580123,8.015513112819901,0.10301396037437806,0.5573181059256351,0.3874380778380501,1.0,678
synthbuster,0,raise1k,1591138,0.5216188170183328,0.27553895115852356,-0.0005061261472292244,0.2621894560124985,PNG,15.650301933288574,10.0,0.08278727531433105,14.9891996383667,0.28503507375717163,20.0,-1.9894497624585954,680,0.0,0.8684476017951965,14.397364616394043,4.220405101776123,0.5816855430603027,0.4183144271373749,1.3359970998973398,7.120113039682667,0.10371563801185042,0.49214873242593377,0.4094570547151223,1.0,1024
synthbuster,0,raise1k,776663,0.6865900184267213,0.17948079109191895,-0.014421497471630573,0.1784663217001391,PNG,22.985198974609375,10.0,0.0021459157578647137,21.861522674560547,0.015464801341295242,20.0,-2.589797652697264,678,0.0,0.7863249182701111,4.139801979064941,5.718891143798828,0.1343870759010315,0.8656129240989685,1.1222521579029714,1.089540109567453,0.18358432032933603,0.8247755844374647,0.37281847421352843,1.0,1024
synthbuster,0,raise1k,907812,0.3102875186970251,0.13267992436885834,-0.005308598279953003,0.18824141690285182,PNG,26.796133041381836,10.0,0.00891721248626709,20.690181732177734,0.08795793354511261,20.0,-2.3884807211998034,678,0.0,0.7544459700584412,6.7141828536987305,11.198464393615723,0.2944803833961487,0.7055196166038513,1.1823603968976617,3.1993283506836514,0.15670844532994202,0.6867961301240889,0.37526477315612883,1.0,1024
synthbuster,0,raise1k,1593996,0.905338716913414,0.17559465765953064,-0.00034307281021028757,0.25216409220207103,PNG,18.066675186157227,10.0,0.06336203962564468,18.41831398010254,0.33296242356300354,20.0,-1.9379173936393859,678,0.0,0.8128795623779297,19.65655517578125,3.026500701904297,0.8418521881103516,0.15814782679080963,1.6281985086728976,15.625284652037127,0.06714015619620357,0.31464691224195707,0.41021280603199856,0.9999999999999999,1024
synthbuster,0,raise1k,1119678,0.7361901831050931,0.32923102378845215,0.014874845743179321,0.2107033796027508,PNG,22.09194564819336,10.0,0.012296819128096104,14.95665168762207,0.16501647233963013,20.0,-2.271318969866183,678,0.0,0.7041211724281311,10.881633758544922,5.0526323318481445,0.5289082527160645,0.47109171748161316,1.3772923973047433,9.393599788695303,0.12402330218353864,0.5354044655574539,0.38857819171184527,1.0,1024
synthbuster,0,raise1k,800122,0.6487208977029001,0.4570569396018982,0.02625180408358574,0.10019547933568705,PNG,26.048810958862305,10.0,0.0028085990343242884,26.367340087890625,0.027349798008799553,20.0,-2.7711589056243078,1024,0.0,0.7446326017379761,4.952548980712891,6.541146755218506,-0.29842424392700195,1.298424243927002,1.3215033500982507,2.028819006553743,0.2660079372971488,0.8314578109998785,0.35911002922635926,1.0,678
synthbuster,0,raise1k,1138880,0.33241281363421177,0.18333548307418823,0.010854753665626049,0.3014673320661361,PNG,24.94947052001953,10.0,0.010495154187083244,19.09348487854004,0.09902887791395187,20.0,-2.56384010175307,678,0.0,0.7547497749328613,11.382509231567383,6.911698341369629,0.5553768873214722,0.44462311267852783,1.3493713134763792,8.415438591276915,0.10467461108494618,0.5952712715258863,0.39667786189496346,1.0,1024
synthbuster,0,raise1k,1169627,0.25813221406086045,0.20999974012374878,0.008973612450063229,0.2052757277030618,PNG,21.020259857177734,10.0,0.01077334862202406,14.556641578674316,0.10010519623756409,20.0,-2.4908643178440713,678,0.0,0.7472030520439148,9.063077926635742,2.2350683212280273,0.3856510519981384,0.6143489480018616,1.271470658455329,5.519097988972693,0.09128240864796576,0.5855234887416689,0.38991253493152517,1.0,1024
synthbuster,0,raise1k,1072647,0.9564454771179298,0.10426437854766846,-0.0028676101937890053,0.12578850025230068,PNG,18.422992706298828,8.0,0.011480668559670448,19.274410247802734,0.032975293695926666,20.0,-2.414934114844487,678,0.0,0.8901900053024292,8.91547966003418,6.6472697257995605,0.40193045139312744,0.5980695486068726,1.2591225365754413,2.6055251692733625,0.1506861065199605,0.6151508612085332,0.3944073796762901,1.0,1024
synthbuster,0,raise1k,1233688,0.24452191235059761,0.1936512291431427,0.004715035203844309,0.2521093356554683,PNG,23.437986373901367,10.0,0.012881879694759846,18.54713249206543,0.10164773464202881,20.0,-2.400486427135213,1024,0.0,0.7828789949417114,12.139266014099121,8.780668258666992,0.5555663108825684,0.44443365931510925,1.3773708832504281,8.723634848471132,0.09055072470781704,0.5579454550840686,0.3967782297456983,1.0,678
synthbuster,0,raise1k,1021739,0.5588665830196571,0.19252018630504608,-0.0063913241028785706,0.17185519639349028,PNG,20.53481101989746,10.0,0.018049653619527817,20.769540786743164,0.09297004342079163,20.0,-2.196313982176462,678,0.0,0.8284552693367004,7.966183662414551,4.036600112915039,0.09260201454162598,0.907397985458374,1.4250085629535383,2.7657711347915406,0.18229870029294312,0.7382121529796246,0.39484229335073984,1.0,1024
synthbuster,0,raise1k,962733,0.14733782129742962,0.19038978219032288,-0.02026824839413166,0.18746144854878072,PNG,22.516342163085938,10.0,0.013711418025195599,22.647480010986328,0.09348001331090927,20.0,-2.5727177949966737,680,0.0,0.7988873720169067,7.159855842590332,8.43964672088623,0.1030762791633606,0.8969237208366394,1.2633902033954219,2.875469748461717,0.17180625078049963,0.7780620760537716,0.39426258532428177,1.0,1024
synthbuster,0,raise1k,1036565,0.608363309352518,0.1887161135673523,-0.0012038449058309197,0.14603076216996955,PNG,22.07653045654297,10.0,0.012454934418201447,19.121559143066406,0.08586929738521576,20.0,-2.312648823579982,1024,0.0,0.7937436699867249,8.941069602966309,6.858260631561279,0.3222261071205139,0.6777738928794861,1.3724029820422046,4.215718800813337,0.11900653130235803,0.6423606301034758,0.3899633207886012,1.0,678
synthbuster,0,raise1k,1364219,0.6555442705221651,0.2142023742198944,0.015311646275222301,0.21099088739183147,PNG,17.97858238220215,10.0,0.022440556436777115,14.198272705078125,0.10832676291465759,20.0,-2.2899171695793386,1024,0.0,0.8369996547698975,13.002542495727539,4.295422554016113,0.410929799079895,0.589070200920105,1.343348640169624,7.16410890296936,0.1346595363195801,0.5675396922326711,0.40353962646390834,1.0,678
synthbuster,0,raise1k,928071,0.6081057405929415,0.19974492490291595,0.014786114916205406,0.3178189957141604,PNG,23.709003448486328,10.0,0.004498218186199665,25.44298553466797,0.024405762553215027,20.0,-2.7635573472586037,678,0.0,0.8211525678634644,5.11679220199585,5.747556209564209,0.21282976865768433,0.7871702313423157,0.9734228946666181,1.2865926378599781,0.19392383985578865,0.7836164432012407,0.39222903949954746,1.0,1024
synthbuster,0,raise1k,1250533,0.9595863578753313,0.1159982830286026,-0.0006957031437195837,0.14603090769685953,PNG,16.15595817565918,10.0,0.024941466748714447,16.598270416259766,0.1067918986082077,20.0,-2.2935748830623814,1024,0.0,0.8467419147491455,10.691303253173828,3.9024133682250977,0.5126746296882629,0.48732537031173706,1.347701959947185,4.432901774068827,0.14574710767298438,0.5366647311045076,0.40080843346706224,1.0,678
synthbuster,0,raise1k,1056891,0.49323194096781464,0.2214108258485794,0.0017307897796854377,0.16987351541677415,PNG,20.18522071838379,10.0,0.014049063436686993,17.025554656982422,0.08167177438735962,20.0,-2.5183501909327,1024,0.0,0.8231673836708069,10.647500038146973,6.428556442260742,0.08536595106124878,0.9146340489387512,1.3382998432635351,5.667945149939095,0.197006599434338,0.7321826808527218,0.3698017642048274,1.0,678
synthbuster,0,raise1k,1013203,0.353088149003426,0.20159804821014404,-0.0017348938854411244,0.17310424388777135,PNG,17.072216033935547,10.0,0.015623515471816063,13.281005859375,0.09267843514680862,20.0,-2.459348441919706,680,0.0,0.8093489408493042,9.06108283996582,3.309133529663086,0.25010764598846436,0.7498923540115356,1.3846707740699606,4.24192001050249,0.16444333779078774,0.7435177408463496,0.3823687162391017,1.0,1024
synthbuster,0,raise1k,866184,0.2188819411041633,0.24191972613334656,0.025882354006171227,0.16658240121021023,PNG,29.607975006103516,10.0,0.002171991625800729,21.782089233398438,0.04778344929218292,20.0,-2.732345158200458,1024,0.0,0.5700751543045044,3.5542802810668945,9.931716918945312,0.42081397771835327,0.5791860222816467,1.1614124678351874,1.5808821374583188,0.16688096032950595,0.8204803323780507,0.3812791289183666,1.0,678
synthbuster,0,raise1k,1319787,0.2805898764447987,0.1864107996225357,0.005115804262459278,0.18627270542441535,PNG,16.46956443786621,10.0,0.03003481961786747,15.12001895904541,0.1750020980834961,20.0,-2.3199545676890914,680,0.0,0.8202945590019226,15.486113548278809,6.901127815246582,0.4756585955619812,0.5243414044380188,1.4046293087185289,11.448219406391575,0.08960780564114787,0.511711588672198,0.398057545076876,1.0,1024
synthbuster,0,raise1k,792202,0.6981082730363526,0.1929159164428711,0.01604273170232773,0.16344476665303173,PNG,23.536203384399414,10.0,0.0027125910855829716,19.030357360839844,0.06349975615739822,20.0,-2.812690539650597,1024,0.0,0.5818186402320862,2.6896233558654785,2.3226006031036377,0.30206674337387085,0.6979332566261292,1.1220055844627976,1.3223983842634626,0.16532335679675794,0.7364618492228086,0.3222350477200574,0.9999999999999999,678
synthbuster,0,raise1k,1083566,0.9805781560496419,0.18848130106925964,8.086680463748053e-05,0.2230079076423883,PNG,18.996854782104492,10.0,0.020633351057767868,18.511125564575195,0.08256171643733978,20.0,-2.3253945770959707,678,0.0,0.85886549949646,12.156682014465332,6.530174255371094,0.38288360834121704,0.617116391658783,1.2091141773747576,5.616905429820498,0.19502432573713635,0.5687911257470466,0.38597472017412643,1.0,1024
synthbuster,0,raise1k,1019618,0.6709556399021059,0.08416548371315002,-0.006232270039618015,0.14250793490060912,PNG,21.00249481201172,10.0,0.0085636330768466,21.494373321533203,0.03737570345401764,20.0,-2.6549640630652647,678,0.0,0.8527026176452637,9.669781684875488,8.076422691345215,0.39273589849472046,0.6072641015052795,1.1966204411252797,3.7967244780132376,0.1578285298744736,0.714395448721387,0.37583083844628307,1.0,1024
synthbuster,0,raise1k,765200,0.4582882925224421,0.29056960344314575,0.020646957680583,0.16097589948216487,PNG,29.41706657409668,10.0,0.002386420965194702,27.76043701171875,0.032050177454948425,20.0,-2.934113374750163,680,0.0,0.6783560514450073,5.097395420074463,9.258048057556152,0.4148216247558594,0.5851783752441406,1.1129126453181584,2.5214330511734175,0.15681746487594256,0.8026306922005227,0.35294658813743796,0.9999999999999999,1024
synthbuster,0,raise1k,1703677,0.11153846153846154,0.2381686270236969,0.006150742527097464,0.16655881850635704,PNG,11.604375839233398,10.0,0.04690328985452652,11.597469329833984,0.16460736095905304,20.0,-1.9140264817025576,1024,0.0,0.8653321266174316,15.88704776763916,3.879450559616089,0.8112943172454834,0.188705712556839,1.3843679337235368,8.599585547453323,0.07401379895535538,0.39415787973008387,0.4112636595927061,1.0,678
synthbuster,0,raise1k,1098975,0.6338183480810091,0.22018006443977356,0.0008089400944299996,0.32659035686928845,PNG,19.937259674072266,10.0,0.010026327334344387,20.396656036376953,0.04164230450987816,20.0,-2.489135623850346,678,0.0,0.8519597053527832,8.404480934143066,3.5327258110046387,0.24516600370407104,0.754833996295929,1.2164113908089065,2.7266572202578896,0.19073628672878373,0.7048400558165471,0.4003942691866421,1.0,1024
synthbuster,0,raise1k,810305,0.8239107938586302,0.12692369520664215,0.004961303435266018,0.3067235732799843,PNG,24.951961517333984,10.0,0.00638979347422719,24.983224868774414,0.06068270653486252,20.0,-2.461515450045382,678,0.0,0.7461299300193787,10.609259605407715,11.512967109680176,0.679330050945282,0.320669949054718,1.299269353343828,7.5585863297846885,0.16393305808248126,0.6552958797636222,0.3727045114270203,1.0,1024
synthbuster,0,raise1k,1231129,0.7611883862255233,0.14200738072395325,0.005178535357117653,0.24638819099787504,PNG,21.09602165222168,10.0,0.022618915885686874,21.825435638427734,0.1302168369293213,20.0,-2.321045966046013,1024,0.0,0.8086640238761902,15.725735664367676,8.30152416229248,0.5172159075737,0.48278409242630005,1.442085252959738,11.056608035548152,0.1835037649122241,0.5279021817729508,0.39641584396992774,1.0,678
synthbuster,0,raise1k,1300246,0.84756404790512,0.2067306488752365,-0.009039124473929405,0.36563957847078754,PNG,16.95840835571289,8.0,0.017755206674337387,17.697174072265625,0.07913745194673538,20.0,-2.5822750803320007,678,0.0,0.8492631316184998,12.220561981201172,5.083194255828857,0.5146746635437012,0.48532530665397644,1.2386754443335208,6.154604924212464,0.15082802364036005,0.5687156458740328,0.4025931316249517,1.0,1024
synthbuster,0,raise1k,788648,0.9614195439819663,0.14213046431541443,0.0004529441357590258,0.1708879799601334,PNG,18.036895751953125,8.0,0.02123568393290043,20.667144775390625,0.11227376013994217,20.0,-2.1489290410738193,678,0.0,0.822655975818634,12.09430980682373,6.8786211013793945,0.20452648401260376,0.7954735159873962,1.473691046321274,6.313637472835792,0.30948622521519276,0.6286171301628283,0.35955530969795524,1.0,1024
synthbuster,0,raise1k,1087616,0.22614874467077214,0.2900797724723816,0.004161194432526827,0.2348167740356357,PNG,24.045076370239258,10.0,0.016825342550873756,18.771846771240234,0.18019509315490723,20.0,-2.3489778353373367,680,0.0,0.7290508151054382,8.638358116149902,4.711792945861816,0.5471466779708862,0.45285335183143616,1.272956740967251,5.509122102265934,0.11359341344498239,0.5925216776560016,0.3827520556846601,1.0,1024
synthbuster,0,raise1k,1044132,0.8869454293868373,0.12949885427951813,0.010131403803825378,0.16694144824859328,PNG,19.662033081054688,8.0,0.02405158430337906,16.751155853271484,0.14467264711856842,20.0,-2.199783879625674,678,0.0,0.8052435517311096,12.892358779907227,9.189539909362793,0.49613428115844727,0.5038657188415527,1.3682534720771784,7.995366589163135,0.21913855638397706,0.6246183895512113,0.3856931696207893,1.0,1024
synthbuster,0,raise1k,1001054,0.36509510502118453,0.2304171919822693,0.018693046644330025,0.19622123711582096,PNG,25.837589263916016,10.0,0.017523713409900665,25.037071228027344,0.09102337807416916,20.0,-2.3619747418784787,678,0.0,0.8371149301528931,9.966299057006836,9.667312622070312,0.5264594554901123,0.4735405445098877,1.3326834300402022,4.488641912014142,0.18921831307526205,0.6876711946709146,0.3857146089729047,1.0,1024
synthbuster,0,raise1k,1441064,0.29780988936554526,0.25354963541030884,0.01825779862701893,0.11399484610831162,PNG,15.72291374206543,10.0,0.06222737953066826,17.723297119140625,0.21273793280124664,20.0,-2.1313378485533883,678,0.0,0.8625645041465759,13.761163711547852,4.9419941902160645,0.6412920951843262,0.35870787501335144,1.1937285003258693,6.361324186216251,0.10381266781831143,0.5101783993274046,0.4040652448264019,1.0,1024
synthbuster,0,raise1k,1186572,0.36446354590157587,0.1647520214319229,0.0015178906032815576,0.12267306524116614,PNG,16.644622802734375,8.0,0.0467965342104435,19.580171585083008,0.22807280719280243,20.0,-2.1212764980869547,678,0.0,0.8303179144859314,13.696525573730469,8.691550254821777,0.3899213671684265,0.6100786328315735,1.5025085327972485,7.645086654323722,0.2116698833124502,0.607087161236915,0.3961594954080903,1.0,1024
synthbuster,0,raise1k,1218101,0.07045689089032742,0.32374900579452515,-0.0028962285723537207,0.2933793905077486,PNG,18.34764862060547,10.0,0.04073907434940338,21.692047119140625,0.2197699397802353,20.0,-1.9739841089285273,680,0.0,0.8274775147438049,13.259108543395996,9.847880363464355,0.4017726182937622,0.5982273817062378,1.4707409809250835,7.840499141749351,0.18346166823785315,0.607788479574378,0.40379795101120586,1.0,1024
synthbuster,0,raise1k,1444676,0.05552423900789177,0.18519209325313568,-0.00024457546533085406,0.16902876970229008,PNG,17.56496238708496,10.0,0.03948351740837097,13.836498260498047,0.22242112457752228,20.0,-2.19993849439006,680,0.0,0.8159290552139282,13.509749412536621,5.173000335693359,0.6304671764373779,0.36953282356262207,1.406892147348767,8.564399609794965,0.09416339199469595,0.5148952469463699,0.40636885955329544,1.0,1024
synthbuster,0,raise1k,1030665,0.46962685832430834,0.19978715479373932,0.007687482051551342,0.3458837506869787,PNG,20.69322967529297,10.0,0.008019248023629189,22.028945922851562,0.027604302391409874,20.0,-2.3982988055779524,678,0.0,0.8776963353157043,9.42081069946289,4.216577053070068,0.06268709897994995,0.93731290102005,1.1292010957402019,3.00757392509857,0.1531652182493396,0.7111452001241824,0.3845276040167623,1.0,1024
synthbuster,0,raise1k,939622,0.5061839535753362,0.1376328021287918,-0.0026565229054540396,0.0934079936750603,PNG,19.283554077148438,10.0,0.027368787676095963,15.154857635498047,0.11622049659490585,20.0,-2.3361722541379106,680,0.0,0.8420864939689636,7.260483741760254,7.04965353012085,0.07499724626541138,0.9250027537345886,1.254801983051829,2.1297001568187035,0.21288301426824358,0.7996387342472742,0.38069315766970435,1.0,1024
synthbuster,0,raise1k,1020534,0.2805887973790781,0.19098329544067383,0.012646449729800224,0.168383163890446,PNG,30.7442684173584,10.0,0.004370726179331541,26.075237274169922,0.03921915963292122,20.0,-2.90814561057832,680,0.0,0.7716124057769775,5.8925323486328125,11.401997566223145,0.5534916520118713,0.44650834798812866,1.1919102941951087,2.5511138585447273,0.17211966917572016,0.8011793559274778,0.3914191330852765,1.0,1024
synthbuster,0,raise1k,1312986,0.2511931936086325,0.19504494965076447,0.02136065810918808,0.186798329346829,PNG,20.201417922973633,10.0,0.023846572265028954,15.546822547912598,0.15243110060691833,20.0,-2.4078729636579537,1024,0.0,0.8079705834388733,9.271366119384766,7.106006145477295,0.6612164974212646,0.33878350257873535,1.3123319054280758,4.637023575049875,0.13193363191425103,0.6177483083111339,0.40528269742137374,1.0,680
synthbuster,0,raise1k,876220,0.6558055985230278,0.18414901196956635,7.627343438798562e-05,0.142946270483691,PNG,21.97081756591797,10.0,0.010545577853918076,21.96142578125,0.07011216133832932,20.0,-2.5607950570180775,678,0.0,0.803950309753418,4.558898448944092,4.786457538604736,0.26167839765548706,0.7383216023445129,1.00466874027522,1.253039979978442,0.2053388318428875,0.7876948495259091,0.38519522999235756,1.0,1024
synthbuster,0,raise1k,1241720,0.9527394848739268,0.3021353483200073,0.0010049777338281274,0.33951427542249113,PNG,17.363529205322266,10.0,0.023111753165721893,18.957828521728516,0.10213364660739899,20.0,-2.159178762122336,678,0.0,0.849294900894165,15.969917297363281,4.727825164794922,0.5854337215423584,0.414566308259964,1.4370319241740435,9.690964008945702,0.1372240453991809,0.48077923635493464,0.3994880280294104,1.0,1024
synthbuster,0,raise1k,905813,0.9300585904633695,0.08356384187936783,0.002447504783049226,0.28401405273611197,PNG,20.493701934814453,10.0,0.006582905072718859,20.91326904296875,0.0278921015560627,20.0,-2.6982105957286278,678,0.0,0.852695107460022,10.122601509094238,7.566005706787109,0.2796602249145508,0.7203397750854492,1.3140446324795898,4.11992753851732,0.2256569794442411,0.6769385298617305,0.3759243209479192,1.0,1024
synthbuster,0,raise1k,936475,0.883191014693438,0.15032871067523956,-0.003868120489642024,0.2172443726872728,PNG,21.707355499267578,10.0,0.011725426651537418,22.43025779724121,0.07023034989833832,20.0,-2.5075653251417003,678,0.0,0.8225718140602112,10.617021560668945,9.427370071411133,0.346843957901001,0.653156042098999,1.367894036512708,5.588197365693183,0.20548143373644023,0.6738190765985955,0.3763343073485138,1.0,1024
synthbuster,0,raise1k,1460108,0.8250335270451498,0.3184557557106018,0.002677564276382327,0.3355747095049593,PNG,15.00306510925293,10.0,0.030837135389447212,13.158601760864258,0.13989292085170746,20.0,-2.119880969941405,1024,0.0,0.8381203413009644,15.645451545715332,4.536884784698486,0.7714672684669495,0.22853273153305054,1.313656737172036,9.966477294481262,0.08723878878694995,0.4626858284610327,0.40813276431133394,1.0,678
synthbuster,0,raise1k,1500885,0.9260062665702579,0.2948461174964905,0.0021083359606564045,0.30329278837344975,PNG,15.303979873657227,10.0,0.034918658435344696,13.225948333740234,0.15709950029850006,20.0,-1.9866137734775609,1024,0.0,0.8384096026420593,15.191575050354004,3.5184340476989746,0.6211391687393188,0.37886080145835876,1.3703840782027827,9.041718616003472,0.08059255133717477,0.4302633284398968,0.4091901875710173,1.0,678
synthbuster,0,raise1k,1216776,0.6348011994669036,0.1511126011610031,0.012382818385958672,0.271343999411277,PNG,16.831806182861328,10.0,0.01891457661986351,14.132246017456055,0.0858268067240715,20.0,-2.325410671494511,678,0.0,0.8436586856842041,12.119808197021484,6.390671253204346,0.48419904708862305,0.515800952911377,1.2883208372898456,5.9202368060800445,0.1501129056062335,0.6321687244783545,0.4018223497297378,1.0,1024
synthbuster,0,raise1k,1130831,0.620037179657416,0.2657225430011749,0.003353894455358386,0.2681167508578594,PNG,22.889461517333984,10.0,0.013780878856778145,16.323070526123047,0.14760464429855347,20.0,-2.3102249198145457,678,0.0,0.7410451769828796,13.964906692504883,7.309426784515381,0.5492842197418213,0.4507157504558563,1.484824501072828,13.269754095213106,0.10725535891755775,0.5250222604732703,0.3798315427666729,1.0,1024
synthbuster,0,raise1k,911077,0.3908229794562677,0.17092762887477875,0.011546354740858078,0.2557981476566778,PNG,24.184955596923828,10.0,0.0030955509282648563,20.408092498779297,0.06361934542655945,20.0,-2.7154742097940825,678,0.0,0.6146541833877563,4.568683624267578,1.7891697883605957,0.4078226685523987,0.5921773314476013,1.1331522622336543,3.0531898606987045,0.11959638893247704,0.6566483075358276,0.3242636903236061,1.0,1024
synthbuster,0,raise1k,832329,0.9608495135103876,0.10823426395654678,0.0004428605898283422,0.11327001905877668,PNG,21.140575408935547,10.0,0.03761458769440651,15.714160919189453,0.20644943416118622,20.0,-1.900568717083303,1024,0.0,0.8147241473197937,10.498356819152832,9.070796966552734,0.20851987600326538,0.7914801239967346,1.2760786949272205,4.913241968107436,0.2885365830432205,0.6713809399181814,0.36430827782589886,0.9999999999999999,678
synthbuster,0,raise1k,1022188,0.45289084404911534,0.21031740307807922,-0.000566708913538605,0.29787708361173254,PNG,21.6634578704834,10.0,0.013874219730496407,23.268709182739258,0.08641026169061661,20.0,-2.3276590102830315,678,0.0,0.7912148833274841,12.080619812011719,6.831199645996094,-0.08241236209869385,1.0824123620986938,1.5505965343949035,6.814520393175246,0.16830813535096517,0.6973144346325408,0.3899595296817077,1.0,1024
synthbuster,0,raise1k,630741,0.4580035807882924,0.06898801773786545,-0.0005670523969456553,0.060031423014987824,PNG,21.587448120117188,10.0,0.007509424816817045,18.41866683959961,0.06602951139211655,20.0,-2.7316792215241272,678,0.0,0.7740495204925537,3.185523748397827,5.295235633850098,-0.2176288366317749,1.217628836631775,1.221155082927463,0.7852172886098668,0.38758747885742734,0.9025350513070343,0.3592346820918249,1.0,1024
synthbuster,0,raise1k,1452553,0.717163829454943,0.12464699894189835,0.0032281060703098774,0.15266249704257726,PNG,16.824363708496094,10.0,0.02478388324379921,16.891965866088867,0.10536373406648636,20.0,-2.329633386311333,678,0.0,0.8413411378860474,14.868423461914062,5.449138641357422,0.6268254518508911,0.3731745481491089,1.2973529994983988,8.513927901815675,0.08082587694023566,0.5079053859754802,0.40729759342801874,1.0,1024
synthbuster,0,raise1k,1008602,0.7391603815821194,0.21229740977287292,-0.005564072169363499,0.18805099826921118,PNG,17.637454986572266,10.0,0.013571374118328094,14.246106147766113,0.07918225228786469,20.0,-2.7081136260437852,680,0.0,0.8087074160575867,8.368144989013672,4.4067888259887695,0.34142202138900757,0.6585779786109924,1.2832816076247795,3.7821663929305642,0.14776761419609152,0.702476249121414,0.3837419427117242,1.0,1024
synthbuster,0,raise1k,892545,0.40492146956730934,0.0872679278254509,-0.0007331601809710264,0.1405959003660937,PNG,23.26540184020996,10.0,0.007192870602011681,24.282991409301758,0.04380914196372032,20.0,-2.5810472455303755,678,0.0,0.817418098449707,6.279952049255371,7.37057638168335,0.02578568458557129,0.9742143154144287,1.093346701517246,2.070662409132406,0.22498405466522603,0.7718254245634711,0.38692088335114977,1.0,1024
synthbuster,0,raise1k,983454,0.4508978172825347,0.16527365148067474,0.012484555132687092,0.17617294884220405,PNG,21.911237716674805,10.0,0.0237559974193573,23.879487991333008,0.14132444560527802,20.0,-2.275564774858502,678,0.0,0.8030475378036499,12.047076225280762,11.417632102966309,0.2435779571533203,0.7564220428466797,1.4014994203888116,6.777586804201922,0.18936799922945247,0.7259555633630297,0.3869340771836351,1.0,1024
synthbuster,0,raise1k,1174921,0.4617943326952647,0.14285533130168915,0.0013692311476916075,0.16477347026681688,PNG,15.603865623474121,10.0,0.010573862120509148,16.33648681640625,0.06703387200832367,20.0,-2.672285683099489,680,0.0,0.806591272354126,10.83798885345459,4.213652610778809,0.44390344619750977,0.5560965538024902,1.355333745292759,6.439724748142886,0.19277766639543623,0.6722592843437958,0.3941732576209898,0.9999999999999999,1024
synthbuster,0,raise1k,850415,0.5413778705636744,0.11966882646083832,0.0003812727809417993,0.26021055345218236,PNG,27.052717208862305,10.0,0.003960036672651768,29.28443145751953,0.023037433624267578,20.0,-2.6659312078428945,678,0.0,0.8218697905540466,6.472438335418701,8.429011344909668,0.12310510873794556,0.8768948912620544,1.303453373207996,1.9607732892425531,0.22889509527015023,0.7839428375832934,0.38730973848902184,1.0,1024
synthbuster,0,raise1k,1145744,0.06044740599714422,0.22886237502098083,0.004360400605946779,0.15529108203442626,PNG,17.234458923339844,8.0,0.01609092950820923,15.85312271118164,0.10034407675266266,20.0,-2.5362592397958035,678,0.0,0.811549723148346,5.040658473968506,6.313314437866211,0.600390613079071,0.39960938692092896,1.083733886945381,1.4119883015215207,0.22758418985351084,0.745094541561856,0.4044606626970574,1.0,1024
synthbuster,0,raise1k,1000330,0.49901057548822425,0.12995126843452454,0.00018294932669959962,0.21509405489009528,PNG,22.66533660888672,10.0,0.010345418937504292,18.485240936279297,0.04972777143120766,20.0,-2.7051235541600076,678,0.0,0.8453236222267151,11.288747787475586,8.663923263549805,0.3069188594818115,0.6930811405181885,1.3795932840150957,5.821579222787462,0.179964139408396,0.7444775060064351,0.38727802967566305,1.0,1024
synthbuster,0,raise1k,935394,0.2916929343872751,0.4151141047477722,0.022435350343585014,0.20753610088011357,PNG,21.949146270751953,10.0,0.00547392200678587,16.765300750732422,0.07238847762346268,20.0,-2.6719873625641184,678,0.0,0.6818377375602722,5.0452494621276855,1.8745626211166382,0.27567726373672485,0.7243227362632751,1.279441268827766,2.3603525679077206,0.12767038858491056,0.6961810049364694,0.3474361088201631,1.0,1024
synthbuster,0,raise1k,873009,0.21877637526492488,0.1018482968211174,0.002437599701806903,0.33454105693518815,PNG,26.920976638793945,10.0,0.0019128489075228572,28.044231414794922,0.020417707040905952,20.0,-2.597575461134054,681,0.0,0.714482843875885,4.004311561584473,11.926332473754883,0.050509750843048096,0.9494902491569519,1.3705778477831736,1.1429653239290234,0.38703072406672173,0.8939878860177868,0.3601018121154318,1.0,1024
synthbuster,0,raise1k,898945,0.4948226357079876,0.15320391952991486,0.005336137022823095,0.08301432752239683,PNG,20.179244995117188,10.0,0.010064337402582169,22.20798683166504,0.02744995802640915,20.0,-2.486770314074729,1024,0.0,0.9048213362693787,6.388443470001221,4.506650447845459,-0.298880934715271,1.298880934715271,1.189770605119528,1.1906023451794783,0.20816166959623053,0.8238555705195875,0.36704943539392887,1.0,680
synthbuster,0,raise1k,1521950,0.37485345838218054,0.1685376912355423,-0.0024307973217219114,0.24860940888914626,PNG,17.440845489501953,10.0,0.039205681532621384,17.76567840576172,0.16417640447616577,20.0,-2.3169885099748555,678,0.0,0.8490269780158997,15.208799362182617,5.187647342681885,0.5855171084403992,0.41448289155960083,1.353300128545885,8.783426079617888,0.08093523652529927,0.49080595053091436,0.4089856522236159,1.0,1024
synthbuster,0,raise1k,1414585,0.024009146341463415,0.08143933862447739,0.007255571894347668,0.10582583290244517,PNG,19.85660171508789,10.0,0.028175802901387215,13.938860893249512,0.13692840933799744,20.0,-2.3459899933834376,680,0.0,0.8337305784225464,10.48153018951416,5.890374660491943,0.5863989591598511,0.4136010706424713,1.3573429885214476,4.853809652434667,0.14302883848422296,0.5672578773843392,0.4093138758668123,1.0,1024
synthbuster,0,raise1k,869891,0.8870101908999569,0.15075629949569702,0.00046204536920413375,0.20328300490214746,PNG,28.928836822509766,10.0,0.00630757212638855,25.710847854614258,0.07485286146402359,20.0,-2.5637190905686507,1024,0.0,0.7256600260734558,7.638462066650391,9.589900016784668,0.5746883749961853,0.4253116250038147,1.3349338340678734,4.534861236145047,0.15764920668283,0.6213815973629653,0.38565060971727255,1.0,678
synthbuster,0,raise1k,1418744,0.3947901591895803,0.2045939415693283,0.0030795687343925238,0.31566462321893635,PNG,16.317337036132812,10.0,0.04469360038638115,13.372747421264648,0.22034254670143127,20.0,-2.088834175059098,678,0.0,0.831457793712616,16.585723876953125,3.6778550148010254,0.6687479019165039,0.3312520980834961,1.4479349709322076,11.596466422849831,0.13243165748523972,0.5110014160661108,0.40699533275419275,1.0,1024
synthbuster,0,raise1k,1048085,0.22426299510032024,0.2571231424808502,0.017024995759129524,0.1558653055496299,PNG,20.167882919311523,10.0,0.0059683057479560375,14.898568153381348,0.06620115786790848,20.0,-2.771570586835048,680,0.0,0.7230265140533447,6.5414581298828125,2.903921365737915,0.359749972820282,0.640250027179718,1.2213085495547245,3.743053657195463,0.1523163843944348,0.7195529152440401,0.3778216081200585,1.0,1024
synthbuster,0,raise1k,1312175,0.17958520500812386,0.07358618080615997,-0.0035851045977324247,0.11582520346410606,PNG,17.00189781188965,10.0,0.013172582723200321,14.485090255737305,0.07485349476337433,20.0,-2.477070834887021,680,0.0,0.8196174502372742,11.29446792602539,5.641226291656494,0.5236383676528931,0.47636160254478455,1.2541268325849897,6.254250162256327,0.12089520350152141,0.6069228078764127,0.4068968467086495,1.0,1024
synthbuster,0,raise1k,1062241,0.55465495161055,0.3225407600402832,0.008174018934369087,0.10678157763029028,PNG,16.665515899658203,10.0,0.02996622584760189,19.35249137878418,0.1312655657529831,20.0,-2.351639794001432,678,0.0,0.8542114496231079,9.283820152282715,8.260271072387695,0.298545241355896,0.701454758644104,1.2152909705637096,3.456589968882722,0.23584587783523286,0.7075920237300244,0.38899268837473033,0.9999999999999999,1024
synthbuster,0,raise1k,1036224,0.8130205823638742,0.14725744724273682,-0.0025465558283030987,0.3505170236302956,PNG,23.347312927246094,10.0,0.008198386989533901,23.197437286376953,0.03641172870993614,20.0,-2.628360060919716,678,0.0,0.8559082746505737,9.783617973327637,5.47067928314209,0.27972298860549927,0.7202770113945007,1.2118715373786946,3.703758969706538,0.3309391655840861,0.6767669725973908,0.38783040067183816,1.0,1024
synthbuster,0,raise1k,946558,0.6618355733139605,0.333282470703125,0.0042312233708798885,0.28838903426321666,PNG,19.153993606567383,10.0,0.012638520449399948,13.087236404418945,0.07943616807460785,20.0,-2.6311908190745648,678,0.0,0.8082319498062134,10.617989540100098,5.108185291290283,0.367885947227478,0.632114052772522,1.279601183877287,6.176779553922852,0.15486220077856044,0.7524211561342081,0.37151130028439616,1.0,1024
synthbuster,0,raise1k,810444,0.6843839852438561,0.07517877221107483,-0.012421933002769947,0.08868086511011873,PNG,21.962387084960938,10.0,0.015516896732151508,23.15786361694336,0.08286094665527344,20.0,-2.170377028249035,678,0.0,0.8293941617012024,8.986871719360352,6.5404372215271,-0.2634061574935913,1.2634061574935913,1.4056090980838245,3.401887962803298,0.22719537265506623,0.7980894371361926,0.36732717931946657,1.0,1024
synthbuster,0,raise1k,1111149,0.8176163390213884,0.0782584398984909,-0.0023801340721547604,0.2373321240054556,PNG,23.20308494567871,10.0,0.019909555092453957,20.9299373626709,0.09215127676725388,20.0,-2.1313463263439676,678,0.0,0.8470661044120789,17.470094680786133,9.0638427734375,0.3867071866989136,0.6132928133010864,1.4451037732284167,11.745930371099785,0.25705314135704754,0.6032724655984879,0.3809341254005157,1.0,1024
synthbuster,0,raise1k,1116050,0.6102066374452098,0.21478953957557678,0.013038676232099533,0.3215452533693419,PNG,21.052034378051758,10.0,0.010185309685766697,18.862937927246094,0.08856989443302155,20.0,-2.339997974938729,1024,0.0,0.7550432085990906,11.510298728942871,2.84576416015625,0.5796835422515869,0.4203164279460907,1.2935542790341252,8.23220327916806,0.15765731646332865,0.5910943809337863,0.3973820815160505,1.0,678
synthbuster,0,raise1k,1229156,0.9831673821271442,0.21221128106117249,-0.0018854355439543724,0.12275321117626058,PNG,13.675556182861328,10.0,0.0296099204570055,14.679146766662598,0.10131286084651947,20.0,-2.269616741655931,678,0.0,0.8691546320915222,10.707488059997559,4.791536808013916,0.3567585349082947,0.6432414650917053,1.205043072808784,3.988213697361731,0.24879372569087774,0.6328814439201405,0.3879242497592794,1.0,1024
synthbuster,0,raise1k,899143,0.3608828227094526,0.3691878020763397,0.011525053530931473,0.27965343768911777,PNG,29.12375259399414,10.0,0.0030276693869382143,21.41441535949707,0.04908323660492897,20.0,-2.689616923549714,1024,0.0,0.6045926809310913,4.334259986877441,1.0760842561721802,0.2730344533920288,0.7269655466079712,1.3170518498298769,2.356549573325669,0.212910828612916,0.818789356918502,0.3726392841932995,1.0,678
synthbuster,0,raise1k,1254997,0.3593142857142857,0.17957185208797455,0.02186192199587822,0.25705104445913296,PNG,15.792101860046387,10.0,0.0211798008531332,16.812511444091797,0.09926634281873703,20.0,-2.3899971985668165,678,0.0,0.8303662538528442,8.491035461425781,3.6207756996154785,0.5582700967788696,0.44172993302345276,0.9685186816223147,2.9995153305229567,0.14223414178406157,0.5724769755963652,0.4109480245615911,1.0,1024
synthbuster,0,raise1k,720160,0.743008248634296,0.1781187802553177,-0.00638305488973856,0.28305255759014075,PNG,21.120845794677734,10.0,0.003878912888467312,20.049789428710938,0.030552320182323456,20.0,-2.5943894787224426,678,0.0,0.7566757798194885,6.307487964630127,2.69758677482605,0.03669333457946777,0.9633066654205322,1.3164258727015277,2.402661165383303,0.33083390191896134,0.8105989621663483,0.3623920242222336,1.0,1024
synthbuster,0,raise1k,1085380,0.6823539917842472,0.2561582028865814,-0.004131652880460024,0.14164236293262286,PNG,18.38504409790039,10.0,0.019028156995773315,18.798572540283203,0.06210727244615555,20.0,-2.340726934528726,678,0.0,0.8782391548156738,6.207730770111084,5.534315586090088,0.44892561435699463,0.5510743856430054,1.2489922615544502,1.3797860652116924,0.21597657239256896,0.744769886841065,0.39142697822609157,1.0,1024
synthbuster,0,raise1k,1231804,0.7571487946799668,0.12505649030208588,0.003496293444186449,0.19956511720705522,PNG,17.117908477783203,10.0,0.031410813331604004,16.12723159790039,0.12254731357097626,20.0,-2.2350440220206442,680,0.0,0.8604995012283325,17.576412200927734,6.271865367889404,0.5413559675216675,0.4586440622806549,1.3989164288955604,11.679397340880131,0.12716890378113785,0.5518796868391497,0.3980891360684925,1.0,1024
synthbuster,0,raise1k,998540,0.2077250689738301,0.14964188635349274,-0.013214634731411934,0.09778264341305168,PNG,12.948540687561035,10.0,0.06398285925388336,13.355693817138672,0.20135623216629028,20.0,-2.1678157435111793,680,0.0,0.8762069344520569,3.705841302871704,4.282979965209961,0.43201011419296265,0.5679898858070374,0.9595335495795629,0.5770607337834496,0.3994061665708519,0.8219311793210544,0.4021899992923352,1.0,1024
synthbuster,0,raise1k,1039842,0.1633929836158459,0.3106212019920349,0.009815345518290997,0.24132537388600842,PNG,22.552566528320312,10.0,0.010361128486692905,17.737239837646484,0.07657738775014877,20.0,-2.620122587215486,680,0.0,0.7919759154319763,7.443244457244873,8.776323318481445,0.3801953196525574,0.6198046803474426,1.1860146796974382,3.3289392000398,0.16718471945673263,0.7449933788839043,0.39595956528375564,1.0,1024
synthbuster,0,raise1k,1029622,0.337943681233294,0.10739864408969879,-0.01636183075606823,0.17921542315793093,PNG,20.478328704833984,10.0,0.02317739650607109,19.236934661865234,0.09262268245220184,20.0,-2.4245383460296885,680,0.0,0.8616212010383606,10.000341415405273,8.899618148803711,0.1821722388267517,0.8178277611732483,1.4207705370239425,3.7937430076343897,0.2571086660001461,0.7362072093606546,0.39110361801203997,1.0,1024
synthbuster,0,raise1k,918950,0.15362465781202475,0.1589306890964508,-0.003648981684818864,0.17194306810267362,PNG,17.346389770507812,8.0,0.003780946135520935,15.454889297485352,0.03601563721895218,20.0,-2.6515244457026492,680,0.0,0.7518405914306641,4.267221927642822,5.987045764923096,-0.06467759609222412,1.0646775960922241,1.174833217423548,1.3337848711432618,0.2289436256659846,0.8670335378751218,0.3977122087971085,1.0,1024
synthbuster,0,raise1k,980040,0.7396498034611262,0.10544384270906448,0.0009426290635019541,0.27365130309395574,PNG,22.814983367919922,10.0,0.00841817632317543,25.574037551879883,0.040370382368564606,20.0,-2.417887761671984,678,0.0,0.8367711901664734,10.40137004852295,4.275104522705078,0.25960201025009155,0.7403979897499084,1.4001987403139964,4.52913049524515,0.24103931191823474,0.7279426005597224,0.386221414876225,1.0,1024
synthbuster,0,raise1k,1061919,0.4485285842898942,0.18667012453079224,-0.006520370952785015,0.1420195467294417,PNG,19.342517852783203,10.0,0.018195264041423798,20.219820022583008,0.12338621914386749,20.0,-2.259273573149539,681,0.0,0.7971721291542053,9.104104995727539,7.305705547332764,0.23814815282821655,0.7618518471717834,1.3720098566024075,4.358797746446326,0.221607705408999,0.7077453655285607,0.38610019896676884,1.0,1024
synthbuster,0,raise1k,1122366,0.6792249300838993,0.20040255784988403,-0.005576365627348423,0.1874174730665303,PNG,16.82632827758789,10.0,0.016575586050748825,19.73285675048828,0.06618941575288773,20.0,-2.3889332176761404,678,0.0,0.8542805910110474,8.030653953552246,4.449578285217285,0.29187941551208496,0.708120584487915,1.1420595663794668,2.5058323726514264,0.1543092064971371,0.6889485766220833,0.3993740207265402,1.0,1024
synthbuster,0,raise1k,999983,0.2502078853046595,0.27188798785209656,-0.0029129728209227324,0.27038641646924,PNG,18.98931312561035,8.0,0.014855273999273777,16.568363189697266,0.12573228776454926,20.0,-2.215593414194777,680,0.0,0.7729442119598389,7.95285177230835,8.74892807006836,0.15407681465148926,0.8459231853485107,1.3433852189591353,3.8995994402996015,0.2295483761685538,0.7430397162136507,0.3898682427288406,1.0,1024
synthbuster,0,raise1k,754288,0.9577984777916619,0.10061414539813995,-0.013188152574002743,0.19837285090331003,PNG,21.82760238647461,10.0,0.006980328354984522,23.861984252929688,0.035462770611047745,20.0,-2.321857357155173,678,0.0,0.8345972299575806,8.505817413330078,6.0617899894714355,0.03272193670272827,0.9672780632972717,1.3378945509363902,2.998769532412292,0.4668843028328141,0.7606449505832451,0.34547733709851536,1.0,1024
synthbuster,0,raise1k,991652,0.3701369863013699,0.17055508494377136,0.004857326857745647,0.22768130918394325,PNG,27.794055938720703,10.0,0.010758480988442898,25.210693359375,0.11662726104259491,20.0,-2.364460110029643,1024,0.0,0.7466679811477661,10.300642967224121,11.495210647583008,0.5842404961585999,0.41575950384140015,1.3867798266789806,7.655036133053658,0.15585160585297964,0.6686993326360028,0.389691781637541,1.0,678
synthbuster,0,raise1k,1018634,0.2753276006936375,0.21358124911785126,0.0170744638890028,0.12998040405028435,PNG,25.225831985473633,10.0,0.005182344000786543,25.947038650512695,0.032984960824251175,20.0,-2.6165756725116145,680,0.0,0.806307852268219,5.351783275604248,8.359045028686523,0.4572080373764038,0.5427919626235962,1.183767646718021,1.794206601844381,0.2503216607308426,0.8158021065813712,0.39280590993013326,1.0,1024
synthbuster,0,raise1k,917487,0.7640692199506737,0.12027376890182495,0.002358081052079797,0.3651359982833734,PNG,26.844738006591797,10.0,0.002996786730363965,28.594497680664062,0.014298047870397568,20.0,-2.709978933622325,678,0.0,0.861802875995636,5.288774490356445,4.773815155029297,0.3259016275405884,0.6740983724594116,1.1194396505946431,1.1890411625125048,0.17796552116830133,0.7538234877029146,0.3904834169925977,1.0,1024
synthbuster,0,raise1k,911321,0.9295600593178448,0.17186108231544495,0.004318340215831995,0.21651554443528204,PNG,23.599035263061523,10.0,0.007171001750975847,22.955120086669922,0.049118772149086,20.0,-2.4375307192897795,678,0.0,0.8013639450073242,10.636507987976074,7.559872627258301,0.4648211598396301,0.5351788401603699,1.2677538919730205,5.979775522103568,0.20103048587159258,0.700648846763713,0.36739067112333235,1.0,1024
synthbuster,0,raise1k,1377203,0.02053622361665716,0.19650015234947205,0.01920897886157036,0.20936907254769296,PNG,19.495962142944336,10.0,0.03996876999735832,15.66398811340332,0.3237510323524475,20.0,-1.8670478396055814,680,0.0,0.7686826586723328,12.427757263183594,7.343593120574951,0.8228055834770203,0.17719441652297974,1.4067577663312192,8.521492267442438,0.10707939191724791,0.4864387146694803,0.40358126016793794,1.0,1024
synthbuster,0,raise1k,1326166,0.37182141529967616,0.13192500174045563,-0.002932043978944421,0.11581390611215708,PNG,14.188065528869629,8.0,0.038776956498622894,12.100367546081543,0.12577761709690094,20.0,-2.3665771832198037,678,0.0,0.8726668357849121,10.197986602783203,3.867696523666382,0.3998648524284363,0.6001351475715637,1.3041232804610439,3.4598068944832945,0.13657226814238088,0.6221462710202715,0.4049839052604731,1.0,1024
synthbuster,0,raise1k,1055399,0.16764354066985646,0.15290096402168274,0.013979202136397362,0.1720548230640029,PNG,17.750606536865234,10.0,0.055792100727558136,16.44249153137207,0.1586831957101822,20.0,-2.1372648882546845,680,0.0,0.8822066187858582,11.156325340270996,7.943790435791016,0.1263664960861206,0.8736335039138794,1.2046362335262368,4.0514670580791465,0.25374006879581745,0.7060413282400605,0.4036716131366299,1.0,1024
synthbuster,0,raise1k,1204705,0.4013530462544183,0.2548983693122864,-0.02110106498003006,0.29138245577724875,PNG,17.566240310668945,10.0,0.01053186971694231,16.064411163330078,0.04211723059415817,20.0,-2.4796805607330783,1024,0.0,0.8590123653411865,8.623315811157227,3.1706976890563965,0.30051475763320923,0.6994852423667908,1.1148837387572226,2.7628138456766944,0.14044576584253848,0.6668722836445018,0.4036449740967479,1.0,678
synthbuster,0,raise1k,967643,0.3975598700611921,0.1998583972454071,0.0023468914441764355,0.30528569085592433,PNG,23.47490692138672,10.0,0.006397617980837822,19.930274963378906,0.06644509732723236,20.0,-2.5489131707506476,678,0.0,0.7375530004501343,8.352527618408203,8.595766067504883,0.506800651550293,0.49319931864738464,1.3366642798962365,4.930271608107093,0.16656245956879767,0.6728962270619354,0.387368338189109,1.0,1024
synthbuster,0,raise1k,1055426,0.5544566544566545,0.3112368881702423,0.004426317755132914,0.23713456792423698,PNG,22.038623809814453,10.0,0.013258949853479862,16.117692947387695,0.09590368717908859,20.0,-2.6102843720063147,680,0.0,0.7966788411140442,10.075021743774414,9.051860809326172,0.5514968633651733,0.44850316643714905,1.288700970521439,5.89191179911225,0.14862342240085158,0.7037697738685865,0.3900587125255789,1.0,1024
synthbuster,0,raise1k,1247329,0.5319275123558485,0.2559604346752167,-0.007452229969203472,0.2582483676532971,PNG,16.15810775756836,10.0,0.025825122371315956,15.537088394165039,0.10077495872974396,20.0,-2.1751688494527706,678,0.0,0.856660008430481,9.88769817352295,3.8105216026306152,0.3760800361633301,0.6239199638366699,1.1446999478287505,3.533770623313396,0.1414343000665374,0.6295007918198243,0.40092434979194813,1.0,1024
synthbuster,0,raise1k,751997,0.24486765091290294,0.1985805630683899,0.005727832671254873,0.18183618179028527,PNG,19.440690994262695,10.0,0.0037885326892137527,18.821090698242188,0.03741591051220894,20.0,-2.9419518447328517,678,0.0,0.7430702447891235,2.3654375076293945,3.665029525756836,-0.04661965370178223,1.0466196537017822,1.0768801548602485,0.8992957249081583,0.19093437947148287,0.7802331305542571,0.27844963224383895,1.0,1024
synthbuster,0,raise1k,1036230,0.5559338011940924,0.10498957335948944,0.0017713315319269896,0.15290914931876556,PNG,19.919893264770508,10.0,0.008815506473183632,20.5349063873291,0.06023222953081131,20.0,-2.264801817937804,680,0.0,0.7954037189483643,9.409951210021973,6.352507591247559,0.3873097896575928,0.6126902103424072,1.3250827334895534,4.886654970281587,0.14955581032245824,0.7094750166155567,0.3911652325302342,1.0,1024
synthbuster,0,raise1k,960741,0.5558624792826484,0.27875274419784546,0.01265875156968832,0.32476681123344475,PNG,21.83517074584961,10.0,0.00455873180180788,13.445979118347168,0.06953331083059311,20.0,-2.793752552373788,1024,0.0,0.6557570695877075,7.640848636627197,1.9554030895233154,0.6014176607131958,0.3985823392868042,1.290672740379822,5.503655951434554,0.13493429342262378,0.6600753455066082,0.36944387056708,1.0,678
synthbuster,0,raise1k,914508,0.25808509435638205,0.26358556747436523,0.00111933215521276,0.1437697629020439,PNG,20.452892303466797,10.0,0.014334420673549175,16.06021499633789,0.09167570620775223,20.0,-2.479323050489677,1024,0.0,0.8081895112991333,6.475200176239014,6.7410569190979,-0.2747727632522583,1.2747727632522583,1.3314468214840742,2.264746770106722,0.3940515607012673,0.8598977726881349,0.3292792360078491,1.0,680
synthbuster,0,raise1k,840431,0.8876315161794716,0.3322771191596985,0.021224165335297585,0.12658126865992145,PNG,23.020092010498047,10.0,0.009733459912240505,21.414487838745117,0.08485952019691467,20.0,-2.3249079864113766,1024,0.0,0.7706081867218018,8.212002754211426,9.850578308105469,0.13820087909698486,0.8617991209030151,1.4120025694111276,4.313409842168659,0.22622470292189822,0.7837157442136637,0.37161589042513976,1.0,678
synthbuster,0,raise1k,943306,0.1799796169576324,0.07654363662004471,0.0032813362777233124,0.21879458374750851,PNG,21.152816772460938,10.0,0.005977409426122904,17.77294158935547,0.08364181965589523,20.0,-2.5326426563376345,1024,0.0,0.6902274489402771,5.715219020843506,4.38692045211792,0.2678564786911011,0.7321435213088989,1.4570633654533087,2.8939591208171005,0.23721683505585633,0.795381553582935,0.381454209794435,1.0,678
synthbuster,0,raise1k,911006,0.45911851736489645,0.10898511111736298,0.0023618098348379135,0.09398587238331295,PNG,22.164323806762695,10.0,0.007877008989453316,17.230648040771484,0.06260431557893753,20.0,-2.377594133574446,678,0.0,0.7752429842948914,8.606409072875977,7.5469865798950195,0.1977602243423462,0.8022397756576538,1.4484534132044693,4.336424584370685,0.1928220677523441,0.7449633925158214,0.3888791395192016,1.0,1024
synthbuster,0,raise1k,807321,0.5105734953102827,0.19268599152565002,0.0,0.20578844465991003,PNG,17.33799171447754,10.0,0.007028047926723957,12.948884963989258,0.05786026269197464,20.0,-2.7401905083158735,1024,0.0,0.7716562747955322,2.810765027999878,3.6856939792633057,-0.2552391290664673,1.2552391290664673,1.2331801435906593,0.7633933812141297,0.24277561122855526,0.8309979450525813,0.3287719519340738,1.0,678
synthbuster,0,raise1k,946225,0.9438722197342887,0.12702232599258423,0.001626311568543315,0.188460507048659,PNG,21.255950927734375,8.0,0.008121551014482975,20.413192749023438,0.06514104455709457,20.0,-2.547165091388714,678,0.0,0.7823953628540039,9.363737106323242,7.202839374542236,0.5640373826026917,0.43596261739730835,1.2559509519831071,5.439285467304193,0.1888092800307195,0.6227870296080966,0.3869438087089293,1.0,1024
synthbuster,0,raise1k,1021786,0.5995505617977528,0.2198244333267212,0.01947261579334736,0.2690125175649181,PNG,19.180612564086914,10.0,0.011896822601556778,20.583290100097656,0.05749105289578438,20.0,-2.5566454594942276,678,0.0,0.8355105519294739,9.431267738342285,7.137293815612793,0.3188556432723999,0.6811443567276001,1.2745562857786465,4.055879072600815,0.26511204948700184,0.7313194943707113,0.36804451696321977,0.9999999999999999,1024
synthbuster,0,raise1k,1060352,0.2983990932917759,0.19532985985279083,0.011567600071430206,0.12805432023443072,PNG,21.18343734741211,10.0,0.008981699123978615,21.397275924682617,0.04710227996110916,20.0,-2.6479927689640177,680,0.0,0.8328844308853149,6.6036834716796875,3.6855149269104004,0.21465247869491577,0.7853475213050842,1.2595566932203275,2.2021566843988736,0.14886835983804964,0.7457321047566651,0.39339524836715645,1.0,1024
synthbuster,0,raise1k,929977,0.8271828557711193,0.09954699128866196,-0.0044450173154473305,0.19971027501556216,PNG,19.880908966064453,10.0,0.007835139520466328,22.38441276550293,0.032746098935604095,20.0,-2.413121834888835,678,0.0,0.8460459113121033,7.959158897399902,3.310451030731201,0.14435815811157227,0.8556418418884277,1.180506652314648,2.4846905298966444,0.1636358484503346,0.6944607814473172,0.38743322644952294,1.0,1024
synthbuster,0,raise1k,1294197,0.946221138677757,0.18980105221271515,0.0043608034029603004,0.24735583725634747,PNG,17.87843894958496,10.0,0.01851830445230007,21.544273376464844,0.055945973843336105,20.0,-2.3316553755686944,678,0.0,0.8824169635772705,14.574820518493652,4.519601345062256,0.4501231908798218,0.5498768091201782,1.264418102426925,6.269442742907366,0.14699736181115772,0.5847355408517415,0.4021306024917009,1.0,1024
synthbuster,0,raise1k,1566541,0.4539944903581267,0.1614677608013153,0.006768643856048584,0.2500506557663788,PNG,13.756924629211426,10.0,0.04284253343939781,13.709635734558105,0.20448769629001617,20.0,-2.047117389960861,678,0.0,0.8328611850738525,19.228979110717773,3.7927980422973633,0.6273267269134521,0.37267330288887024,1.4628808901878523,14.783918265647786,0.07938425033328854,0.4161499335973093,0.4079388116005884,1.0,1024
synthbuster,0,raise1k,1110889,0.9733246584255042,0.14171312749385834,-0.0012059807777404785,0.23511826383299245,PNG,17.064739227294922,10.0,0.015957927331328392,14.298946380615234,0.08728546649217606,20.0,-2.30691082196303,1024,0.0,0.8175594210624695,12.26505184173584,3.9420204162597656,0.40400993824005127,0.5959900617599487,1.3569294463638084,6.810062978974556,0.20066266139148858,0.5649879988569562,0.39182619468485425,1.0,678
synthbuster,0,raise1k,768244,0.4414898597404543,0.1944679617881775,-0.000914899748750031,0.24812591438274775,PNG,25.419281005859375,10.0,0.0025644272100180387,27.826133728027344,0.012884769588708878,20.0,-2.6687251122925257,678,0.0,0.8479476571083069,4.85560417175293,4.571484088897705,-0.5983431339263916,1.5983431339263916,1.1733646928602333,1.0982840411402832,0.2779641500016309,0.9088178074870792,0.35209719086688696,1.0,1024
synthbuster,0,raise1k,1460306,0.18106427090532135,0.2008749544620514,0.005898060277104378,0.16772434818932777,PNG,16.619260787963867,10.0,0.03224889561533928,15.322328567504883,0.1244884505867958,20.0,-2.082001989457358,678,0.0,0.8543564677238464,11.642618179321289,4.151247978210449,0.7415018677711487,0.2584981322288513,1.0279619952507661,4.956915623535868,0.09453132061326436,0.4923470715972261,0.4112869544285815,1.0,1024
synthbuster,0,raise1k,1216286,0.3205310573731626,0.1784476339817047,0.0008748301770538092,0.259160966585212,PNG,22.490053176879883,10.0,0.012051510624587536,18.354341506958008,0.10049363970756531,20.0,-2.3830057144408445,1024,0.0,0.7768983244895935,11.705982208251953,8.464790344238281,0.5621660947799683,0.43783387541770935,1.3426343088482227,8.362362083401479,0.09391964317689999,0.5702911046212251,0.399052213502783,1.0,678
synthbuster,0,raise1k,1189513,0.6524381132639339,0.12060637027025223,-0.003218484576791525,0.18877034278372612,PNG,20.299665451049805,10.0,0.01689300499856472,15.658113479614258,0.13824203610420227,20.0,-2.3908205596580534,678,0.0,0.7663718461990356,14.355956077575684,6.255409240722656,0.6920645236968994,0.3079354763031006,1.4395392526070847,12.790105134126582,0.122833586385625,0.5613769364072262,0.39460476644958,0.9999999999999999,1024
synthbuster,0,raise1k,811395,0.5723370776694786,0.127881720662117,0.016587402671575546,0.19861963446551442,PNG,25.189517974853516,10.0,0.002655916614457965,13.749104499816895,0.05051160976290703,20.0,-2.7574240192351662,678,0.0,0.6542680263519287,6.710674285888672,3.744107484817505,0.13719230890274048,0.8628076910972595,1.2988464284216605,5.018891845870167,0.22814055746795958,0.7204164653306906,0.35705495487146577,1.0,1024
synthbuster,0,raise1k,917180,0.14628376884644295,0.2612605690956116,-0.006881117355078459,0.2601517888461756,PNG,24.82141876220703,10.0,0.008555569685995579,27.041837692260742,0.05416012555360794,20.0,-2.624583441356693,680,0.0,0.807513415813446,6.408193588256836,8.523157119750977,0.10591238737106323,0.8940876126289368,1.2781806639847342,2.2102681398171913,0.20524478304078703,0.8260872251970732,0.39319724571647097,1.0,1024
synthbuster,0,raise1k,1156525,0.5232007305519092,0.16197127103805542,0.003877481445670128,0.2977494445108078,PNG,21.833620071411133,10.0,0.010982882231473923,17.695953369140625,0.09450995177030563,20.0,-2.4131386358204066,678,0.0,0.7536887526512146,12.599227905273438,6.771872520446777,0.5627560615539551,0.43724390864372253,1.4381903359245998,10.158320131614955,0.11741120167332597,0.60328482818165,0.39995906563479483,1.0,1024
synthbuster,0,raise1k,1128515,0.6954862105162707,0.06570477783679962,-0.004087666980922222,0.19854283051785657,PNG,22.75818634033203,10.0,0.02010209858417511,19.843441009521484,0.11245454847812653,20.0,-2.3721549664999,678,0.0,0.824357807636261,15.23768424987793,10.970647811889648,0.45451343059539795,0.545486569404602,1.389585321363417,10.392947291225552,0.12871027169345867,0.6074219146070697,0.39868186584398513,1.0,1024
synthbuster,0,raise1k,1279706,0.25551267916207276,0.2710912525653839,0.00354272429831326,0.1663118833606149,PNG,17.94925308227539,10.0,0.03886278346180916,15.411151885986328,0.21382708847522736,20.0,-2.2197893839027745,680,0.0,0.8196327686309814,8.843449592590332,5.8771138191223145,0.5531433820724487,0.4468565881252289,1.2012607346652082,3.596866000018996,0.15020894076120567,0.6082782440840693,0.40677351283024926,1.0,1024
synthbuster,0,raise1k,1413904,0.9187630695139725,0.153641015291214,0.0006568979588337243,0.19207689763817085,PNG,13.625690460205078,10.0,0.03770790994167328,12.973163604736328,0.19064322113990784,20.0,-2.0221265512368443,678,0.0,0.8210963606834412,14.015981674194336,5.016172409057617,0.7013938426971436,0.29860612750053406,1.359799853638437,7.9363408067176575,0.10019245674865647,0.4918711880385671,0.40616915941279935,1.0,1024
synthbuster,1,FLUX.1-schnell,1302656,0.4445485871812543,0.35083824396133423,-0.011799951083958149,0.30743908334135545,PNG,17.822031021118164,10.0,0.016279030591249466,18.288572311401367,0.07345116883516312,20.0,-2.6383452500668465,672,0.0,0.8497958779335022,11.519031524658203,5.143026828765869,0.43926531076431274,0.5607346892356873,1.258363544223907,5.825831780012447,0.14867815760311318,0.6538781446532346,0.3947826894019654,1.0,1024
synthbuster,1,FLUX.1-schnell,594173,0.37785698932435335,0.4581546187400818,0.002231619320809841,0.35251553688711396,PNG,31.84623908996582,10.0,0.000591619813349098,30.081701278686523,0.008237059228122234,20.0,-3.415493712499511,672,0.0,0.5098311901092529,1.198226809501648,1.966864824295044,0.22134029865264893,0.7786597013473511,1.0827517676207483,0.5538415121503506,0.1881392501357369,0.8863356150019651,0.32199405330459835,1.0,1024
synthbuster,1,FLUX.1-schnell,1767036,0.37514654161781946,0.322900652885437,0.0004570891906041652,0.272060517057114,PNG,17.666799545288086,8.0,0.06294792890548706,17.502004623413086,0.23920762538909912,20.0,-1.9481811909342983,1024,0.0,0.8653911352157593,18.94429588317871,5.302203178405762,0.7784191370010376,0.2215808779001236,1.4661722672426794,13.008011965888063,0.07180600001315125,0.4027316070877218,0.4078453457832953,1.0,672
synthbuster,1,FLUX.1-schnell,1192556,0.6498708981975885,0.4572092890739441,-0.00016946996038313955,0.22772050444341677,PNG,20.08458709716797,10.0,0.022998875007033348,18.312156677246094,0.0702008455991745,20.0,-2.4400011243329085,672,0.0,0.8810818195343018,7.869378566741943,5.3836541175842285,0.40361183881759644,0.5963881611824036,1.1470770975872953,2.256769132453672,0.17072531031834048,0.7047714724595121,0.3906510861613451,1.0,1024
synthbuster,0,raise1k,894521,0.7193613925955654,0.1553039848804474,0.007640061434358358,0.17063928311942272,PNG,22.71156120300293,10.0,0.00849796924740076,23.658966064453125,0.04608688876032829,20.0,-2.3244020295321284,678,0.0,0.8245370388031006,9.67442798614502,5.755605220794678,0.06183713674545288,0.9381628632545471,1.3182158297639957,4.039505164865561,0.21245726077947455,0.7576277790435009,0.36646504770818694,1.0,1024
synthbuster,0,raise1k,348083,0.8157720840346612,0.020340824499726295,-0.02327864058315754,0.03916961004307534,PNG,25.288902282714844,10.0,0.005644994787871838,22.79784393310547,0.06898771226406097,20.0,-2.5784654863829584,678,0.0,0.7206786870956421,4.189563751220703,10.40465259552002,-0.8772528171539307,1.8772528171539307,1.3134673942070019,1.6567182080252194,0.6075225989914895,0.9642939751802487,0.17424901201942036,1.0,1024
synthbuster,1,FLUX.1-schnell,1137044,0.16545538889747952,0.2345835566520691,0.002302162814885378,0.15930158787456855,PNG,28.396793365478516,6.0,0.03831031545996666,29.720251083374023,0.17926724255084991,20.0,-2.270674974473404,1024,0.0,0.8600679636001587,13.391412734985352,17.329450607299805,0.7815128564834595,0.21848714351654053,1.338419203625179,7.084229938977366,0.15295150445146327,0.6006679079322083,0.3935977740867405,1.0,672
synthbuster,1,FLUX.1-schnell,1560316,0.11049107142857142,0.21984650194644928,0.0023682890459895134,0.23193954789233942,PNG,16.539066314697266,8.0,0.0452602356672287,22.85102081298828,0.2108900398015976,20.0,-2.032016783120116,672,0.0,0.8342117667198181,18.031204223632812,4.945216655731201,0.7962194681167603,0.20378050208091736,1.4978441351408627,13.804955628641231,0.07558055197965795,0.4484846507865367,0.3958598082877045,1.0,1024
synthbuster,1,FLUX.1-schnell,1155455,0.4002390644181689,0.1473936289548874,0.008123287931084633,0.16390812778771882,PNG,21.328184127807617,10.0,0.02131294086575508,17.091012954711914,0.14628657698631287,20.0,-2.224556317319448,1024,0.0,0.8071699142456055,12.99828052520752,8.386641502380371,0.24806171655654907,0.7519382834434509,1.5274644914559796,9.00029876201864,0.1666858385854979,0.6838232004502097,0.3893263134200802,1.0,672
synthbuster,1,FLUX.1-schnell,1205007,0.4362049771968255,0.2923535704612732,-0.000826727133244276,0.2655060501302858,PNG,20.41518783569336,8.0,0.01865839958190918,17.522153854370117,0.11050295829772949,20.0,-2.385872514247834,672,0.0,0.8171343803405762,13.353802680969238,8.139627456665039,0.4848760962486267,0.5151239037513733,1.422896343752505,9.071889239505802,0.10355803153726371,0.6156723816594906,0.3865026105576336,1.0,1024
synthbuster,1,FLUX.1-schnell,1285823,0.33596858638743454,0.35060474276542664,0.0003418000414967537,0.22079309862837457,PNG,19.600202560424805,10.0,0.013818328268826008,14.381061553955078,0.05878018960356712,20.0,-2.505750697925474,672,0.0,0.8545534610748291,9.681035041809082,7.143049240112305,0.5192283391952515,0.48077163100242615,1.2129484652764264,3.877841080157494,0.10753556158203265,0.6580707371530718,0.4026480710882717,1.0,1024
synthbuster,1,FLUX.1-schnell,893896,0.269910371318822,0.10235960781574249,-0.004310475196689367,0.12514546331584833,PNG,32.10639572143555,8.0,0.01023983582854271,19.62246322631836,0.2186468541622162,20.0,-2.4670361046191345,1024,0.0,0.6351995468139648,9.52442741394043,8.664440155029297,0.06646609306335449,0.9335339069366455,1.4946833824258814,9.321609309000383,0.14318529733487573,0.6941266015137428,0.374627072442293,1.0,672
synthbuster,1,FLUX.1-schnell,823473,0.4539469559220014,0.2985593378543854,-0.008195570670068264,0.31819380043045176,PNG,27.369503021240234,10.0,0.005453633144497871,30.32404899597168,0.055837348103523254,20.0,-2.798382346906933,672,0.0,0.7207647562026978,4.2906389236450195,4.113986015319824,0.3644058108329773,0.6355941891670227,1.1994674857856311,1.8304499156488578,0.13522209969640475,0.7017342959036412,0.328803122039261,1.0,1024
synthbuster,1,FLUX.1-schnell,1420791,0.5774044112563093,0.04555065929889679,-0.01655660942196846,0.03717556120050511,PNG,17.929349899291992,10.0,0.0308696199208498,18.140907287597656,0.10484665632247925,20.0,-2.3564376772942985,672,0.0,0.8753657937049866,12.689323425292969,4.313436508178711,0.5180066823959351,0.48199331760406494,1.3702152569360397,5.7094822813836075,0.12340449463459471,0.5847236506784127,0.4007746448486113,1.0,1024
synthbuster,1,FLUX.1-schnell,1064446,0.405824779183576,0.16199852526187897,-0.007192828226834536,0.17011723405706777,PNG,25.313262939453125,10.0,0.0036581598687916994,26.988069534301758,0.023277824744582176,20.0,-2.846916537867729,672,0.0,0.8090674877166748,4.844971656799316,3.4002747535705566,0.4688904285430908,0.5311095714569092,0.9743024589612146,1.5267482170194078,0.14181906611626227,0.7743432331967754,0.38650613917055265,1.0,1024
synthbuster,1,FLUX.1-schnell,919751,0.26454932289222904,0.23694583773612976,0.005925975739955902,0.2946888025587636,PNG,28.67565155029297,10.0,0.002779531292617321,21.463104248046875,0.02095072716474533,20.0,-2.9102821939826713,1024,0.0,0.7944631576538086,5.143967151641846,11.013315200805664,0.3537365794181824,0.6462634205818176,1.1217587912138172,2.012868737114832,0.1925470573934053,0.8044141345388517,0.3735013873089418,1.0,672
synthbuster,1,FLUX.1-schnell,858676,0.1939236299266645,0.11231088638305664,0.017827318981289864,0.15264595231962924,PNG,27.63202667236328,10.0,0.005739584565162659,16.023447036743164,0.10230477154254913,20.0,-2.424860884856718,1024,0.0,0.6310142278671265,5.7574872970581055,7.54014778137207,0.565860390663147,0.434139609336853,1.3112440180594243,3.498268437295626,0.15813661980570734,0.6964160727696843,0.35645149697638895,1.0,672
synthbuster,1,FLUX.1-schnell,1863214,0.34289739976943767,0.047604601830244064,-0.01011789869517088,0.14748048082733384,PNG,13.797545433044434,8.0,0.0894169956445694,12.531890869140625,0.3098042905330658,20.0,-1.9031901499590214,672,0.0,0.8712283968925476,29.286197662353516,2.27463436126709,0.889552891254425,0.11044709384441376,1.5633222920631087,29.816925634899327,0.10116746361831132,0.3356247828154612,0.40841761136536303,1.0,1024
synthbuster,1,FLUX.1-schnell,1315622,0.45552777281657436,0.29885417222976685,-0.00620085746049881,0.25719300302964077,PNG,20.7667179107666,10.0,0.016516972333192825,22.01667594909668,0.05951543524861336,20.0,-2.628866897189671,672,0.0,0.869779109954834,9.760381698608398,5.726876258850098,0.49672937393188477,0.5032706260681152,1.2171253345943207,3.545155099521418,0.11961821117885332,0.6737995565702121,0.3992989814329449,1.0,1024
synthbuster,1,FLUX.1-schnell,798477,0.46417107841093835,0.386938214302063,0.005719040520489216,0.24304766992504034,PNG,21.50049591064453,10.0,0.002171162748709321,17.81163215637207,0.03551410511136055,20.0,-3.006094608964249,672,0.0,0.6484671235084534,3.808316469192505,1.5472652912139893,0.2374686598777771,0.7625313401222229,1.1904417010952255,2.3173149016335786,0.13321404727751832,0.7261574078618342,0.3102084095693757,1.0,1024
synthbuster,1,FLUX.1-schnell,1564741,0.10182666148464826,0.12478255480527878,0.004143024794757366,0.19877922960197444,PNG,16.822715759277344,10.0,0.03295791521668434,15.351232528686523,0.2065916508436203,20.0,-2.1364796772191363,672,0.0,0.8041278123855591,16.39640235900879,3.0146188735961914,0.7295031547546387,0.27049681544303894,1.5339169723609902,13.606040131018286,0.07836925192101467,0.4425151138239979,0.40274273643228825,1.0,1024
synthbuster,1,FLUX.1-schnell,1284429,0.58473173132859,0.5002214908599854,0.009500537067651749,0.31504524535135414,PNG,15.644606590270996,8.0,0.029504472389817238,17.60504150390625,0.1268816888332367,20.0,-2.06955987752564,1024,0.0,0.8498327732086182,9.618976593017578,2.1041066646575928,0.3675559163093567,0.6324440836906433,1.2507720583401238,3.8309964484476877,0.16134810227955418,0.6466521401952103,0.39548919766123386,1.0,672
synthbuster,1,FLUX.1-schnell,1445720,0.20164966355545907,0.13185131549835205,-0.0045135715045034885,0.21363057103513686,PNG,19.016849517822266,10.0,0.04362732172012329,19.83704376220703,0.19680339097976685,20.0,-2.164810631097499,1024,0.0,0.8551725149154663,15.091424942016602,9.359691619873047,0.729965090751648,0.27003493905067444,1.488196498985207,9.522205410015843,0.08214042995129742,0.4810183050680459,0.3980190371597991,1.0,672
synthbuster,1,FLUX.1-schnell,1155818,0.34459459459459457,0.0619397833943367,-0.0010095802135765553,0.12446086465476987,PNG,19.91623306274414,10.0,0.017418507486581802,14.386114120483398,0.10360308736562729,20.0,-2.43871179084306,1024,0.0,0.8150798678398132,11.645853042602539,1.8717612028121948,0.38052767515182495,0.619472324848175,1.3918082748762122,7.6218703649723185,0.10608925693993977,0.6147957140471094,0.3710778176162467,1.0,672
synthbuster,1,FLUX.1-schnell,1332245,0.17732773524326995,0.10474767535924911,0.007481032516807318,0.19831609053114307,PNG,16.47029685974121,10.0,0.024930043146014214,12.014361381530762,0.21711619198322296,20.0,-2.1410639280453707,672,0.0,0.7671841979026794,15.361468315124512,2.5226352214813232,0.6589829921722412,0.3410170078277588,1.530598459808095,13.880530514938272,0.07625070342391013,0.46826515381192335,0.37005185467903007,1.0,1024
synthbuster,1,FLUX.1-schnell,996022,0.4354165491567488,0.08934586495161057,-0.012665990740060806,0.18015287984355813,PNG,23.30602264404297,10.0,0.004362264648079872,25.376022338867188,0.020283764228224754,20.0,-2.7819921394466642,672,0.0,0.841988205909729,5.384932994842529,4.676782131195068,0.2336411476135254,0.7663588523864746,1.1448288072679582,1.4492711730964807,0.15013841817528278,0.7878480573222788,0.3779857757932421,1.0,1024
synthbuster,1,FLUX.1-schnell,1148998,0.6894441475146981,0.2904455065727234,-0.01779068633913994,0.21876594114959963,PNG,19.548267364501953,10.0,0.011406023986637592,19.69509506225586,0.08555548638105392,20.0,-2.2290046978935747,672,0.0,0.7881203889846802,11.451958656311035,7.397732734680176,0.4901314973831177,0.5098685026168823,1.4727820638983353,7.538521687216088,0.1596292723327915,0.5877628476481396,0.3804132342666164,1.0,1024
synthbuster,1,FLUX.1-schnell,1189369,0.42537040795615993,0.14257660508155823,-0.0029716051649302244,0.21533159673737537,PNG,21.336193084716797,10.0,0.007893756031990051,20.336589813232422,0.05876161530613899,20.0,-2.5682072590232656,672,0.0,0.7908679246902466,8.104642868041992,4.667181968688965,0.4477939009666443,0.5522060990333557,1.2585375926880278,3.9922829672002713,0.11132219093508881,0.6818200410888866,0.3918719014782651,1.0,1024
synthbuster,1,FLUX.1-schnell,1715586,0.20757825370675453,0.21899406611919403,-0.00227791303768754,0.23797670180104308,PNG,17.6236629486084,8.0,0.06676800549030304,19.136268615722656,0.285232275724411,20.0,-1.9297431906653861,1024,0.0,0.8402303457260132,19.65105438232422,4.778689384460449,0.7961304187774658,0.20386958122253418,1.5137849817016873,14.961815732067393,0.0755205041297139,0.423331521539001,0.40766771101190674,1.0,672
synthbuster,1,FLUX.1-schnell,824869,0.5769763747591847,0.1647411584854126,-0.0077880676835775375,0.1352525988330132,PNG,24.21841812133789,10.0,0.0054182205349206924,26.195241928100586,0.033813316375017166,20.0,-2.642824511189946,672,0.0,0.8121134042739868,6.528756618499756,7.8661112785339355,-0.026346921920776367,1.0263469219207764,1.2972492246376588,2.2703090733444062,0.29210895149683647,0.8348326694575324,0.3568949114293876,0.9999999999999999,1024
synthbuster,1,FLUX.1-schnell,1292996,0.25419592905606475,0.2922651469707489,-0.012622185982763767,0.26128689198680255,PNG,22.5320987701416,10.0,0.017747564241290092,25.709016799926758,0.06609488278627396,20.0,-2.5745963052850382,672,0.0,0.8742241859436035,7.510293006896973,6.490356922149658,0.4526979923248291,0.5473020076751709,1.0590624802836839,2.043361345804258,0.14243135006380828,0.701716018846481,0.4001244397550977,1.0,1024
synthbuster,1,FLUX.1-schnell,1001538,0.5801393050313242,0.34738755226135254,-0.015521821565926075,0.24587210422796998,PNG,20.88583755493164,10.0,0.03295721486210823,24.11119842529297,0.1372675597667694,20.0,-2.189798936081922,672,0.0,0.8453263640403748,10.09486198425293,9.368523597717285,0.17464327812194824,0.8253567218780518,1.250243471910517,3.8899865712612707,0.17518752048333486,0.7153628178753343,0.37895036064457843,1.0,1024
synthbuster,1,imagen3,2330133,0.05637065637065637,0.23269687592983246,0.020224930718541145,0.15271069125791942,PNG,17.813976287841797,6.0,0.024292251095175743,21.85590362548828,0.13005435466766357,20.0,-2.097269426241949,1280,0.0,0.7905958890914917,12.350491523742676,10.597763061523438,0.7829416990280151,0.21705827116966248,1.5054990808750714,6.445983068012588,0.08486002198465224,0.46853408955257947,0.4055051974834172,1.0,896
synthbuster,1,imagen3,2494186,0.03816793893129771,0.16323721408843994,0.005263759288936853,0.15871336417285467,PNG,20.450546264648438,10.0,0.06635205447673798,24.524547576904297,0.3090820908546448,20.0,-1.8610097208420286,896,0.0,0.844595193862915,12.029073715209961,8.685770988464355,0.857018768787384,0.14298124611377716,1.6673079151551864,5.492536105228718,0.10406702629931845,0.4640505011942405,0.4040519527160106,1.0,1280
synthbuster,1,imagen3,2254785,0.5176653893123342,0.1761137992143631,-0.002420329488813877,0.13786776343592372,PNG,17.24446678161621,10.0,0.019595813006162643,14.654548645019531,0.10347626358270645,20.0,-2.4430082818666263,896,0.0,0.8281084299087524,12.297257423400879,5.696638107299805,0.6040844321250916,0.39591556787490845,1.3933993493393608,6.739738964276723,0.11975330197351614,0.5790679723111243,0.40447812171171155,1.0,1280
synthbuster,1,imagen3,1279647,0.34856785099389576,0.42029285430908203,0.0,0.2314950589168884,PNG,28.21764373779297,10.0,0.0002054641372524202,24.724239349365234,0.006240992806851864,20.0,-3.4272746794615396,896,0.0,0.534122884273529,1.4116857051849365,3.7029776573181152,0.18378102779388428,0.8162189722061157,1.1503001278031506,0.5789426078312749,0.23331173189292717,0.9055915159134786,0.35888255675170455,1.0,1280
synthbuster,1,imagen3,2663935,0.10443037974683544,0.30105435848236084,0.003956416621804237,0.20445868003842618,PNG,15.446415901184082,10.0,0.038932181894779205,13.374439239501953,0.1698598712682724,20.0,-1.9288427037030946,1280,0.0,0.8409640789031982,13.581718444824219,3.8583827018737793,0.7916532158851624,0.20834676921367645,1.3863535068745663,7.004331380872433,0.08532313161521189,0.43787837510416266,0.41053426343732285,0.9999999999999999,896
synthbuster,1,imagen3,1778813,0.4388135972400476,0.24848030507564545,-0.004057241138070822,0.23297242792117184,PNG,19.858030319213867,10.0,0.010262716561555862,20.852203369140625,0.036914926022291183,20.0,-2.6494317179701845,896,0.0,0.8708215951919556,7.002484321594238,6.937853813171387,0.19999170303344727,0.8000082969665527,1.2897730743106877,1.6989597098973395,0.16104583968341435,0.765983676890794,0.38132496146364986,1.0,1280
synthbuster,1,imagen3,1937560,0.6195875626365155,0.10211197286844254,0.007189456839114428,0.161938127477184,PNG,23.79408073425293,8.0,0.01322836522012949,20.457805633544922,0.10425937175750732,20.0,-2.396948564119828,1280,0.0,0.7849035859107971,10.72897720336914,9.603133201599121,0.6857783794403076,0.31422165036201477,1.3650717219763748,6.479636193790386,0.1625885128916006,0.6198361804947456,0.39357515443536883,1.0,896
synthbuster,1,imagen3,1937745,0.635324242243792,0.11832031607627869,-0.009432726539671421,0.1995509863978006,PNG,20.562429428100586,10.0,0.01467589195817709,19.86522102355957,0.08913173526525497,20.0,-2.385452528468298,896,0.0,0.8040094375610352,11.514945030212402,7.731255531311035,0.5898497104644775,0.41015028953552246,1.505753278110704,6.381180689924195,0.13335923412070994,0.5861470357873794,0.39643057444851987,1.0,1280
synthbuster,1,imagen3,1889317,0.23713521942526175,0.19845211505889893,0.00031424115877598524,0.19385181626354378,PNG,22.92206573486328,10.0,0.007998999208211899,23.56682014465332,0.052164580672979355,20.0,-2.6691056020836514,896,0.0,0.8084129095077515,6.573666572570801,9.010403633117676,0.5036680698394775,0.49633195996284485,1.3584299890285463,2.4299165913689915,0.14786493493429953,0.7072855966657228,0.40225974659808694,1.0,1280
synthbuster,1,imagen3,1749716,0.5627821245862172,0.11886461079120636,-0.003176224883645773,0.25919615550750613,PNG,22.741779327392578,8.0,0.0073366365395486355,25.781360626220703,0.06786954402923584,20.0,-2.44997521901329,1280,0.0,0.752305805683136,9.029356956481934,10.777262687683105,0.5662624835968018,0.43373748660087585,1.386566646148665,5.200896150182889,0.12457331423937011,0.6765321249071119,0.38524660660251686,1.0,896
synthbuster,1,imagen3,1877673,0.1208963282937365,0.15817420184612274,0.0028991857543587685,0.14158929360756004,PNG,22.498016357421875,8.0,0.0275568924844265,25.6624755859375,0.14315402507781982,20.0,-2.279158936209824,1280,0.0,0.8373966217041016,10.777301788330078,6.8269243240356445,0.3095434904098511,0.6904565095901489,1.4692609249455328,5.122302729399743,0.20868040102232374,0.6920497289865288,0.4001009894776536,1.0,896
synthbuster,1,imagen3,2786572,0.3901348808030113,0.1138576939702034,0.007173166144639254,0.1305809214905125,PNG,15.6279935836792,10.0,0.057642124593257904,12.538602828979492,0.32159531116485596,20.0,-1.9449777527094856,896,0.0,0.8127423524856567,22.1619930267334,2.8060760498046875,0.8822318911552429,0.11776808649301529,1.6652491958190891,21.410513772563775,0.11900156709608223,0.3445295944633708,0.4096484827482846,1.0,1280
synthbuster,1,imagen3,1666823,0.5135677625895625,0.20125898718833923,0.010538189671933651,0.2630752843914548,PNG,22.352062225341797,10.0,0.005482490640133619,22.17256736755371,0.0361250601708889,20.0,-2.8839936924841125,896,0.0,0.8023842573165894,7.310617923736572,9.386238098144531,0.4916676878929138,0.5083323121070862,1.11399491765643,2.660367873483608,0.14700547040552917,0.7174736699270059,0.39573763667707124,1.0,1280
synthbuster,1,imagen3,1576943,0.4887572086133009,0.38107097148895264,0.013091794215142727,0.2312758136431761,PNG,16.21898078918457,10.0,0.02346167340874672,13.330728530883789,0.16915658116340637,20.0,-2.2460487978185113,896,0.0,0.7899619340896606,7.033355236053467,2.3855972290039062,0.4699997901916504,0.5300002098083496,1.1632988730582772,2.8961763211493303,0.175252343990389,0.7139606308335918,0.3598825766729244,0.9999999999999999,1280
synthbuster,1,imagen3,1548208,0.379847057006025,0.24431517720222473,0.018514011055231094,0.1988194160904956,PNG,21.96088981628418,10.0,0.010759052820503712,20.5828857421875,0.11721211671829224,20.0,-2.422060164633567,896,0.0,0.7228558659553528,5.697080135345459,1.7252646684646606,0.24952393770217896,0.750476062297821,1.27360658510783,2.6173717225735373,0.16188556328938603,0.6836068816871903,0.37085728411343943,1.0,1280
synthbuster,1,imagen3,2133694,0.1429134789809922,0.030882682651281357,-0.01629287376999855,0.034189029817981435,PNG,18.372451782226562,10.0,0.02238483913242817,19.366615295410156,0.11749859154224396,20.0,-2.1436481892269224,896,0.0,0.8213440179824829,12.372835159301758,4.164532661437988,0.26021260023117065,0.7397873997688293,1.5008533968662985,6.285232793697894,0.1847790803323967,0.6316397445365997,0.40368097527741625,1.0,1280
synthbuster,1,imagen3,1920158,0.3456306065466643,0.24853859841823578,-0.013599199242889881,0.25376043613532046,PNG,18.219335556030273,10.0,0.00691255321726203,13.373615264892578,0.047723643481731415,20.0,-2.5955517675060156,896,0.0,0.7947621941566467,6.324163436889648,4.59125280380249,0.4960031509399414,0.5039968490600586,1.3324022740013697,2.3282800468434486,0.11566438223590601,0.6593302291134944,0.39067336724684587,1.0,1280
synthbuster,1,imagen3,1888384,0.2040037028465633,0.23303011059761047,0.01581067591905594,0.3498252176711513,PNG,27.560922622680664,10.0,0.004334846045821905,16.881633758544922,0.02260885387659073,20.0,-2.726085018874393,1280,0.0,0.8403948545455933,6.163873195648193,5.997441291809082,0.5500065684318542,0.44999343156814575,1.2530291161369498,1.9966510044302237,0.1460668079242445,0.7333234874351867,0.4017388957495591,1.0,896
synthbuster,1,imagen3,2656189,0.2726235741444867,0.08924766629934311,0.009159077890217304,0.16053832880592336,PNG,16.489063262939453,10.0,0.03481857478618622,14.214031219482422,0.185918390750885,20.0,-1.9536633852529466,896,0.0,0.8184250593185425,16.618101119995117,3.934703826904297,0.8012645244598389,0.19873549044132233,1.5689117792366143,11.5632455180023,0.07206851932127412,0.40846170664016457,0.409573818446606,1.0,1280
synthbuster,1,imagen3,2068786,0.8648745199607037,0.45761948823928833,-0.006296401843428612,0.23444046717705386,PNG,11.75358772277832,10.0,0.0249810628592968,12.594733238220215,0.11928698420524597,20.0,-2.3068187235082647,1280,0.0,0.8336560726165771,9.29339599609375,3.547609806060791,0.33172178268432617,0.6682782173156738,1.3689184876750837,3.7512446093058522,0.14239860516872008,0.6609227176450496,0.38998894443665355,1.0,896
synthbuster,1,imagen3,2230713,0.23136838378474067,0.14376631379127502,0.008518864400684834,0.2426877295626263,PNG,20.91375160217285,10.0,0.030934225767850876,19.421754837036133,0.21077284216880798,20.0,-2.1086002613097725,1280,0.0,0.787828803062439,11.699638366699219,7.006526470184326,0.7342110872268677,0.2657889425754547,1.4659446969190144,7.196142109293829,0.10907380101551135,0.5229823500657836,0.3998828343352355,1.0,896
synthbuster,1,imagen3,1987939,0.2854867108241804,0.058739010244607925,-0.006366264540702105,0.14615730853419545,PNG,15.917394638061523,10.0,0.013574037700891495,16.654369354248047,0.0703440010547638,20.0,-2.674218732954442,1280,0.0,0.8305178880691528,11.468883514404297,2.789407253265381,0.36631739139556885,0.6336826086044312,1.3227201000522977,6.380911921759199,0.11458614164379077,0.6245602289821197,0.38019881725560245,1.0,896
synthbuster,1,imagen3,1966453,0.08489317451314048,0.0981634110212326,0.01496738102287054,0.20563244059632185,PNG,17.02387809753418,10.0,0.03343842178583145,13.567100524902344,0.274936705827713,20.0,-1.8721229193836215,896,0.0,0.7662007212638855,8.818760871887207,3.8660407066345215,0.7111377716064453,0.2888622581958771,1.5167357429505268,4.560099573890855,0.14338618225860245,0.5886048532874911,0.3800184659962624,1.0,1280
synthbuster,1,imagen3,2123817,0.24442066165129528,0.1374957263469696,0.0018931215163320303,0.2952080237691951,PNG,18.861982345581055,10.0,0.014551579020917416,19.146215438842773,0.06773673743009567,20.0,-2.3120175604075652,896,0.0,0.8376240730285645,10.520309448242188,4.280694961547852,0.42731916904449463,0.5726808309555054,1.380624252859144,4.399730229372405,0.1405791665971044,0.6541524864808922,0.4044762449151154,1.0,1280
synthbuster,1,imagen3,2063399,0.2923536226717761,0.18798725306987762,0.00019825060735456645,0.17761151658843266,PNG,21.125391006469727,10.0,0.017409050837159157,18.090126037597656,0.12178332358598709,20.0,-2.231176945893904,896,0.0,0.7989063858985901,10.472352027893066,8.15734577178955,0.6301677227020264,0.36983227729797363,1.4057242134777235,5.800750998431375,0.1413616569668323,0.556580429555303,0.40084570576466266,1.0,1280
synthbuster,1,imagen3,2451367,0.37888198757763975,0.19557836651802063,-0.002855457831174135,0.17673974412615326,PNG,20.481487274169922,8.0,0.030588746070861816,15.83464241027832,0.19281217455863953,20.0,-2.1756002617844574,896,0.0,0.8077319860458374,12.38590145111084,5.995731830596924,0.7595101594924927,0.2404898703098297,1.5244741013466994,7.3895871286241075,0.0806769761031265,0.4462884713687415,0.40448205846657803,1.0,1280
synthbuster,1,imagen3,2420127,0.2190271816881259,0.2704041004180908,0.005423353519290686,0.26936358089613904,PNG,18.533435821533203,10.0,0.05213490501046181,15.534972190856934,0.2469034194946289,20.0,-1.9464122697691608,1280,0.0,0.8335038423538208,15.533495903015137,7.121929168701172,0.7568290829658508,0.24317091703414917,1.4542581038122713,9.58486186328967,0.0858626743165241,0.4594490808551283,0.4073867170157078,1.0,896
synthbuster,1,imagen3,1765797,0.5012376237623762,0.14553990960121155,-0.0031263846904039383,0.16452977262470633,PNG,21.659517288208008,10.0,0.009754528291523457,23.518674850463867,0.058175235986709595,20.0,-2.4953168629476905,896,0.0,0.809023916721344,8.974043846130371,9.097147941589355,0.3568330407142639,0.6431669592857361,1.4550564435953102,3.822333464497069,0.15896331311532974,0.6697777372162966,0.3924640147408774,1.0,1280
synthbuster,1,imagen3,1981989,0.33021576071858505,0.2118498533964157,0.012949504889547825,0.22526514919127427,PNG,25.891796112060547,10.0,0.009997130371630192,27.15762710571289,0.07033883780241013,20.0,-2.7090250867732864,896,0.0,0.794103741645813,6.455654621124268,5.580267429351807,0.5304876565933228,0.46951234340667725,1.1829164373450733,2.455426814798254,0.11478544626113411,0.6555019002455552,0.38735917274819115,1.0,1280
synthbuster,1,imagen3,1884357,0.24174761277576556,0.25701379776000977,-0.0038610610645264387,0.19493152180452836,PNG,14.774846076965332,10.0,0.040554214268922806,19.717002868652344,0.14728735387325287,20.0,-2.2876122802729,896,0.0,0.8669683337211609,9.328896522521973,8.712514877319336,0.26044970750808716,0.7395502924919128,1.2740870002611684,3.03928815299967,0.16743579401952632,0.7287858337252827,0.3966042669611551,0.9999999999999999,1280
synthbuster,1,FLUX.1-dev,1122607,0.16454352441613587,0.2317931205034256,-0.0022373420652002096,0.23205977726714333,PNG,25.77855682373047,8.0,0.01434338465332985,23.748550415039062,0.11378692090511322,20.0,-2.439522002690059,1024,0.0,0.76200932264328,10.64050579071045,10.87950325012207,0.6158634424209595,0.38413652777671814,1.3113863479602441,6.413835496966305,0.10998878023827144,0.5917310954429893,0.393363306458952,1.0,672
synthbuster,1,FLUX.1-dev,1307795,0.17541036369488253,0.2313086837530136,0.002026903908699751,0.20193615572849502,PNG,18.403017044067383,10.0,0.02716708742082119,17.885103225708008,0.1616324782371521,20.0,-2.2732314725367395,672,0.0,0.8247137665748596,11.350421905517578,5.913123607635498,0.7439461946487427,0.2560538053512573,1.465443172065217,6.547627434630807,0.09724678348827495,0.536745609602199,0.39031003133197695,1.0,1024
synthbuster,1,FLUX.1-dev,1258320,0.2850625592845205,0.3209894299507141,-0.0012321991380304098,0.2590063156806432,PNG,17.7726993560791,10.0,0.010501598939299583,18.069259643554688,0.04237854480743408,20.0,-2.7039480869757564,672,0.0,0.8670198321342468,9.006084442138672,4.576759338378906,0.3406725525856018,0.6593274474143982,1.2147709640819988,3.5086055961744043,0.1321654446449817,0.6747443359162716,0.39997194275657344,1.0,1024
synthbuster,1,FLUX.1-dev,589199,0.25333077529790454,0.4208466410636902,0.0,0.20451200375671813,PNG,31.962696075439453,8.0,0.0002923082502093166,26.19382667541504,0.006273087114095688,20.0,-3.473152308206763,672,0.0,0.48690736293792725,1.0281493663787842,2.749825954437256,0.3104627728462219,0.6895372271537781,1.114570285377761,0.42965667248326134,0.24173543158576094,0.9010934448084291,0.3411215964343687,1.0,1024
synthbuster,1,FLUX.1-dev,1460998,0.2964972866304884,0.2784162759780884,0.003479521721601486,0.2902341320611537,PNG,17.08554458618164,10.0,0.0267136562615633,14.73542308807373,0.12999902665615082,20.0,-2.1449522229363445,1024,0.0,0.8332692384719849,14.142293930053711,4.931673049926758,0.6330862045288086,0.3669137954711914,1.3204520887422735,8.512583741250378,0.08791264693399728,0.4866429698904216,0.40659000326386496,1.0,672
synthbuster,1,FLUX.1-dev,1072139,0.39781584582441115,0.3096935451030731,-0.0016579794464632869,0.24326804321857426,PNG,24.434080123901367,10.0,0.006043173838406801,25.82430648803711,0.026880798861384392,20.0,-2.8208765015859303,672,0.0,0.8636038303375244,5.554214000701904,7.348569869995117,0.45266443490982056,0.5473355650901794,1.044731704836169,1.4336476226915065,0.1412076438794322,0.7603641551029218,0.39770357018502733,1.0,1024
synthbuster,1,FLUX.1-dev,978610,0.278637009509236,0.1429821103811264,-0.011195355094969273,0.18740670243297286,PNG,24.793155670166016,10.0,0.010667084716260433,20.728666305541992,0.09684859216213226,20.0,-2.3563960420465735,1024,0.0,0.7652419805526733,11.24526596069336,8.912515640258789,0.22578340768814087,0.7742165923118591,1.4166671671964408,8.095999325798676,0.19034971255723532,0.7225724516332825,0.39475625489248606,1.0,672
synthbuster,1,FLUX.1-dev,1114297,0.3491625489315279,0.27713239192962646,6.490974919870496e-05,0.28522674162657247,PNG,20.633527755737305,10.0,0.013685649260878563,15.624313354492188,0.09604108333587646,20.0,-2.4359205074490893,672,0.0,0.8060234189033508,11.994270324707031,9.138896942138672,0.5192863941192627,0.4807136058807373,1.3815118050197976,7.682204757398173,0.10802195304206885,0.6311721689860581,0.3972012716347204,1.0,1024
synthbuster,1,FLUX.1-dev,1120652,0.31978140554840057,0.36677345633506775,-0.0010371458483859897,0.2074591557882288,PNG,21.842634201049805,10.0,0.009318542666733265,17.838523864746094,0.05096563324332237,20.0,-2.614130366667885,672,0.0,0.833328902721405,8.052457809448242,8.7512845993042,0.42714208364486694,0.5728579163551331,1.2505560605838386,3.2885809667841617,0.1509499811321567,0.7322926008496533,0.40431698391015014,1.0,1024
synthbuster,1,FLUX.1-dev,729198,0.34567685589519653,0.11613509804010391,0.0001403088099323213,0.18187184186179398,PNG,30.34722137451172,5.0,0.002495921915397048,24.562175750732422,0.06766778975725174,20.0,-2.601527200575009,1024,0.0,0.442678302526474,6.792331218719482,10.260353088378906,0.006872594356536865,0.9931274056434631,1.2918793409619804,4.347952110248665,0.13258072597946904,0.6913280829408104,0.35108641859352846,1.0,672
synthbuster,1,FLUX.1-dev,812106,0.27368329187939083,0.09084407985210419,0.016554703935980797,0.13384165869704412,PNG,22.60833740234375,10.0,0.006203027907758951,23.644001007080078,0.0734039694070816,20.0,-2.758611820893576,1024,0.0,0.7096367478370667,7.099911212921143,4.027316093444824,0.5304914712905884,0.469508558511734,1.1944938854380351,4.449626185529459,0.11240712378465026,0.6843500062995544,0.3568535315052513,1.0,672
synthbuster,1,FLUX.1-dev,1533335,0.4248758818918213,0.13514874875545502,0.005852230358868837,0.20839318555646216,PNG,15.267477989196777,10.0,0.037984173744916916,13.480594635009766,0.2227933704853058,20.0,-1.9899318026187869,672,0.0,0.8184027075767517,17.185745239257812,3.168712854385376,0.8431322574615479,0.15686771273612976,1.4375265044464776,14.41332512051809,0.1047233250311128,0.42957075971985403,0.4022785459703189,1.0,1024
synthbuster,1,FLUX.1-dev,1203708,0.3598129291187104,0.18430668115615845,-0.005842124577611685,0.2628413217669862,PNG,21.78363800048828,10.0,0.00963799748569727,22.126684188842773,0.03761381655931473,20.0,-2.6769922082294393,672,0.0,0.8705567717552185,8.282432556152344,6.279016494750977,0.4171704649925232,0.5828295350074768,1.126797250802071,2.660998973922793,0.12400446147952919,0.6960281664208197,0.4020320499673219,1.0,1024
synthbuster,1,FLUX.1-dev,791470,0.32696659124184746,0.3557876646518707,-0.0006914010737091303,0.2559576912182789,PNG,19.537662506103516,10.0,0.005375366657972336,15.918807983398438,0.05842083692550659,20.0,-2.7702363208428364,672,0.0,0.7228258848190308,4.814953327178955,2.8279733657836914,0.05208992958068848,0.9479100704193115,1.1443118268834809,2.081221857088108,0.164937487447944,0.775953529984372,0.3336050673481726,0.9999999999999999,1024
synthbuster,1,FLUX.1-dev,690309,0.28214861915156114,0.3259553015232086,0.003774839686229825,0.2688743312440221,PNG,27.0745849609375,10.0,0.0029404540546238422,28.149070739746094,0.03656031936407089,20.0,-2.984860666864567,672,0.0,0.6753071546554565,2.40779185295105,2.2725255489349365,-0.05609285831451416,1.0560928583145142,1.2395601336712379,0.8588049073314894,0.18560333408350438,0.8368354600183444,0.32021618310688477,0.9999999999999999,1024
synthbuster,1,FLUX.1-dev,1148495,0.4236091376106678,0.06510558724403381,-0.010852566920220852,0.10382244710694878,PNG,18.004968643188477,10.0,0.01843276247382164,19.642057418823242,0.06980720907449722,20.0,-2.412381626263238,672,0.0,0.8664466142654419,10.560251235961914,6.856115341186523,0.3511276841163635,0.6488723158836365,1.2705978998099132,4.166154351405252,0.14796373752045405,0.6977053498560557,0.3997194759839669,1.0,1024
synthbuster,1,FLUX.1-dev,1260142,0.30601628006609954,0.17563007771968842,-0.010613655671477318,0.24622588205555082,PNG,23.369327545166016,10.0,0.007990106008946896,23.807777404785156,0.03412339463829994,20.0,-2.6509239483043263,672,0.0,0.8643366098403931,7.474926948547363,4.971295356750488,0.49531805515289307,0.5046819448471069,1.0405909417642396,2.3285252536648873,0.11112131586072882,0.6965179132793977,0.4014926331233458,1.0,1024
synthbuster,1,FLUX.1-dev,831490,0.29801799647245225,0.24626198410987854,0.007474078331142664,0.31790519958339436,PNG,29.415834426879883,10.0,0.002633362077176571,13.533535957336426,0.030537692829966545,20.0,-2.660515852493305,1024,0.0,0.7053162455558777,5.2515788078308105,6.019494533538818,0.13100546598434448,0.8689945340156555,1.18727430749181,2.410429092808088,0.13756400534238958,0.7698696527084514,0.36544563075544106,1.0,672
synthbuster,1,FLUX.1-dev,1069248,0.22190247801758592,0.1460263729095459,-0.0015595279401168227,0.2125687582946257,PNG,19.5339412689209,10.0,0.007475241087377071,12.686224937438965,0.07421468943357468,20.0,-2.536529603907696,672,0.0,0.7411871552467346,7.452676296234131,3.600858449935913,0.3901079297065735,0.6098920702934265,1.1861105586388832,4.203311028996762,0.10643646432807666,0.6114569487887449,0.3785190840882207,0.9999999999999999,1024
synthbuster,1,FLUX.1-dev,1115797,0.23926320258662923,0.4778898060321808,0.0036873763892799616,0.21920284272244175,PNG,15.31328296661377,8.0,0.039078183472156525,12.618369102478027,0.09368863701820374,20.0,-2.4507063078556732,1024,0.0,0.9023900628089905,5.99043607711792,4.800625801086426,0.29219579696655273,0.7078042030334473,0.9563904774846077,1.1583960607768924,0.21452449617358826,0.7696327980840221,0.39990813557420024,1.0,672
synthbuster,1,FLUX.1-dev,1150644,0.22655455973390004,0.20146651566028595,-0.004003787878900766,0.2705495772774487,PNG,20.48021697998047,10.0,0.01767723821103573,17.86263084411621,0.12445676326751709,20.0,-2.3160514791465245,1024,0.0,0.7893834114074707,10.574749946594238,7.814403533935547,0.6834723949432373,0.3165275752544403,1.3219215887167763,6.109953503867066,0.10050343393067343,0.5794849838276057,0.3875427869969753,1.0,672
synthbuster,1,FLUX.1-dev,1037760,0.31634844868735085,0.07502061873674393,-0.005318277515470982,0.19316897920795117,PNG,21.648563385009766,10.0,0.007623494602739811,19.21735954284668,0.049557119607925415,20.0,-2.6988772826226586,1024,0.0,0.8099656701087952,8.668718338012695,2.670328378677368,0.4533764123916626,0.5466235876083374,1.1162052282946449,4.608539988438762,0.13335584223622718,0.6644343046202116,0.37620344855299015,0.9999999999999999,672
synthbuster,1,FLUX.1-dev,1127732,0.37969543147208124,0.11636409163475037,0.0037007788196206093,0.28168140515574314,PNG,19.090911865234375,10.0,0.01898331195116043,12.794804573059082,0.19887585937976837,20.0,-2.2496157788048645,672,0.0,0.7306314706802368,13.588046073913574,3.070918321609497,0.711115300655365,0.288884699344635,1.4873467605502517,12.647676549683723,0.08795449110811036,0.5250534671413926,0.34340155694003166,1.0,1024
synthbuster,1,FLUX.1-dev,961143,0.35839458900472343,0.13042958080768585,-0.010700848884880543,0.26489721252760395,PNG,24.001436233520508,10.0,0.003604491241276264,25.776002883911133,0.018704751506447792,20.0,-2.8216513374472583,672,0.0,0.8388040661811829,5.330950736999512,5.397984981536865,0.16590017080307007,0.8340998291969299,1.1401325748490652,1.5784477982068605,0.15731376896294927,0.7970350628047889,0.39058104164859936,0.9999999999999999,1024
synthbuster,1,FLUX.1-dev,987012,0.36178733270102226,0.3424759805202484,0.006256138905882835,0.2900365704042336,PNG,28.041505813598633,10.0,0.00881486851722002,25.499296188354492,0.11000663042068481,20.0,-2.3700130461214184,672,0.0,0.6949037313461304,10.608338356018066,7.509128570556641,0.4726172685623169,0.5273827314376831,1.4752178878880038,8.866805256787424,0.15947331232377693,0.6272439313318448,0.37731557091644763,1.0,1024
synthbuster,1,FLUX.1-dev,1153289,0.45216689295805657,0.17773659527301788,-0.007884351536631584,0.25888490379038975,PNG,20.682373046875,10.0,0.008588750846683979,19.967044830322266,0.03185369074344635,20.0,-2.645613478988595,672,0.0,0.8767755031585693,7.937113285064697,6.01945161819458,0.22869747877120972,0.7713025212287903,1.0944747200756106,2.363598709375796,0.14217888844414409,0.7422292588513436,0.40114724992004946,1.0,1024
synthbuster,1,FLUX.1-dev,1418055,0.2868908716540837,0.23434235155582428,-0.005583533085882664,0.289732463253394,PNG,18.661354064941406,10.0,0.028561895713210106,14.394220352172852,0.20797614753246307,20.0,-2.092643591725562,1024,0.0,0.7839866280555725,16.69127655029297,5.616492748260498,0.7442616820335388,0.2557383179664612,1.435269732652388,14.969120689343665,0.07230034196750079,0.45196555004801364,0.4026593741045389,1.0,672
synthbuster,1,FLUX.1-dev,1123019,0.34508869101871975,0.15600357949733734,0.002883177250623703,0.17395269400144284,PNG,24.1846923828125,10.0,0.007247280329465866,25.509056091308594,0.03705502673983574,20.0,-2.549343991332541,672,0.0,0.8324254751205444,8.19921588897705,8.349308013916016,0.34929776191711426,0.6507022380828857,1.2687751808475185,3.029472151516825,0.17384775275010322,0.720954881644474,0.4007425759245553,1.0,1024
synthbuster,1,FLUX.1-dev,1115823,0.23576169794312873,0.14676471054553986,-0.0024889090564101934,0.20354507434970723,PNG,24.231138229370117,10.0,0.011533943004906178,26.644399642944336,0.04172038286924362,20.0,-2.6614915900991067,672,0.0,0.8857128620147705,7.015343189239502,6.72461462020874,0.2988594174385071,0.7011405825614929,1.0661430977393858,1.7173380454259544,0.17949445324341912,0.7592801923653083,0.39920992665662924,1.0,1024
synthbuster,1,FLUX.1-dev,968135,0.41265052269419084,0.3866761326789856,0.006782860960811377,0.27609846942759164,PNG,17.160755157470703,10.0,0.028469830751419067,19.525306701660156,0.1070522889494896,20.0,-2.375331269708799,672,0.0,0.8694050908088684,9.7581205368042,7.95265007019043,0.17752212285995483,0.8224778771400452,1.1878533694420677,3.374830098755691,0.1541729600865071,0.735231778856386,0.39298681289587195,1.0,1024
synthbuster,1,SD3-medium,1361813,0.12026335040234089,0.2961634397506714,0.007419419474899769,0.23409567917633062,PNG,25.591333389282227,10.0,0.027240371331572533,22.64034080505371,0.1341741532087326,20.0,-2.342488691173439,1024,0.0,0.8269240856170654,16.2891845703125,11.788124084472656,0.5885993242263794,0.4114006459712982,1.4444484981826744,11.132072849217124,0.11869284284484245,0.5737299538258231,0.39918811641502466,0.9999999999999999,672
synthbuster,1,SD3-medium,1446926,0.22531429268888076,0.24985361099243164,0.005462564527988434,0.2534729882060634,PNG,18.670894622802734,8.0,0.03768030181527138,22.455368041992188,0.15455423295497894,20.0,-2.2936782119003056,672,0.0,0.8448334336280823,15.34527587890625,8.180679321289062,0.7317882776260376,0.2682117223739624,1.4252777852988918,9.180792092699908,0.08495802079217904,0.502011023348284,0.39745573564506725,1.0,1024
synthbuster,1,SD3-medium,1433434,0.5031212194531817,0.26678067445755005,-0.003523477353155613,0.31207853801512064,PNG,17.615388870239258,10.0,0.03356003761291504,12.716399192810059,0.09312666952610016,20.0,-2.5101379462954374,672,0.0,0.8963184952735901,14.605926513671875,5.301291465759277,0.4713938236236572,0.5286061763763428,1.290130528056716,6.698058951110166,0.1152641911590057,0.5605522580980616,0.40280737845127196,1.0,1024
synthbuster,1,SD3-medium,701960,0.3221132470249771,0.4776614308357239,0.0012669687857851386,0.22204822403766833,PNG,20.702919006347656,10.0,0.0006860864814370871,23.07346534729004,0.013956287875771523,20.0,-3.158942492613831,672,0.0,0.5730554461479187,2.3185672760009766,0.12086725980043411,0.015041172504425049,0.984958827495575,1.1042029288665416,1.1338434861666136,0.18356517160106958,0.8477103727408111,0.32018961441510474,1.0,1024
synthbuster,1,SD3-medium,1735674,0.2821297429620563,0.2211655229330063,0.00035705880145542324,0.2767275664647243,PNG,12.903671264648438,10.0,0.057712748646736145,12.51290512084961,0.14706575870513916,20.0,-2.248534241754354,1024,0.0,0.8970680236816406,17.140125274658203,3.8425233364105225,0.7818438410758972,0.21815615892410278,1.335941486106904,8.526985812255258,0.07692791803334957,0.4341314440740762,0.4095888213434718,1.0,672
synthbuster,1,SD3-medium,1219660,0.5876324676837079,0.4062938094139099,-0.0033948575146496296,0.1865960446484638,PNG,16.283798217773438,10.0,0.04701041430234909,21.58810043334961,0.06591133028268814,20.0,-2.442288450255624,672,0.0,0.941169023513794,12.088896751403809,9.761191368103027,0.23262381553649902,0.767376184463501,1.043291237705999,3.1959504550001183,0.16594749432755734,0.6735228318390599,0.39849177345374304,1.0,1024
synthbuster,1,SD3-medium,1155649,0.5000540394487977,0.12056438624858856,0.006061922758817673,0.163638954205775,PNG,22.285152435302734,10.0,0.018780166283249855,19.61220932006836,0.12023582309484482,20.0,-2.2875344081545372,1024,0.0,0.8164032697677612,13.910680770874023,9.759570121765137,0.43950068950653076,0.5604993104934692,1.4255295699027448,10.08264787644256,0.17717814638387297,0.6529124738398624,0.39343869892312733,1.0,672
synthbuster,1,SD3-medium,1286030,0.6186719798316594,0.437093049287796,0.003169628093019128,0.28313767554896757,PNG,21.643062591552734,8.0,0.031295858323574066,17.324182510375977,0.1538340002298355,20.0,-2.2008590224024713,672,0.0,0.8436834812164307,18.031312942504883,11.481731414794922,0.5488473773002625,0.45115262269973755,1.4916719741829494,14.24499885297852,0.09456835441972537,0.5550464144138781,0.3962660905637164,1.0,1024
synthbuster,1,SD3-medium,1574107,0.5223893884091516,0.36887481808662415,-0.005279986187815666,0.26713672736009025,PNG,12.462248802185059,10.0,0.06787121295928955,14.869414329528809,0.12830416858196259,20.0,-2.388327688456696,672,0.0,0.9245797395706177,18.36581039428711,8.493972778320312,0.5821799039840698,0.4178200662136078,1.2109747734254455,8.167058692952615,0.0893476057106962,0.5193330282642667,0.405561779850953,1.0,1024
synthbuster,1,SD3-medium,1132164,0.4028968504647595,0.09734634310007095,0.006450857035815716,0.13868922537479997,PNG,24.296642303466797,8.0,0.014525082893669605,31.067855834960938,0.06623376160860062,20.0,-2.495369309311557,1024,0.0,0.8651280999183655,14.191156387329102,12.821074485778809,0.4080507755279541,0.5919492244720459,1.3178279667372899,7.775756744652526,0.15472936684061692,0.6339745707805591,0.39374572928479146,1.0,672
synthbuster,1,SD3-medium,871607,0.33322030066689273,0.13571768999099731,0.008427376858890057,0.1718180967199731,PNG,26.597434997558594,10.0,0.014410131610929966,28.58057403564453,0.15044142305850983,20.0,-2.3231792847534147,1024,0.0,0.7641755938529968,12.602962493896484,11.140074729919434,0.5104787349700928,0.4895212650299072,1.4421523388519295,10.198511804273856,0.17597879537204714,0.682275381714122,0.3806173321221867,1.0,672
synthbuster,1,SD3-medium,1842320,0.30909978043425224,0.13659468293190002,0.0027740555815398693,0.12625576981088482,PNG,10.058168411254883,8.0,0.11618980020284653,12.280046463012695,0.278362900018692,20.0,-1.894432384205366,672,0.0,0.9031680226325989,23.771686553955078,2.911475658416748,0.8837196826934814,0.11628032475709915,1.3596306909901388,15.29831555303611,0.0648777339736487,0.3359516455346182,0.40995261960561435,1.0,1024
synthbuster,1,SD3-medium,1692363,0.12165229232864276,0.27982956171035767,-0.005648628808557987,0.17249191081751003,PNG,13.054732322692871,10.0,0.13867999613285065,14.38823127746582,0.20945386588573456,20.0,-2.0837304969737342,672,0.0,0.9319756627082825,17.497034072875977,6.945698261260986,0.6714024543762207,0.3285975158214569,1.0814925200898977,6.522717542425115,0.11964381862110328,0.4621152525002353,0.40335439113608224,1.0,1024
synthbuster,1,SD3-medium,862909,0.43766381484595224,0.42917245626449585,-0.0004209592007100582,0.2888634290391096,PNG,22.876310348510742,10.0,0.004454303532838821,19.33372688293457,0.049264997243881226,20.0,-2.8805587081902413,672,0.0,0.7103767395019531,5.227724552154541,1.7523359060287476,-0.005096554756164551,1.0050965547561646,1.1042963467134905,2.724887503750706,0.13953550196846753,0.7519599390215005,0.32390657467174666,1.0,1024
synthbuster,1,SD3-medium,898940,0.384030819568315,0.36928948760032654,-0.009633341804146767,0.1894124101555322,PNG,20.583879470825195,10.0,0.009296806529164314,18.254215240478516,0.0981641486287117,20.0,-2.3368793326386923,672,0.0,0.7346686124801636,5.721374034881592,3.855985403060913,0.07548952102661133,0.9245104789733887,1.1680170685766553,2.6246253217707567,0.16222269900521144,0.6976630822321742,0.34404547730829577,0.9999999999999999,1024
synthbuster,1,SD3-medium,1440343,0.5040741084983115,0.06207749620079994,-0.012716137804090977,0.05230368606479221,PNG,15.021717071533203,10.0,0.05889947712421417,17.45323371887207,0.1369497925043106,20.0,-2.1887534378654543,672,0.0,0.9107428193092346,14.5281400680542,6.83506441116333,0.47599661350250244,0.5240033864974976,1.336457537348979,5.699591144351179,0.134807180336677,0.583680079662556,0.40337722765978073,1.0,1024
synthbuster,1,SD3-medium,1401564,0.09222714458316553,0.1280805468559265,0.006765907630324364,0.27495387613648103,PNG,18.77692413330078,10.0,0.022804295644164085,16.399105072021484,0.11634708195924759,20.0,-2.3209352374756165,1024,0.0,0.8465923070907593,12.647252082824707,10.457963943481445,0.7156929969787598,0.2843070328235626,1.326260547086391,7.94757506564825,0.09665572760735264,0.5821186843162288,0.40186490711432277,1.0,672
synthbuster,1,SD3-medium,932096,0.4936683315675294,0.11990789324045181,-0.001571496482938528,0.2805853037592051,PNG,19.1575870513916,10.0,0.008350744843482971,14.4260835647583,0.07121431082487106,20.0,-2.570395687027196,1024,0.0,0.7648381590843201,12.15322494506836,3.114640474319458,0.2997888922691345,0.7002111077308655,1.365713935708399,10.185888274139362,0.2859295839495089,0.729407243905221,0.38266193493954487,0.9999999999999999,672
synthbuster,1,SD3-medium,1387646,0.2063341035748267,0.3705890476703644,0.0008350959978997707,0.30654817871690415,PNG,14.50344181060791,10.0,0.02783758006989956,13.736934661865234,0.14241811633110046,20.0,-2.2934154565529044,672,0.0,0.8272867202758789,12.791690826416016,2.4958319664001465,0.6597862243652344,0.3402137756347656,1.38344375263269,7.743778194639393,0.09801219291577026,0.5878290923296818,0.3932054723466285,1.0,1024
synthbuster,1,SD3-medium,1045824,0.5391241739309316,0.11666235327720642,-0.0031119328923523426,0.17664847213016294,PNG,22.29243278503418,10.0,0.008485471829771996,25.225927352905273,0.021783459931612015,20.0,-2.5305809897127167,672,0.0,0.9179165363311768,6.390298366546631,5.381857872009277,0.25147825479507446,0.7485217452049255,1.0278365457329794,1.1412601635219062,0.1692662708614907,0.7740996591439635,0.3961755257420358,1.0,1024
synthbuster,1,SD3-medium,1308940,0.36520577506037094,0.29087772965431213,-0.0005284140352159739,0.30718177712398176,PNG,13.506399154663086,8.0,0.018949972465634346,13.408346176147461,0.04554717242717743,20.0,-2.5932392526861667,672,0.0,0.9061443209648132,10.947835922241211,4.063847541809082,0.31367719173431396,0.686322808265686,1.1908986139354896,3.631651453716715,0.12363799237707099,0.6562179222021858,0.3992528463154192,1.0,1024
synthbuster,1,SD3-medium,1269201,0.04568788501026694,0.2553161382675171,0.006983133498579264,0.2864335111404218,PNG,18.05970573425293,10.0,0.009702140465378761,11.700411796569824,0.03968142345547676,20.0,-2.6916177218442217,1024,0.0,0.8582812547683716,8.199129104614258,6.923744201660156,0.49722373485565186,0.5027762651443481,1.2164770097084143,3.103201257018637,0.1425811990879513,0.7364810722741933,0.402822621931423,1.0,672
synthbuster,1,SD3-medium,1526762,0.140807651434644,0.1710122525691986,0.0034749393817037344,0.29902138440825726,PNG,20.8834228515625,10.0,0.022357162088155746,15.978158950805664,0.13952486217021942,20.0,-2.221191233227269,672,0.0,0.8135245442390442,15.916509628295898,4.788346767425537,0.7522673606872559,0.24773263931274414,1.402164374146235,12.403185715747512,0.0891710443162267,0.4559986592021222,0.40835202350281397,1.0,1024
synthbuster,1,SD3-medium,1359690,0.5221583040374986,0.506151556968689,-0.0002168467763112858,0.3076153606441967,PNG,12.174324989318848,10.0,0.045582786202430725,14.34776496887207,0.08894709497690201,20.0,-2.1184371445062906,1024,0.0,0.9185034036636353,11.405282974243164,3.888962507247925,0.39656853675842285,0.6034314632415771,1.0695644392494186,3.1951781659160567,0.1616258968896729,0.6597100038178576,0.3998033815858192,1.0,672
synthbuster,1,SD3-medium,1216933,0.61511291876271,0.33289575576782227,0.003212235402315855,0.3425996764867653,PNG,21.186302185058594,8.0,0.0233539417386055,20.52849578857422,0.14949126541614532,20.0,-2.28453438542579,672,0.0,0.8082077503204346,14.359376907348633,9.457592010498047,0.5745810270309448,0.4254189431667328,1.4426573657323258,10.600885171483558,0.10117762977576289,0.5416478552552764,0.39723601432074795,1.0,1024
synthbuster,1,SD3-medium,1473869,0.15743631881676254,0.30241796374320984,0.0069673918187618256,0.23998849436628075,PNG,12.08874797821045,10.0,0.09107606112957001,12.324115753173828,0.1397855132818222,20.0,-2.3137247717977094,672,0.0,0.9353672862052917,12.814618110656738,6.324470520019531,0.44322407245635986,0.5567759275436401,1.1361413605933146,3.521985167029061,0.1299793727611229,0.5869231261513042,0.4087763260334199,1.0,1024
synthbuster,1,SD3-medium,1575780,0.4530695770804911,0.22082331776618958,0.00040078817983157933,0.24666368148724838,PNG,15.628772735595703,10.0,0.057347372174263,12.074261665344238,0.1449943631887436,20.0,-2.2589637761495767,1024,0.0,0.8973269462585449,18.285890579223633,6.1594390869140625,0.6365780234336853,0.3634219765663147,1.4123238890230618,9.517930491398008,0.10210378061992928,0.49633031238624814,0.4074073328280972,1.0,672
synthbuster,1,SD3-medium,1147270,0.5525393296853626,0.19239197671413422,0.0012364002177491784,0.13965701603243455,PNG,17.876544952392578,10.0,0.013126440346240997,22.818626403808594,0.03933856636285782,20.0,-2.3741503602244505,672,0.0,0.889936625957489,10.266128540039062,8.785079002380371,0.2929256558418274,0.7070743441581726,1.3060663212463235,3.265384988664951,0.2056761424519143,0.7048295006997548,0.3967976092783634,1.0,1024
synthbuster,1,SD3-medium,1271070,0.6407279083559634,0.23863327503204346,-0.0037262781988829374,0.28461104054772657,PNG,17.936012268066406,10.0,0.015542474575340748,22.529821395874023,0.048631832003593445,20.0,-2.732842320780373,672,0.0,0.8905912637710571,10.385906219482422,8.088007926940918,0.32609111070632935,0.6739088892936707,1.1876895455933147,3.7086331911748625,0.14822742329679525,0.6332619565829045,0.4000925516403299,1.0,1024
synthbuster,1,SD3-medium,1107536,0.529118867463998,0.3485829532146454,-0.002649175701662898,0.22885007782518135,PNG,20.10549545288086,8.0,0.04093342274427414,15.846434593200684,0.16724392771720886,20.0,-2.1682852428861756,672,0.0,0.8553153276443481,13.158864974975586,11.356348037719727,0.24609851837158203,0.753901481628418,1.3745189487826475,6.5323222852740255,0.14642778354823321,0.6700597900265648,0.3954993947516635,1.0,1024
