dataset,label,source,bytes,color.banded_fraction,color.colorfulness,color.gray_region_rb_cast,color.saturation_std,fmt,frequency.best_lattice_db,frequency.best_lattice_period,frequency.hf_energy_ratio,frequency.max_peak_db,frequency.mid_energy_ratio,frequency.n_peaks_significant,frequency.power_law_exponent,h,jpeg.is_jpeg,noise.noise_hf_ratio,noise.noise_sigma,noise.sensor_periodicity_db,noise.spatial_uniformity,noise.tile_std_cv,texture.fractal_dimension,texture.glcm_contrast,texture.glcm_energy,texture.glcm_homogeneity,texture.lbp_entropy,texture.lbp_uniform_ratio,w
defactify,1,4,10242,0.3463897407304154,0.09340903162956238,0.007985902018845081,0.2080963493090385,JPEG,14.989334106445312,8.0,0.026277685537934303,14.594803810119629,0.12794624269008636,20.0,-2.4336846308936164,256,0.0,0.8219742774963379,4.966623783111572,5.344491481781006,0.36940866708755493,0.6305913329124451,1.3005754637106193,1.5687668955449836,0.20807632011765106,0.758372970029357,0.3942347763554278,1.0,256
defactify,1,4,9781,0.4395541989067935,0.07879585772752762,0.014936034567654133,0.22095417868047995,JPEG,18.372711181640625,10.0,0.012979253195226192,18.53350067138672,0.1375080794095993,20.0,-2.48613831077985,256,0.0,0.7418750524520874,4.644378662109375,2.873774528503418,0.523391604423523,0.47660839557647705,1.3242045306192956,1.7479162461553261,0.27640113612810185,0.787217962300783,0.3826828163142053,1.0,256
defactify,1,3,68868,0.5787389448673385,0.02591796964406967,0.01063145138323307,0.05609288673512365,JPEG,25.894376754760742,10.0,0.010265246964991093,26.32159996032715,0.0895603820681572,20.0,-2.5882648257650205,256,0.0,0.7658926248550415,2.7128312587738037,11.540582656860352,-0.18370795249938965,1.1837079524993896,1.2092873937782347,0.5101628279988464,0.3858686230242644,0.9331543507801039,0.26916733918299607,1.0,256
defactify,1,5,15865,0.4171259356749198,0.06967255473136902,0.02793870121240616,0.09979301375427678,JPEG,28.962648391723633,10.0,0.0024703596718609333,26.79867172241211,0.04160689935088158,20.0,-3.0157013436100684,256,0.0,0.5490784645080566,1.3544468879699707,4.9952921867370605,0.6314554214477539,0.3685445487499237,1.049186070953656,0.3748010831170704,0.23883288565187077,0.8620572783859004,0.36404497581508394,1.0,256
defactify,1,5,17397,0.3837072018890201,0.10485462099313736,-0.011912291869521141,0.19596072812773216,JPEG,31.21605110168457,10.0,0.0037173768505454063,32.242706298828125,0.057007625699043274,20.0,-2.675078094262554,256,0.0,0.5579419136047363,1.7227072715759277,6.304500579833984,0.7257993221282959,0.2742006480693817,1.3143480344929237,0.4693819234188773,0.20989025995837568,0.8225090665495052,0.376955895499508,1.0,256
defactify,1,4,13498,0.4090214067278288,0.05801741033792496,0.0033570285886526108,0.1473174183659968,JPEG,20.500280380249023,10.0,0.030017849057912827,23.440536499023438,0.15047307312488556,20.0,-2.41345550771384,256,0.0,0.8458250761032104,7.421344757080078,8.261190414428711,0.8013263940811157,0.19867359101772308,1.474885537887238,3.263560289311806,0.14608036612833653,0.6401830773875008,0.40099661452392393,1.0,256
defactify,1,1,73532,0.4231020636847511,0.038861360400915146,0.003645380027592182,0.18112444132078429,JPEG,27.892942428588867,8.0,0.014964200556278229,17.15120506286621,0.1653762310743332,20.0,-2.4475214150018902,256,0.0,0.7323991656303406,6.3512139320373535,8.476985931396484,0.5467466115951538,0.4532533586025238,1.4846831444063748,3.2240746347558638,0.1794325322644811,0.713072918263187,0.3907402165699004,1.0,256
defactify,1,2,76960,0.76513037621476,0.11938558518886566,0.000802512455265969,0.37444143887464615,JPEG,26.237680435180664,10.0,0.0059646787121891975,20.92129135131836,0.06753665208816528,20.0,-2.7324585772583596,256,0.0,0.7014187574386597,3.0305233001708984,6.474876403808594,0.33851754665374756,0.6614824533462524,1.2226448964887613,0.8022412353421761,0.3898777374058009,0.8693802525364678,0.3458744679793792,1.0,256
defactify,1,5,21823,0.23038973852984707,0.09064362198114395,0.007582351099699736,0.24990912522369338,JPEG,34.51149368286133,10.0,0.0031693940982222557,27.914134979248047,0.09578915685415268,20.0,-2.6722900104779055,256,0.0,0.4678594172000885,2.3743231296539307,7.419342041015625,0.7285323143005371,0.2714677155017853,1.5498510818433435,0.90349908989331,0.16726038051904418,0.7383295186986631,0.36352679195352233,1.0,256
defactify,0,0,7376,0.9031317596162889,0.04422561451792717,0.0,0.057632253429092166,JPEG,43.868263244628906,10.0,0.003771543502807617,46.60765838623047,0.025458257645368576,20.0,-2.9546815880787487,256,0.0,0.8439805507659912,0.1813458651304245,18.89255142211914,0.7429270148277283,0.25707298517227173,1.7121816704488229,0.016862850225874665,0.5524169553146124,0.9915685748870626,0.10880904788179747,1.0,256
defactify,1,1,89748,0.22703678627849244,0.13545534014701843,-0.0006247999845072627,0.19078455557397725,JPEG,19.079063415527344,10.0,0.01865210011601448,15.474956512451172,0.09646712243556976,20.0,-2.676189923577935,256,0.0,0.8525987863540649,4.552197456359863,5.3481597900390625,0.7053398489952087,0.29466015100479126,1.1070727455475415,1.390859254853902,0.17732221341476886,0.713367305559901,0.4066606464165432,1.0,256
defactify,0,0,28076,0.24757033248081842,0.0,0.0,0.0,JPEG,23.071998596191406,10.0,0.004552666563540697,23.30565643310547,0.05703560262918472,20.0,-2.7946383636429193,256,0.0,0.6874340772628784,2.397916793823242,2.407683849334717,0.1836603283882141,0.8163396716117859,1.211596188055237,0.6478252054498267,0.25603972331244074,0.8365594974488183,0.3744873777907261,1.0,256
defactify,1,3,240396,0.33237479031871553,0.23001593351364136,0.005621244665235281,0.2688055438062518,JPEG,19.89017677307129,10.0,0.00983924139291048,13.234720230102539,0.0604546032845974,20.0,-2.5854747987662496,256,0.0,0.8120917081832886,4.7594895362854,4.342391490936279,0.5977192521095276,0.4022807478904724,1.3161860302904955,1.4873792531718588,0.22264671031620326,0.7467765981100987,0.4027005117518207,1.0,256
defactify,1,4,11008,0.3434420985284709,0.0590878389775753,0.0018212719587609172,0.19608883526652307,JPEG,19.443328857421875,10.0,0.010303810238838196,16.29132843017578,0.09627465158700943,20.0,-2.638824720581885,256,0.0,0.7606387734413147,4.9112868309021,4.697969436645508,0.7171821594238281,0.2828178107738495,1.32006093147651,1.885373128724529,0.201421750032918,0.7427617464893774,0.38985092843137104,1.0,256
defactify,1,2,139467,0.5485618675802725,0.02924533374607563,-0.0017231691163033247,0.12281066897396149,JPEG,26.444604873657227,10.0,0.007781249936670065,27.78339385986328,0.07298477739095688,20.0,-2.709256971395437,256,0.0,0.7521880269050598,4.815542221069336,8.09429931640625,0.8761637210845947,0.12383630126714706,1.3778616399609038,1.7444197243848518,0.2032642391429268,0.7273405356511425,0.38817825014088114,1.0,256
defactify,1,3,27876,0.8692534722222223,0.04697142541408539,-0.007988348603248596,0.07542263429245262,JPEG,34.85143280029297,8.0,0.0016358260763809085,16.682939529418945,0.03627578914165497,20.0,-3.040559985508514,256,0.0,0.6507101058959961,1.8684378862380981,14.820195198059082,0.03035956621170044,0.9696404337882996,1.1753968474674574,0.35181154784217605,0.5866474271757681,0.958664463606326,0.13263494453756375,1.0,256
defactify,1,2,78702,0.3827763279737352,0.02103567309677601,0.015215971507132053,0.09891720985476642,JPEG,20.66004753112793,10.0,0.005010484252125025,20.159160614013672,0.03326614573597908,20.0,-2.870306264447736,256,0.0,0.8053550720214844,2.1758317947387695,2.1739563941955566,0.6990429162979126,0.3009571135044098,1.1206068295393683,0.43538084811130306,0.29101499248971946,0.8558814351713644,0.39675941229333955,1.0,256
defactify,1,1,58131,0.5829454787234043,0.093955859541893,-0.004195829387754202,0.23655283692328075,JPEG,16.02838897705078,10.0,0.020481672137975693,19.75395965576172,0.07570072263479233,20.0,-2.54299196248881,256,0.0,0.8728457093238831,7.360259532928467,8.785368919372559,0.4108617901802063,0.5891382098197937,1.4349652592004138,3.0129060787918123,0.19464395204996013,0.7356509803246529,0.389357810121235,1.0,256
defactify,0,0,13635,0.6903907931260331,0.05776805803179741,-0.002855441067367792,0.1523078927896839,JPEG,23.399864196777344,10.0,0.002949340734630823,22.73812484741211,0.027118179947137833,20.0,-2.98654230604053,256,0.0,0.758790135383606,2.015712261199951,6.981567859649658,0.23109972476959229,0.7689002752304077,1.0673325525057529,0.39293264609765466,0.2943608159708112,0.9047390112930095,0.3370580355042351,1.0,256
defactify,1,4,12493,0.31532690246516615,0.06744564324617386,0.010946870781481266,0.19708517317503302,JPEG,19.783540725708008,10.0,0.014811402186751366,17.064220428466797,0.1332065314054489,20.0,-2.52933369927836,256,0.0,0.7522528767585754,5.888004779815674,5.687888145446777,0.816007137298584,0.1839928776025772,1.397585110130382,2.572303906550367,0.15341836150379917,0.6857064406925703,0.3912704876299822,1.0,256
defactify,1,5,18592,0.5320499032049903,0.059115804731845856,-0.01020779088139534,0.09984640290943271,JPEG,26.20291519165039,10.0,0.0016714019002392888,22.43768310546875,0.03646456450223923,20.0,-2.9336043332897415,256,0.0,0.5634133815765381,2.0426266193389893,3.6454412937164307,0.660769522190094,0.339230477809906,1.3236746104239625,0.5990480824682817,0.39194093352366893,0.8542115074277883,0.3760461301432631,1.0,256
defactify,1,2,160965,0.38222079589216945,0.020520169287919998,0.010296276770532131,0.16908376646222734,JPEG,20.10256004333496,10.0,0.007146574556827545,18.09002685546875,0.07585640251636505,20.0,-2.8492710715300977,256,0.0,0.7417320013046265,4.284915924072266,1.58135986328125,0.7578602433204651,0.2421397715806961,1.3245202881117564,1.496727310409458,0.2209630832707091,0.7210099409036141,0.3969407546322215,1.0,256
defactify,1,1,85503,0.38728056667693256,0.15975907444953918,-0.005266615189611912,0.3042090142502104,JPEG,20.005023956298828,10.0,0.01999163255095482,22.189720153808594,0.11211150139570236,20.0,-2.5233466835455145,256,0.0,0.8293855786323547,5.75300407409668,7.2670512199401855,0.642112135887146,0.3578878343105316,1.3878569935131408,2.107928921568628,0.20140010759813726,0.6936811346806879,0.4018322076412548,1.0,256
defactify,1,3,122885,0.24509803921568626,0.08193981647491455,-0.01667717844247818,0.22605104122324762,JPEG,19.716102600097656,10.0,0.008122304454445839,19.064559936523438,0.05293050408363342,20.0,-2.727282984576119,256,0.0,0.8231688737869263,3.70566463470459,2.0326969623565674,0.4124915599822998,0.5875084400177002,1.1419943216924737,0.9803299362024216,0.3635347640036236,0.8125470187110153,0.4048192833768743,1.0,256
defactify,1,5,21006,0.3433145009416196,0.07714994996786118,0.0007667267927899957,0.16624391860990967,JPEG,28.583040237426758,8.0,0.003748461604118347,19.248788833618164,0.10845314711332321,20.0,-2.3061438576212465,256,0.0,0.5443733334541321,2.622718095779419,6.010375499725342,0.7030450701713562,0.2969549298286438,1.452807245032993,0.8215349715253747,0.22249939506274113,0.757461270243677,0.3825446518780318,1.0,256
defactify,1,2,73063,0.5247148288973384,0.04993493854999542,0.01988135650753975,0.15035084129068488,JPEG,30.192201614379883,10.0,0.005538398399949074,27.242389678955078,0.10369791835546494,20.0,-2.4648222291048247,256,0.0,0.6557298302650452,3.194453477859497,8.815003395080566,0.49784529209136963,0.5021547079086304,1.428638730176951,0.972707822712418,0.23864340092882277,0.8096470506115871,0.3774158141180531,1.0,256
defactify,1,5,17883,0.6420030260139588,0.039146341383457184,0.010086312890052795,0.13429532535253486,JPEG,28.99100112915039,10.0,0.0010704300366342068,21.134777069091797,0.03777366131544113,20.0,-2.8036121282920994,256,0.0,0.4977833330631256,2.415087938308716,5.993008136749268,0.5232386589050293,0.4767613708972931,1.3846277271650578,0.8523909824346403,0.28917495911810054,0.8326749046758926,0.3664156377475344,1.0,256
defactify,0,0,16473,0.6554938516461721,0.010721413418650627,0.009142149239778519,0.049895968683642,JPEG,20.487852096557617,10.0,0.009912408888339996,23.250654220581055,0.06237282603979111,20.0,-2.7194688818041044,256,0.0,0.8085727691650391,2.4870502948760986,11.205055236816406,0.3639272451400757,0.6360727548599243,1.1887517264513745,0.44402228109381003,0.3990073091246876,0.9078239035671656,0.29379362414865695,1.0,256
defactify,1,3,158857,0.6561467889908257,0.11201885342597961,-0.005528820212930441,0.24284646710351443,JPEG,21.324674606323242,10.0,0.18481658399105072,34.277008056640625,0.1726178526878357,20.0,-2.3990776942897103,256,0.0,0.9680375456809998,14.353228569030762,7.27965784072876,0.6729739904403687,0.32702600955963135,1.6375475313173462,8.684862312572085,0.1290518023663041,0.4377512150182597,0.3897515306327525,1.0,256
defactify,1,3,32164,0.7658313325330132,0.1258963942527771,0.004913030657917261,0.22618183490388524,JPEG,16.0862979888916,10.0,0.015203223563730717,15.614837646484375,0.11042457073926926,20.0,-2.6174894081442606,256,0.0,0.8061431050300598,5.067494869232178,4.501309871673584,0.603685200214386,0.396314799785614,1.307553735832167,1.7046379096981936,0.4234374529010367,0.8009840915015016,0.3585324660017353,1.0,256
defactify,0,0,71747,0.272881836214225,0.0940915048122406,0.0005992592195980251,0.3687138622823925,JPEG,19.73856544494629,10.0,0.05641641467809677,18.553268432617188,0.25543540716171265,20.0,-2.039953308615083,256,0.0,0.8532652258872986,11.674092292785645,9.467185974121094,0.7186757326126099,0.28132423758506775,1.5682882745582896,7.346010083261239,0.1646770115086489,0.5926177075291169,0.40427031389087265,1.0,256
defactify,1,3,77247,0.36538711776187377,0.06909070163965225,0.0020188470371067524,0.14105051373168392,JPEG,20.333507537841797,10.0,0.0066627319902181625,21.91645622253418,0.036583948880434036,20.0,-2.864071290780323,256,0.0,0.8283012509346008,3.336373805999756,3.065450668334961,0.5910816192626953,0.4089183509349823,1.3697381620345603,0.8095748930699733,0.20516922309988228,0.7678424800513308,0.3994639022963846,1.0,256
defactify,1,2,85054,0.37524347487339305,0.051668595522642136,0.005146464798599482,0.10425111586594864,JPEG,17.837299346923828,10.0,0.009821342304348946,18.609600067138672,0.08952249586582184,20.0,-2.666006451665739,256,0.0,0.7516915202140808,2.3690361976623535,5.451083183288574,0.5346695184707642,0.4653305113315582,1.1568163830245388,0.5683047385620915,0.4913081864344202,0.8414465567185414,0.3960013490418144,1.0,256
defactify,0,0,18033,0.593124907393688,0.06712514162063599,0.01569029688835144,0.16738858743334956,JPEG,16.148941040039062,10.0,0.012455404736101627,18.338275909423828,0.03632410243153572,20.0,-2.534271832192627,256,0.0,0.8952538371086121,3.201572895050049,5.89286994934082,0.3969176411628723,0.6030823588371277,0.8168094854028922,0.6292074562668206,0.2370422202633079,0.8187692159226909,0.3854963015253113,1.0,256
defactify,1,1,43491,0.4683519783040341,0.05173354223370552,0.016498960554599762,0.24821955340751595,JPEG,21.71700668334961,10.0,0.01745864748954773,18.894527435302734,0.0851166769862175,20.0,-2.6379443713042665,256,0.0,0.8680109977722168,3.0639429092407227,8.608348846435547,0.4510761499404907,0.5489238500595093,1.1769528080751464,0.6301001117358709,0.2807278973817402,0.8518400130688327,0.3785798719003005,1.0,256
defactify,1,5,22937,0.5817949808592089,0.07395181059837341,0.0022285899613052607,0.21582042431979898,JPEG,28.127534866333008,10.0,0.0022418878506869078,23.02931785583496,0.06905528157949448,20.0,-2.8034258787545245,256,0.0,0.5258292555809021,3.04089617729187,4.811852931976318,0.7131937742233276,0.28680619597435,1.503813377039514,1.2827187409890426,0.19406292347511955,0.7370707261060268,0.3819924861155938,1.0,256
defactify,1,3,60406,0.7479439105089019,0.03891053795814514,0.006262741982936859,0.0880234625053984,JPEG,21.83485221862793,10.0,0.02568580023944378,22.401073455810547,0.14611664414405823,20.0,-2.30772862178582,256,0.0,0.8106129765510559,5.422609806060791,11.836896896362305,0.3786999583244324,0.6213000416755676,1.3943169315029622,1.7368868944636677,0.3534258431588189,0.8145142394404287,0.3265404051089355,1.0,256
defactify,1,4,16160,0.5799100014515894,0.1536453813314438,0.0029872688464820385,0.2792403905037391,JPEG,17.307174682617188,10.0,0.06045302748680115,24.449777603149414,0.18733219802379608,20.0,-2.1983833762065554,256,0.0,0.9064925312995911,11.110621452331543,9.317365646362305,0.7437635064125061,0.2562364935874939,1.5521486180554331,6.186129493464051,0.13556029230702904,0.5849619849646176,0.3962824011450679,1.0,256
defactify,1,3,127565,0.5134385158170142,0.027064047753810883,-0.01099731121212244,0.3171114747265341,JPEG,26.248085021972656,8.0,0.010129300877451897,25.873844146728516,0.10515031218528748,20.0,-2.5831233479888027,256,0.0,0.7540260553359985,6.132751941680908,8.8695707321167,0.6701778173446655,0.3298221826553345,1.4244517432773787,2.729167612817189,0.2788605671563118,0.755630383430602,0.3874379649813387,1.0,256
defactify,1,4,10342,0.2449779519843214,0.05677077919244766,0.011370964348316193,0.19716119752263836,JPEG,19.997331619262695,10.0,0.011128969490528107,18.980371475219727,0.09613758325576782,20.0,-2.710346505637541,256,0.0,0.7677125334739685,4.8091230392456055,5.261881351470947,0.561843752861023,0.43815624713897705,1.2748781709102286,1.7772514777970008,0.17166467419470544,0.739349268257568,0.37685299436165537,1.0,256
defactify,1,4,13362,0.3028009084027252,0.08841925114393234,-0.003453075885772705,0.2514393642309945,JPEG,18.64805030822754,10.0,0.03839539363980293,24.41765022277832,0.18842916190624237,20.0,-2.3311836568335793,256,0.0,0.8366413116455078,7.217260360717773,8.980189323425293,0.7103193998336792,0.2896806001663208,1.4176408559217373,3.0635853698096893,0.17203613274916038,0.6525744465483885,0.4018746097887918,1.0,256
defactify,1,3,66105,0.8381440177625271,0.14698408544063568,0.0008137535187415779,0.20369712564221576,JPEG,20.737600326538086,10.0,0.014296100474894047,22.801513671875,0.136276975274086,20.0,-2.5183137137479825,256,0.0,0.7128177881240845,3.443662166595459,3.5235726833343506,-0.059075117111206055,1.059075117111206,1.2955879194652378,0.9259345414023452,0.44614277469512353,0.8835905283839833,0.2973034243830877,1.0,256
defactify,1,5,26572,0.14296435272045027,0.17548690736293793,0.018164973706007004,0.24677825799121683,JPEG,26.41327667236328,10.0,0.0035827928222715855,22.69887924194336,0.10959530621767044,20.0,-2.6390867815565824,256,0.0,0.5025326609611511,2.5087690353393555,3.071345329284668,0.7095323204994202,0.29046767950057983,1.432866612513197,0.9802393009900041,0.1803727014466558,0.7392570344916454,0.3656583442014208,1.0,256
defactify,1,1,90876,0.19200503619767076,0.0038473166059702635,-0.0017931172624230385,0.01631985607565503,JPEG,14.683985710144043,10.0,0.02118760347366333,14.58946704864502,0.062173087149858475,20.0,-2.754574577937954,256,0.0,0.900972843170166,5.024782657623291,6.442177772521973,0.7217029333114624,0.2782970368862152,1.0454895171576408,1.4314752288783161,0.24984867813460843,0.6752619425217353,0.40707271116241145,1.0,256
defactify,1,3,47261,0.7050158156348848,0.048854582011699677,0.020103730261325836,0.06868314909859259,JPEG,34.97979736328125,8.0,0.01077114138752222,36.78917694091797,0.13996943831443787,20.0,-2.467222266288791,256,0.0,0.7702648043632507,2.5305392742156982,16.80198860168457,0.0960037112236023,0.9039962887763977,1.3797584430336713,0.5243115178056518,0.41871400113173574,0.9043003977480525,0.25500618014899357,1.0,256
defactify,1,4,10809,0.3608819559022049,0.08722192794084549,0.001747366040945053,0.2162212764914829,JPEG,19.88186264038086,10.0,0.014396539889276028,18.26921844482422,0.10556050390005112,20.0,-2.6757371899194635,256,0.0,0.8047125935554504,4.757246494293213,5.449282646179199,0.6012485027313232,0.39875146746635437,1.2530930033142194,1.6707584973327576,0.16979992773941915,0.7330903453184177,0.3815743862011769,1.0,256
defactify,1,1,60067,0.7824151913757295,0.021169152110815048,-0.011576053686439991,0.17775630129024847,JPEG,19.246341705322266,10.0,0.01609537936747074,19.297836303710938,0.08207818865776062,20.0,-2.709891899813232,256,0.0,0.839118480682373,5.3700103759765625,5.83829402923584,0.37573015689849854,0.6242698431015015,1.3377123924545822,1.7178478529892351,0.4391690242958065,0.8272726580312703,0.3390417731338914,1.0,256
defactify,1,4,16103,0.23191027496382055,0.09739946573972702,0.011576884426176548,0.2885524149394351,JPEG,17.449024200439453,10.0,0.05320480838418007,17.278114318847656,0.2502846121788025,20.0,-2.15775982253579,256,0.0,0.8553292751312256,9.863259315490723,7.609652996063232,0.7787172794342041,0.2212827354669571,1.5488964061105421,5.366416927984431,0.1532216026120452,0.5801962741666425,0.40172669226721974,1.0,256
defactify,0,0,42046,0.5744013577832712,0.05782085657119751,-0.0013890339760109782,0.11940770312574052,JPEG,19.170116424560547,10.0,0.027335165068507195,19.520429611206055,0.14468242228031158,20.0,-2.455072687293409,256,0.0,0.8327140212059021,5.236237525939941,7.775466442108154,0.6588312983512878,0.34116870164871216,1.2941014143418836,1.632700373654365,0.30674903607108694,0.8145922082119492,0.3564040070786631,1.0,256
defactify,0,0,36746,0.4787302403290066,0.10100492089986801,0.020461423322558403,0.2642693397206565,JPEG,20.314939498901367,10.0,0.013992022722959518,19.75204849243164,0.0830945372581482,20.0,-2.7143983897163535,256,0.0,0.816609263420105,4.568483829498291,7.29337215423584,0.6179632544517517,0.3820367455482483,1.1818713833145569,1.3924557261630146,0.2802733643827928,0.7938288173300838,0.38290042663726703,1.0,256
defactify,1,4,11379,0.34605135658914726,0.10090573132038116,0.0035436744801700115,0.18318226008972957,JPEG,17.074100494384766,10.0,0.021702921018004417,17.241270065307617,0.09753774851560593,20.0,-2.5752717854866534,256,0.0,0.8542376160621643,5.764231204986572,2.6800105571746826,0.6896799802780151,0.31032001972198486,1.378033866315027,2.0042383037773934,0.18751591818623609,0.7230290622370886,0.40019010047151754,1.0,256
defactify,1,2,33252,0.8202861237278667,0.1582420915365219,-0.010136065073311329,0.33564397926014694,JPEG,21.125154495239258,10.0,0.005362675525248051,20.247642517089844,0.04596308618783951,20.0,-2.768882116747628,256,0.0,0.7777292728424072,2.628955841064453,1.975644588470459,0.27298587560653687,0.7270141243934631,1.150843461248291,0.5892818717560554,0.4446821456246981,0.8940250728018551,0.2916315565547952,1.0,256
defactify,1,2,116063,0.42106706898916474,0.026980258524417877,0.006738618016242981,0.08758515428860553,JPEG,22.43800163269043,10.0,0.011723240837454796,19.337181091308594,0.13793662190437317,20.0,-2.370917988436163,256,0.0,0.732103168964386,4.391732215881348,8.682151794433594,0.7628520727157593,0.2371479570865631,1.3451435065470478,1.5177052996443676,0.19025847929026,0.7324987398161226,0.39489166477422816,1.0,256
defactify,1,4,11518,0.4741673223183845,0.07713600993156433,0.006108520552515984,0.14111625622707932,JPEG,15.404380798339844,10.0,0.03196324035525322,20.514907836914062,0.09726034849882126,20.0,-2.282031554627928,256,0.0,0.8860117197036743,6.286761283874512,4.9140119552612305,0.684316873550415,0.31568315625190735,1.2251709315431454,2.1063395388792783,0.17657794695067103,0.7031600132359773,0.4034940721760217,1.0,256
defactify,1,4,13747,0.44634965529432563,0.06740660965442657,0.01000566128641367,0.23158618712641585,JPEG,16.386577606201172,10.0,0.04430839791893959,17.996110916137695,0.2112347036600113,20.0,-2.3349801960289764,256,0.0,0.8410037755966187,8.379170417785645,8.96310043334961,0.6901248693466187,0.30987516045570374,1.496903655129681,3.9777482969290636,0.19062023732852182,0.6316926492657775,0.4035809780202746,1.0,256
defactify,1,4,10740,0.2999104744852283,0.06605055928230286,0.017018480226397514,0.2003186162066166,JPEG,22.32567596435547,10.0,0.011757646687328815,16.105005264282227,0.1117919385433197,20.0,-2.560093143105769,256,0.0,0.7570640444755554,5.753090858459473,4.42523717880249,0.5702776312828064,0.4297223687171936,1.3557720346044988,2.495358966503268,0.18168960339909318,0.7355394844182133,0.3853323782897536,1.0,256
defactify,0,0,58110,0.060561299852289516,0.08775156736373901,0.008411684073507786,0.1801968050560739,JPEG,22.102516174316406,10.0,0.01581501215696335,17.548847198486328,0.2603256404399872,20.0,-2.0847660076566736,256,0.0,0.6720790266990662,6.6119184494018555,1.541486382484436,0.8378448486328125,0.1621551215648651,1.6651755869578888,3.39227236819973,0.12152069173379573,0.5358703874233226,0.398606461010458,1.0,256
defactify,1,1,90381,0.41729607250755285,0.10660449415445328,-0.013829617761075497,0.19645262343771522,JPEG,21.81709098815918,10.0,0.039754606783390045,19.815654754638672,0.33499881625175476,20.0,-1.710667952267428,256,0.0,0.7807949781417847,7.299006462097168,10.89460563659668,0.8855558633804321,0.11444410681724548,1.5207708636090003,3.598176122164552,0.2183119168202725,0.650817381585621,0.4000855852091622,1.0,256
defactify,1,4,9150,0.295982232990107,0.13379186391830444,0.017728807404637337,0.259732763710936,JPEG,21.630048751831055,10.0,0.011669344268739223,22.226350784301758,0.0923541784286499,20.0,-2.659105873996472,256,0.0,0.7792367935180664,3.763887882232666,4.157733917236328,0.4890296459197998,0.5109703540802002,1.2435071773137243,1.146378751561899,0.23842279127970917,0.8060659894154516,0.3858645680715115,1.0,256
defactify,1,4,10249,0.302606594165372,0.048102207481861115,0.015667617321014404,0.19308890755452945,JPEG,18.909337997436523,10.0,0.01206625159829855,16.199047088623047,0.08511203527450562,20.0,-2.6768987212336013,256,0.0,0.8090304732322693,4.409223556518555,7.417803764343262,0.6174243688583374,0.3825756311416626,1.3002447190627233,1.423857350538255,0.2080426618701576,0.7420909393977715,0.39157302239540137,1.0,256
defactify,1,3,120125,0.6600823914650893,0.010334842838346958,-0.006647981703281403,0.11203599455763585,JPEG,24.28787612915039,10.0,0.014258521609008312,27.29534149169922,0.11406858265399933,20.0,-2.3080689734378788,256,0.0,0.7860411405563354,4.401867866516113,9.816237449645996,0.32580500841140747,0.6741949915885925,1.4115845566959433,1.2966482242406774,0.294323322743226,0.7720736311606194,0.3760183522221477,1.0,256
defactify,1,5,17828,0.4664611520237484,0.06616312265396118,0.01163923554122448,0.2504282792525059,JPEG,34.99774169921875,10.0,0.002259996719658375,34.549137115478516,0.04294459521770477,20.0,-2.692731223678238,256,0.0,0.469704806804657,2.288574695587158,8.417006492614746,0.43980610370635986,0.5601938962936401,1.4178754173917576,0.7657733503940793,0.2489497973409604,0.8271460894636702,0.3555420127591943,1.0,256
defactify,0,0,39056,0.6659299226418774,0.10465416312217712,-0.0023187543265521526,0.3692318907926376,JPEG,23.0253963470459,10.0,0.018517576158046722,25.876956939697266,0.10213204473257065,20.0,-2.4390187665271763,256,0.0,0.8288965821266174,8.091130256652832,10.20218276977539,0.6845483779907227,0.31545159220695496,1.472549398421558,3.8639826028450592,0.2129695353791694,0.6957580981195656,0.38616056703192253,1.0,256
defactify,1,4,9541,0.3509333749902367,0.17555129528045654,0.0028812920209020376,0.23232303993337017,JPEG,18.065982818603516,10.0,0.018560482189059258,19.62841796875,0.1329762488603592,20.0,-2.4610128255008648,256,0.0,0.7861510515213013,4.110554218292236,7.47211217880249,0.265045702457428,0.734954297542572,1.3541406861598102,1.1896290038687052,0.234807247469981,0.8065351435349626,0.3907799372908431,1.0,256
defactify,1,2,153562,0.4318923327895595,0.04472776874899864,0.01543918251991272,0.10636349746614238,JPEG,20.068819046020508,10.0,0.017572544515132904,16.536659240722656,0.14484544098377228,20.0,-2.4543940866825866,256,0.0,0.7840879559516907,5.194863319396973,4.27712345123291,0.7456048727035522,0.25439509749412537,1.5842480447799765,1.8834682874375253,0.17009120586793727,0.6382173806033626,0.4061131700755229,1.0,256
defactify,1,3,87611,0.7477652448893205,0.054305821657180786,0.008827072568237782,0.33032076900385565,JPEG,26.760265350341797,10.0,0.0015769163146615028,28.821117401123047,0.020174166187644005,20.0,-3.1811214153446503,256,0.0,0.6643904447555542,2.5027413368225098,4.896510124206543,0.39527738094329834,0.6047226190567017,1.17832152567933,0.7318999753700498,0.4830006156133528,0.8962978534609942,0.291553430682757,1.0,256
defactify,1,2,67404,0.7880671077504726,0.015720592811703682,0.01826176419854164,0.03732596159399183,JPEG,32.68166732788086,8.0,0.0062498110346496105,37.217872619628906,0.04646668955683708,20.0,-2.747156454543687,256,0.0,0.8126834630966187,1.9923783540725708,18.481414794921875,0.4675931930541992,0.5324068069458008,1.261769179271404,0.3083611771914648,0.41339128581193124,0.9173588498931562,0.2610619352126297,1.0,256
defactify,0,0,11861,0.6351053159478436,0.08623047173023224,0.007372288499027491,0.17528113265885722,JPEG,21.599605560302734,10.0,0.005003905389457941,16.865318298339844,0.03383098915219307,20.0,-2.84747394040753,256,0.0,0.8088338971138,3.2226905822753906,2.5093605518341064,-0.20109021663665771,1.2010902166366577,1.3042945287788994,0.776407992118416,0.3734498982043827,0.8839647471502466,0.33545069136778416,1.0,256
defactify,1,4,13319,0.645725443586043,0.15753448009490967,-0.009592917747795582,0.2284467508343437,JPEG,13.859099388122559,8.0,0.061139173805713654,14.854196548461914,0.20171000063419342,20.0,-2.0680784623948725,256,0.0,0.8679115772247314,7.9235405921936035,7.077545642852783,0.5432684421539307,0.45673152804374695,1.543191772489684,3.3203196787293345,0.19011510342067756,0.6508378677827876,0.3996109876228826,1.0,256
defactify,1,2,55326,0.84366112662092,0.045109353959560394,0.010998815298080444,0.0817304458983082,JPEG,19.355670928955078,6.0,0.011359304189682007,14.260124206542969,0.07164960354566574,20.0,-2.468340194540945,256,0.0,0.7888497114181519,3.4321818351745605,8.053428649902344,-0.06873273849487305,1.068732738494873,1.4778368669048758,0.7672334258458287,0.4461353010987398,0.8677549888313202,0.30652558768640403,1.0,256
defactify,1,1,57142,0.5116541656585208,0.060155585408210754,-0.000973450078163296,0.1796024466782819,JPEG,13.136837005615234,10.0,0.05387938767671585,14.057644844055176,0.13742661476135254,20.0,-2.2491608923215938,256,0.0,0.8989320397377014,7.5195112228393555,2.254481315612793,0.40393877029418945,0.5960612297058105,1.3917809939825616,2.826551161212036,0.3573326110333105,0.7082001394391664,0.40019102482530927,1.0,256
defactify,1,1,87499,0.42757781255433835,0.15635186433792114,-0.003278713673353195,0.3110378188556767,JPEG,23.59754180908203,10.0,0.0269131138920784,16.426979064941406,0.21066494286060333,20.0,-2.270340750657764,256,0.0,0.8082543015480042,6.679681301116943,9.608104705810547,0.7840167284011841,0.2159833014011383,1.592363897083578,2.9844477034073456,0.16949780628806685,0.6256113293599121,0.40144692878800015,1.0,256
defactify,1,5,16412,0.3078007045797685,0.05138373002409935,0.013605997897684574,0.09155114089848218,JPEG,34.03710174560547,10.0,0.002585499780252576,33.221832275390625,0.0410277284681797,20.0,-3.026184007177557,256,0.0,0.5473430752754211,1.798870325088501,6.551185131072998,0.7663336396217346,0.23366636037826538,1.2086344308902575,0.5210793324682815,0.2813769500518379,0.8483409938094357,0.3809740238004388,1.0,256
defactify,1,1,64724,0.4944064636420137,0.04952654242515564,0.0039527867920696735,0.10906367726573822,JPEG,38.61027145385742,8.0,0.01243355218321085,40.67977523803711,0.1887890100479126,20.0,-2.3415639409443827,256,0.0,0.7282757759094238,4.593865871429443,19.83519744873047,0.7420728206634521,0.25792714953422546,1.4023834910880701,1.7624784487937337,0.23772727651953163,0.7972967379799847,0.35907071135652113,1.0,256
defactify,0,0,30964,0.2739823512667236,0.05025722086429596,0.001407822361215949,0.20495547664850902,JPEG,22.74066734313965,10.0,0.014256158843636513,22.39628791809082,0.13296496868133545,20.0,-1.9456999801486476,256,0.0,0.76322340965271,7.7089433670043945,9.71611499786377,0.592674970626831,0.40732505917549133,1.5056685768777858,3.8239206374951937,0.17196297155141524,0.6727170202838987,0.39423952309854093,1.0,256
defactify,0,0,29964,0.7711682372505543,0.060191560536623,0.0033555678091943264,0.287442458614614,JPEG,27.908479690551758,8.0,0.011605932377278805,26.80017852783203,0.06956968456506729,20.0,-2.333163460518507,256,0.0,0.8259546756744385,5.868348121643066,14.969856262207031,0.21986740827560425,0.7801325917243958,1.4440847590751678,2.013875973183392,0.2924949872218895,0.8047566142476621,0.34449759481514736,1.0,256
defactify,1,2,63237,0.5328048574801821,0.0108812116086483,0.005292015615850687,0.10786940755205932,JPEG,20.62100601196289,10.0,0.00714663602411747,14.43302059173584,0.07318735867738724,20.0,-2.7873220537063292,256,0.0,0.7425568103790283,4.323544025421143,1.8113685846328735,0.5808144807815552,0.4191855192184448,1.619971267391074,1.4789429546328337,0.15608645621194495,0.6786192047079451,0.39683412330115675,1.0,256
defactify,1,1,101164,0.13674698795180723,0.13915927708148956,0.0027141915634274483,0.260916902577239,JPEG,23.180208206176758,10.0,0.006186127662658691,15.207441329956055,0.1706341654062271,20.0,-2.404358117834938,256,0.0,0.5579418540000916,4.399569034576416,1.1771572828292847,0.8440930843353271,0.15590693056583405,1.5464505578687102,2.141411145953479,0.13563259887521883,0.6288021583274006,0.3901236213258808,1.0,256
defactify,0,0,20264,0.5598312942242671,0.06737785041332245,0.01661250926554203,0.1403102272031362,JPEG,27.52608871459961,10.0,0.012273900210857391,27.82028579711914,0.05565500631928444,20.0,-2.5940426205994,256,0.0,0.874771773815155,3.674896240234375,15.122889518737793,0.30527281761169434,0.6947271823883057,1.1150796049545504,0.8044637128748556,0.29204575059887694,0.8680947187660173,0.341301928183268,1.0,256
defactify,1,2,87945,0.8471147401133386,0.03065372258424759,0.012458454817533493,0.03988647082949396,JPEG,21.40979766845703,10.0,0.020072592422366142,16.896770477294922,0.13816964626312256,20.0,-2.3874912509732225,256,0.0,0.7926140427589417,4.93283748626709,6.275971412658691,0.5117365121841431,0.48826345801353455,1.4582846945881611,1.5674372987552863,0.4257996142345792,0.8067466473234917,0.32079761943253704,1.0,256
defactify,1,1,41014,0.5405630122342321,0.05419451370835304,-0.013657387346029282,0.21245560376903544,JPEG,20.12700080871582,10.0,0.02455846592783928,19.07624053955078,0.10356676578521729,20.0,-2.654371329801419,256,0.0,0.8531151413917542,5.081028461456299,9.912906646728516,0.706497311592102,0.29350268840789795,1.2393189323657514,1.5170374074875042,0.30999693418484625,0.7881478891288094,0.38685847865783635,1.0,256
defactify,1,3,106882,0.3288722341184868,0.13918399810791016,0.003663748037070036,0.24036602308989272,JPEG,22.95416259765625,10.0,0.0071912044659256935,17.865108489990234,0.0882781445980072,20.0,-2.752835660493914,256,0.0,0.7178564071655273,4.34279727935791,3.30822491645813,0.700045108795166,0.29995492100715637,1.2803388760295409,1.6088008368175706,0.1815979228303201,0.7278497466607138,0.3934000181478453,1.0,256
defactify,1,4,12990,0.32317880794701986,0.0698428824543953,-0.002645515836775303,0.16154446713108994,JPEG,21.52216339111328,10.0,0.026537422090768814,23.604429244995117,0.16640330851078033,20.0,-2.155201732424338,256,0.0,0.8111222982406616,7.279469013214111,8.17641544342041,0.7368530035018921,0.2631469964981079,1.5215856545444681,3.272088019031142,0.14252055678443087,0.6329221311044804,0.3926056418400484,1.0,256
defactify,1,4,14060,0.43707386363636364,0.05073513463139534,0.002439773641526699,0.19486137451727123,JPEG,18.616600036621094,10.0,0.03142112120985985,18.454505920410156,0.1742938905954361,20.0,-2.2881277765999055,256,0.0,0.8290545344352722,8.868563652038574,4.948731422424316,0.6969456672668457,0.3030543625354767,1.4833679867514424,4.723921613682237,0.18175511475206804,0.6414381924537292,0.4028813668759572,1.0,256
defactify,0,0,54765,0.4628223441846478,0.052339814603328705,-0.0035253800451755524,0.2350079470358355,JPEG,22.761756896972656,8.0,0.0336994044482708,30.64093589782715,0.19837655127048492,20.0,-2.2464108171891706,256,0.0,0.8380435705184937,7.395730018615723,10.388059616088867,0.5127629637718201,0.48723703622817993,1.4865355578139297,3.216847771890619,0.26668819434516255,0.7399319404885986,0.38478062824652515,1.0,256
defactify,1,4,11398,0.27358668935526564,0.09771229326725006,0.009923618286848068,0.24312640204505165,JPEG,16.05583381652832,10.0,0.021099817007780075,20.531856536865234,0.10697520524263382,20.0,-2.481484138717838,256,0.0,0.844678521156311,5.7970290184021,7.456684112548828,0.6370245218276978,0.36297550797462463,1.394635149230617,2.0483360366205297,0.1820854278875765,0.7185273887370659,0.39710495345234903,1.0,256
defactify,1,2,88123,0.7200223456343859,0.08618773519992828,-0.01556215900927782,0.36070151698755526,JPEG,25.910846710205078,10.0,0.006398660130798817,20.529151916503906,0.07864952087402344,20.0,-2.601025557882882,256,0.0,0.7113568186759949,3.6173441410064697,8.405123710632324,0.6150608062744141,0.38493916392326355,1.4146797539345106,1.1974391610198,0.41035398401240836,0.8290883386810097,0.34304369094803167,1.0,256
defactify,1,1,94588,0.8294149512459371,0.053328149020671844,-0.003153193276375532,0.19227099756237306,JPEG,16.507055282592773,10.0,0.027999840676784515,14.980571746826172,0.15619468688964844,20.0,-2.334033301088475,256,0.0,0.8312570452690125,7.385722637176514,2.8542866706848145,0.5636343955993652,0.43636560440063477,1.5549454445528312,3.2940778787004987,0.3067136723434978,0.6586645315104223,0.38256085536816553,1.0,256
defactify,1,1,21324,0.660553203240059,0.007943072356283665,-0.012887922115623951,0.07685637226892872,JPEG,25.86564826965332,8.0,0.03630806878209114,20.839250564575195,0.3905180096626282,20.0,-1.8912731578907491,256,0.0,0.6862503886222839,3.1441409587860107,12.802180290222168,-0.14599072933197021,1.1459907293319702,1.4490711217019492,0.6933520761245673,0.7543288292295356,0.9402868965797523,0.29833049183938515,1.0,256
defactify,1,2,85153,0.5116232941923199,0.03611253574490547,0.004202809184789658,0.10713049773747042,JPEG,25.381977081298828,8.0,0.009366556070744991,22.000864028930664,0.15723079442977905,20.0,-2.3895351116926973,256,0.0,0.6382953524589539,4.659265995025635,6.300973415374756,0.6356722116470337,0.3643277585506439,1.4885528904070247,2.073084465710304,0.266521862800822,0.7965097860912081,0.36227424361109667,1.0,256
defactify,1,4,15329,0.5970227213371637,0.06522771716117859,-0.006264047231525183,0.24799185336297752,JPEG,16.588640213012695,10.0,0.08096038550138474,12.761850357055664,0.21093733608722687,20.0,-2.2671140233462768,256,0.0,0.9015888571739197,11.347587585449219,6.797619819641113,0.6053967475891113,0.39460328221321106,1.53376969092927,6.247384524581896,0.13883599251674322,0.5810284183403498,0.40086148518312265,1.0,256
defactify,1,5,19470,0.36733716475095785,0.04390839487314224,-0.011126229539513588,0.23828530521834565,JPEG,34.951988220214844,10.0,0.0018913069507107139,33.95835494995117,0.06210751086473465,20.0,-2.7535733922134895,256,0.0,0.47270363569259644,2.8627569675445557,8.307554244995117,0.8534265160560608,0.1465734988451004,1.5445270003125415,1.298178329849097,0.1725722828647146,0.7350405564970723,0.3620472208391996,1.0,256
defactify,1,2,67213,0.6975736791893355,0.050133444368839264,0.005440696142613888,0.16960761091913226,JPEG,34.257102966308594,10.0,0.010555155575275421,34.864253997802734,0.10421936213970184,20.0,-2.6235051467797224,256,0.0,0.7375993728637695,2.210946559906006,17.606483459472656,0.3401116728782654,0.6598883271217346,1.2899941381310107,0.3894665663446752,0.3592489444070622,0.9133308141061891,0.29393847543916635,1.0,256
defactify,1,2,78095,0.35823140164427514,0.07945489883422852,0.02510213851928711,0.14882937476434943,JPEG,20.486648559570312,10.0,0.012663625180721283,19.249343872070312,0.1555328369140625,20.0,-2.4674856276463197,256,0.0,0.724818229675293,2.5430431365966797,5.206939697265625,0.43803977966308594,0.5619602203369141,1.1407686499595258,0.6138603692089583,0.32856133647457236,0.8111712886775206,0.38844492087511273,1.0,256
defactify,1,3,132374,0.49247406108431974,0.031199879944324493,0.0020767678506672382,0.17526853662544103,JPEG,23.478639602661133,10.0,0.009718048386275768,17.650774002075195,0.08248094469308853,20.0,-2.6279312731287243,256,0.0,0.7746875882148743,5.265100955963135,7.042629718780518,0.6446961164474487,0.35530388355255127,1.2712170913788918,2.008961427095348,0.1773864886571358,0.7108367239443478,0.392091189130447,1.0,256
defactify,1,3,121000,0.45632946379215034,0.0762588158249855,-0.0035928194411098957,0.24050750287194697,JPEG,19.98119354248047,8.0,0.022029025480151176,22.722177505493164,0.06644712388515472,20.0,-2.438795019417847,256,0.0,0.8956975936889648,6.938945293426514,9.805706977844238,0.7043591737747192,0.2956407964229584,1.3956469209373559,2.5132315095155726,0.17632247721504848,0.6814660130508715,0.39717844013548176,1.0,256
defactify,1,3,154904,0.8534074195129924,0.05445932224392891,-0.0016965497052296996,0.20864966638455248,JPEG,15.501480102539062,10.0,0.02192668616771698,18.3743896484375,0.08168283849954605,20.0,-2.639748279208603,256,0.0,0.8731383085250854,8.014955520629883,4.081199645996094,0.4777965545654297,0.5222034454345703,1.4451758835666024,3.4548958934063787,0.4437367246701936,0.7149640003998603,0.3558469229254557,1.0,256
defactify,0,0,27255,0.6062176165803109,0.02403753250837326,-0.0024558512959629297,0.1396769050357341,JPEG,19.654682159423828,10.0,0.019420741125941277,16.878677368164062,0.07664086669683456,20.0,-2.6837699473063026,256,0.0,0.8695905804634094,4.925955772399902,7.153557777404785,0.46838319301605225,0.5316168069839478,1.1720115946912173,1.3750983245626696,0.24806586004401363,0.8069302305816003,0.3846307690569442,1.0,256
defactify,1,1,42917,0.6587642056145104,0.05062016472220421,-0.004213560838252306,0.1144436110466182,JPEG,21.76592254638672,10.0,0.005404878407716751,20.501100540161133,0.0357704795897007,20.0,-2.9223164910439645,256,0.0,0.8354436159133911,3.160379648208618,9.27871322631836,0.47473710775375366,0.5252628922462463,1.2058002778199735,0.757270280661284,0.3939160238302063,0.8693426703735567,0.35890221869361927,1.0,256
defactify,1,3,164598,0.5421211511370497,0.299450546503067,0.012424120679497719,0.4093740971402712,JPEG,23.43853187561035,8.0,0.011796568520367146,22.014863967895508,0.1141619086265564,20.0,-2.4873219813088068,256,0.0,0.730625331401825,5.416751861572266,7.880892753601074,0.6688195466995239,0.33118048310279846,1.408544156529621,2.3209591413158415,0.31513730730407735,0.7832520221411805,0.37084539011773227,1.0,256
defactify,1,5,20583,0.28655234657039713,0.07523579150438309,0.007398555986583233,0.17559864797215807,JPEG,27.64341163635254,10.0,0.002392189810052514,23.347013473510742,0.05381196737289429,20.0,-3.0877745029584784,256,0.0,0.5405062437057495,2.033635377883911,3.8899290561676025,0.6335082054138184,0.36649182438850403,1.320744710795071,0.7333374483371782,0.17926619708686964,0.7777646387284425,0.35770088054938803,1.0,256
defactify,1,3,80178,0.56014770629172,0.0856587141752243,0.014755528420209885,0.24865262832524918,JPEG,27.37440299987793,10.0,0.0034973889123648405,20.714590072631836,0.02518633008003235,20.0,-2.863394451819458,256,0.0,0.7904259562492371,1.43940007686615,5.57142448425293,0.444341778755188,0.555658221244812,1.1169508611701395,0.22557751225490189,0.28360539395012946,0.9136107610179153,0.35504101210100697,1.0,256
defactify,1,4,13149,0.5460687245195108,0.11378931254148483,0.016675734892487526,0.2984918080438606,JPEG,19.25284767150879,10.0,0.018151380121707916,14.213443756103516,0.1487392634153366,20.0,-2.308880299198733,256,0.0,0.7658383250236511,6.930836200714111,3.3079380989074707,0.5734236836433411,0.42657631635665894,1.481596999990566,3.3102337892877736,0.1570650552392825,0.6842153264737951,0.39642932313498613,1.0,256
defactify,1,4,12438,0.5831788467167529,0.05677904561161995,0.009083135053515434,0.08821771644292191,JPEG,15.364065170288086,10.0,0.03443172201514244,20.11163330078125,0.15232588350772858,20.0,-2.3054958135683705,256,0.0,0.8517268896102905,6.547946929931641,6.91834020614624,0.7827393412590027,0.2172606736421585,1.4203692565663777,2.498878150831411,0.20424056533466006,0.6985945595420235,0.3982466261307051,1.0,256
defactify,1,3,104777,0.7971473124197395,0.12531988322734833,0.0013759660068899393,0.2963147732814815,JPEG,27.105091094970703,10.0,0.004411951173096895,20.484743118286133,0.05967862531542778,20.0,-2.9519198679850045,256,0.0,0.6303528547286987,2.4054033756256104,2.3037331104278564,0.2383967638015747,0.7616032361984253,1.2997934195699576,0.7138205407775857,0.33881265249243564,0.8457906729702759,0.3528396171550942,1.0,256
defactify,1,2,115985,0.31907122358465956,0.06402179598808289,0.007833466865122318,0.20437523255309303,JPEG,23.4504337310791,10.0,0.008650383912026882,15.588117599487305,0.14423535764217377,20.0,-2.534917698891323,256,0.0,0.6755523681640625,3.412102699279785,4.675026893615723,0.8442731499671936,0.1557268500328064,1.492572238981545,1.1431280637254897,0.1819934979878413,0.7046389455021999,0.39097460374782117,1.0,256
defactify,1,2,62379,0.6338735387885228,0.009294496849179268,0.013242429122328758,0.0421547143884866,JPEG,33.52943801879883,10.0,0.00966930016875267,20.79145050048828,0.13207653164863586,20.0,-2.5572200260809432,256,0.0,0.7159128785133362,2.335367441177368,14.755523681640625,0.3340166211128235,0.6659833788871765,1.3560642846278979,0.4461040224913495,0.4585506503461184,0.9090463213120429,0.29720743311920944,1.0,256
defactify,1,2,54629,0.6409280355654349,0.1014026328921318,0.014063611626625061,0.2697791172250939,JPEG,27.116994857788086,10.0,0.0034210984595119953,23.220211029052734,0.03597026690840721,20.0,-2.939268961760956,256,0.0,0.7407779693603516,2.5019266605377197,9.986310005187988,0.3732154965400696,0.6267845034599304,1.2907073644899685,0.5732737558871586,0.2997474719567837,0.8934197145618109,0.31061180404405375,1.0,256
defactify,1,1,88545,0.3270497388144447,0.1254442036151886,-0.0021481532603502274,0.30564066585850974,JPEG,16.679182052612305,10.0,0.01906348578631878,14.112896919250488,0.0827714055776596,20.0,-2.7280627942801865,256,0.0,0.8609798550605774,6.166574001312256,3.994901418685913,0.6553292274475098,0.34467077255249023,1.3659863316437002,2.3864351601547478,0.16495314567289535,0.6658058424036892,0.40665283000467434,1.0,256
defactify,1,3,249614,0.3529224904701398,0.07680995762348175,-0.003961344249546528,0.2728585526339377,JPEG,11.217718124389648,10.0,0.090946264564991,13.417303085327148,0.19514469802379608,20.0,-2.19329328042533,256,0.0,0.9183746576309204,11.641240119934082,4.673191070556641,0.6734389066696167,0.3265611231327057,1.4812916738707953,6.290892940816035,0.15078466964577628,0.502197797550958,0.3998482881166831,1.0,256
defactify,1,5,15398,0.4912553622778485,0.03525199741125107,-0.0010771638480946422,0.11447296549363303,JPEG,33.729270935058594,10.0,0.005469459109008312,27.65364646911621,0.09129232913255692,20.0,-2.7415042293427354,256,0.0,0.5175474882125854,1.706153154373169,6.7508649826049805,0.44377702474594116,0.5562229752540588,1.2996944411032159,0.4618227815023068,0.2833031987806986,0.8664663219236604,0.3543651176895871,1.0,256
defactify,1,2,78254,0.7338153411451841,0.05467629060149193,0.009447088465094566,0.16878013213336315,JPEG,19.710397720336914,10.0,0.01938377507030964,18.252565383911133,0.19274219870567322,20.0,-2.214156983021426,256,0.0,0.7512495517730713,5.462433338165283,3.2090344429016113,0.041654109954833984,0.958345890045166,1.4742636218111995,2.146946952494232,0.24232042648661414,0.745126947165906,0.3782499382812427,1.0,256
defactify,1,1,52542,0.5167559296097934,0.02826382964849472,0.01841568574309349,0.16593334499887194,JPEG,30.131343841552734,8.0,0.02045409381389618,29.539306640625,0.15025770664215088,20.0,-2.368989997260137,256,0.0,0.7884344458580017,2.686058282852173,15.164795875549316,0.4913340210914612,0.5086659789085388,1.1724696540116344,0.563286956939639,0.4288611891907007,0.8527399671517814,0.37169513101164153,1.0,256
defactify,1,4,12718,0.538787023977433,0.08633972704410553,-0.0013182852417230606,0.26693366646537053,JPEG,15.363637924194336,10.0,0.04204876348376274,17.110260009765625,0.1357559859752655,20.0,-2.3416867603467244,256,0.0,0.8785675168037415,8.532772064208984,6.4023027420043945,0.5057314038276672,0.49426859617233276,1.4802746567247878,3.8142187199634785,0.1729710166123933,0.6740918234098298,0.4001122042038859,1.0,256
defactify,1,2,92178,0.5570753405615791,0.03311808779835701,0.015315565280616283,0.05388975552550087,JPEG,25.557613372802734,10.0,0.004853785503655672,22.319734573364258,0.0548347570002079,20.0,-2.857192270212956,256,0.0,0.7181936502456665,3.0054473876953125,6.453733444213867,0.6169531941413879,0.38304680585861206,1.2280773574511328,0.8374075475778548,0.3144516471067864,0.833580433340517,0.38626621357645874,1.0,256
defactify,1,2,148440,0.3079488604780434,0.10456298291683197,0.008435113355517387,0.17879829173414158,JPEG,22.41469383239746,10.0,0.01860904134809971,18.070051193237305,0.17907312512397766,20.0,-2.4089311474537087,256,0.0,0.7775371670722961,5.2241530418396,7.9926276206970215,0.8894538879394531,0.11054609715938568,1.437171526562569,2.034371575836217,0.15833650833874602,0.6489791168106398,0.40206204689967967,1.0,256
defactify,1,2,82200,0.3332356389214537,0.09823544323444366,0.014583594165742397,0.21253432634209438,JPEG,14.552861213684082,10.0,0.027940094470977783,16.32286262512207,0.09760183095932007,20.0,-2.452640150080268,256,0.0,0.8776649236679077,5.561542510986328,6.490042209625244,0.5852892398834229,0.41471076011657715,1.3423427900089198,1.7121495488514038,0.20873131182325275,0.6935145987277913,0.4003708159769455,1.0,256
defactify,1,2,85185,0.6136566645714097,0.06799446791410446,0.007117593660950661,0.25390706440356103,JPEG,31.520553588867188,10.0,0.004099458456039429,22.265106201171875,0.06113532558083534,20.0,-2.9282290920138014,256,0.0,0.6687934994697571,2.8439290523529053,9.928754806518555,0.49190014600753784,0.5080998539924622,1.3469995280401936,0.8427048941512882,0.4968327583151912,0.8816191238138502,0.34004001276733825,1.0,256
defactify,1,2,100248,0.5603007945516458,0.11635325849056244,0.008371458388864994,0.2769377935611349,JPEG,21.28166389465332,8.0,0.015444237738847733,19.050464630126953,0.08150877803564072,20.0,-2.7252866566172504,256,0.0,0.8388428688049316,3.1686713695526123,4.815191745758057,0.6146911382675171,0.3853088617324829,1.0408401639546985,0.6888391934592464,0.36151140405352494,0.8138668897012561,0.3976998765717643,1.0,256
defactify,0,0,16622,0.606981478722876,0.05674254149198532,0.0018643152434378862,0.17145295948340664,JPEG,18.678314208984375,10.0,0.01440148800611496,19.497215270996094,0.09057416766881943,20.0,-2.5466628653079018,256,0.0,0.8171125054359436,3.4171979427337646,3.6153957843780518,0.333335280418396,0.666664719581604,1.1559750338522687,0.8043983684159942,0.2740007008442004,0.8366291246439806,0.38144293053363426,1.0,256
defactify,1,4,10310,0.34662847069193475,0.06757082045078278,-0.005109754391014576,0.17141730169013694,JPEG,24.420928955078125,8.0,0.015551350079476833,16.311208724975586,0.124746173620224,20.0,-2.553140319775616,256,0.0,0.7691584229469299,5.687513828277588,9.839357376098633,0.7263302803039551,0.2736697494983673,1.344784838206962,2.3385267234957707,0.18004337791266117,0.7438327406478787,0.39272124213004656,1.0,256
defactify,1,2,84744,0.7954254426634875,0.10815741866827011,0.010572833009064198,0.30581148207090153,JPEG,25.97386360168457,10.0,0.004541131667792797,21.81405258178711,0.0558713898062706,20.0,-2.8602088355955813,256,0.0,0.6611360907554626,2.562299966812134,2.1629385948181152,0.3603109121322632,0.6396890878677368,1.2950420457103777,0.688389486615725,0.34084560217616144,0.8226495079913035,0.3684196586615352,1.0,256
defactify,1,5,20997,0.44381962864721486,0.09096350520849228,0.010709583759307861,0.23726447859868233,JPEG,34.96385192871094,10.0,0.004542581737041473,31.453113555908203,0.10597219318151474,20.0,-2.7631481282854784,256,0.0,0.5098691582679749,2.548825979232788,7.344773292541504,0.7758039236068726,0.22419607639312744,1.50781384018929,0.9041258470299887,0.19852251946771665,0.7625541406220577,0.37513353401088395,1.0,256
defactify,1,2,88811,0.5174179588892895,0.07260559499263763,0.019415058195590973,0.18424513197471132,JPEG,26.664457321166992,10.0,0.00711331982165575,26.731800079345703,0.09905922412872314,20.0,-2.5985424271703237,256,0.0,0.6795325875282288,3.4844143390655518,8.741122245788574,0.6171335577964783,0.38286644220352173,1.4664670185475248,1.0589431648885042,0.23284160727163666,0.7775265795448183,0.3831617868076665,1.0,256
defactify,1,1,59176,0.3694603557431414,0.08525961637496948,0.009678666479885578,0.341318288860384,JPEG,19.950834274291992,10.0,0.003946367185562849,15.726107597351074,0.06777449697256088,20.0,-2.4086510971693915,256,0.0,0.6331856846809387,2.837359666824341,1.556825041770935,0.5920847654342651,0.4079152047634125,1.4260725271854513,0.7464622831362937,0.28649703738385723,0.7826861100334035,0.39840386624190194,1.0,256
defactify,1,4,14436,0.3333333333333333,0.09960435330867767,0.005737117491662502,0.18115874775137542,JPEG,18.281841278076172,10.0,0.019405547529459,15.571049690246582,0.19801408052444458,20.0,-2.3304807061480655,256,0.0,0.7380741238594055,6.0377726554870605,2.0580320358276367,0.7060693502426147,0.29393061995506287,1.4870367081587668,2.814344783256441,0.1458934636010608,0.6356208998898922,0.3906629199873465,1.0,256
defactify,1,2,70309,0.7859398272266905,0.05181093141436577,0.02114367112517357,0.13599250798178295,JPEG,18.548877716064453,10.0,0.03716904670000076,20.100833892822266,0.18589453399181366,20.0,-2.251512602070672,256,0.0,0.8926663994789124,5.032003402709961,5.537209510803223,0.23908108472824097,0.760918915271759,1.5382559335876702,1.4184679119809696,0.45298188642710624,0.8008379683797433,0.3319913791560884,1.0,256
defactify,1,5,20648,0.30741042345276876,0.08987457305192947,0.013217070139944553,0.2178744715461446,JPEG,28.01934814453125,10.0,0.0032672996167093515,19.410608291625977,0.06999792903661728,20.0,-2.9446869254480657,256,0.0,0.5547072291374207,2.128322124481201,6.890701770782471,0.7446043491363525,0.2553956210613251,1.3803933137981528,0.5938541065936179,0.24833266928049222,0.8136201741035822,0.380215265235572,1.0,256
defactify,1,3,146654,0.5088311531737899,0.16134583950042725,-0.004712607711553574,0.2713098636542772,JPEG,28.329837799072266,10.0,0.009535150602459908,23.94033432006836,0.11337070912122726,20.0,-2.4653471058835876,256,0.0,0.7344276309013367,4.716803073883057,10.785922050476074,0.6098976731300354,0.3901023268699646,1.3716618919117145,1.7640902837850843,0.2547747907837371,0.7780119434609871,0.3832467746272883,1.0,256
defactify,1,2,99158,0.5864270513123669,0.031019728630781174,0.013249753043055534,0.0768444885590083,JPEG,20.553577423095703,10.0,0.015409314073622227,18.425212860107422,0.11808516830205917,20.0,-2.5030087447480844,256,0.0,0.7909687757492065,5.1850175857543945,5.551729202270508,0.595386266708374,0.404613733291626,1.4536155477769486,1.865742803248752,0.18180628285141995,0.6991242070209586,0.40083232920400474,1.0,256
defactify,1,4,14508,0.38361320208453964,0.08020750433206558,0.016812676563858986,0.1711698059777309,JPEG,17.547637939453125,4.0,0.09479239583015442,33.78271484375,0.2936980724334717,20.0,-1.8418431196670488,256,0.0,0.8994860649108887,9.882001876831055,10.23164176940918,0.8761823773384094,0.12381763756275177,1.4307348382789449,4.947677530877549,0.15023962219493542,0.5736223581842427,0.3999308867677326,1.0,256
defactify,0,0,32885,0.8139605926378494,0.06510109454393387,-0.006731417030096054,0.25509058679464214,JPEG,22.973520278930664,10.0,0.017036952078342438,23.509042739868164,0.08917113393545151,20.0,-2.254549072762911,256,0.0,0.8301219940185547,7.487802505493164,9.013994216918945,0.6874658465385437,0.3125341534614563,1.4626627973183166,3.3351534115484407,0.20316342602269188,0.6723220785839488,0.38873093338010895,1.0,256
defactify,1,4,14265,0.2720116618075802,0.09325408190488815,-0.00047202565474435687,0.2782368778285315,JPEG,18.21762466430664,10.0,0.02447826787829399,20.820180892944336,0.1908586472272873,20.0,-2.319485919354532,256,0.0,0.7931697964668274,7.1027445793151855,3.6468286514282227,0.753393828868866,0.24660615622997284,1.4152575919683907,3.4280809814734727,0.14430711704253188,0.6463198777121111,0.3983416417963171,1.0,256
defactify,1,5,21930,0.4826763603317051,0.12050358951091766,-0.008573269471526146,0.2536644751504622,JPEG,27.70978546142578,8.0,0.00383692211471498,24.20025062561035,0.09214776754379272,20.0,-2.6926518002445405,256,0.0,0.539216160774231,3.1908977031707764,3.9260430335998535,0.74422687292099,0.25577312707901,1.5544183652740657,1.245995440455594,0.22518218818447724,0.7273276375392769,0.38743674789450383,1.0,256
defactify,0,0,27122,0.24756546202120752,0.11955118924379349,0.0013704313896596432,0.21567029314502204,JPEG,18.196590423583984,10.0,0.022713255137205124,12.581419944763184,0.11010889708995819,20.0,-2.343622779959709,256,0.0,0.8561934232711792,4.924195289611816,4.490387439727783,0.5422767996788025,0.4577232003211975,1.2030492599269267,1.4819188232891203,0.2050111307703474,0.7390063705177783,0.40465615883239947,1.0,256
defactify,1,2,81303,0.7430044666316342,0.18683378398418427,0.000954971183091402,0.3442495462338513,JPEG,23.057491302490234,10.0,0.01150613371282816,24.886821746826172,0.11877433210611343,20.0,-2.3495998996672824,256,0.0,0.7240114808082581,4.158775806427002,7.0908684730529785,0.36936020851135254,0.6306397914886475,1.395042219593742,1.292337922914264,0.3219515709990022,0.8283462451613453,0.34061373506287423,1.0,256
defactify,1,2,109655,0.35166578529878373,0.07966657727956772,0.0017128647305071354,0.21323677697952467,JPEG,21.85970115661621,10.0,0.01467068400233984,22.221677780151367,0.14927789568901062,20.0,-2.4849321162009628,256,0.0,0.7310624718666077,3.5479671955108643,6.259618759155273,0.7707176804542542,0.22928230464458466,1.2254561845190066,1.0088297619905806,0.24379627341150972,0.7633881051653632,0.3971899109898077,1.0,256
defactify,0,0,17782,0.5417529330572809,0.03482309356331825,0.007738769985735416,0.18032534477930368,JPEG,29.120677947998047,10.0,0.0034115188755095005,23.63370132446289,0.043581560254096985,20.0,-3.0697532948640016,256,0.0,0.661042332649231,2.341252565383911,3.906494379043579,0.5164583325386047,0.48354166746139526,1.156413346226195,0.6714950229479049,0.2650839456477174,0.8548763902443071,0.3673475156907128,1.0,256
defactify,1,5,22354,0.31935281181275527,0.07833614200353622,0.006285234820097685,0.22046067768885688,JPEG,32.079551696777344,10.0,0.0026507917791604996,27.788585662841797,0.09417017549276352,20.0,-2.8870603889516873,256,0.0,0.46586254239082336,2.125011682510376,6.393565654754639,0.7474220991134644,0.25257793068885803,1.4734110473614535,0.793940671856978,0.2055226292173422,0.7789638462672187,0.3688298347494691,1.0,256
defactify,1,4,13173,0.28718703976435933,0.05143975839018822,-0.0013558960054069757,0.23783508943863588,JPEG,19.922454833984375,6.0,0.06350824981927872,17.423328399658203,0.3898411989212036,20.0,-1.8335403145639082,256,0.0,0.8346214890480042,9.094975471496582,8.789959907531738,0.4747164249420166,0.5252835750579834,1.5940920591889378,4.648846717608615,0.21945413482850445,0.61535151044072,0.40017046901775816,1.0,256
defactify,1,1,71828,0.3819382825594006,0.04866987094283104,-0.003169359639286995,0.19969560921333784,JPEG,12.844429969787598,10.0,0.10585987567901611,15.862863540649414,0.17531514167785645,20.0,-2.014450674023419,256,0.0,0.9303274154663086,8.48049259185791,8.673027038574219,0.5377107858657837,0.4622891843318939,1.3880547569148864,3.2722502763360253,0.23699688213317194,0.6623491146858274,0.3904253208699551,1.0,256
defactify,1,5,17414,0.5934745521751493,0.09014791250228882,-0.0008998928824439645,0.1538948530598504,JPEG,32.52370834350586,10.0,0.003280200297012925,33.39506912231445,0.0786486491560936,20.0,-2.754674274357612,256,0.0,0.49719423055648804,2.3173487186431885,7.350621223449707,0.5870705842971802,0.41292938590049744,1.30426037084389,0.7624941278594771,0.2288796038386866,0.8070242639358406,0.3715136810693089,1.0,256
defactify,1,2,131008,0.23090649536045682,0.038601525127887726,0.012099488638341427,0.11975775363783515,JPEG,22.813804626464844,10.0,0.012140976265072823,19.960023880004883,0.13828667998313904,20.0,-2.452533743126063,256,0.0,0.6908628344535828,4.121267795562744,3.176361083984375,0.6326230764389038,0.3673769235610962,1.2940887253501028,1.355381298659169,0.18981984371486307,0.7088479955435509,0.4016847364895372,1.0,256
defactify,1,1,87693,0.2667574004763525,0.07998355478048325,-0.003178620245307684,0.25176369518291997,JPEG,24.164600372314453,10.0,0.010414469987154007,18.748870849609375,0.13124164938926697,20.0,-2.4742520477304852,256,0.0,0.7276067733764648,5.43710470199585,0.6939562559127808,0.7677499055862427,0.23225010931491852,1.442989130288435,2.323585429882738,0.15097981695710938,0.6361324062699968,0.40386872049080746,1.0,256
defactify,1,3,134843,0.5331530557057869,0.0567505769431591,-0.00018340020324103534,0.26139831107136224,JPEG,26.684486389160156,10.0,0.015820909291505814,27.744773864746094,0.11387715488672256,20.0,-2.3935517457183626,256,0.0,0.7917330265045166,6.4649577140808105,11.683741569519043,0.7636852264404297,0.23631475865840912,1.4856257547250307,2.6780997993560183,0.1933652397117152,0.6742502907927552,0.39249034899917223,1.0,256
defactify,1,2,63234,0.5065366920238692,0.03157949820160866,0.01706545613706112,0.09551419256330204,JPEG,21.178977966308594,10.0,0.0050350516103208065,20.59920310974121,0.06386979669332504,20.0,-2.724724144670846,256,0.0,0.6871521472930908,1.4441202878952026,2.358734130859375,0.4775753617286682,0.5224246382713318,1.0668195759024381,0.27114511245674744,0.34622021062098307,0.8910403365025805,0.3711502344226729,1.0,256
defactify,1,2,64437,0.5672070681077371,0.02044617384672165,0.008246655575931072,0.10661151848490608,JPEG,28.09207534790039,8.0,0.00779977161437273,19.82599449157715,0.09445536881685257,20.0,-2.6156510832521382,256,0.0,0.6770265102386475,3.7460098266601562,7.607874393463135,0.43688708543777466,0.5631129145622253,1.5326681443457966,1.254284995554594,0.2959938163397412,0.8079349986681104,0.35554465919628053,1.0,256
defactify,1,3,63678,0.6726269735590641,0.05174201726913452,0.014638902619481087,0.2670678910055024,JPEG,34.15736770629883,10.0,0.0033189239911735058,29.991111755371094,0.02744097262620926,20.0,-3.028219227084363,256,0.0,0.6742417812347412,1.251630425453186,7.7236528396606445,0.32809942960739136,0.6719005703926086,1.058453676171025,0.19487674512206837,0.5097580517327627,0.9453575152577446,0.3139790766417519,1.0,256
defactify,0,0,40552,0.34444072337575354,0.12453947216272354,0.0064100646413862705,0.24860162574027286,JPEG,12.582891464233398,8.0,0.04204962030053139,13.455211639404297,0.0593327172100544,20.0,-2.554900847173755,256,0.0,0.9442165493965149,9.738381385803223,4.872264385223389,0.5249434113502502,0.47505658864974976,1.3298379311290627,4.195835225634371,0.17391304292736626,0.6310209166248111,0.405951676737152,1.0,256
defactify,0,0,26171,0.726444560124935,0.0,0.0,0.0,JPEG,33.96010971069336,10.0,0.008069491945207119,33.1536750793457,0.101531982421875,20.0,-2.3755887541372993,256,0.0,0.7372969388961792,6.580749988555908,15.47480583190918,0.3773822784423828,0.6226177215576172,1.4640779963970374,3.279575704056131,0.4301812848820288,0.8229352931897077,0.34916423383433864,1.0,256
defactify,1,1,69223,0.5777613384168896,0.04098659008741379,0.01221446692943573,0.19537894806384581,JPEG,20.663652420043945,10.0,0.03461549058556557,16.950016021728516,0.16720809042453766,20.0,-2.2683324626380887,256,0.0,0.8630400896072388,5.502438068389893,9.506683349609375,0.5240974426269531,0.4759025573730469,1.3760040691858282,1.7983908983323722,0.22239184253233513,0.7449649984415483,0.3876906129266585,1.0,256
defactify,1,3,79101,0.8102017725815576,0.08131518214941025,0.0,0.10141015441660221,JPEG,17.531293869018555,10.0,0.06686250865459442,25.955400466918945,0.15030640363693237,20.0,-2.179224255874471,256,0.0,0.9331687092781067,5.514148712158203,12.691761016845703,0.8339565396308899,0.1660434752702713,1.5774867733413145,1.5449209138312185,0.25109754087426195,0.6724806331859404,0.3971186646942954,1.0,256
defactify,1,1,35410,0.5305036426987646,0.12684039771556854,0.0036183930933475494,0.41536747203369456,JPEG,14.043307304382324,10.0,0.014035993255674839,18.04397201538086,0.0439465306699276,20.0,-2.6615901633575056,256,0.0,0.8707537651062012,2.863645315170288,1.3811861276626587,0.14441967010498047,0.8555803298950195,1.0844763251748344,0.46754184087850836,0.3429483769363237,0.9046121557584759,0.35111371066119756,1.0,256
defactify,1,4,10015,0.9233611869501669,0.0831967145204544,0.00984774250537157,0.25469007722918613,JPEG,14.324441909790039,10.0,0.03412718325853348,14.720697402954102,0.13811342418193817,20.0,-2.388260888513665,256,0.0,0.8533077239990234,9.143948554992676,4.651164531707764,0.45595890283584595,0.544041097164154,1.4664555834346795,4.529415849673205,0.5890765576637592,0.7642678430299984,0.2885865046790385,1.0,256
defactify,1,3,79269,0.4708954595232078,0.04866871237754822,-0.006376421544700861,0.0920959930516746,JPEG,26.92807960510254,10.0,0.007175012491643429,21.940589904785156,0.08631203323602676,20.0,-2.449074962547548,256,0.0,0.669103741645813,2.403116226196289,4.493334770202637,0.4444449543952942,0.5555550456047058,1.2616389554726484,0.5760175623558251,0.275831606465429,0.8205893172923127,0.37165444321237373,1.0,256
defactify,1,2,38532,0.6186022610483042,0.1583612561225891,0.008086186833679676,0.2888817860302736,JPEG,25.867338180541992,8.0,0.004855042323470116,21.513328552246094,0.04427270218729973,20.0,-2.8846409137246383,256,0.0,0.7624005079269409,1.8201017379760742,6.556570053100586,0.6101134419441223,0.3898865580558777,1.1794548800968148,0.35501528859092674,0.39317235724615807,0.8819537849780013,0.35106202334563286,1.0,256
defactify,1,4,9317,0.4247223364870424,0.06931856274604797,0.010744261555373669,0.22589416973536824,JPEG,20.8140926361084,10.0,0.007658576127141714,18.16388511657715,0.05256946384906769,20.0,-2.8953111277449146,256,0.0,0.8113270401954651,4.363154888153076,5.152734756469727,0.5947741270065308,0.40522584319114685,1.2306912016664695,1.4200583159121491,0.19416508541419558,0.7937097820672379,0.38799455897043933,1.0,256
defactify,1,4,15097,0.3723472668810289,0.06647443026304245,-0.0019680859986692667,0.18678392282489562,JPEG,13.804864883422852,10.0,0.04719257727265358,15.406437873840332,0.15493859350681305,20.0,-2.374990285742231,256,0.0,0.8794798851013184,9.119165420532227,4.067469120025635,0.7263230681419373,0.27367693185806274,1.5156748806408247,4.391156030733373,0.16646255062757526,0.5995715220659976,0.40481400029784753,1.0,256
defactify,1,1,66375,0.5636507936507936,0.07297064363956451,-0.005616308189928532,0.2814662079063788,JPEG,25.202749252319336,10.0,0.019140953198075294,23.696971893310547,0.08108320087194443,20.0,-2.724481885457093,256,0.0,0.8628163933753967,5.2544331550598145,14.85440731048584,0.8623660206794739,0.13763396441936493,1.2740963670911443,1.5847017222943105,0.22827898890740764,0.7734327939002406,0.375308825263581,1.0,256
defactify,1,5,17669,0.4571491356577791,0.10200185328722,-0.007215395104140043,0.2349005145176826,JPEG,28.803665161132812,10.0,0.002159613184630871,21.60660171508789,0.06621235609054565,20.0,-2.795199826561741,256,0.0,0.4787633717060089,2.4212653636932373,5.099627494812012,0.5206166505813599,0.4793833792209625,1.386838436669157,0.8703267973856208,0.23579741932589288,0.7950759147822067,0.37151292505115663,1.0,256
defactify,1,1,55739,0.40915791413303854,0.09396196156740189,-0.0015524320770055056,0.31352819418488614,JPEG,25.708982467651367,10.0,0.042071226984262466,15.759035110473633,0.3011886179447174,20.0,-2.017471023380019,256,0.0,0.8114727139472961,5.662800312042236,7.0428924560546875,0.5048531293869019,0.49514690041542053,1.5375653001100733,2.1433442215734333,0.2861875703168739,0.7260834328744519,0.3961762964878342,1.0,256
defactify,1,3,125113,0.6059163284420855,0.14316385984420776,0.0065178158693015575,0.2161175151282041,JPEG,17.88512420654297,10.0,0.04472988843917847,17.853404998779297,0.2019505649805069,20.0,-2.251350986587702,256,0.0,0.8477813601493835,7.83507776260376,7.066709995269775,0.5889848470687866,0.411015123128891,1.4544628910366912,3.442272923875433,0.283671307684663,0.6817211991377106,0.39426179431470704,1.0,256
defactify,1,3,67397,0.6137693231567937,0.0860079973936081,0.006671678740531206,0.2541442900149938,JPEG,27.279762268066406,10.0,0.004154929891228676,29.426156997680664,0.033882986754179,20.0,-2.8309852235285633,256,0.0,0.7493962645530701,1.7720093727111816,5.643136024475098,0.33554697036743164,0.6644530296325684,1.037323476766531,0.3262027675653594,0.318696686059434,0.8875367635432481,0.35789423191878333,1.0,256
defactify,0,0,30648,0.3739395257776811,0.13674834370613098,-0.0020241679158061743,0.23831004578332685,JPEG,17.44964599609375,10.0,0.03040716052055359,16.524545669555664,0.16285301744937897,20.0,-2.3971138575191375,256,0.0,0.8388713002204895,6.833164215087891,5.001199722290039,0.7240554094314575,0.27594462037086487,1.3497009615260653,2.8608179245963097,0.15653371898309107,0.6652079243092464,0.40051326384316405,1.0,256
defactify,1,1,30764,0.7472293265132139,0.021719859912991524,0.009163589216768742,0.13106167158120594,JPEG,20.319482803344727,10.0,0.034003254026174545,24.064014434814453,0.11069408059120178,20.0,-2.380015458555212,256,0.0,0.8803560137748718,4.93806266784668,9.401093482971191,0.29496312141418457,0.7050368785858154,1.34686900282566,1.3278259563629373,0.33592804238988005,0.8470141888694183,0.31631947548514694,1.0,256
defactify,1,5,16194,0.4595814526056627,0.0567750409245491,0.006709122098982334,0.07400899666698957,JPEG,28.574827194213867,10.0,0.00931461900472641,27.108623504638672,0.19224444031715393,20.0,-2.200669134362191,256,0.0,0.5485135912895203,1.9471566677093506,4.021389961242676,0.5693799257278442,0.43062007427215576,1.302498996404872,0.49928787906093824,0.2918411429970665,0.8296140753512025,0.38071974273934556,1.0,256
defactify,0,0,28518,0.4764917639358569,0.05982175096869469,0.00579909048974514,0.1703751540790581,JPEG,27.99363136291504,10.0,0.02091582864522934,26.649065017700195,0.11249182373285294,20.0,-2.442684662375393,256,0.0,0.8336230516433716,5.453165054321289,15.132838249206543,0.600096583366394,0.39990344643592834,1.3212436015715174,1.8050267775615154,0.23514732682007036,0.7633298492136146,0.3611385522441958,1.0,256
defactify,1,1,61815,0.38142764157083964,0.09188917279243469,-0.00422460213303566,0.2656020823664586,JPEG,27.286556243896484,10.0,0.01107925083488226,23.495670318603516,0.15469345450401306,20.0,-2.557157709826771,256,0.0,0.6637910008430481,4.269089698791504,10.131512641906738,0.6566338539123535,0.3433661460876465,1.3102004528525766,1.632994145881392,0.31292937411336036,0.7649381532938556,0.38916710686802924,1.0,256
defactify,1,1,32145,0.5947459986082115,0.051536016166210175,0.010666248388588428,0.11788826139825219,JPEG,25.769699096679688,10.0,0.0015890286304056644,19.71343421936035,0.021109111607074738,20.0,-3.039597147375779,256,0.0,0.6845083236694336,1.1417694091796875,5.451188087463379,0.25817108154296875,0.7418289184570312,1.1389821749217384,0.2088024137351019,0.29661172645933864,0.9249061003045302,0.34729630541318457,1.0,256
defactify,1,1,41345,0.23024302430243024,0.0011313105933368206,0.00015318626537919044,0.007993098053110418,JPEG,23.23464584350586,10.0,0.007632942404597998,17.97524642944336,0.052738700062036514,20.0,-2.874394579191704,256,0.0,0.8000020980834961,3.121391773223877,5.642873764038086,0.7546511292457581,0.24534888565540314,1.1172614089032011,0.7754286662581702,0.19532186518511202,0.7912786821525497,0.39689149448399597,1.0,256
defactify,0,0,63420,0.28975095785440613,0.0453294962644577,-0.0015759876696392894,0.308079869594774,JPEG,14.093767166137695,10.0,0.06253018230199814,18.29533576965332,0.1497659981250763,20.0,-2.2777964049545396,256,0.0,0.9016648530960083,13.001126289367676,7.099734306335449,0.6417797803878784,0.3582202196121216,1.5694563489197981,7.9120659121491705,0.19567972555022706,0.5270088696506796,0.4044557716790735,1.0,256
defactify,0,0,37761,0.585833775889538,0.03539520874619484,0.003578127594664693,0.2371579167713153,JPEG,17.406719207763672,10.0,0.017158597707748413,18.28696060180664,0.09477540105581284,20.0,-2.5847505830761395,256,0.0,0.8289787173271179,5.901601314544678,6.988996982574463,0.5887088775634766,0.41129112243652344,1.2451884167765752,2.0981113934544395,0.18139124437436233,0.7584380353590859,0.389803162284337,1.0,256
defactify,1,4,11967,0.42165624069109325,0.07887215167284012,-0.005112739279866219,0.22383129789695663,JPEG,20.685909271240234,10.0,0.016384175047278404,16.04814338684082,0.13389000296592712,20.0,-2.5770195292228073,256,0.0,0.7766438126564026,5.587450981140137,5.184569835662842,0.5878244638442993,0.4121755361557007,1.3799821561530883,2.23563922229431,0.16223167204608016,0.7049327050448146,0.38904193392674496,1.0,256
defactify,1,5,19654,0.3581425768476128,0.08259033411741257,0.0011283599305897951,0.2944346194715258,JPEG,25.292720794677734,10.0,0.0028028185479342937,19.459623336791992,0.08082206547260284,20.0,-2.876792265185519,256,0.0,0.5238346457481384,2.4653077125549316,4.788466453552246,0.7128945589065552,0.2871054410934448,1.326293644516726,0.8508624086889658,0.21373146780693733,0.7868524529784818,0.38791942737091084,1.0,256
defactify,1,4,17815,0.3209054593874834,0.12221436202526093,0.0022163877729326487,0.24148063527403937,JPEG,15.991898536682129,10.0,0.07434556633234024,16.293704986572266,0.3240402042865753,20.0,-1.9395227523761147,256,0.0,0.8445352911949158,9.958527565002441,5.164475917816162,0.8076472878456116,0.19235271215438843,1.6222207994492623,5.517786067858518,0.13375556742350378,0.5394018728686406,0.40436408966554405,1.0,256
defactify,0,0,33080,0.5330193213496107,0.10424525290727615,0.011001941747963428,0.23211535629630606,JPEG,22.647390365600586,10.0,0.014067912474274635,24.47850799560547,0.06874056905508041,20.0,-2.4208994321357076,256,0.0,0.8468805551528931,6.089864730834961,13.317474365234375,0.7662330269813538,0.23376697301864624,1.3470403492404905,2.1873255929209923,0.18854203359412916,0.7058734554835928,0.3912587385436826,1.0,256
defactify,1,2,72230,0.5363397548161121,0.042898569256067276,0.0184620451182127,0.12806706305310517,JPEG,28.349117279052734,10.0,0.0030358480289578438,29.938724517822266,0.02993638627231121,20.0,-3.1346915456336415,256,0.0,0.6957808136940002,0.9413731098175049,4.360891342163086,0.46135789155960083,0.5386421084403992,0.962660496620101,0.2276871275470973,0.3063049941108449,0.9001936587886643,0.3368015426682405,1.0,256
defactify,1,3,211428,0.6232957414576671,0.2732562720775604,-0.003951221704483032,0.3299613590932816,JPEG,25.08254623413086,10.0,0.01539730653166771,25.719337463378906,0.10492786765098572,20.0,-2.482758015160443,256,0.0,0.8036563992500305,4.895752906799316,9.069425582885742,0.37885886430740356,0.6211411356925964,1.3114628743877272,1.5636769661908883,0.2821999599490871,0.8177456791258984,0.36219515916951667,1.0,256
defactify,1,1,51789,0.49599711069644253,0.0737358033657074,-0.0025730719789862633,0.24906086116344248,JPEG,24.156280517578125,10.0,0.0032813497819006443,22.506324768066406,0.035161230713129044,20.0,-2.9359821418620493,256,0.0,0.7110143303871155,2.5394935607910156,5.459325313568115,0.5450297594070435,0.45497021079063416,1.2010367630434526,0.7284978433775473,0.272860231466085,0.8397039086224035,0.37837873820425966,1.0,256
defactify,0,0,53586,0.37927208166888593,0.08349861949682236,-0.006407868582755327,0.24833224367073498,JPEG,16.0220947265625,10.0,0.04042017459869385,17.36223793029785,0.1435784548521042,20.0,-2.406449111508703,256,0.0,0.8776111602783203,9.646748542785645,6.696593761444092,0.7766210436820984,0.22337894141674042,1.5074241252138159,4.957158649918304,0.14591598879913642,0.6036096771155031,0.40271853468081664,1.0,256
defactify,1,1,45549,0.5476274662329397,0.10567088425159454,0.012463419698178768,0.27985734216934033,JPEG,23.79018783569336,10.0,0.012915358878672123,19.830280303955078,0.08622932434082031,20.0,-2.5477848320031176,256,0.0,0.800642192363739,3.606433868408203,12.286373138427734,0.3852957487106323,0.6147042512893677,1.2416565690751946,0.8773611111111108,0.32056631793743817,0.8502137910590349,0.34009368791971023,1.0,256
defactify,1,4,12021,0.4221324717285945,0.08015023171901703,0.012453384697437286,0.22505495380129562,JPEG,16.37380027770996,10.0,0.043610043823719025,18.304988861083984,0.1838587522506714,20.0,-2.2212613685860623,256,0.0,0.8563286662101746,7.102555274963379,7.678986072540283,0.680536150932312,0.3194638788700104,1.4153484578942233,2.7955086685409465,0.17831223942859614,0.6922567615054598,0.39934024156814296,1.0,256
defactify,1,5,21747,0.5264483627204031,0.0430794395506382,0.0020181445870548487,0.11080509215478394,JPEG,31.52347755432129,10.0,0.004338053520768881,23.340702056884766,0.1444161832332611,20.0,-2.4888254300693577,256,0.0,0.516797661781311,2.8437600135803223,6.9910478591918945,0.8386874198913574,0.16131259500980377,1.5104834649101417,1.000574238273741,0.18565581779501655,0.7301442056224487,0.38022859457525915,1.0,256
defactify,1,5,13411,0.4730907822852493,0.1071629598736763,-0.013260973617434502,0.1856799159807406,JPEG,32.87145233154297,10.0,0.0021986886858940125,34.29204559326172,0.04236264154314995,20.0,-2.7029276978049857,256,0.0,0.54265296459198,1.5056098699569702,9.830912590026855,0.6360690593719482,0.36393094062805176,1.142436945818778,0.37247730740580537,0.25014238119040516,0.8779798261610692,0.34738027230758695,1.0,256
defactify,0,0,28184,0.6247314949201742,0.1414375603199005,0.0033827554434537888,0.27500360347329617,JPEG,16.370159149169922,8.0,0.018954670056700706,19.92551612854004,0.18723973631858826,20.0,-2.2808194288764927,256,0.0,0.727165162563324,5.861083030700684,2.6978373527526855,0.2818545699119568,0.7181454300880432,1.3852929211305258,2.401464385693002,0.2435026617230178,0.7725699313228968,0.3812189752990782,1.0,256
defactify,1,5,20509,0.3336651969847817,0.031019974499940872,-0.003948216792196035,0.09927103819204058,JPEG,26.841808319091797,8.0,0.003591244574636221,25.69176483154297,0.08648661524057388,20.0,-2.8173072086891846,256,0.0,0.5484325885772705,2.238576889038086,4.36407470703125,0.734566867351532,0.265433132648468,1.4530104942272313,0.6727347204200308,0.2729533933526941,0.7928748563469885,0.3843010695141296,1.0,256
defactify,1,3,199987,0.46538058920293107,0.03311796858906746,-0.01332937739789486,0.3426262873970068,JPEG,12.332242965698242,10.0,0.03748050332069397,16.434993743896484,0.1714933216571808,20.0,-2.442950133619313,256,0.0,0.8264670372009277,11.115281105041504,2.5224838256835938,0.7287808060646057,0.2712191939353943,1.6053858915507846,6.7963836324971165,0.3028761131847399,0.6138505548297049,0.4006011471173442,1.0,256
defactify,1,5,25990,0.4630789770976687,0.07098641246557236,-0.015487844124436378,0.16823414522739857,JPEG,22.2880916595459,10.0,0.002756490372121334,16.273998260498047,0.08112701028585434,20.0,-2.7253965449176123,256,0.0,0.5238972902297974,2.8173742294311523,2.663888931274414,0.7697986364364624,0.2302013784646988,1.489443935259492,1.1370688707468284,0.19208675100905986,0.7642249021559671,0.3885066141689488,1.0,256
defactify,1,2,91448,0.8357693405652298,0.03507132828235626,0.018773755058646202,0.07359074740593197,JPEG,20.067466735839844,10.0,0.004249052610248327,20.106056213378906,0.04146484658122063,20.0,-2.672961315741444,256,0.0,0.7761245369911194,3.0837132930755615,1.654593825340271,0.5197722911834717,0.4802277088165283,1.2758654363233264,0.7772384419454054,0.34049822926815054,0.8576885420406432,0.3211899953344576,1.0,256
defactify,1,5,12452,0.5680573114201433,0.0038451370783150196,0.0013942942023277283,0.024439378105766622,JPEG,25.582406997680664,10.0,0.0005795905599370599,22.09453582763672,0.018707841634750366,20.0,-3.3314414251009574,256,0.0,0.49840807914733887,1.3849101066589355,4.730530738830566,0.4306919574737549,0.5693080425262451,1.1993916861097582,0.43222220720396,0.27555618995089715,0.868328929352227,0.34832556913085433,1.0,256
defactify,1,3,172177,0.4072306845292714,0.15179646015167236,0.00630264263600111,0.32663130775070665,JPEG,18.019874572753906,10.0,0.01883353479206562,15.899678230285645,0.18719851970672607,20.0,-2.2829376886558648,256,0.0,0.7410117387771606,7.544201850891113,1.517713189125061,0.6686660051345825,0.33133402466773987,1.4906079309593305,4.032058207780661,0.23131879848005787,0.6429969820662722,0.40210952933364913,1.0,256
defactify,1,4,10576,0.34948492941625336,0.049719467759132385,0.010910050012171268,0.19824807791828092,JPEG,24.394960403442383,10.0,0.017484650015830994,16.977636337280273,0.10217559337615967,20.0,-2.6607783604657005,256,0.0,0.8306339383125305,5.877659797668457,13.393468856811523,0.7126805782318115,0.2873194217681885,1.3930851394435673,2.1797488496011153,0.16132704352771715,0.7232591947431074,0.390260678965319,1.0,256
defactify,0,0,40545,0.44893802734943267,0.15032687783241272,-0.006732712034136057,0.3105592004369717,JPEG,16.57111930847168,10.0,0.027671510353684425,20.386293411254883,0.15382559597492218,20.0,-2.363719093587348,256,0.0,0.8266564011573792,8.339418411254883,4.649068355560303,0.679301917552948,0.320698082447052,1.465395811294155,4.123478950403691,0.24286458558055762,0.6807752211977317,0.4013496253259616,1.0,256
defactify,0,0,28165,0.8662849897216192,0.04399063065648079,-0.01093919388949871,0.056811715172806365,JPEG,18.839609146118164,10.0,0.009723872877657413,24.079273223876953,0.07566361874341965,20.0,-2.678034829917573,256,0.0,0.7799909710884094,2.328756093978882,2.233006477355957,-0.3373955488204956,1.3373955488204956,1.3319552412326996,0.3824873696414841,0.5792186930771712,0.9346398129098016,0.21286009441281764,1.0,256
defactify,1,5,17756,0.7109738632295023,0.08529389649629593,0.010685963556170464,0.18691178451504384,JPEG,22.993324279785156,10.0,0.003302184399217367,17.33336067199707,0.07209530472755432,20.0,-2.7392373335778846,256,0.0,0.5838039517402649,2.988647937774658,1.8974857330322266,0.6175191402435303,0.3824808597564697,1.481897372018437,1.0054299578287198,0.3956931830696848,0.789987915584977,0.3684014523463356,1.0,256
defactify,1,4,9821,0.306134126802472,0.07699693739414215,0.007420987356454134,0.19938025901112041,JPEG,21.60287857055664,10.0,0.008966191671788692,24.620471954345703,0.08706242591142654,20.0,-2.7992106875909766,256,0.0,0.7296284437179565,4.224002838134766,3.537487506866455,0.7313236594200134,0.2686763405799866,1.1859131977364568,1.4881203143021915,0.18016103566937489,0.7716172174828374,0.3838288433501262,1.0,256
defactify,0,0,15652,0.6144231143647054,0.17093925178050995,0.002430659718811512,0.3226806275318412,JPEG,28.26246452331543,10.0,0.0017022760584950447,19.684343338012695,0.0385766327381134,20.0,-3.0276471771654685,256,0.0,0.5810034871101379,2.2788681983947754,6.358063220977783,0.4269447922706604,0.5730552077293396,1.2184411541934046,0.7040786896866587,0.2512483153052664,0.8614483968330733,0.3449890370013018,1.0,256
defactify,1,4,13980,0.1905697445972495,0.07568418979644775,0.02176053076982498,0.21052424066090505,JPEG,19.067049026489258,10.0,0.03274073079228401,21.613008499145508,0.15633302927017212,20.0,-2.3798160758547877,256,0.0,0.8430555462837219,7.394594669342041,10.636686325073242,0.8664260506629944,0.13357394933700562,1.4878698175822909,3.1681744401191847,0.13182481440866653,0.6007588311431712,0.4024604161639547,1.0,256
defactify,1,3,93073,0.5804144345676105,0.0851464569568634,0.0,0.14534903167534732,JPEG,30.824613571166992,10.0,0.0017171523068100214,29.25716781616211,0.013509780168533325,20.0,-3.1218717470297155,256,0.0,0.6956067681312561,0.6042853593826294,7.138894081115723,0.46795302629470825,0.5320469737052917,1.2475311468972574,0.10923606605632452,0.37107890333844284,0.9484135911915947,0.3189941297879312,1.0,256
defactify,1,4,12472,0.18355065195586762,0.08591366559267044,0.009580610319972038,0.19642010701204377,JPEG,20.730270385742188,10.0,0.011147144250571728,15.313858985900879,0.1449819952249527,20.0,-2.532768352424645,256,0.0,0.7150514125823975,5.038227081298828,3.5073635578155518,0.6205276250839233,0.37947240471839905,1.4020755065579364,2.1896551206266825,0.16844675328692693,0.6838082546345938,0.38210312427733073,1.0,256
defactify,0,0,29002,0.5476722532588454,0.1600496619939804,-0.012165442109107971,0.26061040768455834,JPEG,23.330595016479492,10.0,0.017996136099100113,18.547710418701172,0.16378603875637054,20.0,-2.3326855190835345,256,0.0,0.7585293650627136,5.718291282653809,6.761056900024414,0.43641990423202515,0.5635800957679749,1.4759570221799108,2.3150272281093804,0.2353794963693427,0.7999701827158707,0.37482152285975623,1.0,256
defactify,1,4,12510,0.2248768472906404,0.05796140804886818,7.506801193812862e-05,0.20063155073192113,JPEG,19.933908462524414,10.0,0.01938554085791111,17.178808212280273,0.1624504029750824,20.0,-2.3769331573587253,256,0.0,0.773753821849823,6.301297664642334,4.750553131103516,0.5731798410415649,0.42682018876075745,1.4637308696044642,2.8343876453767787,0.16601813403267643,0.6788466710355691,0.3966043454939101,1.0,256
defactify,1,3,64812,0.8031696341224809,0.02351134829223156,0.008424241095781326,0.15996559312791608,JPEG,28.459041595458984,10.0,0.005025096237659454,29.032833099365234,0.05694524571299553,20.0,-2.7362144793644307,256,0.0,0.7291283011436462,3.6124441623687744,9.777785301208496,-0.15168511867523193,1.151685118675232,1.3111000669352026,1.0131071432862353,0.47302502454218665,0.938399877498562,0.21897598287619588,1.0,256
defactify,1,1,46777,0.6026040584528014,0.037983302026987076,0.00537808146327734,0.1601483373403061,JPEG,24.876476287841797,8.0,0.008355160243809223,27.50114631652832,0.044353093951940536,20.0,-2.8590064559238924,256,0.0,0.8441237807273865,2.692099094390869,13.019302368164062,0.411928653717041,0.588071346282959,1.2290073789733424,0.51372658652922,0.2838576547296979,0.8974020335786452,0.3423819708276773,1.0,256
defactify,1,4,13689,0.4636143931256713,0.07938167452812195,0.004652217496186495,0.2323154540768125,JPEG,17.94681167602539,10.0,0.023613888770341873,16.593997955322266,0.12999452650547028,20.0,-2.5302129606887354,256,0.0,0.8221821784973145,7.188401222229004,3.9917263984680176,0.7265594005584717,0.2734405994415283,1.462268807374627,3.225433291882929,0.16460150469724982,0.6458659573663077,0.4017678432755411,1.0,256
defactify,0,0,40989,0.6886242299794662,0.17820033431053162,0.007775983773171902,0.36086475448019995,JPEG,28.89571762084961,10.0,0.0117223234847188,29.530954360961914,0.1209683045744896,20.0,-2.541367327388554,256,0.0,0.7679823040962219,6.140758991241455,9.010844230651855,0.6915749311447144,0.30842503905296326,1.3782839347240534,2.8508379289215684,0.23491843990068925,0.7364343867892331,0.3853122932530096,1.0,256
defactify,0,0,29384,0.6366203002341275,0.0924152284860611,0.011868851259350777,0.17752389267714302,JPEG,27.97494888305664,5.0,0.018977608531713486,30.360576629638672,0.18573114275932312,20.0,-2.2288486634232676,256,0.0,0.7369179725646973,5.192275047302246,15.928077697753906,0.29688936471939087,0.7031106352806091,1.3638584325223024,1.932193942834488,0.24838848461558646,0.7780920571377272,0.378819669907879,1.0,256
defactify,1,3,53102,0.6567200784826684,0.20004136860370636,0.0175160001963377,0.31058274378428546,JPEG,14.088988304138184,10.0,0.012006361968815327,15.084720611572266,0.04959579184651375,20.0,-2.6934707343801936,256,0.0,0.8914909958839417,3.5852952003479004,0.4794594645500183,0.21912121772766113,0.7808787822723389,1.3237001405310063,0.789607137278931,0.28896981233188207,0.8331522428655487,0.37316893340830964,1.0,256
defactify,1,3,66823,0.5927270348932274,0.019053753465414047,0.0173525158315897,0.08963156993581646,JPEG,25.864025115966797,10.0,0.004424406215548515,28.227176666259766,0.045490019023418427,20.0,-2.7903883384465185,256,0.0,0.7565016150474548,2.7007908821105957,9.137495040893555,0.32063478231430054,0.6793652176856995,1.2768564859118974,0.6390609080642066,0.2837032797198289,0.8829383045390612,0.31745259603749876,1.0,256
defactify,1,4,7028,0.5543448330120766,0.09775048494338989,0.025813162326812744,0.20947563792147006,JPEG,27.47776985168457,10.0,0.008836999535560608,37.42726135253906,0.05816730484366417,20.0,-2.6216754944938705,256,0.0,0.8217421770095825,3.3286538124084473,16.191553115844727,0.5089716911315918,0.4910283088684082,1.0762128505251392,0.7298171076028451,0.2766641641758777,0.8545506667778652,0.36554907389453706,1.0,256
defactify,1,4,11590,0.22951315391593588,0.09414579719305038,0.012763411737978458,0.2155483857280921,JPEG,17.743106842041016,10.0,0.01059706136584282,17.400550842285156,0.09353199601173401,20.0,-2.5363219137034156,256,0.0,0.7710843682289124,4.257138729095459,4.189652442932129,0.6344822645187378,0.3655177354812622,1.2841393344128293,1.4606215758362162,0.17900036960387813,0.7146656250857866,0.3823359287891278,1.0,256
defactify,1,3,100256,0.6604162760172511,0.0824819803237915,-0.0077496846206486225,0.23649697263961425,JPEG,22.080650329589844,10.0,0.009349360130727291,24.60103988647461,0.07866992056369781,20.0,-2.63095169454048,256,0.0,0.7584090232849121,3.72244930267334,4.012755870819092,-0.1605287790298462,1.1605287790298462,1.3473261367088727,1.0190225664407917,0.6671945727748122,0.9038615766942815,0.2962879682665011,1.0,256
defactify,1,2,123556,0.45371865703357417,0.05272449553012848,0.002623380161821842,0.13515236914090367,JPEG,27.923885345458984,10.0,0.011058787815272808,24.267742156982422,0.21257291734218597,20.0,-2.2907194317606714,256,0.0,0.5939544439315796,3.452040195465088,6.049590587615967,0.834043562412262,0.16595643758773804,1.3697530655160397,1.1588828665657438,0.399186925553749,0.7793788619580432,0.3923573667860859,1.0,256
defactify,0,0,26976,0.8324341605722735,0.05826254189014435,-0.00567350909113884,0.16455262201778148,JPEG,21.56131935119629,10.0,0.009179719723761082,22.817596435546875,0.04918394237756729,20.0,-2.4633419362335998,256,0.0,0.8398757576942444,4.946664333343506,8.771732330322266,0.35009223222732544,0.6499077677726746,1.4234142227499293,1.452722270280661,0.3422404581085845,0.7892817475119707,0.362345393186373,1.0,256
defactify,0,0,29484,0.3528140755221731,0.03146451339125633,-0.009096137247979641,0.10203507836114108,JPEG,24.224891662597656,10.0,0.008849453181028366,20.445945739746094,0.12411070615053177,20.0,-2.523693464777356,256,0.0,0.7040277719497681,2.889331340789795,9.767478942871094,0.38247960805892944,0.6175203919410706,1.2299042848232717,0.7739308949682816,0.28611679148525254,0.8158899274325209,0.38711899428603636,1.0,256
defactify,0,0,17660,0.6756054341405788,0.027694029733538628,-0.00920451432466507,0.17376527941861472,JPEG,29.17147445678711,10.0,0.0024901244323700666,18.415706634521484,0.04887078329920769,20.0,-2.8048662108228752,256,0.0,0.5735275149345398,2.730377435684204,6.252564907073975,0.609131932258606,0.39086809754371643,1.309842188046296,0.8375140120386391,0.4385878983806615,0.8834182056710747,0.3155111143670948,1.0,256
defactify,0,0,20903,0.3794806144842721,0.029001791030168533,0.017752692103385925,0.17061936517266296,JPEG,32.2570915222168,10.0,0.008126284927129745,21.660966873168945,0.06462817639112473,20.0,-2.796511474652535,256,0.0,0.7766716480255127,2.2974743843078613,14.844535827636719,0.6931991577148438,0.30680087208747864,1.1717773435786436,0.4763525296760859,0.29265267876299444,0.8724199628021772,0.33180315695526263,1.0,256
defactify,1,1,86951,0.6736700077101002,0.21892686188220978,0.0007907897816039622,0.3940368107805325,JPEG,19.238590240478516,10.0,0.011650130152702332,14.820085525512695,0.09501639008522034,20.0,-2.6360875478207006,256,0.0,0.7738332748413086,5.240805625915527,5.052279949188232,0.7080140113830566,0.29198598861694336,1.335351524346792,1.9560555885957331,0.2277047121127071,0.7358183164158912,0.39075892079013064,1.0,256
defactify,0,0,38466,0.6990403880628493,0.08632831275463104,-0.007816922850906849,0.24538475210418406,JPEG,16.157949447631836,10.0,0.034787386655807495,18.127826690673828,0.12185774743556976,20.0,-2.1578260140717487,256,0.0,0.8762975335121155,9.175768852233887,6.130524158477783,0.6422935724258423,0.3577064275741577,1.5072645345298148,4.2798713535659365,0.18623578597467624,0.6401707620955212,0.3966049269297163,1.0,256
defactify,1,5,17795,0.3853059090116786,0.06711707264184952,0.0016266806051135063,0.18650745178270853,JPEG,26.704275131225586,10.0,0.0019196233479306102,19.13533592224121,0.044115375727415085,20.0,-3.199588443576067,256,0.0,0.5230982303619385,1.6761661767959595,6.0120391845703125,0.67453932762146,0.32546064257621765,1.3345695796787909,0.6011783478710111,0.2408557656213778,0.8229416589006984,0.36288692230556396,1.0,256
defactify,1,2,103264,0.660864410433283,0.09180770814418793,0.019513754174113274,0.27585294775607705,JPEG,26.95401382446289,10.0,0.0035279160365462303,22.758607864379883,0.04465404897928238,20.0,-2.8570528777215776,256,0.0,0.6919428110122681,2.5352585315704346,4.879842758178711,0.5539248585700989,0.4460751414299011,1.1740480585898188,0.6633849661188003,0.2409355472994087,0.8434391007312898,0.37435072778290024,1.0,256
defactify,1,3,70370,0.7591871780194619,0.09042021632194519,-0.0033015403896570206,0.1669997807562416,JPEG,15.515440940856934,10.0,0.021749993786215782,16.61582374572754,0.060910664498806,20.0,-2.8180234949950136,256,0.0,0.9028577208518982,4.515497207641602,9.523560523986816,0.6629230976104736,0.337076872587204,1.1341730182533751,1.1340392667483654,0.27774954702593413,0.7567037886793049,0.3794024926974846,1.0,256
defactify,1,3,250574,0.7562862206044351,0.3280642032623291,0.005748812574893236,0.3575044432764004,JPEG,28.817174911499023,10.0,0.003360204631462693,26.344436645507812,0.058258578181266785,20.0,-2.9966043365985957,256,0.0,0.6438452005386353,3.3830783367156982,8.623502731323242,0.6721243858337402,0.32787564396858215,1.2309482933231635,1.0970990874903883,0.7140798116270142,0.9125211651703948,0.2826991458050513,1.0,256
defactify,1,4,10100,0.4633586438283595,0.13232706487178802,0.014322762377560139,0.19697415855184464,JPEG,15.857307434082031,10.0,0.014884164556860924,15.108809471130371,0.07858311384916306,20.0,-2.710730145380591,256,0.0,0.8289572596549988,4.0522780418396,2.7263259887695312,0.5778635740280151,0.4221363961696625,1.1742076417150367,1.1510643742791236,0.22287780065940332,0.783371250493416,0.3959146231236309,1.0,256
defactify,0,0,26114,0.884489903888546,0.05014822259545326,0.00046036398271098733,0.3479242624616035,JPEG,14.729351997375488,10.0,0.03385255113244057,17.12456512451172,0.09065888077020645,20.0,-2.369627283350264,256,0.0,0.898977518081665,9.310895919799805,3.590130567550659,0.3549800515174866,0.6450199484825134,1.5096318470141437,4.203404700115341,0.32145905364227234,0.6767353419325899,0.3624849791387841,1.0,256
defactify,1,1,64678,0.316918090013714,0.005228595342487097,0.004501881077885628,0.0334339821948092,JPEG,27.006610870361328,10.0,0.003591755172237754,23.376502990722656,0.09227224439382553,20.0,-2.7426927809603048,256,0.0,0.5346407294273376,2.2497618198394775,4.269091606140137,0.5095388889312744,0.490461140871048,1.3652670731203986,0.8028807429834679,0.22475402510360462,0.8052618364483495,0.37940577382282104,1.0,256
defactify,1,3,117300,0.42675585284280937,0.16097399592399597,-0.004102764651179314,0.3190426864613103,JPEG,23.11958122253418,10.0,0.007731270510703325,17.46674156188965,0.06437217444181442,20.0,-2.705361211701036,256,0.0,0.7875764966011047,3.9224026203155518,3.7894606590270996,0.5121206045150757,0.4878794252872467,1.195443484015299,1.2021671051999234,0.21120420497098263,0.7669983885641944,0.3951239857426734,1.0,256
defactify,0,0,57166,0.12204989885367498,0.11057619750499725,0.0004413108981680125,0.2416063396062732,JPEG,16.961952209472656,10.0,0.026272756978869438,16.54567527770996,0.22266878187656403,20.0,-2.194141713402191,256,0.0,0.7710368037223816,7.793213844299316,2.401113271713257,0.8062621355056763,0.19373787939548492,1.5246926794841615,3.9989674193819713,0.13871759815807125,0.5866465149548024,0.4059631259808934,1.0,256
defactify,1,4,14954,0.11426222770242499,0.13154254853725433,-0.003312984248623252,0.2579690030622587,JPEG,17.4205379486084,10.0,0.03303837031126022,13.929072380065918,0.19010882079601288,20.0,-2.319401550386894,256,0.0,0.8120771050453186,6.9766154289245605,5.814511299133301,0.6849448680877686,0.31505513191223145,1.4049551186725617,3.0476133728614005,0.14721602065022643,0.6289480732564888,0.4023792444645663,1.0,256
defactify,1,2,90074,0.464340490797546,0.0022886719089001417,0.0006127450615167618,0.011375641276468564,JPEG,22.048023223876953,10.0,0.015061802230775356,16.277050018310547,0.16103416681289673,20.0,-2.4037081306754366,256,0.0,0.7280610799789429,4.2676100730896,2.662043571472168,0.47353845834732056,0.5264615416526794,1.4404620867262594,1.4406071733227614,0.23088125418394573,0.7560149440262716,0.3881313885766507,1.0,256
defactify,1,1,50739,0.49863250323880814,0.14312784373760223,0.00950513407588005,0.15810369352924347,JPEG,20.74978256225586,10.0,0.008000463247299194,16.967174530029297,0.14358387887477875,20.0,-2.50610999035306,256,0.0,0.6818514466285706,2.6162116527557373,3.1818556785583496,0.2895428538322449,0.7104571461677551,1.5435060718361817,0.8015456344915417,0.440353414588316,0.8210489654671393,0.38217363798080356,1.0,256
defactify,1,3,53421,0.8842221670540974,0.01871500350534916,-0.006061718799173832,0.1623525842315923,JPEG,27.31240463256836,10.0,0.011448570527136326,28.661861419677734,0.14165501296520233,20.0,-2.446953455397621,256,0.0,0.6785814166069031,3.8484115600585938,11.117660522460938,0.15780329704284668,0.8421967029571533,1.3941338547770794,1.2366323949923113,0.6520149789800104,0.9013680023141936,0.2599138274022033,1.0,256
defactify,1,3,40187,0.8638110146577487,0.11944543570280075,-0.0011051073670387268,0.1223360045534617,JPEG,20.980506896972656,10.0,0.013619275763630867,17.431148529052734,0.09471049904823303,20.0,-2.4437527475613914,256,0.0,0.783643901348114,5.269687175750732,8.323854446411133,0.10365641117095947,0.8963435888290405,1.3486043531315248,1.7681540002643215,0.5773041052642636,0.8462092016628547,0.2735349880572268,1.0,256
defactify,1,4,10629,0.4732565011820331,0.06652387976646423,0.003938444424420595,0.17945201176189576,JPEG,16.041780471801758,10.0,0.0191196296364069,16.231340408325195,0.11721301078796387,20.0,-2.5878624653826874,256,0.0,0.8157457113265991,4.391607761383057,2.249457359313965,0.350738525390625,0.649261474609375,1.1639230344158438,1.3898656616445606,0.21991035706831374,0.7406331694395086,0.3818014131407959,1.0,256
defactify,1,5,18237,0.3999420793512887,0.05189744383096695,0.01642129383981228,0.15161706302014358,JPEG,27.328651428222656,10.0,0.0041247522458434105,20.065690994262695,0.0907902717590332,20.0,-2.620765411879734,256,0.0,0.5214778184890747,2.537163496017456,4.103314399719238,0.4994809627532959,0.5005190372467041,1.4875639910905476,0.863831383962899,0.2054529941111823,0.792919947720131,0.38421087241355123,1.0,256
defactify,1,5,13691,0.48447982377090215,0.008893467485904694,0.012499820441007614,0.023798098860807554,JPEG,30.606884002685547,10.0,0.0023229438811540604,26.269428253173828,0.04792019724845886,20.0,-2.90512463348358,256,0.0,0.5175980925559998,1.5180872678756714,8.054582595825195,0.5461514592170715,0.45384854078292847,1.2435844708024644,0.33375345420030755,0.29005345743357547,0.8838867500102822,0.35420147942662333,1.0,256
defactify,1,1,56468,0.49466898090751305,0.011434588581323624,0.011593758128583431,0.03963669107422537,JPEG,18.84824562072754,10.0,0.01729985699057579,16.309207916259766,0.07905834168195724,20.0,-2.724172805416752,256,0.0,0.8521739840507507,3.673192024230957,8.721784591674805,0.2866920828819275,0.7133079171180725,1.2820851952068086,0.8698583177143405,0.3546032874628416,0.8384540325515923,0.38442326766072266,1.0,256
defactify,1,2,88094,0.30029798035536914,0.18362408876419067,0.01720975898206234,0.1932752751247784,JPEG,23.268535614013672,10.0,0.003618071787059307,22.02888298034668,0.059638623148202896,20.0,-2.9796848389530215,256,0.0,0.6112634539604187,1.7052881717681885,2.6205780506134033,0.6095266938209534,0.39047330617904663,1.0662535622228415,0.426905712346213,0.25959379903156143,0.8466869560929808,0.385394910288792,1.0,256
defactify,1,2,63698,0.4937334351556534,0.010651901364326477,0.0029992740601301193,0.03563448171504183,JPEG,25.59731674194336,8.0,0.005036128684878349,26.05617332458496,0.05368870496749878,20.0,-2.88818493610972,256,0.0,0.7351012229919434,2.6803553104400635,8.585729598999023,0.497814416885376,0.502185583114624,1.359069917583275,0.6860982404603997,0.39132072597727174,0.856639718300008,0.3660903567954481,1.0,256
defactify,1,5,18292,0.5146135527170383,0.07424071431159973,-0.0025753232184797525,0.18246606481425068,JPEG,30.554523468017578,10.0,0.003053062129765749,28.816020965576172,0.090862937271595,20.0,-2.7355726612412177,256,0.0,0.5004888772964478,2.6175708770751953,6.001400947570801,0.7312827110290527,0.26871728897094727,1.526749835741183,1.0656769782054976,0.1944666765258603,0.7524909691984766,0.3746889332466013,1.0,256
defactify,1,4,18059,0.6962598578902163,0.15931537747383118,0.0001338261499768123,0.32569633754506744,JPEG,11.998648643493652,10.0,0.09006651490926743,14.547175407409668,0.24511748552322388,20.0,-2.058633569875917,256,0.0,0.8907685875892639,14.377753257751465,4.609625816345215,0.7426478862762451,0.2573521137237549,1.6528650071538593,10.13231326292772,0.19060491131430854,0.5418349060604831,0.3848895906271644,1.0,256
defactify,1,5,17777,0.659886910287788,0.034381624311208725,0.013036489486694336,0.18034851440151553,JPEG,26.434019088745117,10.0,0.0025755108799785376,29.533748626708984,0.062414973974227905,20.0,-3.025952604208223,256,0.0,0.5195267200469971,2.3446643352508545,4.769999980926514,0.5800008177757263,0.4199991822242737,1.4087664029529374,0.9035891093569781,0.19133156850244948,0.7908151052275634,0.37300776763974436,1.0,256
defactify,1,1,70443,0.7722030852179123,0.06519065797328949,-0.011140972375869751,0.16986304047986764,JPEG,22.9078369140625,10.0,0.009799469262361526,18.218730926513672,0.06511156260967255,20.0,-2.803291868081829,256,0.0,0.812920868396759,3.8929011821746826,9.608244895935059,0.41722458600997925,0.5827754139900208,1.2997432391690695,1.0708473003171848,0.300659546818185,0.8230720696233189,0.3550465324362318,1.0,256
defactify,1,2,78774,0.19978764820385772,0.0480622798204422,0.01939140446484089,0.1131348523842084,JPEG,20.6944637298584,10.0,0.006942750420421362,18.25580596923828,0.06635555624961853,20.0,-2.8189085738911928,256,0.0,0.7542752027511597,2.275804281234741,4.011832237243652,0.7520073652267456,0.2479926496744156,1.1765535566491292,0.5095502931564784,0.2483531013689381,0.8254995406378447,0.4014672661761107,1.0,256
defactify,1,2,34718,0.9487564710567281,0.0894738957285881,0.009685024619102478,0.24130447193018953,JPEG,24.420387268066406,10.0,0.008888114243745804,24.496862411499023,0.152948260307312,20.0,-2.4215500493402144,256,0.0,0.613648533821106,1.5399008989334106,4.879849910736084,-0.6117323637008667,1.6117323637008667,1.3714852331592886,0.29534384311322565,0.8522733913122147,0.9484772136214411,0.163480424087782,1.0,256
defactify,0,0,52110,0.3830209481808159,0.03844519332051277,-0.0021820676047354937,0.24323403955348624,JPEG,16.392566680908203,10.0,0.11501962691545486,24.010467529296875,0.27983543276786804,20.0,-1.820315107235409,256,0.0,0.8934913873672485,14.21760082244873,12.931329727172852,0.7803626656532288,0.21963733434677124,1.6214643996923659,9.28200912809977,0.1417456872067085,0.5371196016360724,0.3946485680924452,1.0,256
defactify,1,2,118907,0.3504887866589994,0.13270454108715057,0.019567687064409256,0.3524717854740401,JPEG,20.014575958251953,10.0,0.012738662771880627,13.19343090057373,0.0758679062128067,20.0,-2.33695400260001,256,0.0,0.8267817497253418,4.032787799835205,5.585633277893066,0.5915333032608032,0.40846672654151917,1.2680002424896888,1.093152948985967,0.20257056860863976,0.751007058428826,0.4062033891363114,1.0,256
defactify,1,1,52286,0.5092592592592593,0.04124370217323303,0.008971902541816235,0.165330654030588,JPEG,25.549509048461914,10.0,0.005082682706415653,23.60856056213379,0.09086050093173981,20.0,-2.851160249372274,256,0.0,0.6525193452835083,2.8277783393859863,3.7576966285705566,0.5182405710220337,0.4817594587802887,1.3044730943803617,0.8631537149173398,0.2860294322165716,0.8287099871744052,0.3838964537075533,1.0,256
defactify,0,0,23246,0.4996958843008718,0.06767953187227249,0.01314866729080677,0.1711734977763914,JPEG,18.205921173095703,10.0,0.010172185488045216,18.706298828125,0.07104834169149399,20.0,-2.6569913521415036,256,0.0,0.7977290749549866,3.3352763652801514,3.6070451736450195,0.5946311950683594,0.4053688049316406,1.255004221169736,0.8173020593041143,0.2309303545815784,0.813510891375526,0.38505479063668235,1.0,256
defactify,0,0,10586,0.7955828412372207,0.05982723832130432,0.0014086624141782522,0.19577788528385742,JPEG,20.598262786865234,10.0,0.0060361274518072605,18.92884063720703,0.04181579872965813,20.0,-2.858805488413957,256,0.0,0.8053432106971741,2.8209588527679443,3.5138773918151855,0.18718183040618896,0.812818169593811,1.1816373994128522,0.5924757905613227,0.3371286029853592,0.8911042916759045,0.31562920544464335,1.0,256
defactify,1,5,18562,0.4520997375328084,0.05291275307536125,0.0018900694558396935,0.22840203618997626,JPEG,26.998855590820312,10.0,0.004378160927444696,16.9947452545166,0.09201008081436157,20.0,-2.633208913318706,256,0.0,0.593232274055481,2.159559726715088,4.870768070220947,0.7040230631828308,0.2959769368171692,1.2853881766257373,0.5669223826172627,0.2535245828709761,0.7991181182938363,0.38361991163008036,1.0,256
defactify,1,4,14995,0.13548150860490663,0.11623001843690872,0.005578659009188414,0.2627001718771691,JPEG,18.845945358276367,10.0,0.03567473962903023,18.686573028564453,0.19707441329956055,20.0,-2.280391847825054,256,0.0,0.8266588449478149,7.95741081237793,5.622118949890137,0.6875649690628052,0.3124350309371948,1.4794571777984353,3.821228719122453,0.14449548531607198,0.6123931239509696,0.4005049702036717,1.0,256
defactify,1,4,11947,0.29022480424349584,0.04810521379113197,-0.008792320266366005,0.15653439425645843,JPEG,23.419858932495117,8.0,0.024818453937768936,24.068973541259766,0.1675109714269638,20.0,-2.3857023098535,256,0.0,0.8065078258514404,6.685854911804199,10.230456352233887,0.7040628790855408,0.29593712091445923,1.4241340087518135,2.8555782181132257,0.15424305572441685,0.6696387006591326,0.3948092234719429,1.0,256
defactify,1,3,135440,0.49189654031884633,0.05104890838265419,-0.008234352804720402,0.2537113682439692,JPEG,19.494279861450195,8.0,0.012974301353096962,21.369609832763672,0.08281928300857544,20.0,-2.5853013617018212,256,0.0,0.8135605454444885,4.4660491943359375,7.4004106521606445,0.47835230827331543,0.5216476917266846,1.4058033402582677,1.3339283719002304,0.33610718147748136,0.7903190591553116,0.388282597385628,1.0,256
defactify,1,3,201704,0.0943188086045229,0.09850762784481049,0.01900317892432213,0.19209266218879664,JPEG,20.917522430419922,10.0,0.01367991417646408,18.20809555053711,0.170499786734581,20.0,-2.3689764758381404,256,0.0,0.7189962863922119,4.893182754516602,1.7347651720046997,0.6516725420951843,0.3483274579048157,1.4100764876488214,2.0229941759179177,0.21538041748127737,0.6743863961347374,0.3984189730462062,1.0,256
defactify,1,2,62412,0.722581475404562,0.016271695494651794,0.009381111711263657,0.044117758172649506,JPEG,21.550626754760742,10.0,0.012536492198705673,23.082195281982422,0.14308986067771912,20.0,-2.4914438980718523,256,0.0,0.7320542335510254,1.5665708780288696,7.855512619018555,0.28210872411727905,0.717891275882721,1.2126622111188192,0.30040379601595535,0.5193594326143294,0.8932171374483946,0.3389301527508492,1.0,256
defactify,1,2,50553,0.5652401746724891,0.1430881917476654,0.015893932431936264,0.3038234210980351,JPEG,26.454599380493164,10.0,0.004538266453891993,21.350921630859375,0.03543056175112724,20.0,-2.6186409665706063,256,0.0,0.7477420568466187,1.2109006643295288,9.691216468811035,0.2407228946685791,0.7592771053314209,1.159671596723868,0.15298502979623227,0.36124577217571785,0.9525371035338936,0.22874923617927564,1.0,256
defactify,1,4,16777,0.3578659370725034,0.22344763576984406,-0.009975608438253403,0.24797048212277661,JPEG,14.815229415893555,10.0,0.0540449321269989,17.921798706054688,0.28134748339653015,20.0,-1.996289470106702,256,0.0,0.8146967887878418,8.846681594848633,3.3410987854003906,0.5527403354644775,0.44725969433784485,1.5566734030270712,4.560588655805462,0.15519538739858446,0.6070041061756003,0.40116215285570106,1.0,256
defactify,1,1,47596,0.46661248814844913,0.051264628767967224,-0.00462347874417901,0.17243636221711975,JPEG,22.9659423828125,10.0,0.0063883583061397076,19.697608947753906,0.04168003052473068,20.0,-2.8409509464408225,256,0.0,0.807446300983429,2.7965919971466064,7.276217937469482,0.5014655590057373,0.4985344111919403,1.2272612680864965,0.632692158664937,0.2813831672110849,0.8510181584138627,0.3865445325425638,1.0,256
defactify,0,0,58643,0.38023952095808383,0.04544202610850334,-0.0022602661047130823,0.238356942501349,JPEG,17.00926971435547,10.0,0.043534256517887115,15.98166561126709,0.23834548890590668,20.0,-2.0944796895228,256,0.0,0.8401834964752197,10.799455642700195,4.832520008087158,0.7938046455383301,0.20619536936283112,1.558792451754189,6.766785461120724,0.1624914407298908,0.5768082691072596,0.4031698222292692,1.0,256
defactify,0,0,31751,0.8500601239478309,0.10158821195363998,0.002008788287639618,0.19416926855881178,JPEG,16.250364303588867,10.0,0.04197373986244202,16.98957633972168,0.13852305710315704,20.0,-2.074207839866604,256,0.0,0.8804280757904053,7.352985382080078,6.1913909912109375,0.39772820472717285,0.6022717952728271,1.3698207818141919,2.8059271824538645,0.28020249488146765,0.6980965742364678,0.37061895136540474,1.0,256
defactify,1,5,15660,0.4842696629213483,0.1186862364411354,0.007536360062658787,0.21695510157916087,JPEG,29.569337844848633,10.0,0.0018698141211643815,24.87990951538086,0.044169191271066666,20.0,-3.0966635644135208,256,0.0,0.4938499331474304,1.5656901597976685,6.462163925170898,0.6611310243606567,0.33886897563934326,1.279219044287483,0.5431411746683967,0.29770926668157077,0.8443691248308092,0.3629411160113754,1.0,256
defactify,1,3,62078,0.8698658668666167,0.07603013515472412,4.792724212165922e-05,0.2681617349036587,JPEG,39.92711639404297,10.0,0.0036210769321769476,37.525821685791016,0.04317250847816467,20.0,-3.1197127339221637,256,0.0,0.5395105481147766,1.964924931526184,11.149967193603516,0.3016340732574463,0.6983659267425537,1.2669467138892683,0.5576246966311031,0.6778310692231708,0.9346344548907434,0.22236151983865232,1.0,256
defactify,1,5,21493,0.7082572274359136,0.01086727436631918,0.015107112005352974,0.04695564990818677,JPEG,31.144712448120117,10.0,0.00273234979249537,31.7729549407959,0.04673195257782936,20.0,-2.9370882440396877,256,0.0,0.49660724401474,1.558214545249939,5.876980781555176,0.784102737903595,0.21589727699756622,1.213501730325599,0.46302565419550173,0.2829005389318687,0.8495017763049911,0.3574590880915546,1.0,256
defactify,1,2,100037,0.5898920254975933,0.00657258415594697,0.010118013247847557,0.011634546987323916,JPEG,22.704265594482422,10.0,0.004650456365197897,15.514349937438965,0.058221228420734406,20.0,-2.3941768771565295,256,0.0,0.7064275145530701,1.5580663681030273,3.385931968688965,0.5073919296264648,0.49260804057121277,1.2311209410977921,0.29655788939350247,0.31914360737520625,0.8693869979129918,0.38681594127520746,1.0,256
defactify,1,5,30540,0.19945541184479237,0.04189208894968033,-0.0025563067756593227,0.27409716633794695,JPEG,25.071102142333984,10.0,0.007823958061635494,23.16887092590332,0.19797244668006897,20.0,-2.207841111182614,256,0.0,0.5573784708976746,3.5468499660491943,3.572418212890625,0.8230320811271667,0.17696791887283325,1.527328043826918,1.4232530757400998,0.24529353229543782,0.6862168183816398,0.3911001655296801,1.0,256
defactify,1,3,56732,0.577152624057833,0.05720500648021698,-0.008304455317556858,0.12363206267821464,JPEG,25.489694595336914,10.0,0.003111309604719281,21.146907806396484,0.03881663456559181,20.0,-2.7351056740380697,256,0.0,0.6677538752555847,0.8879598379135132,4.468178749084473,0.4347628951072693,0.5652371048927307,1.0689448296640007,0.13921463499615527,0.43914338716380846,0.9403909285757762,0.31928111722891667,1.0,256
defactify,1,1,105385,0.1630170316301703,0.1386190950870514,0.012435267679393291,0.318426260536423,JPEG,17.403228759765625,10.0,0.01733832247555256,13.820438385009766,0.19308681786060333,20.0,-2.3821586182749566,256,0.0,0.7393553256988525,5.068276405334473,2.5981788635253906,0.792183518409729,0.2078164517879486,1.4439587493097075,2.1211821324730877,0.15847100635152667,0.6365073828506652,0.4030629340541146,1.0,256
defactify,1,4,13750,0.23161071293851376,0.07386158406734467,-0.0006949555827304721,0.17528259126289,JPEG,18.981294631958008,10.0,0.035287316888570786,17.31244468688965,0.1569354087114334,20.0,-2.172211948067496,256,0.0,0.8423677682876587,6.9988861083984375,9.247417449951172,0.7918216586112976,0.2081783413887024,1.387338071536254,2.7532967939013853,0.15630394405463857,0.6289552693478063,0.4059513770677935,1.0,256
defactify,1,3,99081,0.4456910104330427,0.09040357172489166,0.0028581477236002684,0.32274779397449,JPEG,19.446609497070312,10.0,0.005308249033987522,20.279531478881836,0.05602962523698807,20.0,-2.7773524140260912,256,0.0,0.7351413369178772,4.309612274169922,4.329525947570801,0.5303740501403809,0.46962592005729675,1.2535948927846905,1.4883449875048052,0.2616365284317822,0.8149171850444876,0.393164257853494,1.0,256
defactify,1,2,90128,0.23812085350546888,0.07815971225500107,0.019296756014227867,0.09378997314084947,JPEG,23.4639835357666,10.0,0.004643597174435854,20.723047256469727,0.06852609664201736,20.0,-2.5967079275419858,256,0.0,0.6778106689453125,2.3953349590301514,2.254253387451172,0.669148325920105,0.330851674079895,1.4645520121126139,0.6251688653402538,0.316665711325952,0.7945702800365306,0.3984707201886536,1.0,256
defactify,0,0,14526,0.7717626678215678,0.01192440465092659,0.002281713765114546,0.05372227591966936,JPEG,23.38970947265625,10.0,0.0045195105485618114,18.662683486938477,0.04601078853011131,20.0,-2.9183213009682145,256,0.0,0.7329955101013184,1.1127514839172363,3.9564263820648193,-0.03394031524658203,1.033940315246582,1.1415848363082621,0.17018924512206843,0.5009908237959452,0.9408427884818247,0.29131754061553233,1.0,256
defactify,1,2,95162,0.2321532211259431,0.02928582951426506,0.01870008185505867,0.10428482779888551,JPEG,29.973712921142578,10.0,0.014605420641601086,36.503517150878906,0.1324685961008072,20.0,-2.2348255501644037,256,0.0,0.7483117580413818,3.814700126647949,13.251083374023438,0.4810548424720764,0.5189451575279236,1.476017804900242,1.0698737114331025,0.24621576576391868,0.7490198083546242,0.3902405120020307,1.0,256
defactify,1,1,44523,0.5406369013856251,0.03725207597017288,0.009941124357283115,0.16967479645857605,JPEG,19.968839645385742,10.0,0.056761059910058975,17.282756805419922,0.09123643487691879,20.0,-2.3697929438780982,256,0.0,0.9385348558425903,7.185540676116943,7.454279899597168,0.4286293387413025,0.5713706612586975,1.3151580228125836,2.4221475514225306,0.23561344584506239,0.7092882983082681,0.3929775465114711,1.0,256
defactify,1,5,14116,0.4014875205606808,0.06559309363365173,-0.008582823909819126,0.19707559128267146,JPEG,27.894180297851562,10.0,0.002096326556056738,25.807693481445312,0.028794361278414726,20.0,-3.054988758545285,256,0.0,0.5740680694580078,1.3015015125274658,4.606279373168945,0.5117740631103516,0.4882259666919708,1.1494432178321028,0.295777270160515,0.27109082979068944,0.8864038358592556,0.3738172012308639,1.0,256
defactify,1,5,20533,0.49091565395259296,0.05383056774735451,-0.005724669434130192,0.09045639717398032,JPEG,27.338171005249023,10.0,0.0067755491472780704,25.208532333374023,0.145971417427063,20.0,-2.444685966022972,256,0.0,0.5516566038131714,2.1628522872924805,4.597897529602051,0.6148788332939148,0.3851211667060852,1.3075190970032713,0.5584182616061131,0.3182561490741401,0.8425591646682554,0.38298580716771347,1.0,256
defactify,1,3,62190,0.4259606373008435,0.022934291511774063,-0.022573115304112434,0.04796125111455762,JPEG,28.375370025634766,8.0,0.006014329381287098,29.922544479370117,0.046168003231287,20.0,-2.9462089801606712,256,0.0,0.7859699130058289,1.2155253887176514,6.053760051727295,0.10535234212875366,0.8946476578712463,1.149209742532063,0.164860885837178,0.4256502672342114,0.9431718495868148,0.2794413371432956,1.0,256
defactify,1,1,30164,0.6790256309919781,0.06558647751808167,-0.006351602729409933,0.24997048202213196,JPEG,17.805011749267578,10.0,0.005454774014651775,16.391496658325195,0.03635004162788391,20.0,-2.9161547609804965,256,0.0,0.7949775457382202,3.357489824295044,3.856703281402588,0.38707220554351807,0.6129277944564819,1.2509246025911687,0.8442162719867355,0.2841775393235974,0.8640982928271618,0.35456010431868223,1.0,256
defactify,1,3,127179,0.5637928087070488,0.023382186889648438,-0.0030875173397362232,0.18804160232900757,JPEG,16.312978744506836,8.0,0.05448135361075401,22.717113494873047,0.1630425900220871,20.0,-2.2433708673993706,256,0.0,0.8890849947929382,7.579020023345947,7.820113182067871,0.33504754304885864,0.6649524569511414,1.4424886485124169,2.862130715950597,0.5066734712910326,0.7561811396602243,0.3850014641806138,1.0,256
defactify,1,2,98581,0.48410557184750735,0.04659630358219147,0.02210853062570095,0.10149744392185367,JPEG,30.200119018554688,10.0,0.017238227650523186,30.38605499267578,0.11460288614034653,20.0,-2.5579893301513583,256,0.0,0.8145672678947449,4.510379314422607,15.179344177246094,0.9021816253662109,0.09781835228204727,1.3146705417563558,1.369889135188389,0.20277200495651923,0.7336874854193007,0.3960735668909338,1.0,256
defactify,1,5,27855,0.07882676443629698,0.04257497191429138,0.00201138062402606,0.10805689340462359,JPEG,27.070526123046875,10.0,0.008048420771956444,17.50882339477539,0.28336432576179504,20.0,-2.1549858348033197,256,0.0,0.5217534899711609,3.466193199157715,4.040025234222412,0.7926702499389648,0.20732976496219635,1.599892253237336,1.454418718161284,0.1754013698038235,0.6488033442868677,0.37806181564998326,1.0,256
defactify,1,5,9657,0.6814418765091411,0.02455071173608303,0.016162004321813583,0.057953525948910393,JPEG,28.359697341918945,10.0,0.001913978485390544,28.618181228637695,0.04199930280447006,20.0,-3.0832826497486723,256,0.0,0.526599109172821,1.667812466621399,4.838028907775879,0.3467560410499573,0.6532439589500427,1.335963451212984,0.4748702121780084,0.29563979824476017,0.8877946611647456,0.3388045558692817,1.0,256
defactify,1,4,11798,0.7418397626112759,0.0866449698805809,-9.057178249349818e-05,0.19284498652447837,JPEG,15.9148588180542,10.0,0.04191466420888901,21.860271453857422,0.16668792068958282,20.0,-2.2807082430685757,256,0.0,0.8728356957435608,8.565657615661621,6.5867018699646,0.5309317708015442,0.4690682291984558,1.4776204605413115,4.0730858774269505,0.24258119351294213,0.7064414195690126,0.3800807765291713,1.0,256
defactify,1,2,107723,0.5819405446360921,0.10325857996940613,0.005855899304151535,0.2601667112128294,JPEG,33.132781982421875,10.0,0.00493957893922925,25.50579261779785,0.07735127210617065,20.0,-2.6205331796664186,256,0.0,0.696499228477478,3.216686487197876,14.375844955444336,0.6983683705329895,0.3016316294670105,1.41788306099133,0.9987232374567476,0.2529196892591211,0.8303027544469984,0.34999085597347745,1.0,256
defactify,1,1,57643,0.5924990762409164,0.03953714296221733,-0.0034181075170636177,0.17914947753576457,JPEG,19.814481735229492,8.0,0.012700660154223442,22.18440818786621,0.07231521606445312,20.0,-2.6904407419099425,256,0.0,0.8141306042671204,5.209102630615234,8.662343978881836,0.5941561460494995,0.4058438539505005,1.3922655542580347,1.7384261311755087,0.2596831600758916,0.7839515752134112,0.3848949659965465,1.0,256
defactify,1,2,37263,0.7540219804313866,0.032937273383140564,0.014913651160895824,0.08897630341082204,JPEG,25.584211349487305,10.0,0.005545687861740589,20.398122787475586,0.04549766704440117,20.0,-2.910356232764351,256,0.0,0.7437654137611389,0.9113180041313171,3.791802406311035,0.2484797239303589,0.7515202760696411,1.4041472526601397,0.1304160058631296,0.6195714246290124,0.9377001393694734,0.3157239999343198,1.0,256
defactify,1,3,144614,0.7591920575145498,0.19218021631240845,-0.005738524720072746,0.4080968588054974,JPEG,15.341635704040527,10.0,0.011729355901479721,14.898686408996582,0.10656005889177322,20.0,-2.588573970541325,256,0.0,0.7526201605796814,4.848452091217041,2.0163991451263428,0.47712987661361694,0.5228701233863831,1.315950654553342,1.691311860222031,0.41597091554800136,0.8249494256878809,0.35362050279424173,1.0,256
defactify,1,2,90033,0.4351777866560128,0.1156858503818512,0.00443339953199029,0.27902902426261844,JPEG,22.408105850219727,10.0,0.01040185708552599,18.60236167907715,0.11061586439609528,20.0,-2.5473212456961485,256,0.0,0.7397122979164124,5.656982898712158,6.218761444091797,0.8264058828353882,0.17359410226345062,1.4989213492855515,2.513546367382737,0.20585957759647489,0.6914230106763259,0.39714355577185934,1.0,256
defactify,1,5,15326,0.4486811043826337,0.1769302487373352,-0.004012974910438061,0.28004814340181594,JPEG,30.146102905273438,10.0,0.002649652538821101,20.814701080322266,0.0469091534614563,20.0,-3.0863385080918126,256,0.0,0.5086032748222351,1.7354894876480103,4.809487342834473,0.7154176235198975,0.28458237648010254,1.3918436829122565,0.5572184826749328,0.20705568248991338,0.8409635166230667,0.37343212523680014,1.0,256
defactify,0,0,61268,0.20234604105571846,0.024976419284939766,0.007853163406252861,0.203497830035868,JPEG,14.604884147644043,10.0,0.052555229514837265,16.015457153320312,0.1614326685667038,20.0,-2.3575881628084807,256,0.0,0.8892568945884705,8.885241508483887,4.388267517089844,0.8311813473701477,0.1688186377286911,1.39676559418226,4.089740619593425,0.12593955795336645,0.5262972251391673,0.40946799098835407,1.0,256
defactify,1,4,15674,0.5481721249047982,0.10256553441286087,0.004148675594478846,0.2142249668629703,JPEG,12.784232139587402,10.0,0.0632437989115715,14.081974983215332,0.1782235950231552,20.0,-2.1647556170020263,256,0.0,0.8931142091751099,9.067036628723145,6.241567611694336,0.7111234664916992,0.2888765037059784,1.456257364154326,4.203814908929259,0.13465817175613168,0.5709938726318361,0.40409004202924914,1.0,256
defactify,1,1,60672,0.604004098683692,0.022917436435818672,0.010959140956401825,0.05538908204027689,JPEG,19.520999908447266,10.0,0.06576956063508987,18.796262741088867,0.10793500393629074,20.0,-2.422336212359247,256,0.0,0.9283687472343445,6.813846588134766,11.017841339111328,0.6103817224502563,0.38961830735206604,1.3384976893328384,2.1582148392445224,0.19428648284189384,0.7092662281631043,0.3907231203111713,1.0,256
defactify,1,1,81159,0.21781115879828325,0.045868173241615295,0.004447183106094599,0.15337043131879705,JPEG,21.8367862701416,10.0,0.015990106388926506,18.69678497314453,0.12328041344881058,20.0,-2.4394432816474354,256,0.0,0.7753273248672485,3.4925408363342285,5.9062089920043945,0.6312087774276733,0.36879125237464905,1.0576699970997574,0.9080078275182618,0.23770708169934915,0.7590596129553197,0.40345645402158736,1.0,256
defactify,1,3,106007,0.5228141571093846,0.00893787108361721,0.005752842873334885,0.018396232339203962,JPEG,10.74562931060791,10.0,0.07137944549322128,13.010834693908691,0.2550490200519562,20.0,-2.170655142578522,256,0.0,0.8795952200889587,3.46282958984375,2.4397873878479004,0.4713824391365051,0.5286175608634949,1.1383109564010683,0.7381921766868511,0.38995696229227755,0.8271236828861225,0.3937416318972921,1.0,256
defactify,0,0,29960,0.5069689537596459,0.1438511461019516,-0.0022579121869057417,0.3452539610184603,JPEG,27.212820053100586,8.0,0.014347046613693237,20.82404899597168,0.16001799702644348,20.0,-2.3982582140540387,256,0.0,0.7510571479797363,5.4609856605529785,9.88884162902832,0.691364049911499,0.30863597989082336,1.4263968955287836,2.225830134443485,0.21898324712858758,0.74516924903665,0.38177858407446386,1.0,256
defactify,1,1,104195,0.2835820895522388,0.10130078345537186,0.014354360289871693,0.2423276457676621,JPEG,25.950763702392578,10.0,0.08508463203907013,23.970632553100586,0.43045321106910706,20.0,-1.3921437004643558,256,0.0,0.8378719687461853,10.131852149963379,15.782986640930176,0.8782964944839478,0.12170347571372986,1.6125797604398966,5.797710015378701,0.1436513323206192,0.5218065913509222,0.3976925228076616,1.0,256
defactify,1,5,12888,0.5762367521078116,0.015166791155934334,-0.00589114660397172,0.03281817145800051,JPEG,34.486968994140625,10.0,0.004416704643517733,26.419218063354492,0.08629682660102844,20.0,-2.813872533779896,256,0.0,0.48094359040260315,1.561310052871704,8.14038372039795,0.4548008441925049,0.5451991558074951,1.2433766062457388,0.35272363694252196,0.3118515752438384,0.8966438573951024,0.32916152100673796,1.0,256
defactify,1,2,115001,0.4419197065416752,0.07350531220436096,-0.009215503931045532,0.19171990632006275,JPEG,25.82038116455078,10.0,0.010058845393359661,21.46133041381836,0.09249281883239746,20.0,-2.629159774937346,256,0.0,0.7642934322357178,3.4972634315490723,7.065343856811523,0.6179401874542236,0.38205981254577637,1.1387703064618693,0.9618259653738945,0.21995604509383093,0.7775414181745126,0.3995498455259783,1.0,256
defactify,1,5,23607,0.34129857591117546,0.08532766252756119,0.006028308533132076,0.19325055750121828,JPEG,27.23284149169922,8.0,0.005722092930227518,22.276355743408203,0.10190622508525848,20.0,-2.5522593911550664,256,0.0,0.5949694514274597,2.567375421524048,4.156487464904785,0.7598426938056946,0.2401573210954666,1.3341330805271865,0.7270877937572089,0.22056393054398,0.7605328036451946,0.3907163740743213,1.0,256
defactify,1,2,159115,0.23039215686274508,0.061282478272914886,0.014284723438322544,0.17704856358257914,JPEG,24.442298889160156,6.0,0.04293597862124443,20.20186996459961,0.3711037039756775,20.0,-1.883888947137576,256,0.0,0.7467389106750488,5.506713390350342,3.8786842823028564,0.8683224320411682,0.13167758285999298,1.5323482024742852,2.0175559280084583,0.179140930050201,0.5870146785293903,0.40894922548521084,1.0,256
defactify,1,3,59293,0.5584893048128342,0.09133937954902649,-0.0050565567798912525,0.30133576266486545,JPEG,19.154264450073242,10.0,0.011178571730852127,17.910615921020508,0.09120399504899979,20.0,-2.5970012321661873,256,0.0,0.7821553945541382,4.978888034820557,4.487295627593994,0.2594869136810303,0.7405130863189697,1.3263727770858547,1.7195580726163011,0.4052527757214274,0.8114314499877605,0.38630072121244885,1.0,256
defactify,1,3,123728,0.18237162519851774,0.14733223617076874,0.0009182468056678772,0.2279014622967975,JPEG,18.397769927978516,10.0,0.02155633643269539,18.893226623535156,0.11832214891910553,20.0,-2.532386278345383,256,0.0,0.8390402793884277,5.354842185974121,4.045877456665039,0.5873336791992188,0.41266635060310364,1.3859046207446626,1.8501945916234148,0.21361223953569924,0.7065947914910847,0.40534023649095047,1.0,256
defactify,0,0,20335,0.568785578747628,0.03727669641375542,0.020445378497242928,0.17622797784026617,JPEG,24.025619506835938,10.0,0.007352166809141636,23.054197311401367,0.06273572891950607,20.0,-2.7283028143001475,256,0.0,0.7776835560798645,2.024761199951172,13.35893726348877,0.2456752061843872,0.7543247938156128,1.1095137382120617,0.36539989126778155,0.3954919241616211,0.9080468515897363,0.35810153230810243,1.0,256
defactify,1,1,60342,0.7481729473727188,0.027547229081392288,-0.008877410553395748,0.12944443632054825,JPEG,27.731239318847656,10.0,0.02060949243605137,32.0890998840332,0.2870764136314392,20.0,-2.0378068794678987,256,0.0,0.6603989005088806,6.918420314788818,9.796310424804688,0.46899980306625366,0.5310001969337463,1.6161418684756457,3.5528866451605134,0.35587749698518856,0.725672937313932,0.35356925164751984,1.0,256
defactify,1,4,17357,0.4002442996742671,0.15352536737918854,0.0036165949422866106,0.23591480440883977,JPEG,10.195723533630371,10.0,0.10283426195383072,12.626843452453613,0.22361713647842407,20.0,-2.178644261132852,256,0.0,0.9105386734008789,10.61962890625,4.715211391448975,0.7509148120880127,0.2490851730108261,1.5600769211905707,5.3932305032920045,0.1376538924910374,0.551395490556567,0.3998797270524925,1.0,256
defactify,1,3,103180,0.6430732383713601,0.002298742765560746,0.0003785376320593059,0.036905496549692114,JPEG,13.171775817871094,8.0,0.020278671756386757,20.946748733520508,0.0596185140311718,20.0,-2.4832642765381747,256,0.0,0.9083322882652283,6.907018661499023,6.626358985900879,0.5990207195281982,0.40097928047180176,1.2942188449052798,2.42862084294502,0.2018515545952975,0.6903397111643479,0.3817836364073603,1.0,256
defactify,1,1,35804,0.6858507734303912,0.09289195388555527,-0.00459797028452158,0.12340013612623822,JPEG,29.489547729492188,8.0,0.00668796943500638,26.475419998168945,0.052773091942071915,20.0,-2.8356070207818846,256,0.0,0.7732324600219727,2.573068380355835,14.404038429260254,0.23920738697052002,0.76079261302948,1.2358792005164765,0.5339943621443675,0.42499928139384613,0.9095263751935239,0.3178291270401905,1.0,256
defactify,1,2,66024,0.5196221637939429,0.06579490005970001,0.0012294600019231439,0.3253207700318223,JPEG,26.75691795349121,10.0,0.004262458998709917,20.31675148010254,0.024012405425310135,20.0,-2.6049000361741945,256,0.0,0.8423989415168762,3.232494354248047,10.578388214111328,0.5895798206329346,0.41042014956474304,1.2804035951627446,0.7394602887110725,0.28655203079940866,0.8161195938997912,0.3688914373264426,1.0,256
defactify,1,2,129944,0.3107585139318885,0.05662510171532631,0.014111013151705265,0.1800225908639977,JPEG,18.22216796875,8.0,0.005189384333789349,15.867594718933105,0.059014976024627686,20.0,-2.9979979553504674,256,0.0,0.7280277609825134,2.928133487701416,3.0632824897766113,0.8157992362976074,0.18420079350471497,1.3448525409330125,0.822254676686851,0.27419704392936894,0.7817341793125759,0.39882194041119157,1.0,256
defactify,1,1,43961,0.9080791016595449,0.01004493422806263,0.006543892435729504,0.07240212195345645,JPEG,27.04637336730957,10.0,0.005937374196946621,19.696327209472656,0.05673687905073166,20.0,-2.944524639520073,256,0.0,0.7488318085670471,1.9146664142608643,10.533294677734375,-0.017237544059753418,1.0172375440597534,1.3345096128546694,0.37684753159842377,0.3865756855214674,0.9169539210845148,0.29980374596158216,1.0,256
defactify,1,2,69313,0.44534079683898586,0.017032720148563385,0.0022022125776857138,0.05729595743043212,JPEG,21.56930160522461,10.0,0.009313241578638554,18.62342643737793,0.1203448548913002,20.0,-2.465803766447374,256,0.0,0.7123411297798157,1.5309964418411255,5.243640899658203,0.1129656434059143,0.8870343565940857,1.1345481878325927,0.26249355716551315,0.5219401976543268,0.9255955814643312,0.31821424783870345,1.0,256
defactify,1,5,18292,0.5706817016914403,0.052397724241018295,-0.009499256499111652,0.14579580021622435,JPEG,29.849607467651367,8.0,0.0022346496116369963,20.873207092285156,0.07981324940919876,20.0,-2.580117371648869,256,0.0,0.5096549987792969,3.155503988265991,6.756328582763672,0.5900289416313171,0.40997105836868286,1.381386672494294,1.11064521458093,0.27882996647106967,0.7580452042732531,0.3758418563109683,1.0,256
defactify,1,5,16876,0.4407979407979408,0.08148743212223053,0.01258498802781105,0.23126705700286496,JPEG,27.364059448242188,10.0,0.0018185788067057729,20.092090606689453,0.040712207555770874,20.0,-3.2546873037107997,256,0.0,0.5322829484939575,1.7257131338119507,4.806145668029785,0.385483980178833,0.614516019821167,1.378472593613147,0.554498930699731,0.23583653738737134,0.8528880752085892,0.363802158136918,1.0,256
defactify,1,4,13466,0.40687121866897147,0.062022969126701355,0.014796867035329342,0.23862924141117703,JPEG,15.998453140258789,10.0,0.04843627288937569,19.864742279052734,0.18039077520370483,20.0,-2.3357255432401196,256,0.0,0.86705082654953,8.322162628173828,8.563800811767578,0.719914436340332,0.28008556365966797,1.4278207360210646,3.761118935625725,0.1715809719545703,0.6417706207648244,0.4021884980649357,1.0,256
defactify,1,5,17121,0.35037334865020103,0.11062432825565338,-0.002476674970239401,0.23224133885818904,JPEG,30.381715774536133,10.0,0.0019527386175468564,26.613462448120117,0.05385063216090202,20.0,-2.9803958925303013,256,0.0,0.5051731467247009,2.245910167694092,7.447351932525635,0.6521955728530884,0.347804456949234,1.294950392568216,0.7506613892493263,0.22203200048777078,0.8040448584742212,0.37036000270964087,1.0,256
defactify,1,4,12478,0.32573991031390137,0.10054323077201843,0.00934240035712719,0.2982285094390864,JPEG,17.991640090942383,10.0,0.013743930496275425,17.68427085876465,0.12856413424015045,20.0,-2.608707180133637,256,0.0,0.7552278637886047,5.706300735473633,1.5275166034698486,0.718085527420044,0.28191447257995605,1.3671847823283136,2.5391067888552477,0.16211947753778966,0.6979713790950491,0.389502232426849,1.0,256
defactify,1,4,12312,0.3494186046511628,0.06874458491802216,-0.003599141025915742,0.15231686235965117,JPEG,20.558069229125977,10.0,0.020948665216565132,21.04157257080078,0.10193303227424622,20.0,-2.337963515429818,256,0.0,0.8399268984794617,6.528507232666016,8.358291625976562,0.6917515993118286,0.308248370885849,1.4084087908575165,2.5240867394752025,0.16432960916940553,0.6761383882416231,0.4030381069895814,1.0,256
defactify,1,1,65062,0.4471701954397394,0.16547420620918274,0.002283038105815649,0.28871704311169544,JPEG,33.645206451416016,10.0,0.009269200265407562,27.73617172241211,0.07033044844865799,20.0,-2.750271521148844,256,0.0,0.7966532111167908,5.115370273590088,21.38953399658203,0.6798046231269836,0.32019537687301636,1.2057966872882606,1.802354187692234,0.333956370005565,0.8355338243010579,0.37306648259750796,1.0,256
defactify,1,5,17798,0.5541047821119635,0.07227753847837448,0.005737578961998224,0.11756127326163737,JPEG,26.905033111572266,10.0,0.006305229384452105,27.285911560058594,0.11422878503799438,20.0,-2.521679045143096,256,0.0,0.5695877075195312,2.8131821155548096,3.199150800704956,0.5847673416137695,0.41523265838623047,1.5048023210821448,0.8739033214388701,0.2844643905173825,0.7772430902389073,0.38319357451804126,1.0,256
defactify,1,3,69936,0.9195032968504201,0.027688782662153244,0.004247453063726425,0.05407449935363522,JPEG,22.20135498046875,10.0,0.02932610549032688,22.01810073852539,0.2622021734714508,20.0,-2.0050984827360465,256,0.0,0.7687050104141235,3.254068374633789,6.716714382171631,-0.034749627113342285,1.0347496271133423,1.120751677653118,0.7344302521866588,0.4877526569414476,0.8487484228634687,0.33362619541110894,1.0,256
defactify,1,1,37975,0.730946065428824,0.12944291532039642,0.009125618264079094,0.25673908508092885,JPEG,17.350238800048828,10.0,0.0057928008027374744,16.316133499145508,0.04345270246267319,20.0,-2.7748805268241257,256,0.0,0.792391836643219,2.499978542327881,5.101894378662109,0.5401059985160828,0.45989400148391724,1.167794125698309,0.496283040176855,0.4961388451476285,0.894363577144174,0.33553461094508513,1.0,256
defactify,0,0,48385,0.6009839788066104,0.0624801367521286,-0.0053740437142550945,0.21073607297323171,JPEG,18.059650421142578,10.0,0.05471916124224663,22.174945831298828,0.14495763182640076,20.0,-2.3838857507856632,256,0.0,0.8869987726211548,9.431611061096191,11.902751922607422,0.6491974592208862,0.35080257058143616,1.4264046511154918,4.3149766766387945,0.18360158132174773,0.6390217616814968,0.38914578746978506,1.0,256
defactify,1,5,5289,0.8748841685080904,0.049580372869968414,0.01193520799279213,0.04614815137638232,JPEG,26.12774085998535,10.0,0.006804110016673803,20.284509658813477,0.22433669865131378,20.0,-2.3427681505241544,256,0.0,0.5470028519630432,1.1143814325332642,4.903317451477051,0.06659841537475586,0.9334015846252441,1.1644262718773002,0.15273222738850442,0.7530912117369111,0.9618014170029947,0.17240080599021107,1.0,256
defactify,1,4,15249,0.5619031081785032,0.05725002661347389,-0.0014147564070299268,0.22159270294160607,JPEG,16.346609115600586,10.0,0.06805811077356339,19.867162704467773,0.31199586391448975,20.0,-1.9429076344699059,256,0.0,0.8484765291213989,9.684418678283691,6.372359275817871,0.7441810369491577,0.2558189928531647,1.5714265282032798,5.211267195910226,0.18373372079933886,0.5772758142865738,0.4031115082286809,1.0,256
defactify,1,1,61792,0.7559294804041771,0.06623594462871552,-0.004491263534873724,0.20586080528038062,JPEG,25.40337562561035,8.0,0.014778119511902332,27.00258445739746,0.09752873331308365,20.0,-2.5750226683013864,256,0.0,0.7991778254508972,6.471885681152344,13.66729736328125,0.6837234497070312,0.31627655029296875,1.5318676448386763,2.7653078743752424,0.2762447842486829,0.7517744444275043,0.35984021904376995,1.0,256
defactify,1,3,48826,0.7364834602341801,0.24614863097667694,0.00047850506962276995,0.40734111181741745,JPEG,30.360383987426758,10.0,0.00200003944337368,24.694122314453125,0.034400444477796555,20.0,-2.9737230990615653,256,0.0,0.4975244402885437,1.611269235610962,4.313028812408447,0.4092492461204529,0.5907507538795471,1.25257388086807,0.4240553062524029,0.38568817773734476,0.8889676478097551,0.3248894413731399,1.0,256
defactify,1,1,62832,0.43853096794273266,0.06362491101026535,0.020624518394470215,0.14757680091055986,JPEG,7.337131977081299,6.0,0.11423805356025696,13.915940284729004,0.23839519917964935,20.0,-2.0083494545322362,256,0.0,0.9204886555671692,5.5521392822265625,1.9599673748016357,0.3148781657218933,0.6851218342781067,1.2902512862305133,1.5533950884275278,0.41556042669938453,0.7176078119956143,0.40539226812999496,1.0,256
defactify,0,0,28046,0.5882507212168896,0.06009019911289215,-0.0024085398763418198,0.22250954175166046,JPEG,20.676267623901367,10.0,0.041048552840948105,22.565399169921875,0.14550308883190155,20.0,-2.2084560540847438,256,0.0,0.8719084858894348,6.657934188842773,8.520234107971191,-0.030937790870666504,1.0309377908706665,1.5421887848401523,2.3468210093473676,0.2959781587477924,0.7565539944297095,0.39217232511134825,1.0,256
defactify,1,5,17796,0.43891336270190895,0.029156919568777084,-0.00834160577505827,0.07909266707478141,JPEG,24.4010009765625,10.0,0.004159359727054834,21.837398529052734,0.0901622548699379,20.0,-2.82078899303555,256,0.0,0.5462883710861206,2.03998064994812,3.2223927974700928,0.5897737741470337,0.4102261960506439,1.2210009480298751,0.6082847192185697,0.23424454832330846,0.8149666801523113,0.3755365336984482,1.0,256
defactify,1,2,73242,0.8586861738203663,0.12641675770282745,-0.0037301520351320505,0.2214798840742367,JPEG,32.68059158325195,10.0,0.007879571057856083,31.737438201904297,0.12948429584503174,20.0,-2.199649935425985,256,0.0,0.6995840072631836,3.320164203643799,16.65235137939453,0.48309236764907837,0.5169076323509216,1.4413285016580903,0.9156847426470589,0.4722986736967518,0.8847768725915387,0.2653699887520384,1.0,256
defactify,1,1,66771,0.2911549821234261,0.021368082612752914,0.006398534867912531,0.091150747158174,JPEG,24.803287506103516,8.0,0.019660817459225655,20.26984405517578,0.16924883425235748,20.0,-2.4034858308917983,256,0.0,0.7996320128440857,3.3856046199798584,2.3585293292999268,0.24197667837142944,0.7580233216285706,1.282120075646364,0.9516883380190317,0.2573748266021518,0.7845173951264146,0.36129735779225847,1.0,256
defactify,0,0,19157,0.6868702466895726,0.07689327746629715,0.02406541258096695,0.17592929495861614,JPEG,18.731929779052734,10.0,0.005206394474953413,14.316568374633789,0.05663745105266571,20.0,-2.8710531119854266,256,0.0,0.7381305694580078,2.1377367973327637,2.232240915298462,0.15106898546218872,0.8489310145378113,1.1442308118917834,0.4862876958381391,0.31099204527750446,0.8697064761416414,0.34890128064251386,1.0,256
defactify,1,1,87488,0.3499406880189798,0.07878783345222473,0.012677057646214962,0.2196403078589951,JPEG,32.09083938598633,8.0,0.011546804569661617,30.602197647094727,0.27060529589653015,20.0,-2.018803139253093,256,0.0,0.6052441000938416,6.2432861328125,10.7832670211792,0.8357426524162292,0.16425736248493195,1.5188764627631142,3.3845522154940424,0.14140243154095125,0.6045542789770441,0.3828473374252382,1.0,256
defactify,0,0,23233,0.7889809822697889,0.021228674799203873,0.015446326695382595,0.11782592186443767,JPEG,36.594757080078125,8.0,0.023113606497645378,43.08309555053711,0.20938649773597717,20.0,-2.2381962195377954,256,0.0,0.7895330786705017,4.22737979888916,24.227210998535156,0.39210230112075806,0.6078976988792419,1.3241364264827933,1.2539998588283359,0.3765932837669316,0.879832899607071,0.2931728208531815,1.0,256
defactify,1,3,158080,0.50239629813254,0.06482664495706558,-0.006647906731814146,0.33965349216020196,JPEG,16.950254440307617,10.0,0.017254985868930817,13.524184226989746,0.151149719953537,20.0,-2.4765360420474916,256,0.0,0.7531572580337524,8.012062072753906,2.9281363487243652,0.7749305367469788,0.22506947815418243,1.5810958768321204,4.437858786284119,0.27808867626752265,0.6363426179645224,0.40085380461680803,1.0,256
defactify,1,1,56185,0.6229133240023214,0.07942552864551544,0.021021025255322456,0.29844344991810995,JPEG,18.039941787719727,10.0,0.013155912049114704,21.21622085571289,0.0370546318590641,20.0,-2.7520750695509704,256,0.0,0.8978339433670044,4.253915309906006,9.649134635925293,0.41499102115631104,0.585008978843689,1.1644744630979529,0.9764560805940026,0.25739640962280064,0.8512988045699085,0.3444805860486456,1.0,256
defactify,1,3,48135,0.6824508013795901,0.07932974398136139,-0.004819971043616533,0.301755212386173,JPEG,26.91981315612793,10.0,0.0007238099351525307,25.782657623291016,0.005436766892671585,20.0,-3.942230467261201,256,0.0,0.7331930994987488,0.5641297698020935,9.624214172363281,0.7424204349517822,0.2575795352458954,1.457192051078793,0.1715592860918877,0.3896301685586131,0.9172400909505957,0.3169281600720175,1.0,256
defactify,1,4,9747,0.7783608886082942,0.10628735274076462,0.000383051490643993,0.1108549317800849,JPEG,18.028762817382812,10.0,0.04410708323121071,18.05626678466797,0.22241559624671936,20.0,-2.196922341607409,256,0.0,0.8451382517814636,6.702762126922607,8.204852104187012,0.3699303865432739,0.6300696134567261,1.4420348157409892,2.5910801284361797,0.3340241030855623,0.7649427958536127,0.3643425827972302,1.0,256
defactify,1,5,21203,0.4802659349936682,0.09016602486371994,-0.0012400837149471045,0.24419802411958896,JPEG,30.45926284790039,10.0,0.0017241239547729492,26.723114013671875,0.04030546545982361,20.0,-2.959390150096256,256,0.0,0.5336242318153381,2.0060272216796875,6.104160308837891,0.5083982348442078,0.49160176515579224,1.4365517782968102,0.7473348591887734,0.20580595529553639,0.8057769828226078,0.35815560184926404,1.0,256
defactify,1,5,16588,0.522439751791813,0.0498056560754776,-0.003116167616099119,0.18012102468855298,JPEG,33.08748245239258,10.0,0.0026717660948634148,31.984689712524414,0.04609523341059685,20.0,-2.8696753992854647,256,0.0,0.5359287261962891,1.9614856243133545,8.909610748291016,0.6631276607513428,0.3368723690509796,1.327620016962794,0.5589344843329487,0.2554027817804788,0.851471160137037,0.35222275529651154,1.0,256
defactify,0,0,31403,0.5849759615384615,0.11070813983678818,0.0037083846982568502,0.26948931010325855,JPEG,25.31816864013672,10.0,0.01357217226177454,27.715965270996094,0.09138781577348709,20.0,-2.694502660491839,256,0.0,0.8125401139259338,6.113600730895996,11.037506103515625,0.5612937211990356,0.43870624899864197,1.348699658833453,2.4309537497597065,0.17744139336745113,0.7648048107878891,0.37723079731258824,1.0,256
defactify,1,3,154640,0.47829036635006783,0.07280491292476654,0.0006224191165529191,0.15807894511708687,JPEG,19.23043441772461,10.0,0.05896952003240585,17.823955535888672,0.19513075053691864,20.0,-2.252890357236272,256,0.0,0.8863561749458313,9.30106258392334,6.963086128234863,0.8196076154708862,0.18039239943027496,1.4891978421976357,4.453079734957709,0.14616234307144965,0.5544876853437639,0.40460345977557494,1.0,256
defactify,1,3,79440,0.7891910281645647,0.30570459365844727,-0.01167234592139721,0.3413715139551568,JPEG,29.49878692626953,10.0,0.00516524026170373,21.108415603637695,0.07733432948589325,20.0,-2.858433269786937,256,0.0,0.6419373154640198,3.7622485160827637,6.180898666381836,0.6651120781898499,0.33488792181015015,1.3036258089304054,1.5281855686514798,0.49944534408277913,0.8689808537808794,0.28834640077144436,1.0,256
defactify,1,4,7287,0.5907446675813895,0.07682645320892334,0.021474359557032585,0.22342883616380546,JPEG,27.25660514831543,10.0,0.006018790416419506,25.999622344970703,0.06488049030303955,20.0,-2.6893154615972623,256,0.0,0.700602650642395,2.9449515342712402,4.974745750427246,0.32418543100357056,0.6758145689964294,1.2904607124012801,0.8183795745626683,0.2174527777207967,0.8384860752848344,0.3738635892870702,1.0,256
defactify,1,3,118603,0.17745432022297924,0.14051544666290283,-0.018447598442435265,0.2092624522469463,JPEG,23.985088348388672,10.0,0.013540536165237427,29.667903900146484,0.04522281512618065,20.0,-2.7330036083031346,256,0.0,0.9048564434051514,4.27354097366333,10.594178199768066,0.4858994483947754,0.5141005516052246,1.2458258875479347,1.0107763089917339,0.30567124613183644,0.7592334328560459,0.3725942767094865,1.0,256
defactify,1,3,105781,0.3693442296192944,0.038507286459207535,-0.0029922917019575834,0.17118196933755173,JPEG,27.064226150512695,10.0,0.010123367421329021,25.429153442382812,0.14377807080745697,20.0,-2.4049990747378027,256,0.0,0.7206443548202515,5.982715606689453,7.799057960510254,0.7347452640533447,0.2652547061443329,1.4680065568620155,2.7919591923779308,0.15298296039403453,0.6681156076890864,0.3947924522714658,1.0,256
defactify,1,2,68266,0.6267311171080335,0.042898714542388916,0.007954624481499195,0.21844917628975336,JPEG,33.84457778930664,10.0,0.00817522406578064,33.848541259765625,0.09073024988174438,20.0,-2.693091263698741,256,0.0,0.7507804036140442,3.5856149196624756,17.768260955810547,0.6600713133811951,0.33992868661880493,1.3217369221813646,1.025513684640523,0.3364785080209259,0.8565985213169601,0.3203544905519104,1.0,256
defactify,1,5,9049,0.5108262853489116,0.1534883826971054,-0.011268348433077335,0.21834375654172375,JPEG,29.591236114501953,10.0,0.001845026039518416,18.27845573425293,0.05582486465573311,20.0,-2.989784438659168,256,0.0,0.5434384346008301,1.1147429943084717,6.55690860748291,0.2800440192222595,0.7199559807777405,1.2971097493207928,0.2427038578911957,0.44077516426607005,0.9144385633807564,0.33973454854584206,1.0,256
defactify,1,4,11274,0.41045214327657076,0.0731423944234848,-0.0014533533249050379,0.188691085049371,JPEG,16.031940460205078,10.0,0.03626106306910515,16.73090362548828,0.11263687908649445,20.0,-2.5981435822336416,256,0.0,0.8809283375740051,5.946349143981934,5.327632904052734,0.47332948446273804,0.526670515537262,1.2814803011985365,1.9481867100394088,0.20826990855739025,0.7183356345734774,0.40100791039869765,1.0,256
defactify,1,5,18843,0.4425990675990676,0.10900366306304932,0.01977315917611122,0.198232083708418,JPEG,27.38222885131836,10.0,0.003925194498151541,23.722074508666992,0.10659289360046387,20.0,-2.782033525823053,256,0.0,0.5228515863418579,1.8230174779891968,4.758528232574463,0.6593973636627197,0.34060266613960266,1.3501631715199685,0.5619247104479046,0.26245101697314677,0.8183200934315091,0.37093076220225546,1.0,256
defactify,1,2,76262,0.38027921678812887,0.07047625631093979,0.020693371072411537,0.19358968127051485,JPEG,30.580303192138672,10.0,0.0021632772404700518,25.71817398071289,0.040217313915491104,20.0,-3.0862605910198986,256,0.0,0.6310893893241882,1.6288825273513794,5.26942253112793,0.6719073057174683,0.32809269428253174,1.2873990094651862,0.4775636774317572,0.2224276894143212,0.8299540641686891,0.35943973436578525,1.0,256
defactify,1,5,21815,0.39433701657458564,0.08403345942497253,-0.005784596316516399,0.1780459507727336,JPEG,26.034976959228516,10.0,0.0026411879807710648,22.722768783569336,0.055422719568014145,20.0,-2.635705388425023,256,0.0,0.5732864141464233,1.9998576641082764,4.443320274353027,0.5712740421295166,0.4287259876728058,1.4488489086857848,0.49713296868992696,0.26835757658317283,0.8266626770784429,0.38650816704545393,1.0,256
defactify,1,1,53578,0.2968465736810188,0.020333528518676758,-0.002327518304809928,0.11267320173465335,JPEG,23.878881454467773,10.0,0.011367350816726685,14.116281509399414,0.07744700461626053,20.0,-2.8532587480613025,256,0.0,0.8090179562568665,4.251432418823242,10.831619262695312,0.5886722803115845,0.41132768988609314,1.2070407171527746,1.2698558096645527,0.3005396886578864,0.8105795851533,0.39721673942751246,1.0,256
defactify,0,0,20007,0.7032200545416405,0.03563297539949417,3.3609012461965904e-05,0.2739600221492168,JPEG,23.324748992919922,10.0,0.007202022708952427,23.429447174072266,0.04849006235599518,20.0,-2.4969339272055535,256,0.0,0.7996363043785095,5.2482500076293945,7.622522830963135,0.5791222453117371,0.42087775468826294,1.3228813676888398,1.7940711955738187,0.2996846846021285,0.7915871002828284,0.379256925249266,1.0,256
defactify,1,2,90255,0.3389099464122337,0.05800411105155945,0.0066144634038209915,0.1444729821870409,JPEG,24.734346389770508,10.0,0.01566579006612301,22.78608512878418,0.15991537272930145,20.0,-2.3124057163113507,256,0.0,0.7433949112892151,3.1974568367004395,8.844403266906738,0.5030167102813721,0.49698328971862793,1.4660766642593437,0.8417048731257211,0.35359937417298376,0.7970089434513559,0.396183512236516,1.0,256
defactify,1,3,215782,0.14177101967799643,0.047789447009563446,0.00123291474301368,0.20984369373589035,JPEG,20.441457748413086,10.0,0.04502668231725693,19.99193572998047,0.14906150102615356,20.0,-2.2721686662237537,256,0.0,0.8933955430984497,8.806626319885254,4.627988815307617,0.7003751993179321,0.2996247708797455,1.4150506723755192,4.098879938004611,0.180831992645058,0.5789515036286124,0.40221228206924875,1.0,256
defactify,1,5,25323,0.22669245647969052,0.06147930026054382,0.013525374233722687,0.16932884622167688,JPEG,27.574636459350586,10.0,0.0038826027885079384,18.82461166381836,0.1332758665084839,20.0,-2.6184983933213957,256,0.0,0.4853024184703827,2.6834867000579834,4.797369003295898,0.7763932347297668,0.22360675036907196,1.493294927519542,1.1019195441657053,0.17565619922473574,0.7143686563897039,0.36734328669339533,1.0,256
defactify,1,2,142281,0.47304915438631195,0.08612597733736038,0.012004325166344643,0.19436711596420236,JPEG,24.98931884765625,10.0,0.013026947155594826,22.53696060180664,0.1658274382352829,20.0,-2.267548851936376,256,0.0,0.7011129856109619,4.953712463378906,9.136201858520508,0.7669582366943359,0.23304177820682526,1.5823338246018748,1.8863372110486352,0.19698584551476028,0.7008928531053593,0.39586088797269986,1.0,256
defactify,1,3,128732,0.7998273310310804,0.04062268137931824,-0.01378704234957695,0.190848824712629,JPEG,20.557575225830078,10.0,0.016280317679047585,16.210323333740234,0.0529952272772789,20.0,-2.6724665039878572,256,0.0,0.8977119326591492,6.0334391593933105,4.811618804931641,-0.2046593427658081,1.204659342765808,1.381020844550802,1.8090409037389463,0.6500358071371684,0.8295966284502476,0.2898449471841035,1.0,256
defactify,1,4,15358,0.20417551309271054,0.08908447623252869,0.0061290329322218895,0.2579758627974112,JPEG,14.873753547668457,6.0,0.05461713671684265,14.927138328552246,0.20829591155052185,20.0,-2.2652204578486788,256,0.0,0.8674470782279968,9.339564323425293,7.2327094078063965,0.6602573394775391,0.33974263072013855,1.549250700029917,4.693140814230105,0.18326210557554257,0.6019942295596983,0.4040505665755125,1.0,256
defactify,1,5,15140,0.4247455424817729,0.06995280832052231,0.010355179198086262,0.15466468167648673,JPEG,26.588459014892578,10.0,0.0020284682977944613,16.68524742126465,0.05304190516471863,20.0,-2.912398091994378,256,0.0,0.5481299757957458,2.0695629119873047,3.9860572814941406,0.5618078112602234,0.4381921887397766,1.3678752769432991,0.6000462712658593,0.21793233424555425,0.833293808234455,0.3781469475627051,1.0,256
defactify,1,4,12702,0.3224481413021154,0.1240982860326767,0.006279672496020794,0.2628518209533085,JPEG,18.90100860595703,10.0,0.02098296582698822,15.233315467834473,0.12350291758775711,20.0,-2.5001025210798926,256,0.0,0.8323997259140015,6.12009334564209,7.99124813079834,0.7494199275970459,0.2505801022052765,1.4173910834846004,2.3821134900038445,0.15381867947168362,0.6719987475296837,0.3981852138952526,1.0,256
defactify,1,3,101361,0.7255863129565552,0.0789453461766243,0.008841319009661674,0.3658997946146041,JPEG,31.936891555786133,10.0,0.0039852154441177845,28.46810531616211,0.07463674247264862,20.0,-2.774292988457244,256,0.0,0.6670165657997131,4.985894680023193,9.212077140808105,0.42817896604537964,0.5718210339546204,1.4314148420325772,2.2322775344819306,0.49675886261253344,0.8566708047593486,0.3297490520290254,1.0,256
defactify,1,1,64191,0.4619028819581524,0.12704448401927948,-0.01716219261288643,0.2930244832726565,JPEG,34.178836822509766,8.0,0.003876736620441079,21.395387649536133,0.06781753897666931,20.0,-2.725057628144472,256,0.0,0.6003311276435852,2.6409006118774414,11.310535430908203,0.7113792300224304,0.2886207699775696,1.3533228000588393,0.7219902651624376,0.2749123915076335,0.8332922127375499,0.3657342368434418,1.0,256
defactify,1,4,8168,0.5527612465604402,0.0514700785279274,0.009532011114060879,0.16968091714367248,JPEG,24.321239471435547,10.0,0.008277351967990398,24.59061622619629,0.07073132693767548,20.0,-2.789716636451297,256,0.0,0.7431240677833557,3.9653122425079346,5.627383708953857,0.3926752805709839,0.6073247194290161,1.2961974850951143,1.2162948895857364,0.23381099774709013,0.8220833390378751,0.3858961406498338,1.0,256
defactify,1,1,111475,0.0630066322770818,0.13032089173793793,0.0,0.17442899201684214,JPEG,25.327205657958984,10.0,0.061504561454057693,23.336198806762695,0.46162253618240356,20.0,-1.4620417950831672,256,0.0,0.7685607671737671,9.313209533691406,10.940927505493164,0.857999324798584,0.14200066030025482,1.617956750378269,5.211145788278548,0.15672507628978716,0.5598697277899972,0.3905194597452076,1.0,256
defactify,1,5,22794,0.2552760425460071,0.08062558621168137,0.0012907629134133458,0.18280455052308045,JPEG,28.435142517089844,8.0,0.005096949636936188,25.342588424682617,0.1326809525489807,20.0,-2.411922579843319,256,0.0,0.5261650681495667,3.16982102394104,6.142909526824951,0.6904051303863525,0.3095948398113251,1.5716101794711106,1.1462409740244137,0.21107255895978677,0.7331697022361017,0.38394667693426104,1.0,256
defactify,1,5,13745,0.39017259796480575,0.1113380715250969,-0.006815799977630377,0.25979176759866635,JPEG,27.745058059692383,10.0,0.0024959947913885117,22.590473175048828,0.06643747538328171,20.0,-2.888009740887205,256,0.0,0.5102477669715881,1.4122101068496704,6.634893894195557,0.4368325471878052,0.5631674528121948,1.344039732314018,0.4111786031814684,0.37496511285787937,0.8740476103174056,0.3597177364266983,1.0,256
defactify,1,4,9540,0.551293029628361,0.08172568678855896,-0.006827423814684153,0.2287687650804691,JPEG,20.449369430541992,10.0,0.015483209863305092,21.982419967651367,0.1184765100479126,20.0,-2.565960613829764,256,0.0,0.7765284776687622,4.823462963104248,9.485555648803711,0.5394940972328186,0.4605059027671814,1.2905424351429216,1.6309119238994625,0.22197497442940364,0.7778695791120593,0.38783963229788654,1.0,256
defactify,1,1,42545,0.6449866738290532,0.040047965943813324,-0.011112985201179981,0.06736298013145414,JPEG,27.545738220214844,10.0,0.005422352347522974,28.546981811523438,0.04720727726817131,20.0,-3.0249882520557163,256,0.0,0.6867066621780396,1.0167275667190552,8.71695613861084,0.092826247215271,0.907173752784729,1.259849789893023,0.16628780096597462,0.6142860916888366,0.9477627491481763,0.2665222707764097,1.0,256
defactify,1,3,72472,0.6958066336863774,0.09383556246757507,0.001498766359873116,0.25674545082430117,JPEG,21.42036247253418,10.0,0.016312751919031143,19.837644577026367,0.0651986226439476,20.0,-2.532190759001713,256,0.0,0.8561199903488159,7.132519245147705,7.36744499206543,0.6286930441856384,0.3713069558143616,1.3606620672078003,2.821574244281045,0.33379294596596376,0.8006858539688054,0.3460061834778235,1.0,256
defactify,1,1,76895,0.6285350023180343,0.09833436459302902,0.004837044980376959,0.14665065474920214,JPEG,20.023801803588867,10.0,0.024153439328074455,17.15216064453125,0.24595707654953003,20.0,-2.0894408440666963,256,0.0,0.7555457353591919,5.527824878692627,2.9758503437042236,0.6176296472549438,0.38237035274505615,1.4485659188834605,2.2453814488417914,0.20354476204107108,0.6788799111830174,0.40339388214249516,1.0,256
defactify,1,3,30673,0.8752028252362317,0.048260726034641266,-0.026482494547963142,0.24539626570258155,JPEG,27.22297477722168,10.0,0.0020362285431474447,21.06332778930664,0.0359935462474823,20.0,-2.8564477413312677,256,0.0,0.5570855140686035,2.498309850692749,5.111001968383789,0.3642791509628296,0.6357208490371704,1.2379418050326854,0.694292204320454,0.5892788937196698,0.9036419820277561,0.2729345751165779,1.0,256
defactify,1,3,253200,0.3738145416227608,0.19353234767913818,0.014129864983260632,0.29084201772146456,JPEG,13.726564407348633,8.0,0.08699952811002731,15.7066650390625,0.14432325959205627,20.0,-2.3470362213376883,256,0.0,0.929725706577301,10.96366024017334,4.858060836791992,0.7094578742980957,0.2905420958995819,1.475332293343038,5.480358906430217,0.1313667239405429,0.5116145329218587,0.3984573601007738,1.0,256
defactify,1,1,93859,0.5371163454675232,0.0004984289989806712,3.0637256713816896e-05,0.0010789721581413458,JPEG,29.708702087402344,10.0,0.004301807377487421,21.593414306640625,0.17311102151870728,20.0,-2.33327364496759,256,0.0,0.4518957734107971,5.183159351348877,3.629577398300171,0.8084173798561096,0.19158262014389038,1.527050930128947,2.8889780072568225,0.1936685563665062,0.6898913226503598,0.3895413968209214,1.0,256
defactify,1,3,68891,0.7631385969200685,0.12740011513233185,-0.005450011231005192,0.3426673554850921,JPEG,22.623592376708984,8.0,0.01271270401775837,28.578765869140625,0.06989749521017075,20.0,-2.730354537012112,256,0.0,0.8345549702644348,5.12912130355835,6.009759426116943,0.19426435232162476,0.8057356476783752,1.3963727954237213,1.5905268706747395,0.5490765034685037,0.855377721060453,0.30152676509689974,1.0,256
defactify,1,1,94904,0.1763054463784391,0.12430135160684586,-0.01103268750011921,0.2771660279611508,JPEG,26.054927825927734,8.0,0.021586546674370766,20.656173706054688,0.24697472155094147,20.0,-2.0268268611699782,256,0.0,0.7305127382278442,8.286863327026367,8.335987091064453,0.8499773740768433,0.15002261102199554,1.6226822908992162,4.795243280829488,0.1179271041172115,0.5429522923644258,0.39964460204132407,1.0,256
defactify,1,2,105354,0.6476722370085954,0.03400570526719093,0.019786078482866287,0.13816608531390878,JPEG,23.058443069458008,10.0,0.006758884526789188,23.11309051513672,0.07204272598028183,20.0,-2.812205083924756,256,0.0,0.7212391495704651,2.8952012062072754,5.665740013122559,0.6986916065216064,0.30130836367607117,1.354499180199106,0.7446938377066511,0.2531280275573397,0.8342144717241088,0.3617475101922782,1.0,256
defactify,1,4,10142,0.42987641053197206,0.05745954066514969,0.017368018627166748,0.22013828601095484,JPEG,22.4935302734375,8.0,0.01864711195230484,19.69475555419922,0.09178751707077026,20.0,-2.572172682201663,256,0.0,0.8480058908462524,6.141026496887207,11.526519775390625,0.5116552114486694,0.48834478855133057,1.372776143466875,2.2895098039215696,0.1723065943020085,0.7393082267810034,0.3888082047521696,1.0,256
defactify,1,4,12550,0.2415483870967742,0.04729470610618591,-0.0030702422372996807,0.14203669886766157,JPEG,20.481597900390625,10.0,0.026660488918423653,16.472400665283203,0.152916818857193,20.0,-2.443102014471364,256,0.0,0.8221797347068787,7.2071919441223145,10.970616340637207,0.8180793523788452,0.1819206178188324,1.4486523589499298,3.090967851907921,0.1460699810798864,0.6476542156423554,0.39496634241172984,1.0,256
defactify,0,0,23900,0.31881766208490453,0.02783796563744545,0.011430103331804276,0.16266802559045013,JPEG,19.893278121948242,10.0,0.02605760283768177,22.36020278930664,0.23692616820335388,20.0,-2.047271859477032,256,0.0,0.7212873101234436,4.527247905731201,9.275071144104004,0.3911489248275757,0.6088510751724243,1.4874034237802618,1.4354329314446366,0.49073326288696606,0.7845352953222083,0.40103668577414675,1.0,256
defactify,0,0,48392,0.33375634517766495,0.056163087487220764,0.020189933478832245,0.208834456656935,JPEG,8.786620140075684,10.0,0.11342359334230423,15.368758201599121,0.19558261334896088,20.0,-2.1501033293457725,256,0.0,0.9314103722572327,8.919636726379395,3.058640718460083,0.7440969944000244,0.255903035402298,1.2859021266632162,3.6045917735966966,0.18158137398687785,0.6194384683727859,0.4029762516513413,1.0,256
defactify,1,3,53639,0.6982086532166875,0.08227863907814026,-0.009977473877370358,0.18138632645591293,JPEG,22.343881607055664,10.0,0.016794204711914062,23.40743064880371,0.13206350803375244,20.0,-2.441623134710489,256,0.0,0.7591502666473389,5.641394138336182,7.292750358581543,0.547444760799408,0.45255523920059204,1.4357247413140817,2.2710676632785454,0.2372612897254478,0.7484790943395794,0.38325078346719677,1.0,256
defactify,1,3,35607,0.7324939467312349,0.06097952276468277,-0.015237664803862572,0.2904158009858966,JPEG,24.793216705322266,10.0,0.0040611810982227325,18.98715591430664,0.04832076653838158,20.0,-2.850595039011191,256,0.0,0.6716086864471436,3.3248953819274902,2.7760684490203857,0.4550754427909851,0.5449245572090149,1.254577557215448,1.0493223760092274,0.38573507325792467,0.8882735840511151,0.341212623603101,1.0,256
defactify,1,5,19240,0.4845718693751607,0.10472007095813751,0.014290192164480686,0.21674264571153698,JPEG,30.767215728759766,10.0,0.004596920683979988,21.014789581298828,0.15454070270061493,20.0,-2.5541362793873903,256,0.0,0.4904952049255371,2.207878828048706,6.405644416809082,0.7533451914787292,0.24665479362010956,1.4659700048388769,0.7683500937139562,0.23573450876153973,0.7709165218072356,0.3721270280762287,1.0,256
defactify,1,4,13396,0.2510388658029822,0.11332359910011292,0.0009429625351913273,0.2443304240731296,JPEG,18.78974723815918,10.0,0.023427044972777367,18.731204986572266,0.16169524192810059,20.0,-2.407879893316238,256,0.0,0.7688436508178711,7.281418323516846,8.774686813354492,0.6802130937576294,0.319786936044693,1.4539709211016492,3.40438232891196,0.15522412906761848,0.6528889633342652,0.3918151262294214,1.0,256
defactify,1,1,110076,0.05961152042866711,0.1422160118818283,0.013118168339133263,0.18705077641393736,JPEG,21.854400634765625,10.0,0.008700917474925518,13.040472030639648,0.22240158915519714,20.0,-2.0845055517945887,256,0.0,0.6095321774482727,4.518590927124023,0.8779544830322266,0.8254685401916504,0.17453144490718842,1.5726848953013002,2.278714196462899,0.1757764188461194,0.6261713465465282,0.3938177669837867,1.0,256
defactify,1,2,146831,0.5063929618768328,0.12120471894741058,0.007433807477355003,0.246406301385234,JPEG,20.86829948425293,10.0,0.02778707630932331,22.01866912841797,0.19221866130828857,20.0,-2.2488050117509224,256,0.0,0.7945912480354309,4.082459449768066,11.780508995056152,0.7080004811286926,0.2919995188713074,1.2067503869151646,1.0959540501249516,0.33382257163510076,0.7935882698326934,0.3841234425314521,1.0,256
defactify,0,0,15282,0.6404044499632549,0.03960878401994705,0.013093960471451283,0.13998426147774998,JPEG,33.00343704223633,10.0,0.001474127871915698,35.42473220825195,0.015646224841475487,20.0,-2.8760250450563065,256,0.0,0.7347378730773926,1.8730952739715576,15.15030288696289,0.0642135739326477,0.9357864260673523,1.235710376357817,0.339911722654748,0.26358474832505263,0.9308467163797656,0.3020503341347739,1.0,256
defactify,0,0,24514,0.46803704540320756,0.02159884013235569,0.004966512322425842,0.1806420395939493,JPEG,26.19123077392578,6.0,0.015742547810077667,25.451156616210938,0.1478622853755951,20.0,-2.3361968992165267,256,0.0,0.7692005038261414,4.400341033935547,11.80443286895752,0.8068909645080566,0.19310905039310455,1.4309987127409123,1.352985390234527,0.21537183950455696,0.736893286301901,0.38956961696321013,1.0,256
defactify,1,3,244249,0.5254765528738131,0.17266692221164703,0.0032204953022301197,0.3183562187031666,JPEG,18.462446212768555,10.0,0.035195909440517426,19.259620666503906,0.15310341119766235,20.0,-2.4475744292589425,256,0.0,0.8624406456947327,7.948143482208252,6.796241283416748,0.7569890022277832,0.2430109828710556,1.4975653823748158,3.3710827265955396,0.24355897680389177,0.684845916324059,0.3892027762230481,1.0,256
defactify,1,1,108761,0.2457795431976167,0.11856946349143982,0.0034460509195923805,0.23116626185554023,JPEG,29.813186645507812,8.0,0.023396426811814308,28.53045654296875,0.35290470719337463,20.0,-1.9261905097011462,256,0.0,0.7539594173431396,7.889987468719482,10.593530654907227,0.7580177783966064,0.24198225140571594,1.6115823531952669,4.542297688989812,0.13280227909759318,0.5594767016631608,0.39984951976082206,1.0,256
defactify,1,5,19006,0.4878983013211946,0.06583830714225769,0.012645134702324867,0.18580588778158189,JPEG,28.833797454833984,10.0,0.0032991357147693634,25.707843780517578,0.08414500206708908,20.0,-2.689501593206008,256,0.0,0.5121766328811646,3.03349232673645,5.815618515014648,0.5869052410125732,0.41309472918510437,1.462558791465092,1.1693810823961934,0.20444299655028375,0.781155958411146,0.3642306135840712,1.0,256
defactify,1,2,97366,0.5949938448912597,0.04677212983369827,0.016818249598145485,0.17808349868749268,JPEG,16.378768920898438,10.0,0.04575428366661072,13.390510559082031,0.21750909090042114,20.0,-2.168347631276535,256,0.0,0.8488515615463257,7.114855766296387,3.000471830368042,0.8773502111434937,0.12264979630708694,1.441743653534109,2.9838095624279117,0.15177610772650652,0.5548716121441898,0.4111651181711829,1.0,256
defactify,1,1,65167,0.11086544535691725,0.019158992916345596,0.027283675968647003,0.0734179587845779,JPEG,18.293766021728516,10.0,0.03788702189922333,16.596439361572266,0.25666072964668274,20.0,-2.0825521819684445,256,0.0,0.8310150504112244,2.8460946083068848,1.7752879858016968,0.8454322218894958,0.15456777811050415,1.303168547837687,0.6203815689878895,0.45771428164536343,0.7699284729458116,0.40952185354071885,1.0,256
defactify,1,3,47042,0.6374594502304934,0.05078801512718201,-0.018978657200932503,0.28713107525271836,JPEG,23.499631881713867,10.0,0.008257811889052391,19.33297348022461,0.06275806576013565,20.0,-2.802204599270319,256,0.0,0.7863147258758545,5.071701526641846,7.024417877197266,0.7316569685935974,0.2683430314064026,1.3335295719308307,1.8219241097174168,0.3798997747927254,0.8157173080251611,0.3457081883158657,1.0,256
defactify,1,2,70688,0.8095476914396765,0.018562981858849525,0.017560895532369614,0.06636023618735783,JPEG,29.907142639160156,10.0,0.0044247061014175415,25.1376953125,0.053730159997940063,20.0,-2.5921068105917446,256,0.0,0.7282683849334717,3.194859743118286,9.208810806274414,0.5864779949188232,0.41352203488349915,1.3071910457569658,0.8513726391291805,0.36965569651976826,0.857885610994589,0.3146693527240317,1.0,256
defactify,1,1,86235,0.5717758078352874,0.060810185968875885,-0.013617102988064289,0.1666917958930034,JPEG,19.432844161987305,10.0,0.011348641477525234,20.736055374145508,0.1598566621541977,20.0,-2.52584836072172,256,0.0,0.7247124910354614,5.024933815002441,2.7592201232910156,0.7551761865615845,0.24482382833957672,1.4274909536095706,2.046840713307382,0.1748652452691271,0.6584952790569549,0.4044118502085721,1.0,256
defactify,1,1,58749,0.19856165584985092,0.04547620192170143,0.014805414713919163,0.14728720206276275,JPEG,20.31798553466797,10.0,0.054351016879081726,25.180400848388672,0.29716756939888,20.0,-1.8168394814209352,256,0.0,0.8332580327987671,4.625080585479736,6.366665840148926,0.41304653882980347,0.5869534611701965,1.3764358637049876,1.3893730626441745,0.40623421195044784,0.7618485305356837,0.4057440279867664,1.0,256
defactify,1,3,62283,0.5089650476622787,0.03695090115070343,0.023015126585960388,0.1336786979560095,JPEG,17.24112319946289,10.0,0.07180488109588623,14.532079696655273,0.27089154720306396,20.0,-2.0588995116586863,256,0.0,0.8718817234039307,6.538901329040527,4.240665435791016,0.3218451738357544,0.6781548261642456,1.4296421669876356,2.2968746846164936,0.4333834969162486,0.7882326888172297,0.357095921311051,1.0,256
defactify,1,1,48527,0.5917517972001514,0.03548375144600868,0.017441581934690475,0.15815700699339882,JPEG,19.660419464111328,10.0,0.004329917952418327,14.572892189025879,0.08698806166648865,20.0,-2.588085259741777,256,0.0,0.5889843106269836,2.6287076473236084,-0.10162007808685303,0.37107229232788086,0.6289277076721191,1.2641717914223134,0.6866871215397924,0.27245108174147065,0.8218967919936974,0.387202562434419,1.0,256
defactify,1,1,28380,0.5035910993610927,0.003832305548712611,0.001624073600396514,0.010810491126171546,JPEG,22.471668243408203,10.0,0.004436617251485586,20.51133155822754,0.03244372457265854,20.0,-2.7034445307478427,256,0.0,0.7855769991874695,1.6177468299865723,3.085517644882202,0.4560026526451111,0.5439973473548889,1.1482329052773599,0.2639276360053826,0.3611581312210015,0.9086581757625419,0.3727031953550164,1.0,256
defactify,0,0,16336,0.7795304747093239,0.037143055349588394,-0.008882831782102585,0.17057042513424497,JPEG,18.5704402923584,10.0,0.0425727404654026,19.331247329711914,0.15205271542072296,20.0,-2.390860494890339,256,0.0,0.8720595240592957,7.396463394165039,7.592219829559326,0.3619273900985718,0.6380726099014282,1.5432716466560055,2.774958339340638,0.39562185123283966,0.8126918789274497,0.2969520237231889,1.0,256
defactify,1,3,77303,0.6536979806104737,0.12163190543651581,-0.0011265731882303953,0.2823400522231436,JPEG,26.898223876953125,10.0,0.0012293609324842691,17.204235076904297,0.03311220556497574,20.0,-3.0656233858413033,256,0.0,0.5221286416053772,1.5394645929336548,3.7225868701934814,0.3185625672340393,0.6814374327659607,1.3083995666908803,0.47022021277873893,0.23980685729921944,0.8651099877399921,0.3497325815538917,1.0,256
defactify,1,5,24266,0.4320678626060353,0.20092074573040009,0.011198719963431358,0.33431291667147894,JPEG,27.904983520507812,8.0,0.004843248054385185,18.63137435913086,0.17952165007591248,20.0,-2.442310406796669,256,0.0,0.4987378418445587,3.5360283851623535,5.459444999694824,0.6378906965255737,0.3621092736721039,1.576524197032066,1.449187887471165,0.18197613211788538,0.7180618756775243,0.3843497137264436,1.0,256
defactify,1,4,13815,0.2551094890510949,0.0505032017827034,0.0025622062385082245,0.1416584597034244,JPEG,18.966554641723633,10.0,0.029570329934358597,15.608115196228027,0.15571846067905426,20.0,-2.3587001324124457,256,0.0,0.8362997174263,7.159848690032959,5.722280502319336,0.5915377140045166,0.408462256193161,1.4098033538228514,3.1259115484429087,0.14325959409513384,0.6414118998273495,0.4027251231301409,1.0,256
defactify,1,2,99153,0.6667090620031797,0.054291822016239166,0.010833147913217545,0.2418437242946631,JPEG,18.525917053222656,10.0,0.008707144297659397,12.816938400268555,0.09181074053049088,20.0,-2.609755348867428,256,0.0,0.7649197578430176,3.90040922164917,2.9958701133728027,0.6337189674377441,0.36628106236457825,1.5475307478939893,1.2432521896626305,0.2484667811485643,0.7218767577175755,0.3900433165417523,1.0,256
defactify,1,4,12589,0.3229775828460039,0.08122467249631882,0.009983637370169163,0.2085385189811539,JPEG,18.855640411376953,10.0,0.019517894834280014,14.989899635314941,0.13582487404346466,20.0,-2.4175983451304814,256,0.0,0.7952791452407837,6.514558792114258,6.206408500671387,0.599945604801178,0.400054395198822,1.447869923926453,2.7994390829248372,0.15701662077361525,0.6913328095175717,0.40139986075844747,1.0,256
defactify,1,4,13516,0.3899803536345776,0.08556747436523438,0.0168665312230587,0.2383488478523176,JPEG,16.310436248779297,10.0,0.02832113578915596,17.27084732055664,0.16149315237998962,20.0,-2.3308466859384134,256,0.0,0.8086272478103638,7.336706638336182,4.685033321380615,0.8041143417358398,0.19588567316532135,1.4806599935444702,3.421495653714916,0.1588385814524512,0.6601664790767828,0.3977973504251058,1.0,256
defactify,1,1,105099,0.21442495126705652,0.10888296365737915,-0.005421474575996399,0.22116720220315725,JPEG,20.63547134399414,10.0,0.05824954807758331,16.464954376220703,0.26301997900009155,20.0,-2.1192965669757804,256,0.0,0.8540449738502502,8.277078628540039,9.419648170471191,0.7911136150360107,0.20888638496398926,1.5129613078180926,3.8634251249519416,0.16889036470883487,0.5817798294957718,0.4072925337219689,1.0,256
defactify,1,2,121750,0.18399830220713073,0.04237901791930199,0.0123203219845891,0.12925688654624332,JPEG,22.173757553100586,10.0,0.016603030264377594,22.066360473632812,0.16963312029838562,20.0,-2.415853347747287,256,0.0,0.7341954112052917,3.114959239959717,5.453439712524414,0.6528055667877197,0.3471944332122803,1.267903894724616,0.8000977388504427,0.29303940259668726,0.7718814441747901,0.4010096743642366,1.0,256
defactify,1,2,88276,0.7776088517251573,0.042804256081581116,-0.011344535276293755,0.14947138423688902,JPEG,23.329387664794922,10.0,0.018602482974529266,29.562355041503906,0.12424902617931366,20.0,-2.340326824072762,256,0.0,0.8049020767211914,2.9996447563171387,13.783096313476562,0.724469006061554,0.27553099393844604,1.3327798429442035,0.6136258740628604,0.421167951826907,0.8373861628910744,0.3581691304960697,1.0,256
defactify,1,4,11546,0.396448009166428,0.13975180685520172,0.0015573955606669188,0.263611949105645,JPEG,16.510135650634766,10.0,0.019559497013688087,16.443138122558594,0.1202310100197792,20.0,-2.4512249127455745,256,0.0,0.8061302304267883,4.6233978271484375,1.8320356607437134,0.6788134574890137,0.32118654251098633,1.3152876819036499,1.466302293589004,0.19332471350370517,0.7452430136047605,0.3960407654540993,1.0,256
defactify,1,4,15374,0.42196078431372547,0.08127668499946594,-0.00491340970620513,0.27286639135268653,JPEG,14.706534385681152,10.0,0.06327496469020844,18.980384826660156,0.1634375900030136,20.0,-2.243119894734133,256,0.0,0.903600811958313,9.467146873474121,5.5593976974487305,0.7127888202667236,0.287211149930954,1.547193355516383,4.415949589701078,0.1459898406790019,0.5837336558513756,0.40319932388137186,1.0,256
defactify,1,3,139894,0.12856294536817103,0.2121206521987915,0.012139080092310905,0.26197933900943693,JPEG,17.88031768798828,10.0,0.01807045377790928,14.563224792480469,0.10963129252195358,20.0,-2.6663877118796004,256,0.0,0.8210102319717407,5.336576461791992,4.698383331298828,0.7383010387420654,0.26169896125793457,1.317332312395335,1.9268404129421377,0.1902956659449263,0.6934115171512668,0.4070724632553576,1.0,256
defactify,1,4,14958,0.21030209140201395,0.06719090044498444,0.012014633044600487,0.23568711149751134,JPEG,17.963838577270508,10.0,0.05257311463356018,14.195951461791992,0.21202747523784637,20.0,-2.2381447542416457,256,0.0,0.852271556854248,8.759844779968262,8.888751983642578,0.7771804332733154,0.22281955182552338,1.5521961041723704,4.199911061851212,0.1340437134366801,0.5871358207860417,0.4042841829294063,1.0,256
defactify,1,4,11626,0.45271944698056604,0.07226009666919708,0.00979461520910263,0.18555914311462612,JPEG,22.341176986694336,10.0,0.019951295107603073,23.832820892333984,0.15095233917236328,20.0,-2.359667957524068,256,0.0,0.8044103384017944,5.916064739227295,9.481428146362305,0.48357659578323364,0.5164234042167664,1.4093623488584097,2.344892018694733,0.17015771319323572,0.7170306471738721,0.39304898610149475,1.0,256
defactify,1,4,8526,0.4287461275069297,0.04048958048224449,0.010594956576824188,0.09934283946064382,JPEG,25.426563262939453,10.0,0.015493064187467098,22.50612449645996,0.07171440124511719,20.0,-2.742169383854777,256,0.0,0.8530692458152771,4.361268043518066,13.334851264953613,0.5632977485656738,0.43670228123664856,1.382308922578532,1.143101496419646,0.2054340255235339,0.7869538637231579,0.3809558697930049,1.0,256
defactify,0,0,26163,0.42214208438514245,0.06456634402275085,0.006765890400856733,0.232486050792988,JPEG,24.348003387451172,10.0,0.005246829707175493,20.82598114013672,0.09029385447502136,20.0,-2.7282459902150826,256,0.0,0.6518745422363281,3.473419666290283,4.250574111938477,0.6826205849647522,0.3173794150352478,1.2687279174961894,1.1599956897587465,0.236264886399765,0.7903360465096305,0.38706837646476455,1.0,256
defactify,1,2,150285,0.32743186791326834,0.033269740641117096,0.012620402500033379,0.11712486377080131,JPEG,22.73468017578125,10.0,0.014487155713140965,22.61394500732422,0.14296939969062805,20.0,-2.3261174213614306,256,0.0,0.7476440668106079,4.955146789550781,6.323606967926025,0.7923938632011414,0.20760612189769745,1.5045085986489988,1.8166431030132646,0.24582053750656258,0.6849906398660913,0.4037471310868185,1.0,256
defactify,1,4,9985,0.4245306950786403,0.05287319794297218,-0.017086168751120567,0.13756288537057196,JPEG,22.283950805664062,8.0,0.014010380953550339,17.944093704223633,0.11934546381235123,20.0,-2.519413934434706,256,0.0,0.7530822157859802,5.141750812530518,7.120666027069092,0.5460247993469238,0.4539751708507538,1.2445778862993198,1.9127487324586703,0.21361119602310955,0.7441337639446572,0.3776787342545279,1.0,256
defactify,1,4,11273,0.38929630207520677,0.05008024349808693,-0.006072518415749073,0.17930461677473136,JPEG,20.63475799560547,10.0,0.02224845625460148,24.148563385009766,0.1127944141626358,20.0,-2.3994974865990675,256,0.0,0.8360939025878906,7.372947692871094,10.967342376708984,0.6604623794555664,0.3395375907421112,1.4148230780294448,3.1360626922337578,0.1659821757572671,0.7172603610564607,0.3954784213484581,1.0,256
defactify,1,3,36617,0.7102308087777688,0.05068092793226242,-0.019521890208125114,0.13821417730340466,JPEG,22.77611541748047,10.0,0.014294874854385853,20.055931091308594,0.11650547385215759,20.0,-2.3539988652535913,256,0.0,0.7740692496299744,5.693129062652588,6.709664344787598,0.17404067516326904,0.825959324836731,1.5048957078922238,2.138991403546713,0.4564467979819616,0.8279258416826043,0.29721072346301514,1.0,256
defactify,1,1,71851,0.7029315611769119,0.28249406814575195,0.02577073685824871,0.41224638497816307,JPEG,27.738391876220703,10.0,0.005381734110414982,22.206533432006836,0.15874196588993073,20.0,-1.9690200820022414,256,0.0,0.5108148455619812,3.17217755317688,3.117591381072998,0.7717427015304565,0.22825726866722107,1.3912088366570405,1.0950844927431758,0.28102629071850566,0.7990771686965363,0.3855599900091641,1.0,256
defactify,1,4,9105,0.47716297786720324,0.08687721192836761,0.012344743125140667,0.23445027006240596,JPEG,22.392044067382812,10.0,0.00948298629373312,22.78907012939453,0.06402475386857986,20.0,-2.7918106595998085,256,0.0,0.7920998334884644,3.892277956008911,5.863643646240234,0.4571285843849182,0.5428714156150818,1.2572431472915895,1.1354900759323336,0.18330828377582678,0.7804619248041745,0.3856673274874058,1.0,256
defactify,0,0,23001,0.5314206427356548,0.03597960248589516,0.026224227622151375,0.1408028750052107,JPEG,15.033426284790039,10.0,0.028391581028699875,15.426469802856445,0.15588289499282837,20.0,-2.424661470770551,256,0.0,0.8271692395210266,2.674119234085083,2.5986886024475098,0.5529857277870178,0.4470142722129822,0.9817291366801189,0.5099025464965402,0.39946952236637234,0.8648639462673207,0.37696775618332,1.0,256
defactify,0,0,34845,0.38633461047254153,0.052388377487659454,0.01646806113421917,0.19502589756193076,JPEG,27.082107543945312,10.0,0.006561012007296085,22.434968948364258,0.15278050303459167,20.0,-2.6276878628728038,256,0.0,0.5717725157737732,3.4074556827545166,3.0396409034729004,0.6341639757156372,0.3658359944820404,1.2350667251396275,1.3744299368031525,0.17392619608509147,0.7161872577010238,0.37388530105453277,1.0,256
defactify,1,1,77911,0.4191373418306087,0.2481156885623932,-0.0045425789430737495,0.3763878522442384,JPEG,23.579275131225586,10.0,0.012805179692804813,21.523929595947266,0.09212486445903778,20.0,-2.7055071535575284,256,0.0,0.7942841053009033,3.010640859603882,7.574202537536621,0.4646509289741516,0.5353490710258484,1.1635175149044898,0.702263792772011,0.31192209842176816,0.8239001230749898,0.39441525977486,1.0,256
defactify,1,5,15795,0.6045206547155105,0.04529077187180519,-0.013281239196658134,0.11931594488900837,JPEG,23.835735321044922,10.0,0.0035199071280658245,19.66953468322754,0.08850568532943726,20.0,-2.565722886037193,256,0.0,0.5390923023223877,2.395784616470337,4.175482749938965,0.5883448123931885,0.41165515780448914,1.4886883017212318,0.7764957438244906,0.2955270371839469,0.7898890582778795,0.379564871488172,1.0,256
defactify,1,4,12883,0.329830053667263,0.10175071656703949,0.008126494474709034,0.19063511275447245,JPEG,21.76457977294922,10.0,0.013375825248658657,21.032291412353516,0.15463976562023163,20.0,-2.44177009904283,256,0.0,0.7379752397537231,5.839349746704102,6.498113632202148,0.564861536026001,0.43513843417167664,1.4147975028617303,2.7830805909986553,0.1568683544009472,0.6753620691549369,0.38665646844847634,1.0,256
defactify,1,2,66513,0.7797013094074117,0.007585765328258276,0.003161767730489373,0.0656693265527082,JPEG,39.83350372314453,10.0,0.004778527654707432,37.00590133666992,0.07963697612285614,20.0,-2.917010700101543,256,0.0,0.6531820893287659,2.496161699295044,18.153587341308594,0.18018215894699097,0.819817841053009,1.2394985936938283,0.5449001886293736,0.5945863299978569,0.9393646981766178,0.18002482136726317,1.0,256
defactify,1,2,106009,0.43858946102985374,0.02123938500881195,0.015807481482625008,0.2064580257706814,JPEG,22.0281982421875,10.0,0.013245601207017899,15.365046501159668,0.2748849093914032,20.0,-2.001120381999021,256,0.0,0.637740433216095,6.981285095214844,2.582726240158081,0.7119773626327515,0.28802263736724854,1.63276749280879,4.468056666906961,0.16606519941271258,0.6319408754913632,0.3972603619730789,1.0,256
defactify,1,2,76896,0.5186357749316448,0.028827093541622162,0.018235230818390846,0.07387460952285863,JPEG,18.539125442504883,8.0,0.009878044947981834,19.871442794799805,0.0846005454659462,20.0,-2.6343424677990193,256,0.0,0.7658846974372864,3.5610766410827637,3.72076153755188,0.7222524881362915,0.2777474820613861,1.319779530099759,1.0005051092128028,0.21412262756226944,0.7965927730814565,0.38661115758896075,1.0,256
defactify,1,1,103760,0.38311490399268516,0.08781430125236511,-0.00713201891630888,0.21887137775945434,JPEG,23.446731567382812,10.0,0.006157028954476118,22.9494686126709,0.06385725736618042,20.0,-2.7623690279505553,256,0.0,0.748168408870697,3.726271152496338,2.8155393600463867,0.8235911130905151,0.17640885710716248,1.2273432869933452,1.1855567570165322,0.17737971791057938,0.741206684022614,0.39489046491521596,1.0,256
defactify,1,1,55758,0.6580359664814989,0.04130931198596954,0.005718177650123835,0.22730569191928723,JPEG,18.1953067779541,10.0,0.023281315341591835,23.24245834350586,0.09209489077329636,20.0,-2.6339564647513964,256,0.0,0.8611108660697937,6.5252861976623535,10.851221084594727,0.6949384808540344,0.3050615191459656,1.3444715532997407,2.388096675557478,0.3333480279379452,0.7652470571160512,0.37250899967017576,1.0,256
defactify,1,4,12191,0.683419955451482,0.10829226672649384,0.005987715907394886,0.2003031264581744,JPEG,20.378190994262695,10.0,0.056769199669361115,22.498762130737305,0.24680721759796143,20.0,-2.0708405256129576,256,0.0,0.8543679118156433,9.25631046295166,10.368767738342285,0.6072329878807068,0.3927670121192932,1.5614984136416632,4.703317594194542,0.1986810692273583,0.6831352316446985,0.3798944286148358,1.0,256
defactify,1,3,76713,0.8520955836356813,0.0491691492497921,0.0025638362858444452,0.23007661470750876,JPEG,27.081981658935547,10.0,0.0041557918302714825,25.836706161499023,0.024708053097128868,20.0,-3.0821845768330327,256,0.0,0.833966851234436,2.888543128967285,6.629421234130859,0.07552391290664673,0.9244760870933533,1.145621589761064,0.6008298490965008,0.5907812136265711,0.888655158747357,0.2820472229461415,1.0,256
defactify,0,0,33504,0.4147859101455389,0.051016587764024734,-0.0011309991823509336,0.22280956151243134,JPEG,19.711029052734375,10.0,0.008968183770775795,16.66505241394043,0.04352613538503647,20.0,-2.696597126564677,256,0.0,0.8349559307098389,4.149087905883789,5.064680099487305,0.32114869356155396,0.678851306438446,1.214151686789872,1.1087872302720103,0.28716030778163226,0.7731492087640192,0.3964240447930603,1.0,256
defactify,1,2,100083,0.45252507782774126,0.06562277674674988,-0.001988339237868786,0.09991406691381155,JPEG,36.453880310058594,10.0,0.004817253910005093,37.28544616699219,0.08425811678171158,20.0,-2.4326102439505193,256,0.0,0.6763795614242554,3.1290900707244873,13.757490158081055,0.6875988245010376,0.31240114569664,1.263493831437666,1.0091249008794692,0.34649892138597976,0.8339188760873234,0.3866407219784653,1.0,256
defactify,1,4,16700,0.48499156829679596,0.0899733453989029,0.015064072795212269,0.20511382221321972,JPEG,13.037742614746094,10.0,0.05470430105924606,13.588074684143066,0.20535773038864136,20.0,-2.1996082315461027,256,0.0,0.8617513179779053,9.386908531188965,2.828479051589966,0.8191880583763123,0.18081195652484894,1.5745835701818962,4.867055549548252,0.1282397570734579,0.545443019851404,0.40585008493254704,1.0,256
defactify,0,0,45774,0.2540084388185654,0.06354983150959015,-0.0015390939079225063,0.1183342253185828,JPEG,17.36741828918457,10.0,0.020586183294653893,15.724416732788086,0.13587811589241028,20.0,-2.464582430816945,256,0.0,0.8045721650123596,4.557105541229248,3.4852099418640137,0.7073882818222046,0.292611688375473,1.299275628758571,1.4090873251874285,0.18584021317955954,0.6932308488608024,0.4038941352420141,1.0,256
defactify,1,4,22979,0.36415247364152475,0.07854723930358887,-0.005325535777956247,0.2297031114921722,JPEG,14.804655075073242,10.0,0.05014176294207573,13.548211097717285,0.1883963942527771,20.0,-2.2547843495070925,256,0.0,0.8622419238090515,9.422426223754883,5.583812713623047,0.8291870355606079,0.17081297934055328,1.5310419109177267,4.858500681829106,0.15382105842163102,0.5933461409937377,0.40432710141329764,1.0,256
defactify,1,3,159222,0.6180155773789366,0.17731504142284393,-0.002140115015208721,0.35129976015215564,JPEG,24.22715950012207,10.0,0.009121627546846867,25.697412490844727,0.12231345474720001,20.0,-2.473801062310831,256,0.0,0.678894579410553,5.170292854309082,8.271492958068848,0.5727838277816772,0.42721620202064514,1.4772404777014334,2.1277369130863137,0.21252363058816767,0.7728498634936595,0.3811106955098744,1.0,256
defactify,1,3,91537,0.4768250137712142,0.2522646486759186,-0.021873289719223976,0.147217441273364,JPEG,31.128673553466797,10.0,0.00816501583904028,15.85588264465332,0.07499921321868896,20.0,-2.7489974037767544,256,0.0,0.6836050152778625,1.2515772581100464,8.629732131958008,0.280239999294281,0.719760000705719,1.0932901530525883,0.196604325860246,0.5895621205704633,0.9432841178204157,0.3265866326659338,1.0,256
defactify,1,4,12588,0.25032401407146826,0.11408037692308426,0.009551921859383583,0.2603872829837384,JPEG,17.899948120117188,4.0,0.019067779183387756,26.55565071105957,0.14616364240646362,20.0,-2.3482827555018955,256,0.0,0.7795498371124268,6.125720024108887,4.967450141906738,0.633859395980835,0.36614057421684265,1.4087107487464898,2.5776379427383698,0.16724568619780686,0.6982583552065862,0.39365162196597725,1.0,256
defactify,1,3,146689,0.8550648255507537,0.190403550863266,0.01158667728304863,0.41923705245472676,JPEG,22.73552703857422,10.0,0.01206998247653246,26.592182159423828,0.044173356145620346,20.0,-2.575299551866138,256,0.0,0.8804404735565186,4.875551223754883,12.809123039245605,0.6370964050292969,0.3629035949707031,1.2634529744265883,1.420493214749135,0.4020724546066874,0.7892582085993927,0.3347827444187073,1.0,256
defactify,1,4,14877,0.38014579759862777,0.14700952172279358,0.00859407614916563,0.2691161873532879,JPEG,24.906579971313477,10.0,0.026819411665201187,28.777446746826172,0.20355288684368134,20.0,-2.3210526203241453,256,0.0,0.7774256467819214,8.401514053344727,10.651167869567871,0.768519937992096,0.23148004710674286,1.5452552321788882,4.5241902903931175,0.14844775959759618,0.6367973884815011,0.39806864228783845,1.0,256
defactify,1,4,14785,0.18966382338183643,0.04758389666676521,-0.010479419492185116,0.2079149092035253,JPEG,14.039724349975586,8.0,0.07954023033380508,16.094337463378906,0.17543962597846985,20.0,-2.009550785394015,256,0.0,0.9138394594192505,10.165101051330566,8.950933456420898,0.7200812101364136,0.2799188196659088,1.4446277788817048,4.868192732362555,0.13003955314662052,0.5611900338035245,0.4051085148810643,1.0,256
defactify,0,0,40239,0.3733991950237834,0.11430005729198456,0.006646726746112108,0.18683070463169602,JPEG,24.877853393554688,8.0,0.017716290429234505,18.24945831298828,0.13002370297908783,20.0,-2.400851505947857,256,0.0,0.7897029519081116,4.356723308563232,8.263870239257812,0.4724610447883606,0.5275389552116394,1.1649211692682655,1.3237574490580544,0.2977047249835093,0.8022856350415539,0.39593036943671883,1.0,256
defactify,1,2,67594,0.477075874812334,0.05684715509414673,0.002998110605403781,0.24034124306727803,JPEG,19.74374008178711,10.0,0.011402623727917671,15.879769325256348,0.13003526628017426,20.0,-2.5044297900235795,256,0.0,0.7384173274040222,4.028146743774414,2.919539213180542,0.6931542158126831,0.3068458139896393,1.334178318390387,1.328810508578432,0.26551440603914755,0.7543966768860082,0.3951378924039406,1.0,256
defactify,0,0,7901,0.9245902227323267,0.05917918682098389,-0.012985427863895893,0.055616336853468167,JPEG,14.633321762084961,10.0,0.06438793987035751,19.62493896484375,0.5029494166374207,20.0,-1.5033109148238273,256,0.0,0.7668173909187317,2.1286587715148926,-1.0537405014038086,-0.2298825979232788,1.2298825979232788,1.1702897828652123,0.30770684652537467,0.879552594526924,0.9661056745541015,0.1697647005251279,1.0,256
defactify,1,2,99397,0.8967119455704905,0.03513453155755997,0.008492976427078247,0.09423221026535501,JPEG,27.35411834716797,10.0,0.004562204238027334,23.812679290771484,0.0542815700173378,20.0,-2.902475104775984,256,0.0,0.6969514489173889,2.220970869064331,6.426990509033203,0.5429590940475464,0.457040935754776,1.1682454536732267,0.4850440635813148,0.5962854497624526,0.8953294709270255,0.2665032492452639,1.0,256
defactify,1,3,131568,0.5783666061705989,0.1586477905511856,-0.0024927090853452682,0.33537764247736374,JPEG,28.449878692626953,10.0,0.005189359653741121,25.06791114807129,0.09237225353717804,20.0,-2.4729565091219805,256,0.0,0.6267008185386658,4.760695934295654,9.204296112060547,0.5965735912322998,0.4034263789653778,1.416873799247406,2.0743256800269134,0.19496320040001944,0.7364593198818818,0.3822596471391372,1.0,256
defactify,1,5,22670,0.29634073185362925,0.09988217800855637,0.018699748441576958,0.20024595551739977,JPEG,27.0987491607666,10.0,0.003113748738542199,19.47458839416504,0.08806979656219482,20.0,-2.727512391965571,256,0.0,0.5388137698173523,2.7245326042175293,4.7669782638549805,0.7751548290252686,0.22484514117240906,1.4304889502563503,0.9738841280997692,0.17011618361360123,0.740203327064108,0.3816283594416129,1.0,256
defactify,1,1,63478,0.7340735937753282,0.05252420902252197,0.01613728702068329,0.22916974274585836,JPEG,18.32976531982422,8.0,0.04564071446657181,24.108245849609375,0.08741836994886398,20.0,-2.533411441333299,256,0.0,0.9091988205909729,7.80330753326416,10.670241355895996,0.73968106508255,0.26031893491744995,1.3594129195629365,2.864791741757978,0.20433541969515875,0.6699188357100887,0.38237836618370347,1.0,256
defactify,1,3,125098,0.5489578284052351,0.004570800811052322,0.0017999926349148154,0.19266928498802846,JPEG,21.508695602416992,10.0,0.00892884936183691,26.661901473999023,0.07629170268774033,20.0,-2.5362966300491068,256,0.0,0.7718949913978577,2.8677759170532227,6.59556770324707,0.49540889263153076,0.5045911073684692,1.2564485408790025,0.6067610264081121,0.4429252167844852,0.8720264077026146,0.3544969679754034,1.0,256
defactify,1,5,16748,0.6659619450317125,0.042408622801303864,0.027852287515997887,0.088121530768102,JPEG,27.416189193725586,10.0,0.0060852812603116035,28.768110275268555,0.11723023653030396,20.0,-2.727767540113956,256,0.0,0.5538588762283325,2.4318459033966064,3.7975010871887207,0.6188744902610779,0.3811255097389221,1.4431275447491312,0.7578373552239526,0.2075830490417275,0.7797531140089535,0.37990713460919906,1.0,256
defactify,1,1,96429,0.11891891891891893,0.005551123525947332,0.005496036261320114,0.04815313234014783,JPEG,20.962852478027344,10.0,0.015817079693078995,19.22768211364746,0.43853887915611267,20.0,-1.8240098505309985,256,0.0,0.5784748792648315,6.329957008361816,1.200337290763855,0.8026516437530518,0.19734834134578705,1.5528708762054189,3.6697847432477904,0.1494998974651945,0.5380670445480812,0.39867709508464194,1.0,256
defactify,1,4,13943,0.744901180779188,0.12318267673254013,0.007530445698648691,0.2715481841464603,JPEG,12.145803451538086,8.0,0.058931201696395874,22.174190521240234,0.14114554226398468,20.0,-2.2085716527785237,256,0.0,0.9094820022583008,11.856184959411621,7.935182571411133,0.6802088022232056,0.31979119777679443,1.5711672615677854,6.780167123221842,0.2631383108500019,0.5983176346108203,0.3788578628667449,1.0,256
defactify,1,4,16703,0.10648367250354945,0.15950524806976318,-0.006741688121110201,0.23286250929352098,JPEG,14.76744270324707,10.0,0.05367981269955635,14.595542907714844,0.17843052744865417,20.0,-2.2782762697729497,256,0.0,0.8697799444198608,8.408576965332031,6.959690570831299,0.8258333206176758,0.17416667938232422,1.4837570262546977,3.7476464280565196,0.13558827939218315,0.5783832577469272,0.40536661965924664,1.0,256
defactify,0,0,32990,0.41641337386018235,0.07411757111549377,0.02234911173582077,0.2182892359628383,JPEG,14.924378395080566,8.0,0.021115880459547043,15.540204048156738,0.07527991384267807,20.0,-2.6732793738872522,256,0.0,0.8827489018440247,5.698432922363281,3.8893797397613525,0.558631181716919,0.44136881828308105,1.343439772650503,1.883116634827951,0.15632860456766112,0.6588763872107815,0.4041354848141233,1.0,256
defactify,1,3,86024,0.5980249559825461,0.04358525574207306,-0.009760531596839428,0.2946065250251075,JPEG,21.580078125,10.0,0.00539779756218195,19.866592407226562,0.06229851767420769,20.0,-2.825805457761285,256,0.0,0.7164955139160156,3.111907482147217,4.911504745483398,0.20211583375930786,0.7978841662406921,1.2542952485582721,0.8035185535611309,0.538778199605936,0.9151534102509464,0.3577334118725192,1.0,256
defactify,1,3,128251,0.37259876766944544,0.04059908166527748,0.02231285721063614,0.3257326066940665,JPEG,21.48512077331543,6.0,0.041380301117897034,20.883018493652344,0.17413872480392456,20.0,-1.945713693831949,256,0.0,0.8662174344062805,10.099845886230469,10.607404708862305,0.6554245352745056,0.3445754647254944,1.5531936813455325,5.2996274269511705,0.1677541087715586,0.5660089749487515,0.40363821982119436,1.0,256
defactify,1,1,93204,0.2191142191142191,0.07338637113571167,0.015391252003610134,0.24694529650236774,JPEG,13.085907936096191,10.0,0.0262383334338665,13.202398300170898,0.10135290026664734,20.0,-2.419819057281276,256,0.0,0.866112470626831,6.4911603927612305,3.819664478302002,0.7492302060127258,0.25076979398727417,1.4514198605228494,2.4068920457276057,0.14189767377059104,0.5941431252769677,0.40986889873053634,1.0,256
defactify,1,1,47113,0.8625194713833476,0.10030949115753174,0.00577158248052001,0.2905895688998749,JPEG,26.448970794677734,10.0,0.004055460449308157,15.32876968383789,0.07608293741941452,20.0,-2.4893074457177904,256,0.0,0.5817188024520874,2.8294899463653564,2.9879884719848633,0.18113219738006592,0.8188678026199341,1.4476333343931862,0.8667694065984233,0.5968680442153511,0.8651623007844674,0.27556497922667567,1.0,256
defactify,1,1,47846,0.7199837567116365,0.020389094948768616,0.009922300465404987,0.10040878666125753,JPEG,22.46310806274414,10.0,0.022981321439146996,21.774723052978516,0.10416796058416367,20.0,-2.5757388189045547,256,0.0,0.8604306578636169,4.727635383605957,14.607471466064453,0.2770042419433594,0.7229957580566406,1.3260419138037602,1.3644489198865823,0.28914409660687923,0.812424649870246,0.36867734542641195,1.0,256
defactify,1,5,20895,0.5460402684563759,0.1419142186641693,-0.0021701271180063486,0.2775563194273673,JPEG,32.7697868347168,10.0,0.002267183968797326,23.219669342041016,0.09256287664175034,20.0,-2.7593847533489875,256,0.0,0.4882456362247467,2.7058863639831543,5.757170677185059,0.7347375154495239,0.26526251435279846,1.5110043657073122,1.1017827878700501,0.19390979650186224,0.7632880113332403,0.3772081241169227,1.0,256
defactify,1,5,16988,0.33758125213821416,0.04801949858665466,0.01772470399737358,0.15621383740817374,JPEG,29.968032836914062,10.0,0.0031687745358794928,28.472774505615234,0.07093049585819244,20.0,-2.865893328149402,256,0.0,0.5294761061668396,1.7946521043777466,4.149723529815674,0.5861436724662781,0.4138563275337219,1.3806802305334964,0.5288258272058826,0.23933083475509978,0.8321177097677916,0.37583518275312694,1.0,256
defactify,1,1,74387,0.6920877025738799,0.07272723317146301,0.010263456963002682,0.187329181248181,JPEG,34.3367805480957,10.0,0.00894193071871996,29.9676513671875,0.16102197766304016,20.0,-2.429102456794134,256,0.0,0.6625836491584778,3.619391918182373,10.59186840057373,0.723598301410675,0.27640169858932495,1.4061892871872614,1.198085216623414,0.2848594638360474,0.7578481435292113,0.3887590261825248,1.0,256
defactify,1,2,97521,0.5563850405570311,0.021080927923321724,0.003211938077583909,0.1374055064409386,JPEG,18.83416748046875,10.0,0.01686832867562771,16.390146255493164,0.15628844499588013,20.0,-2.2981878138534846,256,0.0,0.7646551728248596,4.372429847717285,2.8692638874053955,0.5734430551528931,0.42655694484710693,1.3432420897509534,1.4068949742887362,0.3947793936382184,0.7642994138774895,0.3915616729906293,1.0,256
defactify,1,2,131156,0.4281904761904762,0.054584190249443054,0.006789762526750565,0.1445124347570748,JPEG,21.94934844970703,6.0,0.00802964810281992,19.70012092590332,0.11232184618711472,20.0,-2.524467659208846,256,0.0,0.6786672472953796,4.4506916999816895,5.063490390777588,0.7342392206192017,0.26576077938079834,1.5232781771115842,1.634879643646674,0.1758912608989135,0.6905263794245071,0.39930594765929533,1.0,256
defactify,1,1,74507,0.33631805157593125,0.05445222184062004,0.006665436085313559,0.17688624675228556,JPEG,20.928173065185547,10.0,0.03925825282931328,21.336973190307617,0.20256547629833221,20.0,-2.2832941245260128,256,0.0,0.8331481218338013,6.712132453918457,9.863900184631348,0.6659865379333496,0.334013432264328,1.4910332468327068,2.714184703599578,0.1885859100296484,0.6586670919221979,0.40346072629040114,1.0,256
defactify,0,0,44894,0.3013567438148444,0.08467338979244232,0.010535581968724728,0.14376518030111005,JPEG,19.952489852905273,10.0,0.043185360729694366,20.966819763183594,0.24001841247081757,20.0,-2.1314375400427057,256,0.0,0.8170776963233948,6.675668239593506,8.851356506347656,0.6226552128791809,0.3773447871208191,1.414536106998316,2.644044988706269,0.19814007592749586,0.6896981227071578,0.40222503278613664,1.0,256
defactify,0,0,57854,0.40596947935368044,0.07783344388008118,0.011098085902631283,0.17787154296016683,JPEG,14.983616828918457,10.0,0.04561278969049454,13.588571548461914,0.21678178012371063,20.0,-2.2032276627543004,256,0.0,0.843646228313446,9.440563201904297,4.984044551849365,0.7887560725212097,0.21124392747879028,1.5612999320901257,5.051620695766054,0.13533127699431458,0.5524660624661668,0.4074118450988726,1.0,256
defactify,1,2,115194,0.7337088026700042,0.019998466596007347,-0.0063425227999687195,0.057360479295158646,JPEG,25.369176864624023,8.0,0.009010550566017628,24.959495544433594,0.08635799586772919,20.0,-2.510113316344606,256,0.0,0.7559303641319275,3.6189236640930176,9.726768493652344,0.40532487630844116,0.5946751236915588,1.349299774550789,1.0047465968617835,0.2571594899827842,0.8092706695686925,0.36092593853316923,1.0,256
defactify,0,0,36104,0.39967620075553156,0.0805124044418335,0.0038900708314031363,0.30063777182610846,JPEG,21.043302536010742,10.0,0.013194872066378593,26.334625244140625,0.08532900363206863,20.0,-2.5165044253246385,256,0.0,0.80990070104599,5.030330181121826,8.887129783630371,0.5729745626449585,0.4270254373550415,1.27328951456646,1.6315840662245291,0.20362896538636643,0.7579666364800994,0.38903207016866653,1.0,256
defactify,1,2,90168,0.4792181796773814,0.04103204235434532,0.014806869439780712,0.17998603708274294,JPEG,22.503488540649414,10.0,0.008924474939703941,18.304174423217773,0.11743561178445816,20.0,-2.497406663188489,256,0.0,0.6787245869636536,3.7241811752319336,4.240805625915527,0.7573984861373901,0.24260152876377106,1.382692105754323,1.218255809063821,0.19426157182780107,0.7508588768916951,0.38811164799787085,1.0,256
defactify,1,2,71928,0.38356854838709675,0.07563938945531845,-0.01433130819350481,0.16992128121471342,JPEG,20.49530792236328,10.0,0.0038912449963390827,16.719383239746094,0.040195588022470474,20.0,-3.008861549120618,256,0.0,0.7503061890602112,3.083562135696411,3.9106104373931885,0.5644310116767883,0.43556898832321167,1.1091832137312456,0.8838596783688961,0.2135504076329159,0.8310882978725828,0.3885990172876143,1.0,256
defactify,1,2,76418,0.5417402472306951,0.05314607918262482,0.025395363569259644,0.1966651168760351,JPEG,20.228809356689453,10.0,0.00463320966809988,19.41851806640625,0.04068808630108833,20.0,-2.960057157874678,256,0.0,0.7867798209190369,2.4268898963928223,2.6692895889282227,0.309589684009552,0.690410315990448,1.1610978754924361,0.5434670859765477,0.2661475066375249,0.8346267108674306,0.3662748836653553,1.0,256
defactify,0,0,43265,0.37491971740526653,0.0287473127245903,0.015044811181724072,0.17159216643038636,JPEG,19.32101058959961,8.0,0.058910731226205826,23.336345672607422,0.1984766721725464,20.0,-2.1468950008357166,256,0.0,0.8906797170639038,9.664276123046875,11.111454010009766,0.7037646770477295,0.2962353229522705,1.525512107633682,4.774540486231258,0.13836985628022494,0.5841727728491493,0.39637225158147565,1.0,256
defactify,1,3,80009,0.5315449968533669,0.04945801943540573,-0.008167545311152935,0.12182855705873155,JPEG,22.9145450592041,10.0,0.017143145203590393,29.16629981994629,0.09971670061349869,20.0,-2.5727748805309565,256,0.0,0.8137103319168091,3.782358169555664,9.541150093078613,0.24100172519683838,0.7589982748031616,1.3108076724179256,0.957660560241254,0.25634306873000484,0.8135222572576875,0.38069780204594306,1.0,256
defactify,0,0,33382,0.4667546441985585,0.06571715325117111,0.013646787032485008,0.22522194895118314,JPEG,16.392967224121094,10.0,0.019285423681139946,22.28976058959961,0.11031864583492279,20.0,-2.4254941324944155,256,0.0,0.8110394477844238,5.821665287017822,8.470571517944336,0.5036726593971252,0.49632734060287476,1.3119068282664248,2.115632659313725,0.18753727829800684,0.7442210081355891,0.39399608238308687,1.0,256
defactify,1,3,86769,0.7113865091907178,0.02718946523964405,0.010209626518189907,0.1840117463710456,JPEG,19.85451889038086,10.0,0.01311503630131483,17.17925453186035,0.07864867150783539,20.0,-2.7497452550876975,256,0.0,0.8014367818832397,6.208027362823486,4.4269795417785645,0.5246243476867676,0.4753756523132324,1.3831334867474634,2.4875591869713576,0.18845743114248076,0.6965273089270098,0.3849204195321638,1.0,256
defactify,0,0,19691,0.5983954213296541,0.15399272739887238,0.007562399376183748,0.34562625742420644,JPEG,27.123817443847656,10.0,0.010304796509444714,27.561120986938477,0.07320728898048401,20.0,-2.65462924832791,256,0.0,0.8092473149299622,4.805771827697754,13.1370849609375,0.18785041570663452,0.8121495842933655,1.3098475149650468,1.5572932285659369,0.2112627242184838,0.8182920027312254,0.3701866316413558,1.0,256
defactify,0,0,45580,0.5310897965933521,0.0867602750658989,0.012227391824126244,0.2623042748372024,JPEG,21.55613899230957,10.0,0.010931630618870258,23.219053268432617,0.06283992528915405,20.0,-2.576369073659076,256,0.0,0.8343013525009155,5.495515823364258,7.951745510101318,0.5208529233932495,0.4791471064090729,1.27249807988213,1.8614958639705868,0.3559150432199076,0.7661711636299644,0.39426034588858305,1.0,256
defactify,1,3,147594,0.6434909800097514,0.12272659689188004,-0.0021259558852761984,0.3929478802139328,JPEG,21.293413162231445,10.0,0.010195779614150524,18.38256072998047,0.11507977545261383,20.0,-2.604367310945512,256,0.0,0.7125791311264038,6.645949363708496,4.266573429107666,0.6809377074241638,0.3190622925758362,1.452175991861778,3.307187139561706,0.3432848426343747,0.7483502997842698,0.37565215309514866,1.0,256
defactify,1,4,15326,0.34147545028374043,0.15667730569839478,-0.0020813459996134043,0.26777117549561164,JPEG,18.06511688232422,10.0,0.03175787255167961,14.614681243896484,0.22575463354587555,20.0,-2.1233718216397204,256,0.0,0.7952702045440674,7.50047492980957,3.05039644241333,0.6205310821533203,0.3794689476490021,1.4860657999512863,3.747633737624953,0.14300246583428317,0.6245582354349075,0.40002660894265324,1.0,256
defactify,1,4,12140,0.40705128205128205,0.06809588521718979,0.0050503648817539215,0.2999836655829159,JPEG,13.94239330291748,10.0,0.033314235508441925,14.257736206054688,0.140524223446846,20.0,-2.5451732468838792,256,0.0,0.8425716161727905,6.84865140914917,1.589666724205017,0.6993517875671387,0.3006482422351837,1.3761288028391225,2.7656351072904664,0.20186559022605963,0.693681961656017,0.40122559496614524,1.0,256
defactify,1,1,94137,0.5712593762337149,0.20992416143417358,0.0014227312058210373,0.3743376787685035,JPEG,24.898977279663086,10.0,0.0032682367600500584,25.213096618652344,0.06516627222299576,20.0,-2.6706467472315825,256,0.0,0.6080017685890198,3.2473344802856445,4.206057548522949,0.5886569023132324,0.41134312748908997,1.353806608292151,1.0560885386630137,0.2478143966947261,0.8084132497325682,0.38185039341376664,1.0,256
defactify,1,4,19668,0.17027863777089783,0.10994291305541992,-0.0017646701307967305,0.28302363109207024,JPEG,11.809783935546875,10.0,0.0898364707827568,19.461130142211914,0.3074917793273926,20.0,-2.001685626531226,256,0.0,0.8805786371231079,12.06694221496582,4.531424522399902,0.8377763032913208,0.1622236967086792,1.601003905446549,7.569881626057288,0.11871254134011366,0.4988902476344879,0.39994923091754997,1.0,256
defactify,1,2,56585,0.6014194874429957,0.042055644094944,0.020912500098347664,0.12117394850690759,JPEG,24.95100975036621,10.0,0.011972109787166119,25.81437110900879,0.09104999899864197,20.0,-2.6932197279334424,256,0.0,0.7833056449890137,3.2714662551879883,9.429577827453613,0.4595192074775696,0.5404807925224304,1.2766418721909563,0.807401405108612,0.272850102417352,0.852647201852199,0.33751209323208387,1.0,256
defactify,1,3,105386,0.578120068177514,0.07143811881542206,-0.0001439219486201182,0.299017786868461,JPEG,18.779434204101562,10.0,0.009374394081532955,19.64101219177246,0.04711887612938881,20.0,-2.86580832977779,256,0.0,0.8426674604415894,5.377295017242432,3.0324184894561768,0.5290713310241699,0.47092869877815247,1.2970960083889387,1.8147895641099574,0.2600477030709205,0.7637079588751301,0.3887218717137169,1.0,256
defactify,0,0,39149,0.8518276762402088,0.029629910364747047,0.007193753030151129,0.20046839283526788,JPEG,8.547338485717773,10.0,0.1309259980916977,12.404986381530762,0.20029659569263458,20.0,-1.9346230708348033,256,0.0,0.9330261945724487,14.881632804870605,3.2628087997436523,0.5080958604812622,0.4919041693210602,1.649968473704772,9.617034554017684,0.25852320616929664,0.5797839162213112,0.37435944951640854,1.0,256
defactify,1,5,17182,0.38267315265230484,0.2049134075641632,-0.004904610570520163,0.3381856193776357,JPEG,25.51416015625,10.0,0.0033766557462513447,17.740116119384766,0.08811493217945099,20.0,-2.8860845829898505,256,0.0,0.5491118431091309,2.0049140453338623,4.023576259613037,0.48512279987335205,0.514877200126648,1.3561572512460467,0.5919517583381391,0.23673525665050077,0.826440753900181,0.3809292369145195,1.0,256
defactify,1,1,55671,0.30407712392046593,0.09708751738071442,0.0,0.12514690409802826,JPEG,11.200389862060547,10.0,0.10229530930519104,15.825119972229004,0.2820197641849518,20.0,-2.157041354727701,256,0.0,0.9051011204719543,2.935811758041382,4.786767482757568,0.8485702276229858,0.15142974257469177,1.455136806612242,0.5621636509996157,0.41261978444103586,0.7770871400618626,0.4076653661853799,1.0,256
defactify,0,0,82135,0.07042253521126761,0.15030691027641296,-0.013860179111361504,0.3329241846910668,JPEG,30.13235092163086,3.0,0.1564921736717224,45.83248519897461,0.4921543002128601,20.0,-2.076555092214009,256,0.0,0.9025600552558899,22.55701446533203,24.97897720336914,0.7729056477546692,0.22709433734416962,1.8627131721872467,21.916995476499412,0.09477682505111672,0.29218560323064124,0.39617938618082005,1.0,256
defactify,1,1,72637,0.5317230821568294,0.035643115639686584,-0.007461282890290022,0.1321260060928608,JPEG,18.166732788085938,10.0,0.010668679140508175,14.606771469116211,0.03999638184905052,20.0,-2.8275184380295237,256,0.0,0.8713279962539673,4.476384162902832,5.5790510177612305,0.28151077032089233,0.7184892296791077,1.2367049996193895,1.1604747723231448,0.2759629159162412,0.8426222990511525,0.35000309254389256,1.0,256
defactify,1,3,214025,0.5089967832730197,0.09378287196159363,-0.0009248735150322318,0.34351709207625786,JPEG,15.963836669921875,10.0,0.04432190954685211,11.74079704284668,0.0947904884815216,20.0,-2.293092893637768,256,0.0,0.9059301614761353,8.276869773864746,3.680838108062744,0.31698232889175415,0.6830176711082458,1.5199372758549083,3.2538746065215314,0.4323338354065615,0.7096208104308457,0.37015388620618406,1.0,256
defactify,0,0,21329,0.588240845602114,0.05805066600441933,0.02166023477911949,0.12391246933479055,JPEG,18.5417537689209,10.0,0.017713282257318497,17.98568344116211,0.0718543753027916,20.0,-2.532140683583481,256,0.0,0.8761835098266602,3.60158109664917,9.83513355255127,0.5231198072433472,0.4768802225589752,1.2095790407204112,0.7728918264609763,0.28747667309484426,0.8629076367730131,0.3490725137980682,1.0,256
defactify,1,1,102776,0.16932624113475178,0.041715532541275024,-0.00940768700093031,0.11278740917388094,JPEG,19.624191284179688,10.0,0.025286493822932243,16.512657165527344,0.13807183504104614,20.0,-2.4807664639399674,256,0.0,0.8320809602737427,4.3586812019348145,5.961798667907715,0.664443850517273,0.33555614948272705,1.2993958788870403,1.2894352082131877,0.26637194544284737,0.7327580486853388,0.40476066472844174,1.0,256
defactify,0,0,19113,0.6871709222668856,0.12698224186897278,0.008337951265275478,0.29027432347771903,JPEG,32.711490631103516,10.0,0.0023323209024965763,28.43313980102539,0.01985245756804943,20.0,-3.130906197641163,256,0.0,0.6500583291053772,1.2531254291534424,5.148312568664551,0.42447423934936523,0.5755257606506348,1.0692550191652934,0.23927629998077646,0.3207375683215491,0.9257259769187187,0.31989383193205456,1.0,256
defactify,0,0,43310,0.32945855001529517,0.0,0.0,0.0,JPEG,25.799144744873047,10.0,0.03634488582611084,25.349950790405273,0.20280860364437103,20.0,-2.2904456043420347,256,0.0,0.8056297898292542,9.232202529907227,9.951726913452148,0.6914247274398804,0.30857527256011963,1.5451551220530966,5.040701968593808,0.16213260003728863,0.6167130116786664,0.40263357210378403,1.0,256
defactify,1,2,125431,0.5470919840505981,0.05927420035004616,0.001543416059575975,0.14143867139827349,JPEG,26.91014862060547,10.0,0.005130246747285128,20.74024200439453,0.08921249955892563,20.0,-2.716578661223842,256,0.0,0.5307220816612244,1.7697601318359375,2.833425998687744,0.7461798191070557,0.25382018089294434,1.3461160378519352,0.44720828527489437,0.27782333973180795,0.8164413981347751,0.38201806107782554,1.0,256
defactify,1,1,132238,0.309775429326288,0.07427215576171875,0.006009893957525492,0.18507838206266283,JPEG,12.184925079345703,10.0,0.09368406981229782,12.291569709777832,0.2371901571750641,20.0,-2.0588038605352286,256,0.0,0.9006234407424927,10.080900192260742,4.693418502807617,0.8671064972877502,0.13289351761341095,1.503975627540052,5.0175984296905085,0.11485691076529735,0.466685249431116,0.4057809987109,1.0,256
defactify,1,3,80214,0.6730063850020378,0.06571978330612183,0.005144975613802671,0.19957971899396917,JPEG,20.543710708618164,10.0,0.003996919374912977,16.730592727661133,0.07033684104681015,20.0,-2.790665994961464,256,0.0,0.6300631165504456,2.961392402648926,2.3123111724853516,0.014086246490478516,0.9859137535095215,1.4077792871305186,0.9291743860534409,0.41458672286523085,0.8662097961861713,0.352025975860416,1.0,256
defactify,1,3,77687,0.6166342266806408,0.03238987922668457,0.006297409534454346,0.0757237063030196,JPEG,27.759504318237305,8.0,0.028459085151553154,26.89769744873047,0.22858980298042297,20.0,-2.3006610420244775,256,0.0,0.740893542766571,4.001980304718018,10.530365943908691,0.35941213369369507,0.6405878663063049,1.4338760556203516,1.1543153024077273,0.39980656143388016,0.7984517148846465,0.36894613603391957,1.0,256
defactify,0,0,27940,0.42106380719821634,0.07686946541070938,-0.006033381447196007,0.25689670695514694,JPEG,17.41783905029297,10.0,0.025831539183855057,17.182247161865234,0.12640464305877686,20.0,-2.4928220673027277,256,0.0,0.8543941974639893,8.100874900817871,5.188875198364258,0.6748284101486206,0.3251715898513794,1.4115189820867748,3.711148791930989,0.18288614470261572,0.7020052700097926,0.39956985978324466,1.0,256
defactify,1,2,96786,0.4809471965160588,0.13835392892360687,0.009936753660440445,0.2751947164632637,JPEG,21.760292053222656,10.0,0.004475006368011236,14.400949478149414,0.04428543895483017,20.0,-2.589345865610539,256,0.0,0.7511237263679504,2.4283175468444824,2.6083314418792725,0.4796730875968933,0.5203269124031067,1.1848205656029596,0.5333503189878895,0.2649364294869204,0.8344330569056599,0.3793750827794655,1.0,256
defactify,1,1,65358,0.2938812785388128,0.04335050284862518,0.002466953592374921,0.21518501560161468,JPEG,20.103565216064453,10.0,0.013694762252271175,18.821483612060547,0.08431801944971085,20.0,-2.70664710087423,256,0.0,0.8209509253501892,3.888070583343506,6.8479204177856445,0.6736476421356201,0.3263523280620575,1.1528080753075862,1.0856648584678972,0.21454222301237588,0.7678937675320936,0.40406133873269007,1.0,256
defactify,1,1,59542,0.6061853599759012,0.009257880970835686,0.009732144884765148,0.0544500696996726,JPEG,22.79515266418457,10.0,0.015108622610569,16.543874740600586,0.21940749883651733,20.0,-2.2327323946860025,256,0.0,0.6579027771949768,4.011598587036133,2.0327541828155518,0.33279114961624146,0.6672088503837585,1.305905551940439,1.3266198397251059,0.28949687331835877,0.8070035857335154,0.37007828985944513,1.0,256
defactify,1,5,22870,0.5197449379125182,0.1571112424135208,0.011175211519002914,0.28494764441226655,JPEG,26.912273406982422,10.0,0.0038489755243062973,24.165916442871094,0.15480418503284454,20.0,-2.7213101952947696,256,0.0,0.46673181653022766,2.9912400245666504,6.804430961608887,0.773890495300293,0.22610951960086823,1.5555863853837693,1.327681931228373,0.23096052225661476,0.7109073399785537,0.36962520249075115,1.0,256
defactify,1,5,19658,0.4432394366197183,0.07419096678495407,0.007817658595740795,0.18616956241662558,JPEG,27.205373764038086,10.0,0.004020668566226959,23.608915328979492,0.09438040107488632,20.0,-2.5928432867228413,256,0.0,0.5374278426170349,2.6434004306793213,4.115279197692871,0.5506147146224976,0.44938531517982483,1.520359437465927,0.835840647227028,0.20513378830652673,0.773125008800955,0.37919014878153756,1.0,256
defactify,1,5,17374,0.4666061156524372,0.0779583528637886,0.006884170230478048,0.19013144502596005,JPEG,28.855493545532227,10.0,0.0027928596828132868,22.51583480834961,0.06835561245679855,20.0,-2.850019927313628,256,0.0,0.5291665196418762,2.082667589187622,6.110867977142334,0.6017583608627319,0.39824166893959045,1.3998257862032328,0.5890748750480582,0.23775723845162872,0.832456705876052,0.3671954359172689,1.0,256
defactify,1,1,66443,0.5143483649537611,0.11732979863882065,0.009464961476624012,0.25000605961821426,JPEG,19.536334991455078,10.0,0.01188418734818697,16.461549758911133,0.06170878931879997,20.0,-2.73113935653575,256,0.0,0.8456287980079651,5.07503080368042,6.317962646484375,0.6761925220489502,0.3238074481487274,1.2590072068253109,1.659784037389466,0.16880773744053598,0.7241432791717537,0.3988038143623127,1.0,256
defactify,1,3,35755,0.915311895051403,0.06982456892728806,-0.004624988418072462,0.13896837758100436,JPEG,23.07471466064453,10.0,0.011390261352062225,19.033227920532227,0.12419718503952026,20.0,-2.600025239131239,256,0.0,0.729988694190979,3.1050848960876465,3.5417661666870117,0.05109435319900513,0.9489056468009949,1.303249231346555,0.7391047613898498,0.8470721221205627,0.930909502869047,0.1913693359858961,1.0,256
defactify,0,0,30492,0.6459125475285171,0.02324814349412918,0.0016742432489991188,0.1670556186938718,JPEG,23.617900848388672,10.0,0.004705570172518492,16.93841552734375,0.0868716612458229,20.0,-2.5015838249678377,256,0.0,0.6419782638549805,4.3092193603515625,3.7006380558013916,0.6302834749221802,0.36971649527549744,1.3879040979857447,1.770531526336026,0.2158674103292529,0.743793821878023,0.38153927371151347,1.0,256
defactify,0,0,41893,0.5349213691026827,0.07124114781618118,-0.0030106159392744303,0.29689411582873393,JPEG,17.55750846862793,10.0,0.0480036586523056,17.973661422729492,0.1661689430475235,20.0,-2.3480247477204217,256,0.0,0.8826293349266052,10.610791206359863,9.591609954833984,0.7193375825881958,0.2806623876094818,1.4885812406346817,5.756116953215109,0.15564184163493897,0.6129779060006331,0.3965962245805752,1.0,256
defactify,1,4,12518,0.4156200375342861,0.05722111091017723,0.003680013818666339,0.1711685911513915,JPEG,20.8359375,10.0,0.018577147275209427,22.944313049316406,0.14167994260787964,20.0,-2.480526226661125,256,0.0,0.7885367274284363,7.04998254776001,7.073123455047607,0.7225109338760376,0.2774890959262848,1.433792056247058,3.320464004229144,0.1675934766251313,0.693284636707004,0.39814910659619285,1.0,256
defactify,1,5,16171,0.39957716701902746,0.04356541857123375,0.010164696723222733,0.17425218973267226,JPEG,27.572738647460938,10.0,0.002875735517591238,21.393630981445312,0.11202216893434525,20.0,-2.7922716218863317,256,0.0,0.4895455837249756,2.4806251525878906,5.3286261558532715,0.8343555927276611,0.16564439237117767,1.398503364475375,0.9060353740148022,0.19766578277461888,0.7505786122536252,0.367722035664116,1.0,256
defactify,1,4,11912,0.41896475446099396,0.06622578948736191,-0.002262167865410447,0.19586451892669002,JPEG,26.306848526000977,10.0,0.022902684286236763,24.59195899963379,0.20393037796020508,20.0,-2.3590927628648806,256,0.0,0.7796254754066467,7.4679179191589355,12.747549057006836,0.5986121892929077,0.4013878405094147,1.4775718712521984,3.645672773092081,0.18370375002132702,0.6968141567797335,0.39542534197716006,1.0,256
defactify,1,4,9204,0.4258010896666359,0.030073758214712143,-0.002869760850444436,0.12379628950521909,JPEG,31.718233108520508,10.0,0.0217534601688385,29.04899787902832,0.10658495128154755,20.0,-2.597859259046806,256,0.0,0.841775119304657,6.189215660095215,19.267589569091797,0.6591371893882751,0.34086281061172485,1.3362559006447152,2.1971107566801225,0.18013329484753254,0.7488353260105234,0.37188035580417567,1.0,256
defactify,1,1,47132,0.5408682908957685,0.040959134697914124,0.00782387237995863,0.23623972090016412,JPEG,25.719688415527344,10.0,0.004281000699847937,22.837718963623047,0.043200746178627014,20.0,-2.846813498304633,256,0.0,0.7138909697532654,2.5184454917907715,0.8881663084030151,0.34270578622817993,0.6572942137718201,1.1715001006521373,0.597413960375817,0.536535683153794,0.896742028962612,0.3652194005064944,1.0,256
defactify,1,1,96511,0.37490924931029473,0.18415376543998718,0.013619174249470234,0.28096356508806297,JPEG,17.576534271240234,8.0,0.03754134103655815,15.569364547729492,0.19044263660907745,20.0,-2.0770235844514673,256,0.0,0.8357462286949158,7.492579936981201,5.6328582763671875,0.6830043196678162,0.31699568033218384,1.5266532975335148,3.2301907769848137,0.1608349621948251,0.6034586279479662,0.4052422457358809,1.0,256
defactify,0,0,28647,0.7228133453561767,0.056682005524635315,0.01898035779595375,0.22901441206783363,JPEG,25.286643981933594,6.0,0.036583494395017624,27.985200881958008,0.10147897154092789,20.0,-2.408700449369724,256,0.0,0.8724021911621094,6.841161727905273,9.539471626281738,0.665880560874939,0.33411940932273865,1.4902379216142594,2.445422854190697,0.2116895066747612,0.7084024205296782,0.3790502379317,1.0,256
defactify,1,4,16367,0.3500889679715303,0.0951162576675415,0.002312133088707924,0.1854958586342826,JPEG,14.661380767822266,10.0,0.07176867127418518,14.736459732055664,0.2022186815738678,20.0,-2.2640010372016115,256,0.0,0.8949378728866577,10.148804664611816,7.48526668548584,0.8236267566680908,0.17637325823307037,1.5675687588490963,5.184166231137061,0.12685537521712703,0.5568868120604118,0.40020759578357185,1.0,256
defactify,1,3,164813,0.5375436745995121,0.1697354018688202,0.005800324492156506,0.33920720823453965,JPEG,23.468612670898438,10.0,0.009063483215868473,20.763261795043945,0.09383688122034073,20.0,-2.4635784106597787,256,0.0,0.7450650334358215,6.0887322425842285,7.856197834014893,0.6131744384765625,0.3868255615234375,1.459933903946673,2.7205542940215297,0.22122336831929085,0.7418946785131322,0.3876090099524548,1.0,256
defactify,1,3,178799,0.23134823998228912,0.03716548904776573,0.007001452147960663,0.20542807729553117,JPEG,13.355279922485352,10.0,0.057491231709718704,16.843971252441406,0.13307791948318481,20.0,-2.2816767054254883,256,0.0,0.9109788537025452,10.151299476623535,6.28699254989624,0.6760824918746948,0.3239175081253052,1.4330637882366302,4.915542835087468,0.15225509121272526,0.5764263600508484,0.39994987325203063,1.0,256
defactify,1,1,57618,0.4257669486175988,0.11082690209150314,0.011913483962416649,0.23703739107212077,JPEG,23.438539505004883,10.0,0.004356544464826584,15.327385902404785,0.04191979020833969,20.0,-3.0641545729683126,256,0.0,0.7487557530403137,2.4307796955108643,4.877130508422852,0.6079274415969849,0.3920725882053375,1.1279414338079874,0.6088772647539411,0.2672142039378895,0.8453233368161645,0.38057363621631335,1.0,256
defactify,1,3,25926,0.7897953837645895,0.09870871156454086,-0.005982659757137299,0.17130171432899025,JPEG,14.39106559753418,10.0,0.022202614694833755,18.165735244750977,0.17182861268520355,20.0,-2.352738145899517,256,0.0,0.7708629965782166,4.496955394744873,2.213092088699341,0.4234486222267151,0.5765513777732849,1.285835350089783,1.3618942383938868,0.5607380756982265,0.8397002877822415,0.3262077511446957,1.0,256
defactify,1,5,18323,0.8167216721672167,0.02690552920103073,-0.010042909532785416,0.19167896505835633,JPEG,30.188365936279297,8.0,0.0037402622401714325,23.01641273498535,0.1405741572380066,20.0,-2.433749737227392,256,0.0,0.47529441118240356,4.142287731170654,5.695297718048096,0.4847767949104309,0.5152232050895691,1.6389156330933143,2.1576943363129564,0.38601879071412104,0.7258620052448276,0.34893173934976557,1.0,256
defactify,1,3,116237,0.6047161172161172,0.23395490646362305,-0.00022460620675701648,0.3485679969323994,JPEG,20.9969539642334,8.0,0.028822975233197212,17.78458023071289,0.1444639414548874,20.0,-2.28871371757715,256,0.0,0.824048638343811,6.3550190925598145,9.20014762878418,0.6971749067306519,0.30282512307167053,1.3220823738793466,2.5407870470492124,0.4500161948426133,0.7470983785070642,0.3744844427769055,1.0,256
defactify,0,0,45445,0.48517327617006073,0.04888925328850746,-0.006136693991720676,0.21988437574755226,JPEG,24.204792022705078,10.0,0.019061367958784103,24.465656280517578,0.12459257990121841,20.0,-2.4684508601104147,256,0.0,0.8193489909172058,8.239927291870117,12.420646667480469,0.7251896262168884,0.2748103737831116,1.4796031217472998,4.130059712610535,0.19400397104556605,0.6590795889251541,0.3905546875978967,1.0,256
defactify,1,4,12328,0.5236310798409299,0.07864654064178467,0.00012767962471116334,0.23219725980887082,JPEG,19.118450164794922,10.0,0.059483807533979416,23.9890079498291,0.2228969931602478,20.0,-2.239411949223329,256,0.0,0.8701356053352356,8.194280624389648,6.557182788848877,0.6657453775405884,0.3342546224594116,1.456569115840487,3.642141288807187,0.17998975454833482,0.6527418909204382,0.3984699440069521,1.0,256
defactify,1,1,37311,0.5301183994468931,0.023811588063836098,0.004924447741359472,0.04688027868912596,JPEG,22.5201416015625,10.0,0.03038935922086239,20.73362159729004,0.09808702766895294,20.0,-2.3572919320869987,256,0.0,0.8868138194084167,4.051270484924316,10.411473274230957,0.5727797746658325,0.4272201955318451,1.257791761720021,0.9213840530084587,0.3224423014982158,0.8487707141744002,0.36620615998334133,1.0,256
defactify,1,3,62572,0.4242765454340727,0.13361558318138123,0.0,0.20726341281776664,JPEG,26.859546661376953,10.0,0.002358126686885953,24.380245208740234,0.02617652900516987,20.0,-3.209827808963869,256,0.0,0.7388454675674438,1.7828702926635742,5.992827892303467,0.6784474849700928,0.3215525448322296,1.0803826385446698,0.4185871569828913,0.2407367398285285,0.8542120740375182,0.38944968746567943,1.0,256
defactify,1,5,24746,0.21547536433032616,0.10614730417728424,0.0012914494145661592,0.24065577697661172,JPEG,28.779300689697266,10.0,0.0049141691997647285,23.943771362304688,0.1670484095811844,20.0,-2.452750050741394,256,0.0,0.5123087763786316,2.928182601928711,5.100131034851074,0.7716459035873413,0.2283540666103363,1.3897736186056646,1.0527041882929642,0.20638836399823018,0.717267097833711,0.3808164075135696,1.0,256
defactify,1,1,87716,0.42926665547910725,0.05301322042942047,0.0021707790438085794,0.19961141318224154,JPEG,22.26476287841797,10.0,0.030296996235847473,13.748078346252441,0.2106178253889084,20.0,-2.227664348980196,256,0.0,0.8025773167610168,6.660831451416016,8.92410659790039,0.676934003829956,0.32306596636772156,1.4551111158358054,2.9072873864619395,0.2059202130307237,0.6461314116832582,0.39904187739426733,1.0,256
defactify,1,4,13464,0.12216828478964402,0.1117727980017662,-0.0011973559157922864,0.18225951147915728,JPEG,18.200109481811523,10.0,0.030774826183915138,16.037195205688477,0.1589476615190506,20.0,-2.3513105155663845,256,0.0,0.84222412109375,6.642770767211914,8.24149227142334,0.722467303276062,0.2775326669216156,1.3810175601665018,2.6120688256920426,0.1515815690243823,0.6479044007168109,0.4018505961313161,1.0,256
defactify,1,1,109326,0.4474471479856402,0.13456057012081146,-0.003920726478099823,0.30928477884510414,JPEG,20.414283752441406,10.0,0.016428938135504723,22.935874938964844,0.1341000497341156,20.0,-2.332153540420128,256,0.0,0.7715630531311035,6.098154544830322,7.658182144165039,0.792389452457428,0.20761054754257202,1.4139732769420896,2.55215726823818,0.20484835046947153,0.7153443843339324,0.39855848796854504,1.0,256
defactify,0,0,49846,0.3208780943484353,0.06556691974401474,0.0118942866101861,0.2248045564672092,JPEG,21.14154815673828,8.0,0.04878051578998566,22.505653381347656,0.2611142098903656,20.0,-2.0165136961023915,256,0.0,0.8392291069030762,6.455231666564941,10.548802375793457,0.7218728065490723,0.27812716364860535,1.3286979443250095,2.433865385308537,0.19205667401995463,0.6543624279033589,0.4041148681524329,1.0,256
defactify,1,3,74957,0.7557312114413909,0.1468944251537323,0.00339869293384254,0.11910347265947002,JPEG,29.729076385498047,10.0,0.010762780904769897,18.03652000427246,0.17598214745521545,20.0,-2.443165979216549,256,0.0,0.5925421118736267,2.3701586723327637,14.601760864257812,-0.5230368375778198,1.5230368375778198,1.403388184281751,0.5259915206891581,0.7071675775842765,0.9568195588683521,0.1868534626965693,1.0,256
defactify,1,4,14997,0.20585808580858087,0.05556956306099892,0.0018939180299639702,0.195598724148242,JPEG,21.89289093017578,8.0,0.07767696678638458,15.283299446105957,0.2964552044868469,20.0,-2.056459144461528,256,0.0,0.8815937638282776,10.061197280883789,10.073070526123047,0.6221338510513306,0.37786614894866943,1.5741142408813578,5.225336964749138,0.16143475478276897,0.5612958671736881,0.4053593679423731,1.0,256
defactify,1,5,21366,0.3477388767323122,0.0624128058552742,0.021153368055820465,0.24946546797112823,JPEG,25.845796585083008,10.0,0.0029806923121213913,18.687847137451172,0.08977504819631577,20.0,-2.7136760583191295,256,0.0,0.545931875705719,2.250182867050171,4.910034656524658,0.6969301104545593,0.3030698895454407,1.4274275249691972,0.6810828917964242,0.22795080372889787,0.7828286021341023,0.3778325010253273,1.0,256
defactify,1,2,129178,0.52719723183391,0.02396489679813385,0.007301602512598038,0.061344034207628725,JPEG,23.02109146118164,10.0,0.018384138122200966,15.427877426147461,0.15266431868076324,20.0,-2.5024070178169024,256,0.0,0.7801120281219482,4.6327033042907715,9.989337921142578,0.8358475565910339,0.16415244340896606,1.5765691557225996,1.5070609561226451,0.17677146387420056,0.6783254557738614,0.4013189523402984,1.0,256
defactify,1,3,69482,0.6371480472297911,0.15061044692993164,-0.004042888525873423,0.3137217649050051,JPEG,23.58180809020996,10.0,0.004446843639016151,19.563003540039062,0.0454489141702652,20.0,-2.850142807207883,256,0.0,0.7375751733779907,2.936030149459839,2.434864044189453,0.652320146560669,0.34767988324165344,1.2152189842477665,0.8296985234044603,0.20517393333607173,0.7859333605042267,0.3898519429975901,1.0,256
defactify,1,3,42981,0.7628451369727136,0.02662641555070877,0.03125685080885887,0.03206803242277937,JPEG,29.243804931640625,10.0,0.0036192932166159153,27.77265739440918,0.046990133821964264,20.0,-2.855986646685936,256,0.0,0.6073646545410156,0.7343327403068542,8.609147071838379,-0.011852264404296875,1.0118522644042969,1.156445728075316,0.08067097090061517,0.5212245186026883,0.9718679333287206,0.21358120867860386,1.0,256
defactify,0,0,47925,0.1725692208628461,0.061121866106987,0.0028134675230830908,0.19041771461724596,JPEG,16.656448364257812,10.0,0.03292863443493843,15.236522674560547,0.23075516521930695,20.0,-2.0718384612326757,256,0.0,0.7938023209571838,7.170205593109131,4.237724781036377,0.6884303092956543,0.3115697205066681,1.4545690319621625,3.299767577374088,0.16471203225809924,0.599596459783036,0.40708416091281907,1.0,256
defactify,1,2,97615,0.5791619880621712,0.06475682556629181,0.010904126800596714,0.16018808107940496,JPEG,28.02448272705078,10.0,0.006834044586867094,28.00602912902832,0.051817744970321655,20.0,-2.7106032029067437,256,0.0,0.7857193350791931,3.4692890644073486,12.38344955444336,0.5791921615600586,0.4208078682422638,1.1019370169522213,0.9111042778018065,0.2881480982787484,0.8065378444535923,0.37458315837492046,1.0,256
defactify,0,0,24600,0.6533511413307431,0.08849161118268967,-0.0004360299208201468,0.1529445875818779,JPEG,21.92002296447754,10.0,0.01391642913222313,19.737041473388672,0.09618304669857025,20.0,-2.561829804629511,256,0.0,0.816459059715271,4.319978713989258,9.719380378723145,0.5558064579963684,0.4441935420036316,1.3112342424701389,1.2722811238465974,0.29287490832567886,0.8242581477325139,0.3686549439928478,1.0,256
defactify,1,2,82383,0.5192202462380301,0.042460955679416656,0.02867669239640236,0.12108789703242846,JPEG,20.865360260009766,10.0,0.00824966374784708,20.029056549072266,0.0724775642156601,20.0,-2.8403835617124966,256,0.0,0.7556753754615784,2.562439441680908,1.8184418678283691,0.652117908000946,0.34788209199905396,1.0709160874961619,0.597445183342945,0.25068744853720304,0.8352601732557562,0.3875889630312008,1.0,256
defactify,0,0,49902,0.5281223449447748,0.04634619876742363,0.005894478410482407,0.16461828356630456,JPEG,18.438209533691406,10.0,0.07080089300870895,19.12067222595215,0.24491330981254578,20.0,-2.056550949293247,256,0.0,0.8805078268051147,10.124419212341309,10.69168472290039,0.7011640071868896,0.29883596301078796,1.6299732361478838,5.23507907115052,0.1517173341406141,0.5757040562786195,0.40326637160833,1.0,256
defactify,1,5,17813,0.6960672736469398,0.12395541369915009,0.00926702469587326,0.27097956426097414,JPEG,31.10456657409668,10.0,0.0024906203616410494,31.753263473510742,0.049722298979759216,20.0,-2.6207187934527605,256,0.0,0.533909261226654,2.764953136444092,5.423253059387207,0.7481708526611328,0.2518291473388672,1.3203859805912403,0.9155379241157247,0.2776375939773569,0.7948420623725856,0.37541620737273207,1.0,256
defactify,1,3,44254,0.804635047991645,0.023904552683234215,0.0,0.021308168661253474,JPEG,30.35879898071289,8.0,0.005629604682326317,28.855743408203125,0.07649610936641693,20.0,-2.6602950262734155,256,0.0,0.6329918503761292,0.36785537004470825,10.941471099853516,0.3295111060142517,0.6704888939857483,1.2289488925877308,0.03411824778931181,0.6737372310994263,0.9847012567281817,0.155516852734923,1.0,256
defactify,1,2,65425,0.5846284645468458,0.017024166882038116,0.01976029947400093,0.05014552012819865,JPEG,28.418315887451172,10.0,0.01259732898324728,28.71210479736328,0.10724077373743057,20.0,-2.5995320291203865,256,0.0,0.7730320692062378,1.8606770038604736,13.258371353149414,0.6343387365341187,0.36566129326820374,1.2040849178337263,0.3110526900711265,0.45252769926842273,0.9036043708074053,0.3327437377808582,1.0,256
defactify,1,3,68368,0.7196742753470318,0.045232973992824554,-0.005717170424759388,0.30955470670361157,JPEG,25.375539779663086,10.0,0.00622304854914546,27.065961837768555,0.03932452201843262,20.0,-2.9369220840029766,256,0.0,0.8428274393081665,3.9439921379089355,6.996270179748535,0.14357715845108032,0.8564228415489197,1.327004893844892,1.015547595876585,0.6155751355841722,0.8997932274390108,0.30570564496469305,1.0,256
defactify,1,5,21199,0.2768475750577367,0.06889563798904419,0.002837419742718339,0.1898729983726746,JPEG,27.23405647277832,10.0,0.00379848456941545,26.633474349975586,0.08686928451061249,20.0,-2.6567737563986817,256,0.0,0.5260244011878967,2.329742908477783,4.550197601318359,0.7177067399024963,0.28229326009750366,1.480855705402172,0.7927313863658216,0.17867378384686414,0.751224797042172,0.36716598350344254,1.0,256
defactify,1,4,9134,0.34201630542851463,0.06374409049749374,0.017624691128730774,0.18500926300897058,JPEG,25.155040740966797,10.0,0.014799830503761768,25.1656494140625,0.08880158513784409,20.0,-2.7347271481623183,256,0.0,0.8164944052696228,4.578403949737549,12.248867988586426,0.7486152648925781,0.25138476490974426,1.3466988448401496,1.4241378616397542,0.19235886286595888,0.7760372905242812,0.3870111666014648,1.0,256
defactify,0,0,64248,0.381846036001532,0.10136431455612183,0.01194039173424244,0.3173954166068348,JPEG,18.15557861328125,10.0,0.09171349555253983,23.806697845458984,0.2686099708080292,20.0,-1.8326915051344541,256,0.0,0.909034252166748,12.586634635925293,14.376006126403809,0.666500449180603,0.33349958062171936,1.6309999588922557,7.5848701070501745,0.136483079451112,0.5012754275064906,0.402318530162025,1.0,256
defactify,0,0,41884,0.5836378077839556,0.0,0.0,0.0,JPEG,18.98836898803711,10.0,0.039377037435770035,21.09821319580078,0.16100122034549713,20.0,-2.4464466349694307,256,0.0,0.8496427536010742,9.9010009765625,8.723932266235352,0.6907946467399597,0.3092053532600403,1.5338250056750788,5.325725442137638,0.1309267318199595,0.603577177963007,0.40204472708246813,1.0,256
defactify,1,5,24771,0.30511412886449,0.16707919538021088,-0.00527952890843153,0.30085490858868774,JPEG,31.018951416015625,10.0,0.0043054064735770226,28.035127639770508,0.1457161009311676,20.0,-2.3829439451777517,256,0.0,0.5054274201393127,3.3466668128967285,6.325790882110596,0.7283569574356079,0.2716430425643921,1.5705330288400574,1.3210160905661283,0.1712210069861529,0.6963682504015751,0.37850697661339483,1.0,256
defactify,1,1,91303,0.19622641509433963,0.040228549391031265,-0.0005970278871245682,0.30412359117269233,JPEG,29.903650283813477,10.0,0.004601559601724148,23.57990074157715,0.09485248476266861,20.0,-2.4861746994343874,256,0.0,0.6311020851135254,4.543254852294922,6.327487945556641,0.758259654045105,0.2417403608560562,1.4039820287334424,1.9996208189158016,0.18008642568239044,0.6831850756026506,0.40025360567876417,1.0,256
defactify,1,1,66749,0.735,0.04199523851275444,-0.0027552118990570307,0.14232997565175226,JPEG,15.350359916687012,10.0,0.018334312364459038,21.461599349975586,0.07866141200065613,20.0,-2.7155846498035827,256,0.0,0.8509042263031006,3.812013626098633,1.8060355186462402,0.3914152979850769,0.6085847020149231,1.210632048002243,0.891514817017494,0.5216252462007755,0.8828105834644554,0.3226699118230403,1.0,256
defactify,1,3,324883,0.10833333333333334,0.0869106575846672,0.0032378192991018295,0.2640142472603327,JPEG,11.467826843261719,10.0,0.16016392409801483,15.052031517028809,0.6639841198921204,20.0,-0.9109172958323639,256,0.0,0.8436001539230347,18.023988723754883,2.5389204025268555,0.9796113967895508,0.02038862183690071,1.9011673937670064,16.891826025446957,0.08455729409045545,0.27583321091177315,0.4093541631020693,1.0,256
defactify,1,5,16101,0.5905749851807943,0.03611266613006592,-0.0023666208144277334,0.07923647705408902,JPEG,27.632911682128906,8.0,0.0035093482583761215,21.352859497070312,0.09386731684207916,20.0,-2.74551895120774,256,0.0,0.5257415175437927,2.437500476837158,5.8951239585876465,0.5321273803710938,0.46787258982658386,1.4390636064296165,0.8204988766339865,0.24715256418336118,0.8157523267101402,0.36786753582265147,1.0,256
defactify,0,0,21965,0.5648920672758575,0.06389421224594116,0.004070790484547615,0.16002539774941418,JPEG,20.333633422851562,10.0,0.03023214265704155,19.262083053588867,0.16998879611492157,20.0,-2.1467435743609404,256,0.0,0.8395379781723022,8.469053268432617,10.327127456665039,0.3402974009513855,0.6597025990486145,1.4811659072889598,4.0544316188485165,0.2232295405291962,0.7412928817412472,0.39140657593107525,1.0,256
defactify,1,1,65289,0.46273735045549336,0.05469561368227005,-0.0035273295361548662,0.20545646536086604,JPEG,26.831777572631836,10.0,0.0028473667334765196,23.06146812438965,0.057939983904361725,20.0,-2.850790114348379,256,0.0,0.5732329487800598,2.7887988090515137,1.9554791450500488,0.7472877502441406,0.2527122497558594,1.2777546442529708,0.9975549668396771,0.17128632795582532,0.7787632322497455,0.3815466842133693,1.0,256
defactify,1,5,22143,0.48416655437272604,0.07570092380046844,0.019499540328979492,0.21048332687485957,JPEG,34.5545768737793,10.0,0.003038023365661502,24.147701263427734,0.09532680362462997,20.0,-2.830813047012437,256,0.0,0.5177714228630066,2.4106945991516113,6.83858585357666,0.691650390625,0.3083496391773224,1.535877495644119,0.9057138330209538,0.18662267555594206,0.7542437063887812,0.37189419358110454,1.0,256
defactify,1,4,14738,0.32106073162069376,0.03666829690337181,0.026782779023051262,0.16138194039003811,JPEG,22.68288803100586,8.0,0.015968095511198044,19.190183639526367,0.09131641685962677,20.0,-2.606626893200034,256,0.0,0.8343409895896912,5.594813346862793,12.71953010559082,0.7230243682861328,0.2769756615161896,1.29170260875879,1.9726338727893125,0.19383595578319743,0.7593361801356132,0.38944296935507755,1.0,256
defactify,1,2,138322,0.12833333333333333,0.05234597250819206,0.022768093273043633,0.20590660638643815,JPEG,26.309175491333008,10.0,0.010016647167503834,18.971912384033203,0.17210641503334045,20.0,-2.354715233620105,256,0.0,0.6748483777046204,4.414945125579834,7.474951267242432,0.8276622891426086,0.17233772575855255,1.5234296496549764,1.7835275795367176,0.1791147334217899,0.6751755639327035,0.39680509819992127,1.0,256
defactify,1,3,70905,0.5921736686806238,0.057614147663116455,0.029818719252943993,0.30059162429924036,JPEG,20.170595169067383,10.0,0.005134097766131163,26.634389877319336,0.031514182686805725,20.0,-2.6752834395778216,256,0.0,0.8200471997261047,3.8354132175445557,8.427864074707031,0.46251189708709717,0.5374881029129028,1.2108908083918413,0.973917513696656,0.37526666404865067,0.844942757070727,0.34749553658079024,1.0,256
defactify,1,2,40712,0.7333504098360656,0.10544266551733017,0.00838069524616003,0.36117184774090233,JPEG,19.106563568115234,10.0,0.006759124808013439,16.20734977722168,0.048350442200899124,20.0,-2.696398634942312,256,0.0,0.7931069135665894,3.753720760345459,1.7782728672027588,0.3704485297203064,0.6295514702796936,1.284201254692795,1.0651403907151098,0.29972180435783385,0.8477349476279824,0.35740370885250683,1.0,256
defactify,1,3,94734,0.7448629353347673,0.10122556984424591,-0.008035928942263126,0.2993220880143262,JPEG,23.565509796142578,10.0,0.004946789238601923,25.456235885620117,0.07890588045120239,20.0,-2.673829317406394,256,0.0,0.6615129113197327,4.601046085357666,6.958916187286377,0.5970227718353271,0.40297719836235046,1.4142558490520971,1.9327598459727038,0.25610549965276586,0.7979294830278122,0.36263312829374517,1.0,256
defactify,1,5,25275,0.4360615759792715,0.0691864937543869,0.0033655071165412664,0.20210752979368116,JPEG,30.60892105102539,10.0,0.003949773497879505,25.968629837036133,0.14553943276405334,20.0,-2.562344655777497,256,0.0,0.4748059809207916,3.8962695598602295,6.481361389160156,0.678415060043335,0.32158491015434265,1.5773005894284802,1.923461649365629,0.1947767388122439,0.6754984195429158,0.37790870713112895,1.0,256
defactify,1,2,41509,0.942950406786963,0.0007089109276421368,6.127450615167618e-05,0.0020715859686736477,JPEG,26.330524444580078,4.0,0.1541430801153183,36.424964904785156,0.23194167017936707,20.0,-2.0938269581931452,256,0.0,0.9061174392700195,1.1837725639343262,22.859785079956055,-0.6452984809875488,1.6452984809875488,1.3648040615560666,0.07075427720107651,0.8856289638969452,0.9808336428347941,0.10890472043804092,1.0,256
defactify,1,4,10633,0.41950776679443214,0.0456387884914875,-0.0035743366461247206,0.14209942811572376,JPEG,18.730024337768555,10.0,0.022851215675473213,21.453811645507812,0.107867032289505,20.0,-2.5240713894857603,256,0.0,0.8425583839416504,5.8007588386535645,5.23068904876709,0.6670253276824951,0.3329746425151825,1.3012924716434755,2.0342173232650893,0.18846138345318816,0.7393476488596868,0.40087733543676085,1.0,256
defactify,0,0,17628,0.5323989264261066,0.06495648622512817,0.014753242023289204,0.1788176482054226,JPEG,24.50564956665039,10.0,0.01853158511221409,26.62051010131836,0.13332892954349518,20.0,-2.4334831559279873,256,0.0,0.7959179282188416,4.209871768951416,12.03453540802002,0.32666683197021484,0.6733331680297852,1.3499395156174654,1.201119941849289,0.26971428841265394,0.8398912778412821,0.36524329895973995,1.0,256
defactify,1,1,55104,0.463014020062181,0.06557092070579529,-0.0035662155132740736,0.21493380390363545,JPEG,22.36449432373047,8.0,0.012047670781612396,16.57106590270996,0.1324259489774704,20.0,-2.37028303418018,256,0.0,0.757904589176178,2.8903696537017822,6.680521011352539,0.24998903274536133,0.7500109672546387,1.3166276121663734,0.7172628316032295,0.426483400695318,0.8653663529506356,0.3873803742723431,1.0,256
defactify,1,3,68837,0.8812803604533828,0.05590464919805527,-0.007463514339178801,0.1318798844822639,JPEG,28.05970001220703,10.0,0.004757280927151442,29.900081634521484,0.03222315013408661,20.0,-2.822096176287302,256,0.0,0.7946241497993469,2.506669044494629,8.752094268798828,0.06417447328567505,0.935825526714325,1.2643085842189492,0.4548302185457517,0.4356296761953841,0.9141424261257514,0.2700010359977434,1.0,256
defactify,1,1,55201,0.7403885564390524,0.06501102447509766,0.0007109823054634035,0.2063759899992436,JPEG,31.500608444213867,10.0,0.0108658317476511,28.673511505126953,0.13032051920890808,20.0,-2.6536286137621135,256,0.0,0.7347691655158997,5.482140064239502,13.14268970489502,0.7911249995231628,0.20887501537799835,1.4566219879774085,2.341851286163977,0.242923621192102,0.7803575737681392,0.3492292944907317,1.0,256
defactify,1,5,21851,0.5145115753811406,0.08977653086185455,0.0026358398608863354,0.18570276548536502,JPEG,26.177947998046875,10.0,0.0031323395669460297,27.390090942382812,0.06323692202568054,20.0,-2.6916003157396826,256,0.0,0.563084065914154,2.7198867797851562,3.2316017150878906,0.509385347366333,0.4906146228313446,1.3890999035459943,0.8408557555988079,0.19202712534688746,0.7768328577491801,0.38616588975820626,1.0,256
defactify,1,1,67868,0.466222279194975,0.0414825864136219,0.0031520682387053967,0.14565396342219394,JPEG,16.439102172851562,10.0,0.016198210418224335,19.69754409790039,0.11690675467252731,20.0,-2.5012187158427155,256,0.0,0.8043631911277771,5.424363613128662,8.518471717834473,0.5762450098991394,0.4237549901008606,1.2699559547576857,1.9421904886341794,0.20955891662431533,0.7208252383438984,0.39722447245911996,1.0,256
defactify,1,1,70198,0.36347197106690776,0.07756772637367249,-0.001267771003767848,0.27580878323552915,JPEG,28.929262161254883,10.0,0.0067250486463308334,22.21074867248535,0.11151238530874252,20.0,-2.349180321002887,256,0.0,0.6543832421302795,4.717529773712158,10.568280220031738,0.625108003616333,0.3748920261859894,1.3270992343038865,1.7944087910899664,0.20300493195634475,0.7510130253483593,0.3899060186426787,1.0,256
defactify,1,2,137519,0.7644362969752521,0.024621056392788887,0.012704705819487572,0.12308940063271272,JPEG,23.233280181884766,10.0,0.0072417049668729305,19.0830078125,0.07264198362827301,20.0,-2.4931745307374555,256,0.0,0.8021577000617981,4.280728340148926,6.747236728668213,0.5579615831375122,0.4420384168624878,1.3177827587283477,1.3231288296568628,0.37832087252469265,0.7801185615304819,0.3717526740616756,1.0,256
defactify,1,1,95148,0.3956377151799687,0.061808954924345016,-0.009401364251971245,0.16697771130900546,JPEG,22.77446937561035,10.0,0.025098854675889015,21.858015060424805,0.2514806389808655,20.0,-2.020126012924599,256,0.0,0.7628980278968811,5.925516128540039,9.585474967956543,0.5620102286338806,0.4379897713661194,1.5637967608555587,2.5765579945213384,0.2575946436335429,0.6909844787366909,0.39886697464556864,1.0,256
defactify,1,4,12608,0.28832547169811323,0.0673033818602562,0.0014125449815765023,0.22192863160787882,JPEG,21.502723693847656,10.0,0.03219873085618019,24.917930603027344,0.13706184923648834,20.0,-2.513843505714843,256,0.0,0.8412268757820129,7.706762313842773,11.893855094909668,0.7912328243255615,0.20876717567443848,1.4762184930701414,3.3380107560793926,0.14562744863806157,0.6501121754668555,0.3960143454145408,1.0,256
defactify,1,4,12209,0.28583709434773263,0.047562602907419205,0.014691423624753952,0.216147122394241,JPEG,18.939231872558594,10.0,0.03029916249215603,18.520401000976562,0.1717558652162552,20.0,-2.3183760566520544,256,0.0,0.8006565570831299,7.514808177947998,7.596192836761475,0.6160910129547119,0.3839089870452881,1.4632368319138513,3.458646599264706,0.1637957644252347,0.671202283641795,0.3982123702714986,1.0,256
defactify,1,3,144202,0.45358478296211996,0.24823719263076782,-0.0014435302000492811,0.34344018757514977,JPEG,23.271818161010742,10.0,0.021746324375271797,27.878459930419922,0.13201497495174408,20.0,-2.452226953640899,256,0.0,0.8281668424606323,5.558239459991455,11.297503471374512,0.5702043771743774,0.42979559302330017,1.44559165635124,1.8890077734525201,0.22708067898919604,0.7554378958043463,0.38228037184632596,1.0,256
defactify,1,4,11164,0.3949727201870616,0.04797329008579254,-0.015758011490106583,0.15139649788773,JPEG,17.796772003173828,10.0,0.019563395529985428,16.683589935302734,0.17189271748065948,20.0,-2.3938215169788295,256,0.0,0.7637525796890259,7.230457782745361,4.173677444458008,0.49044692516326904,0.509553074836731,1.4015992555360242,3.5921617586985777,0.20499128570213784,0.7403707909395262,0.3920223379052594,1.0,256
defactify,1,1,71176,0.22146313692001138,0.04365077242255211,0.00657765194773674,0.14458893799661,JPEG,25.77867889404297,10.0,0.011810890398919582,20.848003387451172,0.07958456873893738,20.0,-2.7834079261448843,256,0.0,0.8217575550079346,3.295576333999634,8.275410652160645,0.8571515679359436,0.1428484171628952,1.105275487484389,0.8071993343906189,0.21925271103607658,0.750865890519937,0.40518978398214706,1.0,256
defactify,1,5,19213,0.42855559250637404,0.10288013517856598,-0.006698912475258112,0.22037626625963533,JPEG,36.04312515258789,10.0,0.002707867417484522,29.822540283203125,0.0961160883307457,20.0,-2.561394526478357,256,0.0,0.5096734762191772,2.713716506958008,7.4717254638671875,0.6440816521644592,0.35591834783554077,1.4409960532025912,0.9865575289552098,0.20546715372261826,0.7708222043436763,0.3766839983645201,1.0,256
defactify,1,1,51598,0.6275486381322957,0.15489208698272705,9.340096585219726e-05,0.1836746159308653,JPEG,18.30577278137207,10.0,0.009589465335011482,16.790512084960938,0.0639040619134903,20.0,-2.93149345125723,256,0.0,0.8168231844902039,3.030601739883423,3.473104953765869,0.19170302152633667,0.8082969784736633,1.2426699488105546,0.7213676380478664,0.33981335037692867,0.8703834087582949,0.3567693990500687,1.0,256
defactify,1,4,13059,0.27994902293967716,0.07513493299484253,-0.006251165643334389,0.14856336671784962,JPEG,14.118350982666016,10.0,0.02522009238600731,18.31255340576172,0.1399645060300827,20.0,-2.3445286144508546,256,0.0,0.822989284992218,6.27139949798584,3.686453104019165,0.7979996204376221,0.20200037956237793,1.445917994424159,2.4850850033640888,0.15541076077855082,0.6622593462684594,0.3956757383034982,1.0,256
defactify,1,1,79085,0.4953467427199039,0.005349253304302692,0.005755734629929066,0.19301608667552608,JPEG,28.0242919921875,10.0,0.002726987935602665,22.63507843017578,0.10922311246395111,20.0,-2.7601668055001456,256,0.0,0.40773865580558777,3.6118686199188232,3.7406725883483887,0.7197800874710083,0.2802198827266693,1.5878522689176644,1.9845267445213375,0.27279596162210434,0.7019767495552122,0.3786288516779268,1.0,256
defactify,1,3,131682,0.8460129206441037,0.028433185070753098,-0.006488364189863205,0.30061713865101297,JPEG,20.216968536376953,10.0,0.01743016578257084,21.713151931762695,0.12892496585845947,20.0,-2.4482831267730703,256,0.0,0.7816177010536194,5.3005242347717285,7.767155647277832,0.27903008460998535,0.7209699153900146,1.4014474538221215,1.7940947742454827,0.6632648036140992,0.8470907601174975,0.3166412580707544,1.0,256
defactify,1,1,33945,0.6269453909199743,0.008192649111151695,-0.0028439993038773537,0.025639062450576743,JPEG,25.781661987304688,10.0,0.009501300752162933,27.38125991821289,0.04241561517119408,20.0,-2.8377380900692004,256,0.0,0.881690502166748,1.6885045766830444,13.655119895935059,0.2300007939338684,0.7699992060661316,1.0327345967911798,0.21939206074586692,0.36544256577473705,0.9274325853300596,0.3307160275733696,1.0,256
defactify,1,4,12555,0.30371434434639855,0.06235571950674057,0.004301690496504307,0.18259157844490212,JPEG,19.183351516723633,10.0,0.037439048290252686,22.16579246520996,0.14306306838989258,20.0,-2.496134382343289,256,0.0,0.8760662078857422,7.069833278656006,8.552270889282227,0.6087354421615601,0.39126452803611755,1.4694821241425093,2.774916678681276,0.16981599676596287,0.6630850865574112,0.40346712818805447,1.0,256
defactify,1,4,10211,0.3607103218645949,0.06391726434230804,0.009200816974043846,0.25409308360272287,JPEG,16.830982208251953,10.0,0.014574872329831123,15.422870635986328,0.08117416501045227,20.0,-2.8132366299327014,256,0.0,0.8268181681632996,5.176058292388916,2.7406225204467773,0.24597156047821045,0.7540284395217896,1.2809851795259064,1.8081280336889674,0.1743593950529781,0.7458611632624172,0.3738052180289567,1.0,256
defactify,1,3,43105,0.728000817940154,0.1735169142484665,-0.013349807821214199,0.3180324495570119,JPEG,23.776626586914062,10.0,0.006314678117632866,21.08551025390625,0.056170400232076645,20.0,-2.7526033322757804,256,0.0,0.7522842884063721,4.245545864105225,4.820818901062012,0.4581484794616699,0.5418515205383301,1.2387534346962394,1.3196141808439061,0.30140784936340087,0.8400370924085859,0.3489179446633737,1.0,256
defactify,1,1,50875,0.6756175591335816,0.00245358026586473,0.0007042977958917618,0.008441803989399007,JPEG,25.841779708862305,10.0,0.008027785457670689,13.75879192352295,0.11100875586271286,20.0,-2.6445364378958405,256,0.0,0.6880848407745361,4.710729598999023,3.6217498779296875,0.6596950888633728,0.3403049111366272,1.3806409003327182,1.882363769343521,0.20673426608119994,0.7372868977029304,0.36957669214281524,1.0,256
defactify,1,3,68059,0.9193533718339321,0.08737346529960632,0.012402697466313839,0.2692795959167285,JPEG,26.029117584228516,10.0,0.005582816898822784,27.013521194458008,0.05067192763090134,20.0,-2.845315934783166,256,0.0,0.7534561157226562,2.7914211750030518,3.546177387237549,-0.017865300178527832,1.0178653001785278,1.2823095616873195,0.6489077067714337,0.6653066533661052,0.8970873638843555,0.2502260933237884,1.0,256
defactify,1,2,51169,0.8610066956419593,0.046512965112924576,0.0005174303660169244,0.08490659625327095,JPEG,15.687421798706055,10.0,0.012546192854642868,18.653579711914062,0.0828436017036438,20.0,-2.7798602457566193,256,0.0,0.8005974292755127,3.2328507900238037,3.2342207431793213,0.3226814866065979,0.6773185133934021,1.25254436036769,0.7479406207948869,0.42532167979513213,0.8604506715731648,0.327494288063878,1.0,256
defactify,1,2,57714,0.7096265792216375,0.03195026516914368,0.021148143336176872,0.04995519440724299,JPEG,29.02972412109375,10.0,0.00529050175100565,25.076379776000977,0.039050597697496414,20.0,-2.5640131732820852,256,0.0,0.7818148732185364,1.3295680284500122,12.214608192443848,0.2279587984085083,0.7720412015914917,1.0764191450978275,0.17958183150711257,0.410260010543909,0.9364323659237721,0.29546966263500724,1.0,256
defactify,1,4,11424,0.40515851692638366,0.0588737390935421,0.010659703984856606,0.18635576974402415,JPEG,18.006723403930664,10.0,0.026141714304685593,26.107158660888672,0.11284317821264267,20.0,-2.430139785243419,256,0.0,0.8498824834823608,7.340068817138672,8.695825576782227,0.44521671533584595,0.554783284664154,1.428690991139554,3.0257303080545945,0.16556261344110362,0.6967387410472927,0.39902085850520347,1.0,256
defactify,1,5,18533,0.3090529553944188,0.14512363076210022,-0.0036035727243870497,0.27021028567916944,JPEG,29.297773361206055,10.0,0.0021863088477402925,19.27650260925293,0.052530284970998764,20.0,-2.9194327222147995,256,0.0,0.4965345561504364,2.3233957290649414,6.27776575088501,0.6932276487350464,0.306772381067276,1.4397862156835481,0.9152482819108032,0.2182301492677166,0.7702293214223106,0.37028060567309923,1.0,256
defactify,1,5,13043,0.5775536804555121,0.033349715173244476,0.01623922400176525,0.08052716550789503,JPEG,36.199771881103516,10.0,0.004328509327024221,34.57292175292969,0.057708386331796646,20.0,-2.8873395335322765,256,0.0,0.526339590549469,1.2306257486343384,9.01456069946289,0.550966739654541,0.449033260345459,1.375626839711463,0.26347813941753156,0.28692947105640076,0.9076498671841968,0.32616787888473886,1.0,256
defactify,1,5,25856,0.788718723037101,0.0007089109858497977,-6.127450615167618e-05,0.012281696650362547,JPEG,22.404296875,10.0,0.0038831871934235096,14.467535018920898,0.11878567188978195,20.0,-2.5627539234472967,256,0.0,0.5408397912979126,4.433087348937988,1.9755916595458984,0.8031772971153259,0.19682268798351288,1.6118046700380944,2.1274921454488664,0.21201208990177797,0.6569661620799477,0.3908597211608835,1.0,256
defactify,0,0,23706,0.604867745187461,0.06735461205244064,0.007459328975528479,0.3077734719764314,JPEG,24.420984268188477,10.0,0.008923805318772793,24.171161651611328,0.07351146638393402,20.0,-2.573399305030065,256,0.0,0.7941206693649292,4.426389217376709,9.781044006347656,0.5518258810043335,0.4481740891933441,1.2622187759409227,1.3556970726403306,0.23347353977204077,0.8060856991468839,0.3693198385846821,1.0,256
defactify,1,3,90268,0.4514811031664964,0.1830970048904419,0.019188201054930687,0.28357198105737963,JPEG,30.057476043701172,10.0,0.0032097140792757273,24.61534309387207,0.05096891522407532,20.0,-2.815127832301849,256,0.0,0.5935483574867249,1.6853891611099243,2.8879051208496094,0.45792168378829956,0.5420783162117004,1.2060077789394805,0.4351125318387159,0.2420687052374147,0.8658617614111592,0.3699886635403429,1.0,256
defactify,1,3,129449,0.357630979498861,0.11492296308279037,0.006347208749502897,0.3012009374004296,JPEG,19.454164505004883,10.0,0.010200051590800285,13.729754447937012,0.10848691314458847,20.0,-2.685801717602219,256,0.0,0.756989061832428,5.256083011627197,2.737359046936035,0.7474019527435303,0.2525980770587921,1.4400108323089684,2.2768026269944266,0.15965470546137317,0.6692670996038065,0.39698999746147645,1.0,256
defactify,1,5,18052,0.6281511393135275,0.1297580450773239,-0.0040794359520077705,0.23209211374934124,JPEG,29.510576248168945,10.0,0.0033834821078926325,20.174968719482422,0.07302957028150558,20.0,-2.6888195437620057,256,0.0,0.5362570285797119,2.1985790729522705,5.629827976226807,0.8245133757591248,0.17548660933971405,1.4358002349072012,0.6686091287004996,0.2415564991589137,0.8060817164713009,0.37353788669400867,1.0,256
defactify,1,1,51854,0.37670765027322406,0.048153236508369446,0.007532557472586632,0.2157805268460256,JPEG,13.48680591583252,10.0,0.0634925439953804,14.289579391479492,0.20486906170845032,20.0,-2.1668386844581202,256,0.0,0.8828510046005249,10.444304466247559,1.854480266571045,0.5176831483840942,0.4823168218135834,1.5880421074085964,5.782056375552672,0.12259788770908767,0.5484047755829626,0.4044815954005712,1.0,256
defactify,1,5,20217,0.46814404432132967,0.039003677666187286,0.0013304667081683874,0.09547694156876159,JPEG,26.72277069091797,10.0,0.002425533952191472,20.46603775024414,0.05342329293489456,20.0,-2.6498576837070904,256,0.0,0.5815570950508118,2.2431507110595703,5.175805568695068,0.7052496671676636,0.2947503328323364,1.2679823485239243,0.6088547223423685,0.2115477308284501,0.7962969989188275,0.38460729079485934,1.0,256
defactify,1,2,96156,0.5844490216271885,0.012643975205719471,-0.0029722119215875864,0.06304306311798082,JPEG,16.839263916015625,10.0,0.01998952217400074,14.805865287780762,0.12651047110557556,20.0,-2.282418830299039,256,0.0,0.8077772855758667,5.1938090324401855,1.5220975875854492,0.6929000616073608,0.30709993839263916,1.4979255035372698,1.7141032745818927,0.2254627051771247,0.6634728576002896,0.4073488607040876,1.0,256
defactify,1,2,73783,0.6014289923394225,0.006644831970334053,0.009290222078561783,0.03616343535907902,JPEG,22.703807830810547,8.0,0.01600784994661808,23.981826782226562,0.11439289152622223,20.0,-2.5271239460970656,256,0.0,0.7948846817016602,2.1776654720306396,10.969764709472656,0.6087778806686401,0.39122211933135986,1.106452456852268,0.40731210652153005,0.3911794594611992,0.8777507658993781,0.3389455220259152,1.0,256
defactify,1,5,17555,0.5677794742706227,0.09242746233940125,-0.008665347471833229,0.20429744545119324,JPEG,25.87520408630371,10.0,0.0023783938959240913,22.712080001831055,0.054118409752845764,20.0,-2.950833570495907,256,0.0,0.5283615589141846,1.7054038047790527,4.433780193328857,0.7789579629898071,0.22104205191135406,1.154802223630334,0.4726461276912727,0.35595126245649933,0.8520685654980134,0.36483475686990785,1.0,256
defactify,1,5,29440,0.11254980079681275,0.052676260471343994,0.008835244923830032,0.16721738182607798,JPEG,29.223308563232422,10.0,0.008020728826522827,18.752288818359375,0.2547793686389923,20.0,-2.225741767821432,256,0.0,0.5386614203453064,3.092085361480713,4.301206111907959,0.8750853538513184,0.12491463869810104,1.69807475500756,1.1330754247164556,0.18755620049422883,0.6751392379805607,0.3783893063070291,1.0,256
defactify,1,1,71126,0.2769083359948898,0.11021113395690918,-0.006734088063240051,0.31397630218219286,JPEG,17.28395652770996,10.0,0.008326641283929348,18.28035545349121,0.06425073742866516,20.0,-2.9072359917079,256,0.0,0.7763554453849792,3.93556809425354,6.388415813446045,0.6967125535011292,0.30328744649887085,1.2908353428338029,1.2193169093617844,0.3031572846925927,0.7608952508264043,0.3998651978939454,1.0,256
defactify,0,0,40982,0.5005235602094241,0.0,0.0,0.0,JPEG,22.97859001159668,6.0,0.20275960862636566,49.76304626464844,0.09130111336708069,20.0,-2.374056112175367,256,0.0,0.9787692427635193,18.724056243896484,26.49875831604004,0.5951231718063354,0.40487682819366455,1.4798094531511552,12.899999819780867,0.1334454572524297,0.4433397511169727,0.36331653868936,1.0,256
defactify,1,5,15479,0.2769853685469771,0.1072985976934433,0.005846772808581591,0.2368522996249829,JPEG,31.451805114746094,10.0,0.002521805465221405,20.318618774414062,0.08241315186023712,20.0,-2.8486816597106666,256,0.0,0.5179883241653442,1.7488794326782227,5.433290481567383,0.7229606509208679,0.2770393490791321,1.4403067965375747,0.5599898476547482,0.2332484082356091,0.8143525311626681,0.36186686330231543,1.0,256
defactify,1,3,101714,0.703901696551212,0.10091345757246017,0.006168317049741745,0.21898170408582138,JPEG,22.474472045898438,10.0,0.008071317337453365,17.53594970703125,0.10249731689691544,20.0,-2.5020080301122105,256,0.0,0.6939069628715515,4.042674541473389,4.189298629760742,0.11112773418426514,0.8888722658157349,1.47679006159702,1.4431928374903884,0.3736737330027581,0.812347621647052,0.3594644760522103,1.0,256
defactify,1,1,50731,0.94506692354492,0.005023064557462931,0.0031843597535043955,0.05301119075775967,JPEG,12.630091667175293,8.0,0.1314474493265152,19.999515533447266,0.11249618977308273,20.0,-2.1110528101994452,256,0.0,0.9598718285560608,9.028702735900879,6.516010284423828,-0.02587759494781494,1.025877594947815,1.6676078220735804,3.21671098555844,0.4296301839423341,0.7444017807120966,0.26348894192318384,1.0,256
defactify,1,3,174459,0.22712680577849118,0.04659496247768402,0.005531487986445427,0.1934841424421151,JPEG,11.49737548828125,10.0,0.07963203638792038,14.629013061523438,0.23926641047000885,20.0,-2.090402225074758,256,0.0,0.8831061720848083,12.502613067626953,3.043184757232666,0.6816956996917725,0.3183043301105499,1.6035159501305694,7.830583654724151,0.15372743847086406,0.5212563539638502,0.40115453309528853,1.0,256
defactify,0,0,27585,0.6123774271056562,0.03300405666232109,-0.003231269773095846,0.10427985410483544,JPEG,28.80824851989746,8.0,0.016194157302379608,29.996112823486328,0.06801680475473404,20.0,-2.589709347069079,256,0.0,0.8474025726318359,4.520243167877197,17.20689582824707,0.5096094012260437,0.4903905987739563,1.3142802428675098,1.2979537918108421,0.40638911697216284,0.8508193215204369,0.3342351120533371,1.0,256
defactify,1,3,106070,0.5659946126846788,0.09181120991706848,-0.005733053665608168,0.34290941637712924,JPEG,20.954421997070312,10.0,0.007562720216810703,20.717845916748047,0.09697738289833069,20.0,-2.7195950207163224,256,0.0,0.6884199380874634,3.8355636596679688,2.8239707946777344,0.6259129047393799,0.3740871250629425,1.3189220135108146,1.293793582996924,0.3926645747816372,0.7834504782092122,0.38825334083181706,1.0,256
defactify,0,0,23202,0.43333783601242737,0.03822852298617363,0.008949365466833115,0.2228957473011715,JPEG,21.1801700592041,10.0,0.005269240587949753,16.38610076904297,0.06140114367008209,20.0,-2.7443442077951614,256,0.0,0.7200608849525452,3.064863920211792,2.7856693267822266,0.46807533502578735,0.5319246649742126,1.2383605362316032,0.8678551518646676,0.20233562912550487,0.7783486243712182,0.38183438972437056,1.0,256
defactify,1,1,83745,0.5464174926231369,0.10703102499246597,0.004424227401614189,0.19587856861368533,JPEG,14.17578125,10.0,0.03750826045870781,19.4609317779541,0.0696062222123146,20.0,-2.4105636398430934,256,0.0,0.9188121557235718,6.3194074630737305,5.504889011383057,0.32236170768737793,0.6776382923126221,1.3139747870092604,1.8927020406814692,0.34253962071486693,0.7933785966251321,0.36140266528758835,1.0,256
defactify,1,5,23137,0.39043550165380375,0.17813466489315033,0.007460511289536953,0.2768322500027989,JPEG,36.26365280151367,10.0,0.003310414031147957,29.28887176513672,0.10790284723043442,20.0,-2.7541508075710075,256,0.0,0.49530279636383057,2.994396209716797,9.610998153686523,0.8136452436447144,0.18635477125644684,1.5573713546878016,1.179695925245098,0.1770625076692803,0.7332736648898603,0.3707732090353467,1.0,256
defactify,1,4,15670,0.17453798767967146,0.06272096931934357,0.018697483465075493,0.21611937895011207,JPEG,18.271156311035156,10.0,0.04786042496562004,24.501895904541016,0.25167518854141235,20.0,-2.133779215767391,256,0.0,0.8315850496292114,8.700632095336914,7.61784553527832,0.8000616431236267,0.1999383568763733,1.542423137119398,4.435923833381392,0.12824997858613613,0.5595417484787781,0.404891170734546,1.0,256
defactify,1,2,109716,0.31200882393492346,0.02358057349920273,0.02654043212532997,0.12225759151077928,JPEG,30.347421646118164,10.0,0.003928524442017078,21.0873966217041,0.09209900349378586,20.0,-2.6953496885626103,256,0.0,0.5511676073074341,2.81573748588562,6.9893975257873535,0.838222324848175,0.16177766025066376,1.4627045491660338,1.0103178164648214,0.20025150728029062,0.7577585824009545,0.38032064063669513,1.0,256
defactify,1,1,93914,0.5060228768093936,0.05231903865933418,-0.00019513197185005993,0.14660503941160918,JPEG,19.052722930908203,10.0,0.01851111650466919,17.45187759399414,0.11240792274475098,20.0,-2.385274687504629,256,0.0,0.797278881072998,6.23856782913208,3.6812682151794434,0.6323743462562561,0.3676256537437439,1.4361562565117498,2.4874105211937736,0.2314049312385981,0.7004175031737967,0.40226960802251177,1.0,256
defactify,1,1,102789,0.4160526315789474,0.1208583265542984,0.00840616412460804,0.3479805494255603,JPEG,27.727127075195312,8.0,0.010324221104383469,16.640050888061523,0.13749417662620544,20.0,-2.5498602716849232,256,0.0,0.6993646621704102,7.187419414520264,10.556476593017578,0.7920089960098267,0.20799103379249573,1.5526528926595133,4.097990451388888,0.20452791806110943,0.6633905146063129,0.38403942072374675,1.0,256
defactify,1,3,82629,0.23049074818986323,0.1063167005777359,0.012218542397022247,0.265152018249895,JPEG,20.41549301147461,10.0,0.010557648725807667,19.008316040039062,0.08366582542657852,20.0,-2.701825947080375,256,0.0,0.7970371246337891,4.030679225921631,7.523072242736816,0.6356554627418518,0.3643445372581482,1.2599914302204256,1.177177497837371,0.1941609474730272,0.7542659141121446,0.40161211105828787,1.0,256
defactify,1,5,18610,0.4925720422409164,0.0368974544107914,-0.004548558034002781,0.16138916211626778,JPEG,29.54317855834961,10.0,0.0033711721189320087,28.69439697265625,0.07657834887504578,20.0,-2.7462020536247564,256,0.0,0.5214840769767761,2.320033550262451,5.823380470275879,0.6724575757980347,0.32754242420196533,1.3295010112081536,0.7543532085015383,0.20708634088801778,0.7960875334588222,0.37024005924070225,1.0,256
defactify,0,0,37435,0.5443378119001919,0.15122529864311218,-0.003511317539960146,0.2937622249606066,JPEG,18.370025634765625,8.0,0.03698831796646118,22.097774505615234,0.10235394537448883,20.0,-2.3726060416872525,256,0.0,0.8971952199935913,10.065959930419922,10.455089569091797,0.6069607734680176,0.3930392265319824,1.4620182772740384,4.994825487793159,0.19605496233845976,0.7009565292218559,0.38894915203542657,1.0,256
defactify,1,1,43207,0.4900770310780556,0.06700938940048218,-0.005560470279306173,0.20854301372332895,JPEG,27.146324157714844,10.0,0.005127322860062122,25.205703735351562,0.036374568939208984,20.0,-3.0076623081186193,256,0.0,0.7960121631622314,2.2641570568084717,8.994283676147461,0.4829745888710022,0.5170254111289978,1.1607776296657963,0.45982940755959234,0.36239575346085373,0.8861698738115197,0.34982525951265325,1.0,256
defactify,1,5,25345,0.3334697217675941,0.08865243941545486,0.0019036413868889213,0.20981493913033608,JPEG,21.687068939208984,10.0,0.006197347771376371,14.776810646057129,0.14899422228336334,20.0,-2.5237626078206823,256,0.0,0.5890650153160095,3.1369738578796387,2.4119935035705566,0.6765309572219849,0.3234690725803375,1.4591622858628532,1.0738238447952706,0.19612591956771125,0.7341091162185283,0.39149196311775064,1.0,256
defactify,1,2,109483,0.4141028090961208,0.049723654985427856,0.015006471425294876,0.13533085267605513,JPEG,23.561511993408203,8.0,0.010355009697377682,21.03966522216797,0.12865637242794037,20.0,-2.5132828969690464,256,0.0,0.7153871655464172,2.7188823223114014,8.094404220581055,0.8602022528648376,0.13979774713516235,1.328717406540859,0.6715027273164174,0.260457956583967,0.7978277589051285,0.3909680779859157,1.0,256
defactify,1,4,13625,0.16165842525675161,0.06860388815402985,0.01657334715127945,0.23188399497522424,JPEG,17.410083770751953,10.0,0.049973729997873306,18.949281692504883,0.16205579042434692,20.0,-2.3360243142306247,256,0.0,0.8852007389068604,7.213101387023926,9.761253356933594,0.7395825386047363,0.2604174315929413,1.3509572139078903,2.77537287341407,0.14933051742430004,0.6198491657561438,0.4019806171623076,1.0,256
defactify,1,3,82303,0.7636201972301557,0.09093708544969559,-0.0010269780177623034,0.1834585901762458,JPEG,19.60625457763672,10.0,0.009526914916932583,19.356807708740234,0.061217520385980606,20.0,-2.6537400000283404,256,0.0,0.7895834445953369,3.398594856262207,2.1777520179748535,-0.15393996238708496,1.153939962387085,1.186856366747684,0.7886872837370238,0.3624396198627301,0.9006442540368141,0.30934659144226634,1.0,256
defactify,1,2,125230,0.1766977061094708,0.1419292688369751,0.017872635275125504,0.23167424736421638,JPEG,27.80052947998047,10.0,0.026192566379904747,16.848731994628906,0.1654212325811386,20.0,-2.3305505745576425,256,0.0,0.810314416885376,4.337532043457031,14.299488067626953,0.7632099986076355,0.2367900013923645,1.3914001040596657,1.1777313262927716,0.24897627170613823,0.7213210432123079,0.40416115584327555,1.0,256
defactify,1,1,91095,0.5378123370157887,0.27281466126441956,-0.0031285055447369814,0.3298463112257708,JPEG,20.62955093383789,10.0,0.028741594403982162,24.366130828857422,0.1207139641046524,20.0,-2.536951066994095,256,0.0,0.8574720621109009,7.3188676834106445,10.53902816772461,0.7584983110427856,0.24150170385837555,1.4275868973021342,2.998714106353327,0.3285644146405718,0.717059386738172,0.37207730216097534,1.0,256
defactify,1,2,103054,0.46648136036625243,0.0640045553445816,0.010734439827501774,0.162936244563876,JPEG,25.413349151611328,10.0,0.003358433721587062,22.192228317260742,0.05426102131605148,20.0,-2.7583807490860917,256,0.0,0.6793460249900818,2.523656129837036,2.911703586578369,0.4121928811073303,0.5878071188926697,1.2884425482416502,0.7324053398933102,0.2417443464278629,0.8024165979842726,0.3733046247902721,1.0,256
defactify,1,5,20310,0.3345646437994723,0.04587060213088989,-0.0033090009819716215,0.104692562144586,JPEG,26.495258331298828,10.0,0.003468890208750963,26.869686126708984,0.06803616136312485,20.0,-2.657878984011513,256,0.0,0.5500836968421936,2.6252543926239014,5.307467460632324,0.6441105604171753,0.3558894693851471,1.4272125600738164,0.8171232068194927,0.19276513036811738,0.7628631210367878,0.3840009840005538,1.0,256
defactify,1,5,18113,0.3387504514265078,0.052843887358903885,-0.014650319702923298,0.14815162513851227,JPEG,27.577533721923828,10.0,0.0041272263042628765,25.038013458251953,0.09688839316368103,20.0,-2.8265934858398074,256,0.0,0.5229604244232178,1.8170002698898315,4.438155651092529,0.5245634317398071,0.47543656826019287,1.3245459020664292,0.5571347258266051,0.28839359963746436,0.8417286902503629,0.3710265202794013,1.0,256
defactify,1,5,19907,0.3472424389454957,0.03934764117002487,-0.005301769357174635,0.10711016233316689,JPEG,26.317798614501953,10.0,0.0027445019222795963,27.075040817260742,0.050574883818626404,20.0,-3.027517211116643,256,0.0,0.5695070028305054,1.991087794303894,3.8242075443267822,0.8106316328048706,0.1893683820962906,1.2556378294394797,0.5693189368271818,0.21074432072321067,0.8062126119260371,0.387168313492205,1.0,256
defactify,1,3,142540,0.6044050532442622,0.024393219500780106,-0.0073704225942492485,0.2593804031174793,JPEG,17.024383544921875,10.0,0.029455265030264854,19.337993621826172,0.17649883031845093,20.0,-2.289176892075929,256,0.0,0.8068113327026367,6.469077110290527,4.129775047302246,0.4898143410682678,0.5101856589317322,1.3292634710137785,2.4709999609525184,0.35195458957149994,0.7729813993806465,0.37850862403627666,1.0,256
defactify,1,4,15713,0.4032803957302786,0.053705617785453796,0.00603976147249341,0.2102753714556408,JPEG,16.155467987060547,10.0,0.055108726024627686,12.950265884399414,0.23919124901294708,20.0,-2.070567043950367,256,0.0,0.8416672348976135,9.354957580566406,4.108669281005859,0.71406090259552,0.28593909740448,1.5739317460709332,4.9116610948913895,0.13093484647013703,0.5694897341512672,0.40603057835333234,1.0,256
defactify,1,3,130363,0.5219944082013047,0.020409882068634033,0.010068054310977459,0.1162322576662136,JPEG,16.456157684326172,8.0,0.037041664123535156,13.807836532592773,0.10177022963762283,20.0,-2.533739112322872,256,0.0,0.9003315567970276,5.900600433349609,8.474885940551758,0.5270087122917175,0.47299128770828247,1.316612339420456,1.7908757749423314,0.3046526049597451,0.7375407421020099,0.39257264702380146,1.0,256
defactify,1,4,13282,0.22574903589439335,0.05588662996888161,0.0006806546589359641,0.202484254008062,JPEG,16.87337303161621,10.0,0.038112103939056396,14.004626274108887,0.15275691449642181,20.0,-2.3337378694622766,256,0.0,0.864002525806427,7.788989543914795,7.37525749206543,0.6238453388214111,0.37615469098091125,1.4046452150784894,3.460848982362551,0.17187015703500647,0.6468288363154331,0.40152828217735037,1.0,256
defactify,1,5,14314,0.6779022536687631,0.02666991949081421,0.015951022505760193,0.0757956216467774,JPEG,31.027677536010742,10.0,0.0021587139926850796,30.679595947265625,0.045518625527620316,20.0,-2.9513830502504317,256,0.0,0.5318278670310974,1.6191779375076294,8.282557487487793,0.7623273134231567,0.23767265677452087,1.2395291606500105,0.38943517817666273,0.29141762720350006,0.8827583320027559,0.32417171106458714,1.0,256
defactify,0,0,46658,0.4470059446136001,0.15892328321933746,0.002309860195964575,0.3369457495448393,JPEG,25.111005783081055,10.0,0.0024771883618086576,24.16457748413086,0.032597750425338745,20.0,-3.085847176145396,256,0.0,0.6653026938438416,2.4690232276916504,2.843048095703125,0.6155312657356262,0.3844687342643738,1.0598177970704745,0.7451510086264903,0.21269594913615425,0.8356856463368617,0.3873168546202774,1.0,256
defactify,1,5,17069,0.3558922965467278,0.07775968313217163,0.013307292945683002,0.21774166355157906,JPEG,30.27410125732422,10.0,0.0027393619529902935,27.298080444335938,0.06964632868766785,20.0,-2.664243184817269,256,0.0,0.5130640864372253,2.1735422611236572,7.531591415405273,0.625380277633667,0.3746196925640106,1.3799924337905447,0.5939415128796615,0.229919243620543,0.8391477114701502,0.37250656867132315,1.0,256
defactify,1,5,20815,0.600335852225021,0.05904797464609146,0.007630622945725918,0.16103748921818356,JPEG,29.042274475097656,10.0,0.0025446282234042883,28.05517578125,0.05705638229846954,20.0,-2.6320953916429386,256,0.0,0.5024451613426208,2.2926650047302246,5.950819969177246,0.6254063844680786,0.3745936453342438,1.4569784263253176,0.8014273506584004,0.24758515175289775,0.7960546304351213,0.3790109692900332,1.0,256
defactify,0,0,15169,0.7649435408681239,0.02586166188120842,-0.01817396841943264,0.10937798549202424,JPEG,25.822738647460938,8.0,0.010934947989881039,31.318281173706055,0.08579051494598389,20.0,-2.699850080742773,256,0.0,0.7801490426063538,4.594003677368164,13.937054634094238,0.6545624732971191,0.34543752670288086,1.299880502418088,1.4392955383746648,0.3240362596541845,0.8443011926231261,0.336111306216172,1.0,256
defactify,1,4,9387,0.5624187700937137,0.11092714965343475,-0.0031630140729248524,0.2131675176856507,JPEG,20.569353103637695,10.0,0.011304092593491077,22.542442321777344,0.09125564247369766,20.0,-2.687998442391527,256,0.0,0.7750281691551208,4.002610206604004,3.1655144691467285,0.5992974042892456,0.400702565908432,1.2695192878254546,1.224110693603422,0.2389562974215858,0.7833862389291433,0.3863256691795699,1.0,256
defactify,0,0,19604,0.7002022506871337,0.0655728429555893,0.02305426634848118,0.19294302775507738,JPEG,22.330299377441406,10.0,0.00371531187556684,21.6169376373291,0.049599334597587585,20.0,-2.862264457663971,256,0.0,0.6995717883110046,1.9003493785858154,5.346374034881592,0.3822435736656189,0.6177564263343811,1.1192733217932413,0.42542627835447916,0.26041048979094394,0.863827884353699,0.3625799910648032,1.0,256
defactify,1,3,79248,0.6487452823942264,0.04617812857031822,0.007318858988583088,0.15245465511457792,JPEG,27.030841827392578,10.0,0.008614791557192802,27.33072280883789,0.03970867767930031,20.0,-2.934418269884717,256,0.0,0.8862127661705017,2.949817180633545,15.9352445602417,0.3203868865966797,0.6796131134033203,1.1807589604739344,0.5542864823625526,0.3612872702113886,0.8770394518864201,0.3123841398464624,1.0,256
defactify,0,0,26002,0.3534887129873937,0.04471954330801964,-0.0024013507645577192,0.10308279141942368,JPEG,21.760330200195312,10.0,0.03914131969213486,15.785070419311523,0.14013683795928955,20.0,-2.452457258343754,256,0.0,0.8787935972213745,4.301685333251953,13.344919204711914,0.12975668907165527,0.8702433109283447,1.193663690495834,1.0698116559736643,0.3068110208218054,0.8248036292763584,0.38591754916731014,1.0,256
defactify,1,4,10268,0.5308381124861656,0.04312852397561073,-0.004854340571910143,0.18771907744855867,JPEG,19.615942001342773,10.0,0.011510637588799,17.55293083190918,0.09696680307388306,20.0,-2.611211304218195,256,0.0,0.7713524103164673,5.041506767272949,1.4149589538574219,0.5562541484832764,0.443745881319046,1.3129252573921182,1.9019429125817002,0.17086709860310237,0.7541182887629958,0.3860956117502277,1.0,256
defactify,1,5,23388,0.33309294149463625,0.12744678556919098,0.013920851983129978,0.1892070062510578,JPEG,23.629905700683594,10.0,0.004864530637860298,16.547901153564453,0.11855350434780121,20.0,-2.686121818347432,256,0.0,0.5744844675064087,2.6462903022766113,2.5597987174987793,0.5885168313980103,0.41148313879966736,1.442004796760354,0.8000767283016147,0.3291786928088408,0.8025778187108716,0.3930056961589647,1.0,256
defactify,0,0,33197,0.6964523163661508,0.08022893220186234,-0.0074842339381575584,0.22020187715458717,JPEG,20.89908218383789,10.0,0.013282096944749355,22.475727081298828,0.06587323546409607,20.0,-2.6585694810032865,256,0.0,0.8450159430503845,5.082798957824707,3.848780632019043,0.5411233305931091,0.45887666940689087,1.2848603667018195,1.5514235510380632,0.2636460195797064,0.7916542777748645,0.3825147060489741,1.0,256
defactify,1,1,70586,0.38824020016680566,0.0,0.0,0.0,JPEG,23.4664363861084,10.0,0.009173347614705563,22.30014419555664,0.11911597102880478,20.0,-2.598050583327932,256,0.0,0.6990736126899719,3.8490285873413086,3.8558735847473145,0.8443511724472046,0.1556488424539566,1.2335325572081577,1.367460516988659,0.17909738912257808,0.7171420688009734,0.40071090158809414,1.0,256
defactify,1,1,80515,0.12721145745577084,0.043897781521081924,0.007904564030468464,0.23763927243121274,JPEG,24.72354507446289,10.0,0.011091656982898712,21.878314971923828,0.08816603571176529,20.0,-2.7350341179084428,256,0.0,0.7866456508636475,4.242771625518799,9.401082038879395,0.7886229157447815,0.2113770991563797,1.2820311534785787,1.395490301206267,0.18831201797332026,0.6996912467218023,0.4035365518189988,1.0,256
defactify,1,4,15969,0.3091844813935075,0.09360907226800919,-0.004620525054633617,0.28839191476594717,JPEG,15.676932334899902,10.0,0.03890806809067726,14.346115112304688,0.14730079472064972,20.0,-2.46260812995814,256,0.0,0.875200629234314,8.567693710327148,3.47078800201416,0.7827804684638977,0.2172195464372635,1.5055674984066467,4.057861774918303,0.13143653023004837,0.5972102230889886,0.40575336762940706,1.0,256
defactify,1,1,11782,0.907477329701959,0.03276380896568298,-0.01800462231040001,0.04201946687450729,JPEG,28.517799377441406,10.0,0.013479690067470074,30.528528213500977,0.08179894834756851,20.0,-2.6432044264754193,256,0.0,0.8205922842025757,0.11456093192100525,14.874975204467773,0.8170117139816284,0.18298828601837158,1.491291055559809,0.0006218461649365629,0.9993208145684804,0.9996890769175317,0.09078589701597103,1.0,256
defactify,1,2,56594,0.4463379607467688,0.018435196951031685,0.015020822174847126,0.07112384154236022,JPEG,25.30254364013672,10.0,0.014215322211384773,24.402149200439453,0.11122024059295654,20.0,-2.4032677161696863,256,0.0,0.7516757845878601,4.301568984985352,8.34056282043457,0.6992237567901611,0.30077627301216125,1.4353967624287183,1.2869713571703196,0.25389939132263273,0.7461599202049777,0.39274437205706286,1.0,256
defactify,1,2,52522,0.6905567236493281,0.04478735104203224,0.00914277508854866,0.18038990940901575,JPEG,22.985233306884766,10.0,0.004571068100631237,22.58843231201172,0.045213036239147186,20.0,-2.794804298568447,256,0.0,0.7365869283676147,2.643324613571167,6.0177202224731445,0.5912299752235413,0.40877002477645874,1.2552919570824765,0.6324028468617839,0.23760240777973798,0.8645702846204588,0.36438352628468945,1.0,256
defactify,1,5,19928,0.2996596534653465,0.05268065631389618,0.019741324707865715,0.1313485578730226,JPEG,26.63172149658203,10.0,0.003228158922865987,19.54753875732422,0.11115629225969315,20.0,-2.558682728013074,256,0.0,0.5094704031944275,1.8640681505203247,4.05490779876709,0.6217238903045654,0.3782760798931122,1.3467015893110599,0.5808842752787391,0.26811726100544225,0.8161977526492437,0.3767001612070277,1.0,256
defactify,0,0,40647,0.09606587374199452,0.03885189816355705,0.015420873649418354,0.26962208796759896,JPEG,18.32575225830078,10.0,0.013538624159991741,18.630661010742188,0.21293646097183228,20.0,-2.0969860670137663,256,0.0,0.6713936924934387,5.114767074584961,3.2135989665985107,0.7495324015617371,0.25046759843826294,1.2417550395261168,2.174335802335638,0.1843923060707519,0.6248447703788567,0.3999756595571064,1.0,256
defactify,1,2,68255,0.6172477064220183,0.038208749145269394,0.015603174455463886,0.13474152762079825,JPEG,32.113677978515625,10.0,0.009904075413942337,35.67658996582031,0.06758558005094528,20.0,-2.55462358502947,256,0.0,0.7792497873306274,2.071143388748169,17.79588508605957,0.11292868852615356,0.8870713114738464,1.285310392508466,0.34699597210207617,0.3357467764870307,0.9105189592859545,0.2920212345935568,1.0,256
defactify,1,4,13085,0.727933356965615,0.06669200211763382,0.008997469209134579,0.12902664892568028,JPEG,17.749990463256836,10.0,0.05395008996129036,23.758258819580078,0.2041848599910736,20.0,-2.129785840597522,256,0.0,0.8679534196853638,9.839672088623047,8.509650230407715,0.730103611946106,0.26989635825157166,1.502434807006427,5.249073703623607,0.2628494155474579,0.6507741306908696,0.3751877608357491,1.0,256
defactify,1,4,10564,0.6344335616826133,0.0613001324236393,0.0034594456665217876,0.20270356169955248,JPEG,19.209375381469727,10.0,0.019880421459674835,21.67913055419922,0.09838488698005676,20.0,-2.5025781634966,256,0.0,0.8343578577041626,6.294571399688721,7.271589279174805,0.5657901763916016,0.43420979380607605,1.3429436810462234,2.3651326262735504,0.19622700692327566,0.762357545332169,0.3876779473257869,1.0,256
defactify,1,4,15710,0.2879183479705673,0.07184185832738876,0.00044438918121159077,0.18728852094423082,JPEG,15.741229057312012,10.0,0.06525404751300812,16.72279167175293,0.20216064155101776,20.0,-2.2046351494049423,256,0.0,0.881924033164978,10.00897216796875,9.411741256713867,0.6626806855201721,0.3373193144798279,1.5086925857748694,5.127021187764324,0.1289134507659437,0.575214443488558,0.4014697141377744,1.0,256
defactify,0,0,17541,0.6298496280836946,0.047344375401735306,0.0061903526075184345,0.23623537833616562,JPEG,22.886966705322266,10.0,0.013234876096248627,21.369457244873047,0.16335150599479675,20.0,-2.3222977835412344,256,0.0,0.7327922582626343,4.901440620422363,7.704875469207764,0.40578383207321167,0.5942161679267883,1.3271047656206563,1.8728527038879281,0.21486020686126375,0.7608825226911622,0.3784778749558963,1.0,256
defactify,0,0,40269,0.5991658943466173,0.04514233022928238,-0.013858403079211712,0.21052441346471518,JPEG,15.66845703125,10.0,0.027669701725244522,13.622618675231934,0.11384021490812302,20.0,-2.4342466582423334,256,0.0,0.8645277619361877,6.140261173248291,3.648292064666748,0.4052087664604187,0.5947912335395813,1.3180545225659466,2.0911008386197634,0.24442090968642757,0.7329354560269128,0.3898423008197973,1.0,256
defactify,1,2,112137,0.45175151798225127,0.02566266804933548,0.017096305266022682,0.08876297202758753,JPEG,23.13068389892578,10.0,0.013248019851744175,20.187564849853516,0.16841675341129303,20.0,-2.457832212380099,256,0.0,0.7147813439369202,3.737701177597046,5.854790210723877,0.5379515886306763,0.4620484411716461,1.4769463492015211,1.1656071432862356,0.3200566687165433,0.762051112379157,0.3922663551692305,1.0,256
defactify,1,5,27431,0.1582089552238806,0.0748322606086731,0.0012259659124538302,0.18289124340481827,JPEG,24.250308990478516,10.0,0.010898210108280182,15.609969139099121,0.2733534276485443,20.0,-2.053451190502652,256,0.0,0.5817824602127075,3.401796817779541,2.887789726257324,0.7373867034912109,0.2626132667064667,1.4566660499548612,1.209005851114956,0.21925715242069496,0.7056240065458037,0.3919986508357685,1.0,256
defactify,0,0,18128,0.5255624678422751,0.11493884027004242,0.012568476609885693,0.2177210720686084,JPEG,28.925086975097656,10.0,0.0026716580614447594,29.031993865966797,0.04207473620772362,20.0,-2.9592499772126692,256,0.0,0.625150203704834,2.233442783355713,6.213507652282715,0.31395238637924194,0.6860476136207581,1.2499160311327318,0.6217547788110342,0.27915081056451385,0.8566070075618711,0.36281102515308317,1.0,256
defactify,0,0,69832,0.23381180223285486,0.13712745904922485,-0.0027771773748099804,0.2540307483477444,JPEG,11.405464172363281,10.0,0.08006679266691208,13.836711883544922,0.19561290740966797,20.0,-2.349291249907612,256,0.0,0.9051274657249451,11.05109977722168,5.018853664398193,0.7097964286804199,0.2902035415172577,1.498375857639036,5.903056591815655,0.11973462389275717,0.5424781676228254,0.4068603039403016,1.0,256
defactify,1,4,9975,0.7659978037336528,0.17992207407951355,0.006683690473437309,0.3809840210420579,JPEG,18.79419708251953,10.0,0.013899211771786213,19.646299362182617,0.10125018656253815,20.0,-2.550223917579444,256,0.0,0.7998271584510803,4.267105579376221,8.896053314208984,0.41456979513168335,0.5854302048683167,1.2669420591565526,1.2931875060073055,0.28234330639163585,0.79973737699421,0.37765276348262855,1.0,256
defactify,1,2,77857,0.7779580568605609,0.04994118958711624,0.011803767643868923,0.08064074232505508,JPEG,27.068605422973633,10.0,0.002702666912227869,25.11065673828125,0.0380316898226738,20.0,-3.1287725112525817,256,0.0,0.6098019480705261,1.159807562828064,5.299465656280518,0.015285670757293701,0.9847143292427063,1.1019050043455558,0.23254260680988084,0.4854096577247524,0.9298787968222713,0.2815158091755637,1.0,256
defactify,0,0,17789,0.4273538156590684,0.17025350034236908,0.004558529704809189,0.18224344589071756,JPEG,17.720605850219727,10.0,0.013816635124385357,17.43318748474121,0.0752592384815216,20.0,-2.504688535517515,256,0.0,0.8273273706436157,3.936880588531494,3.8283605575561523,0.4584420919418335,0.5415579080581665,1.2355543353019909,1.0315632959678978,0.2262932933930327,0.7881579596343874,0.4022743021359809,1.0,256
defactify,0,0,31899,0.6899600556527984,0.0,0.0,0.0,JPEG,15.991479873657227,10.0,0.03762965276837349,15.622482299804688,0.16559813916683197,20.0,-2.3868668042229495,256,0.0,0.845159649848938,6.729550361633301,6.035069465637207,0.2762007713317871,0.7237992286682129,1.4032264479169967,2.5717043474865453,0.3057472959753856,0.7820619403670376,0.35892078966292296,1.0,256
defactify,1,2,49690,0.8979807466541442,0.012077558785676956,0.005700654815882444,0.04901594330547893,JPEG,23.293684005737305,8.0,0.007938086055219173,19.1643123626709,0.07753589749336243,20.0,-2.668924673715141,256,0.0,0.7487759590148926,2.4433786869049072,8.704949378967285,0.012552261352539062,0.9874477386474609,1.1862463578665927,0.5127555958044983,0.45509493945500057,0.9020082816707468,0.26117631582464534,1.0,256
defactify,0,0,62389,0.3902506963788301,0.06655635684728622,-0.006332179997116327,0.3066399134243443,JPEG,16.16171646118164,10.0,0.057983361184597015,17.801477432250977,0.23874665796756744,20.0,-2.0550876390079775,256,0.0,0.8599792122840881,11.64987850189209,8.76860523223877,0.768043577671051,0.23195643723011017,1.6049994575473583,7.1455841653450625,0.18489953866625153,0.558026840771139,0.40399505963691934,1.0,256
defactify,0,0,19448,0.41534345373116965,0.05176077410578728,0.017039954662322998,0.2201149612779817,JPEG,21.56732940673828,10.0,0.011666510254144669,18.088342666625977,0.08257000893354416,20.0,-2.6286096269814534,256,0.0,0.7940714955329895,3.884098768234253,7.048510551452637,0.5255916118621826,0.474408358335495,1.301494937288626,1.0674006992502882,0.2417156692873656,0.8023693882026388,0.37838959195855787,1.0,256
defactify,1,2,104001,0.7028750387946844,0.017642388120293617,0.00017474955529905856,0.04835841125549195,JPEG,36.7403564453125,8.0,0.002895376645028591,35.9074821472168,0.036892540752887726,20.0,-2.9945105025185104,256,0.0,0.6813777685165405,2.3072350025177,15.606108665466309,0.41196346282958984,0.5880365371704102,1.2826567649926246,0.5478172007160707,0.4387859382415942,0.9048880471197551,0.2946487682204541,1.0,256
defactify,1,5,23357,0.369332654100866,0.10247431695461273,0.0005582676385529339,0.23603335941595152,JPEG,27.90048599243164,10.0,0.002606494352221489,27.621862411499023,0.061371006071567535,20.0,-2.592149330149915,256,0.0,0.5412057638168335,2.772308349609375,4.230826377868652,0.6248339414596558,0.3751660883426666,1.5118429054674105,1.0324772923875427,0.1710859245488747,0.7457249988358597,0.3781461756310556,1.0,256
defactify,1,2,85286,0.6452745481754345,0.03686481714248657,0.020669253543019295,0.10082650525619286,JPEG,23.28628921508789,10.0,0.017623309046030045,22.6534366607666,0.14565686881542206,20.0,-2.4121605623302997,256,0.0,0.7711925506591797,3.773327350616455,9.045488357543945,0.6460027694702148,0.35399723052978516,1.4354688172840313,1.0244960171568627,0.2727428033120805,0.7750206524629122,0.37371812921412356,1.0,256
defactify,0,0,48049,0.27277570591369205,0.10935085266828537,0.010946170426905155,0.24105622057844767,JPEG,15.872611045837402,10.0,0.047396957874298096,15.266271591186523,0.22892962396144867,20.0,-2.160856269248699,256,0.0,0.8257460594177246,7.162697792053223,3.902012348175049,0.3150668144226074,0.6849331855773926,1.3877300323413655,2.9667192606209136,0.20345463226138952,0.7117754529689178,0.4036013510397658,1.0,256
defactify,0,0,32659,0.7291834677419354,0.08336682617664337,0.01858103647828102,0.16111951421652615,JPEG,20.529813766479492,10.0,0.005853168200701475,23.731666564941406,0.05921431630849838,20.0,-2.88499215920052,256,0.0,0.7509345412254333,3.917475938796997,7.081478118896484,0.4659077525138855,0.5340922474861145,1.1661004627464169,1.2397828209102277,0.2941378406071158,0.8015742874551742,0.3728312174037885,1.0,256
defactify,0,0,35970,0.36294027565084225,0.14435051381587982,0.02304082363843918,0.16139298288296725,JPEG,10.114889144897461,8.0,0.059764936566352844,14.46719741821289,0.18297621607780457,20.0,-2.0745479619605267,256,0.0,0.8880017399787903,5.943680763244629,4.9711713790893555,0.47441309690475464,0.5255869030952454,1.18941142242743,1.868685526600348,0.22643170470749133,0.7192949211672323,0.4012398975629702,1.0,256
defactify,1,5,18297,0.492200529775336,0.050797849893569946,-0.006075006444007158,0.17238637634406218,JPEG,28.155181884765625,10.0,0.0069594793021678925,21.583555221557617,0.19831351935863495,20.0,-2.3793947117545127,256,0.0,0.5331916809082031,2.6200270652770996,6.0189433097839355,0.5388156175613403,0.46118438243865967,1.3630983629857751,0.8199030120626682,0.3156086169730268,0.7924137398085408,0.377761731051504,1.0,256
defactify,1,5,15983,0.42410893071686023,0.012335594743490219,0.02102925069630146,0.046289059783916245,JPEG,29.81410026550293,10.0,0.005173740908503532,26.087806701660156,0.1414833515882492,20.0,-2.6401604287987976,256,0.0,0.5323145985603333,2.033268690109253,5.563416957855225,0.6403624415397644,0.3596375584602356,1.2832457485422915,0.5858510999375242,0.29105255989142803,0.8243234772740958,0.37156413021446955,1.0,256
defactify,1,5,18687,0.5152031289427201,0.1092824637889862,0.012448372319340706,0.34146949517777453,JPEG,28.12071990966797,10.0,0.0017766932724043727,18.35393714904785,0.04721423611044884,20.0,-2.9021263662419057,256,0.0,0.4931308627128601,2.0268735885620117,5.5499796867370605,0.687518835067749,0.3124811351299286,1.435880662817935,0.6250775693242979,0.25607894017897415,0.8282233457892009,0.3629138961994651,1.0,256
defactify,1,2,88856,0.47120866590649946,0.0018068822100758553,-0.00021302467212080956,0.031296334233209745,JPEG,21.374797821044922,2.0,0.050450049340724945,15.28388786315918,0.11946593225002289,20.0,-2.630323877169948,256,0.0,0.9600862860679626,7.611203193664551,10.040202140808105,0.10969924926757812,0.8903007507324219,1.5070006141446095,2.77710024389658,0.21704232963597223,0.7093009564921048,0.39101569302937195,1.0,256
defactify,1,5,26254,0.21898976982097187,0.12392067909240723,-0.0005368132260628045,0.2731168659857957,JPEG,31.821439743041992,10.0,0.004412957467138767,25.083145141601562,0.14360137283802032,20.0,-2.4016019353214344,256,0.0,0.5142883062362671,3.905297040939331,6.886873245239258,0.8282495737075806,0.17175041139125824,1.6529916442001746,1.7168458946078422,0.15399844927375966,0.6571976579942453,0.3810754548897491,1.0,256
defactify,1,2,92685,0.49729387783791384,0.06606639921665192,-0.009194937534630299,0.16158309061983714,JPEG,18.89620590209961,10.0,0.01707063615322113,14.517843246459961,0.13842494785785675,20.0,-2.4622114216854367,256,0.0,0.7754737138748169,4.812135696411133,3.811601161956787,0.5633851885795593,0.4366148114204407,1.477445918102983,1.6222573949923116,0.3208037933012468,0.7491099624236667,0.3957398877520014,1.0,256
defactify,0,0,23806,0.5772008588717549,0.07890952378511429,0.01874758116900921,0.21503338292379873,JPEG,20.0924072265625,10.0,0.012889428064227104,14.85696792602539,0.10305977612733841,20.0,-2.5205212687714504,256,0.0,0.7897394895553589,4.521921634674072,2.3022613525390625,0.5545914769172668,0.44540852308273315,1.2532885771518363,1.471663617959439,0.17319310216085876,0.7105170735891102,0.39870425005646126,1.0,256
defactify,1,5,22226,0.4443885254151988,0.11318199336528778,-0.004712163005024195,0.20430399316718606,JPEG,26.971893310546875,10.0,0.0060874950140714645,21.42564582824707,0.15336498618125916,20.0,-2.3694289692667305,256,0.0,0.49895575642585754,3.094879627227783,1.5094046592712402,0.7191829681396484,0.28081703186035156,1.5790610560162839,1.098101376273549,0.19221569995450144,0.7251294889164044,0.3867869115092686,1.0,256
defactify,1,2,107197,0.4516723729259942,0.055790454149246216,0.008202895522117615,0.16624938589204855,JPEG,21.221126556396484,10.0,0.006101417820900679,15.2429780960083,0.09740736335515976,20.0,-2.6650436950069842,256,0.0,0.6728623509407043,2.933317184448242,0.6511814594268799,0.5860846042633057,0.41391539573669434,1.157614576180752,0.9412127847462517,0.27608644130630755,0.7866498235060809,0.3883319754548912,1.0,256
defactify,0,0,26905,0.4100135317997294,0.16290713846683502,0.006240867543965578,0.3340384038434956,JPEG,10.190229415893555,10.0,0.023371804505586624,13.009977340698242,0.06316596269607544,20.0,-2.872576281413884,256,0.0,0.9049458503723145,4.90034818649292,2.4674437046051025,0.5552201271057129,0.4447798430919647,1.1061032050812898,1.37388181528739,0.20978682046327007,0.757427942177103,0.4013011449408111,1.0,256
defactify,1,2,118359,0.317581786875837,0.04117865115404129,0.005277025979012251,0.16020736999484722,JPEG,17.774845123291016,10.0,0.01919112540781498,17.220645904541016,0.1849573850631714,20.0,-2.2716158139454015,256,0.0,0.7458646893501282,4.0525360107421875,5.147456169128418,0.719404399394989,0.280595600605011,1.349021986026174,1.2462425209054209,0.23502845350409923,0.7277658163160966,0.3992132541590635,1.0,256
defactify,0,0,37413,0.40381007360369464,0.04869583621621132,-0.0133502297103405,0.12078579710096429,JPEG,19.029911041259766,10.0,0.017024651169776917,17.035844802856445,0.13859149813652039,20.0,-2.480641102318964,256,0.0,0.7930111289024353,4.931882381439209,6.637598037719727,0.47320324182510376,0.5267967581748962,1.2860356866456573,1.6882649401672432,0.18494129526668693,0.7343939462647143,0.4005180703916782,1.0,256
defactify,1,5,20852,0.5191555325902414,0.04994364455342293,0.012310628779232502,0.17536881145665645,JPEG,26.456315994262695,10.0,0.007254095748066902,15.594386100769043,0.21379628777503967,20.0,-2.316484370777347,256,0.0,0.556696355342865,3.112802267074585,3.6159448623657227,0.5580778121948242,0.4419221878051758,1.545325122202638,1.0367465037485581,0.3988813450587016,0.7743282041638198,0.3897148846937276,1.0,256
defactify,0,0,30121,0.5756005127347712,0.1018662378191948,0.0201720017939806,0.23035785376906173,JPEG,13.430830001831055,10.0,0.05812442675232887,18.084482192993164,0.08497947454452515,20.0,-2.518176118952796,256,0.0,0.9416390657424927,8.323735237121582,1.3374632596969604,0.2290005087852478,0.7709994912147522,1.303665570852945,3.135001832227989,0.275400556548809,0.7511376067200626,0.38961360010863255,1.0,256
defactify,0,0,39316,0.7662337662337663,0.08254718035459518,0.011045028455555439,0.22212294541594724,JPEG,17.476293563842773,10.0,0.036753684282302856,17.619415283203125,0.11792144924402237,20.0,-2.4651708821808382,256,0.0,0.8815561532974243,7.135342597961426,7.071043014526367,0.691912055015564,0.3080879747867584,1.3555842140787013,2.6661629090974612,0.21599358788124612,0.6909091829247126,0.38582272111150345,1.0,256
defactify,0,0,75316,0.11148086522462562,0.08532775938510895,0.009944455698132515,0.2528185398760975,JPEG,12.693377494812012,10.0,0.059922777116298676,15.103151321411133,0.20117413997650146,20.0,-2.0225786279969586,256,0.0,0.8725137710571289,9.230727195739746,3.089653968811035,0.7471972703933716,0.2528027296066284,1.540122570141251,4.46098560349385,0.1294113439740577,0.5043492688539855,0.4108486738050475,1.0,256
defactify,0,0,57592,0.17552083333333332,0.06479987502098083,0.01908925734460354,0.22414504072696334,JPEG,16.219585418701172,10.0,0.052609995007514954,19.030345916748047,0.1685350090265274,20.0,-2.2022690673296723,256,0.0,0.888694703578949,8.567692756652832,5.838437080383301,0.6912664175033569,0.30873358249664307,1.3966662753946064,3.764103860294121,0.16863476828886748,0.5860732282658259,0.40673121261524503,1.0,256
defactify,0,0,26123,0.8201548772441574,0.07036842405796051,0.004006563685834408,0.14001934758582602,JPEG,22.351696014404297,8.0,0.030085045844316483,22.425586700439453,0.23622441291809082,20.0,-2.1915031970050767,256,0.0,0.7802091240882874,5.374605655670166,8.654558181762695,0.3543846607208252,0.6456153392791748,1.4027207523532843,1.8988377517060746,0.3942949657241164,0.8007026139396667,0.33713615046852863,1.0,256
defactify,0,0,43017,0.8169167473378509,0.0815892368555069,-0.01034754142165184,0.29936623374011156,JPEG,15.688582420349121,10.0,0.03853270784020424,17.788755416870117,0.13907180726528168,20.0,-2.379083714012511,256,0.0,0.8722007274627686,7.617502689361572,4.283085823059082,0.7589770555496216,0.24102292954921722,1.2978510988429224,3.0744238994617485,0.18582414644161946,0.5827577053889996,0.40427744613419997,1.0,256
defactify,0,0,17895,0.2931963795382894,0.14852118492126465,0.00014246124192140996,0.2525093520334617,JPEG,25.79419708251953,10.0,0.0028711732011288404,23.73964500427246,0.042781632393598557,20.0,-2.8038657671877893,256,0.0,0.676977276802063,2.3731603622436523,8.71304988861084,0.7428054809570312,0.25719454884529114,1.2727592480377745,0.6637107422625914,0.2703719788128656,0.832060702668882,0.39539191921249506,1.0,256
defactify,1,2,160897,0.5994595718145915,0.05999092757701874,0.012037554755806923,0.16030271429824428,JPEG,15.547442436218262,10.0,0.020436061546206474,15.923128128051758,0.09481954574584961,20.0,-2.3574999589253802,256,0.0,0.8515060544013977,4.922436237335205,3.061009645462036,0.7779865264892578,0.2220134437084198,1.6279975263685644,1.4649796802912345,0.1893777178866306,0.6590476734956742,0.41023117330036785,1.0,256
defactify,1,2,59838,0.5857742929151498,0.046081770211458206,0.025118164718151093,0.053751485681055054,JPEG,26.699718475341797,10.0,0.004392500035464764,23.329940795898438,0.031489189714193344,20.0,-2.9432294087965647,256,0.0,0.7712815999984741,1.7314128875732422,3.6163318157196045,0.40778398513793945,0.5922160148620605,1.4211168080914358,0.310760269487697,0.2836347878203433,0.8658179377593742,0.3804713722113701,1.0,256
defactify,1,2,108333,0.319212962962963,0.042392753064632416,0.012607276439666748,0.08720478048793011,JPEG,10.819560050964355,8.0,0.08251587301492691,12.378694534301758,0.19214077293872833,20.0,-2.3159121901290427,256,0.0,0.9171925187110901,5.068475246429443,3.21291184425354,0.507789134979248,0.49221083521842957,1.4879356293804862,1.3431641375913117,0.23062723920594658,0.6833118395610565,0.40911684536512793,1.0,256
defactify,1,2,69906,0.795438930874759,0.015350984409451485,0.022415731102228165,0.0522673376686687,JPEG,26.41634178161621,8.0,0.004029402509331703,23.446651458740234,0.031778231263160706,20.0,-2.897665482231816,256,0.0,0.7685967683792114,1.4498401880264282,13.233741760253906,0.5667970776557922,0.43320292234420776,1.1134584735467468,0.2023001820213379,0.343241152746294,0.9383930839718999,0.2583448410443832,1.0,256
defactify,0,0,32930,0.7460740196528607,0.0745055079460144,-0.011267878115177155,0.23798979564717368,JPEG,23.707468032836914,6.0,0.024223407730460167,25.226818084716797,0.13592948019504547,20.0,-2.4277338201182594,256,0.0,0.7998915314674377,7.369536876678467,11.755757331848145,0.52313232421875,0.4768677055835724,1.318816032413063,3.2485756529940435,0.19731524398866196,0.7200481498706854,0.39442156751022095,1.0,256
defactify,0,0,28724,0.8234791170069438,0.10274862498044968,-0.0011821540538221598,0.17609498107256685,JPEG,14.924232482910156,10.0,0.025614848360419273,14.671285629272461,0.16138415038585663,20.0,-2.223321096532077,256,0.0,0.818877100944519,6.089378833770752,3.1886842250823975,0.22951197624206543,0.7704880237579346,1.4815603091682212,2.2880568771626306,0.4707792775151423,0.8117631819590373,0.29959076361350584,1.0,256
defactify,1,5,20529,0.5173924588422729,0.049171097576618195,-0.00014642432506661862,0.11604657333492753,JPEG,31.722639083862305,10.0,0.0028663440607488155,26.604955673217773,0.08577457070350647,20.0,-2.8448866001153927,256,0.0,0.4924983084201813,2.207278251647949,5.872232437133789,0.6036893725395203,0.39631062746047974,1.4373608294289342,0.8220988021434068,0.18825222932059976,0.7609690913892522,0.3584501412430461,1.0,256
defactify,0,0,24648,0.373273707746942,0.10504655539989471,-0.00603813212364912,0.2673989058495404,JPEG,22.729618072509766,10.0,0.008704227395355701,21.895864486694336,0.06556849926710129,20.0,-2.5871224637446155,256,0.0,0.7941712141036987,4.020012855529785,8.097770690917969,0.47807765007019043,0.5219223499298096,1.193032610829629,1.207365811827182,0.19327696932696298,0.7888617104640231,0.3889377331303481,1.0,256
defactify,0,0,34404,0.4296413780949863,0.0778539776802063,0.0017427696147933602,0.19071851100607082,JPEG,17.623071670532227,10.0,0.018460148945450783,15.162652969360352,0.10459022969007492,20.0,-2.6011104226796067,256,0.0,0.8281159996986389,3.9759790897369385,3.323699474334717,0.7604230046272278,0.23957699537277222,1.1786412230015073,1.0713144733996547,0.22878994627582405,0.7900464593856569,0.3975643468556357,1.0,256
defactify,1,5,15777,0.7259469605814122,0.05380591005086899,0.024916358292102814,0.16093280623192915,JPEG,23.43217658996582,10.0,0.015845097601413727,17.36810874938965,0.37152552604675293,20.0,-1.9612964284470027,256,0.0,0.5948067903518677,2.4300739765167236,2.5091238021850586,0.49760323762893677,0.5023967623710632,1.3540874078584386,0.5999620939061896,0.49733865562261065,0.8183622862189954,0.3726943788111956,1.0,256
defactify,0,0,40141,0.43596059113300495,0.027721913531422615,-0.00983266718685627,0.1287323822448997,JPEG,30.309598922729492,6.0,0.05231419950723648,51.478939056396484,0.6145503520965576,20.0,-1.8072455199066182,256,0.0,0.7600086331367493,7.804962158203125,26.264036178588867,0.7921838760375977,0.20781612396240234,1.7979152837988117,4.27271606773837,0.21078254712094702,0.5606644793981276,0.35133808748568884,1.0,256
defactify,1,5,12659,0.6489332728098048,0.03875444084405899,0.0037803063169121742,0.1577422825414687,JPEG,34.29655456542969,10.0,0.0023823087103664875,29.448116302490234,0.04462277144193649,20.0,-3.1124426148580544,256,0.0,0.4764295518398285,1.6880470514297485,8.0707426071167,0.28501808643341064,0.7149819135665894,1.3863680920861368,0.5389858017349096,0.24102696991930223,0.8657266082422121,0.32367487691694447,1.0,256
defactify,0,0,46240,0.8247417176112549,0.11080288887023926,0.002970796776935458,0.1314471851620368,JPEG,15.38403034210205,10.0,0.08323352783918381,17.760604858398438,0.27735280990600586,20.0,-2.0163332180677505,256,0.0,0.8765049576759338,7.589800834655762,6.484096527099609,0.1853751540184021,0.8146248459815979,1.4550699311415456,2.938364511245675,0.3601757123971501,0.8188622661468832,0.308383582106344,1.0,256
defactify,1,5,16955,0.5196042235841394,0.03164178133010864,0.001512007205747068,0.0802817203627502,JPEG,30.513202667236328,10.0,0.004228821489959955,24.173574447631836,0.0699428915977478,20.0,-2.762947192782982,256,0.0,0.545925498008728,2.4536614418029785,4.644405364990234,0.5751923322677612,0.42480766773223877,1.338531253205703,0.8078262717464435,0.30658823831127546,0.8243814241332931,0.3838558310239422,1.0,256
defactify,0,0,42587,0.6382339494481092,0.03821008279919624,0.019079238176345825,0.16800018548073545,JPEG,15.134359359741211,10.0,0.03790971264243126,16.03603744506836,0.12415878474712372,20.0,-2.371285045415704,256,0.0,0.8849306702613831,7.5348639488220215,7.101385116577148,0.23874688148498535,0.7612531185150146,1.3507625547405218,2.952007806492695,0.28876717412065245,0.7454964143890269,0.3911077032067996,1.0,256
defactify,0,0,39026,0.5605146124523507,0.04746350646018982,-0.006864522118121386,0.22610162912888881,JPEG,20.079254150390625,8.0,0.03289360925555229,22.904232025146484,0.17646892368793488,20.0,-2.4029514738206537,256,0.0,0.8323743343353271,9.318737030029297,11.05606460571289,0.658950686454773,0.34104931354522705,1.4990536950264672,5.026176770953485,0.20982493962771992,0.7085181337637837,0.39199158457174,1.0,256
defactify,0,0,30280,0.45109791942827504,0.1427251100540161,0.02211439050734043,0.2471242071128607,JPEG,21.119922637939453,10.0,0.02675371989607811,19.09228515625,0.15349438786506653,20.0,-2.242884535154308,256,0.0,0.8496931791305542,5.148332118988037,8.373662948608398,0.6892009973526001,0.3107990026473999,1.4045983508039472,1.6066364349048445,0.31587445434897743,0.7890024979480788,0.38819545589243915,1.0,256
defactify,1,5,21022,0.6258586475347275,0.042086612433195114,-0.0030081544537097216,0.1679310496164752,JPEG,22.405797958374023,10.0,0.0046058157458901405,20.112781524658203,0.11009009182453156,20.0,-2.5312914896188348,256,0.0,0.5545363426208496,2.86076021194458,3.8494553565979004,0.8150562047958374,0.1849438101053238,1.410974666911086,0.9903789858467897,0.3628335387245667,0.7681684625223882,0.38773132365047364,1.0,256
defactify,0,0,8186,0.9109348930506346,0.01393626257777214,-0.014043426141142845,0.061595272039717354,JPEG,20.895631790161133,10.0,0.012157230637967587,18.761661529541016,0.08976119756698608,20.0,-2.636525623192111,256,0.0,0.7953742146492004,4.556203365325928,6.85740852355957,-0.22062742710113525,1.2206274271011353,1.346623304224363,1.3604572159746253,0.5952902028344491,0.9274558292629753,0.19002102246661648,1.0,256
defactify,1,5,19408,0.4594727041066353,0.0863448828458786,-0.0073618292808532715,0.14471870304485313,JPEG,26.60885238647461,10.0,0.0022302360739558935,22.433202743530273,0.05843815580010414,20.0,-2.724990608572886,256,0.0,0.5618146061897278,1.9481420516967773,5.904532432556152,0.7725805044174194,0.22741949558258057,1.365971677690147,0.5336895965494041,0.2687261445898829,0.8087041743730172,0.38399953270585097,1.0,256
defactify,1,5,15701,0.4984520123839009,0.05250541493296623,0.01733315922319889,0.20237298495398723,JPEG,26.45836067199707,10.0,0.0021067888010293245,25.614990234375,0.039373207837343216,20.0,-3.1723224122861344,256,0.0,0.5391274094581604,1.3342050313949585,6.102211952209473,0.5574982166290283,0.4425017535686493,1.1861871317505557,0.36296944084006155,0.2365830940030158,0.8637476626777135,0.3514100222313594,1.0,256
defactify,0,0,26758,0.533146772170221,0.08410866558551788,0.0088351396843791,0.267604634739652,JPEG,16.391212463378906,10.0,0.04963349178433418,20.135112762451172,0.16644582152366638,20.0,-2.021137553196329,256,0.0,0.8751735687255859,7.354128837585449,9.033761978149414,0.7005926966667175,0.29940730333328247,1.381461344193583,2.7852473057237583,0.19770656892011146,0.6947332760889935,0.39990969565348916,1.0,256
defactify,1,5,21943,0.39798850574712646,0.09754325449466705,0.0003176358877681196,0.27720467281299116,JPEG,28.197772979736328,10.0,0.002627220470458269,25.653913497924805,0.07208124548196793,20.0,-2.980488655414216,256,0.0,0.4848617613315582,2.200920343399048,5.198795795440674,0.6662226915359497,0.3337772786617279,1.3714394968674808,0.8094834468713952,0.18682684150448267,0.7727353373271542,0.361790498788995,1.0,256
defactify,0,0,31895,0.6669005102040816,0.0885125994682312,0.0032876182813197374,0.23038235024429543,JPEG,19.775407791137695,10.0,0.033235933631658554,26.856407165527344,0.15357089042663574,20.0,-2.1653972114413653,256,0.0,0.8414658904075623,9.465768814086914,13.328969955444336,0.5326946973800659,0.4673052728176117,1.4628478491784247,4.815220167723951,0.2619974062808332,0.6993323787640378,0.38202041146951937,1.0,256
defactify,0,0,25773,0.25643300798580304,0.05276821553707123,0.007426099386066198,0.15374437806709532,JPEG,22.48859405517578,10.0,0.02965090610086918,24.177200317382812,0.12640011310577393,20.0,-2.4348514876360983,256,0.0,0.8449409604072571,4.961691856384277,13.346990585327148,0.6667321920394897,0.33326780796051025,1.1791576888648885,1.4450882773452527,0.23856532746032433,0.7678378788851639,0.3963797135543619,1.0,256
defactify,0,0,33408,0.42663086400252725,0.03465980291366577,0.02665489912033081,0.07922494608303783,JPEG,23.172096252441406,10.0,0.0044093201868236065,21.542591094970703,0.07842438668012619,20.0,-2.821348556575548,256,0.0,0.6108987927436829,1.3137983083724976,3.1943979263305664,0.49797946214675903,0.502020537853241,1.04080061849576,0.27974523019992314,0.46953474461390343,0.8907668316957535,0.3673530966195807,1.0,256
defactify,0,0,49280,0.39066529138731304,0.028887493535876274,-0.010564979165792465,0.19866290786542193,JPEG,13.123751640319824,10.0,0.08233512192964554,18.3963623046875,0.28559190034866333,20.0,-1.9933610943830138,256,0.0,0.8722294569015503,11.248165130615234,5.391005992889404,0.6679680347442627,0.3320319950580597,1.575796044840382,6.543742145448866,0.14831231534975745,0.5666801273869019,0.4067167467975894,1.0,256
defactify,1,5,18821,0.3266590389016018,0.0654626116156578,0.004270472563803196,0.21914437322764505,JPEG,28.006000518798828,10.0,0.004200388211756945,27.016267776489258,0.057422786951065063,20.0,-2.8342656838229097,256,0.0,0.5861045718193054,2.0476810932159424,3.6810970306396484,0.7368234395980835,0.2631765604019165,1.3212603070439435,0.5508579032103038,0.25053819901063734,0.799102845309376,0.3874929517630985,1.0,256
defactify,1,5,20401,0.4399951016409503,0.05182729661464691,0.0014765565283596516,0.21681136793295822,JPEG,27.093284606933594,10.0,0.003394327824935317,23.343738555908203,0.11347634345293045,20.0,-2.7031663397882952,256,0.0,0.4793539345264435,2.5219969749450684,5.977601051330566,0.6540494561195374,0.34595054388046265,1.4674571403166716,0.9960174722462509,0.1955659769325691,0.7667188140291494,0.36681681469581967,1.0,256
defactify,0,0,19084,0.8931347680222568,0.03709584102034569,-0.008272490464150906,0.14401602996994012,JPEG,26.945924758911133,10.0,0.0042594787664711475,30.00804901123047,0.034847233444452286,20.0,-2.6537561744982154,256,0.0,0.7789482474327087,2.679206132888794,8.673759460449219,0.09344589710235596,0.906554102897644,1.1277240120668914,0.5177631049356013,0.5478504278866386,0.8986449936217412,0.2961331834342328,1.0,256
defactify,0,0,21863,0.6567842199641363,0.04006702080368996,0.005762278567999601,0.1603651323679847,JPEG,20.51085662841797,6.0,0.01157664880156517,26.787017822265625,0.07430616021156311,20.0,-2.502733641885013,256,0.0,0.8303773403167725,5.508047580718994,8.739140510559082,0.550500750541687,0.4494992792606354,1.268778351556449,1.8713007767445227,0.20214216186126116,0.7514303531060432,0.3849887829587322,1.0,256
defactify,1,5,18511,0.2534377998081228,0.09195377677679062,0.01977361924946308,0.16173481467080258,JPEG,25.10993766784668,10.0,0.00461183488368988,16.309040069580078,0.13840502500534058,20.0,-2.458511687595682,256,0.0,0.5560788512229919,2.2724905014038086,4.416264533996582,0.7025855183601379,0.29741448163986206,1.449749587621812,0.6664356107026141,0.2830170994776508,0.7846887197009744,0.38229570697860094,1.0,256
defactify,0,0,44024,0.29096530401923737,0.07544276118278503,0.00992595311254263,0.2232913189688018,JPEG,18.82561492919922,4.0,0.031234944239258766,14.417009353637695,0.10507120937108994,20.0,-2.2353698640540416,256,0.0,0.8948395252227783,8.483940124511719,14.352914810180664,0.7707412242889404,0.22925877571105957,1.4177147384658821,3.682015706098616,0.13003590588014086,0.6041000797724813,0.400716238069941,1.0,256
defactify,0,0,38751,0.25930038867295946,0.05083049461245537,0.010747913271188736,0.21205394418749637,JPEG,20.654014587402344,10.0,0.03558707609772682,23.73741912841797,0.22941921651363373,20.0,-2.0453840634259954,256,0.0,0.8172924518585205,5.777179718017578,10.46829605102539,0.6244818568229675,0.37551814317703247,1.1944536704026503,2.092163650999616,0.21035716116494219,0.6942396991466381,0.4052999656744244,1.0,256
defactify,0,0,50996,0.3804930332261522,0.0,0.0,0.0,JPEG,15.250443458557129,10.0,0.1187865287065506,13.178372383117676,0.322714239358902,20.0,-1.737202135716218,256,0.0,0.8920983672142029,13.264284133911133,3.590729236602783,0.49836909770965576,0.5016309022903442,1.6534715240371263,8.556814055891962,0.161084213616778,0.5226199955976063,0.40694975098637365,1.0,256
defactify,0,0,19533,0.5663605258418872,0.028521431609988213,0.02543443627655506,0.08384254843053175,JPEG,19.90744972229004,10.0,0.011660944670438766,19.10394859313965,0.0851254016160965,20.0,-2.571305022156026,256,0.0,0.7885854840278625,2.15773868560791,4.968100547790527,0.31119829416275024,0.6888017058372498,0.9139450584265729,0.3534310721837759,0.37096284281151515,0.9220332661085742,0.2756221875583254,1.0,256
defactify,0,0,44572,0.3757075853145722,0.09216634929180145,0.004200532101094723,0.2465171216341804,JPEG,17.70374298095703,10.0,0.041963011026382446,21.420448303222656,0.22142204642295837,20.0,-1.9588206457877766,256,0.0,0.8166319131851196,7.732834815979004,0.316378116607666,0.5666749477386475,0.43332505226135254,1.5316842516223794,3.6683458585640145,0.1714898666030364,0.6561051261925235,0.4023618356636455,1.0,256
defactify,0,0,20830,0.669893078221722,0.012647564522922039,0.004590542521327734,0.022266443723131798,JPEG,16.101707458496094,8.0,0.02573952078819275,19.001089096069336,0.11752772331237793,20.0,-2.3605258617684006,256,0.0,0.8512728810310364,3.007066249847412,3.5935628414154053,0.575043797492981,0.42495623230934143,0.9419294245985693,0.572967503484237,0.3387828875135521,0.887916607397697,0.3289689099388532,1.0,256
defactify,0,0,63676,0.37162820929476764,0.10221040993928909,-0.00175552349537611,0.32152576494864754,JPEG,19.158466339111328,10.0,0.08108824491500854,24.333778381347656,0.28423652052879333,20.0,-2.0033197470087574,256,0.0,0.8445243239402771,13.544107437133789,14.481681823730469,0.6627959609031677,0.3372040390968323,1.5960002096996624,9.150920574418492,0.1587366959119983,0.581296370967316,0.3977256046823196,1.0,256
defactify,0,0,53917,0.27689873417721517,0.06038574129343033,0.003653749590739608,0.1986301147703974,JPEG,13.903532028198242,10.0,0.052177079021930695,20.401229858398438,0.13528640568256378,20.0,-2.20199955579189,256,0.0,0.9123753309249878,9.264755249023438,4.272571086883545,0.6058629751205444,0.3941369950771332,1.4068453180483322,4.2265880460640135,0.16602314215653724,0.5960173562166619,0.40796248984464073,1.0,256
defactify,0,0,27538,0.7898908887438217,0.03980642929673195,0.006339408457279205,0.14934605995154782,JPEG,24.796789169311523,10.0,0.01142114121466875,28.405311584472656,0.0774642825126648,20.0,-2.594748309467625,256,0.0,0.8032530546188354,4.920695781707764,12.36960220336914,0.6014577150344849,0.39854225516319275,1.2980774341278511,1.5523130827085736,0.2680988197508043,0.7539722897541546,0.37157089138962873,1.0,256
defactify,0,0,30492,0.4510258266956312,0.027011148631572723,0.010940500535070896,0.11740587885216637,JPEG,15.605515480041504,10.0,0.010521172545850277,21.412227630615234,0.07451365888118744,20.0,-2.5991483652207683,256,0.0,0.7897130846977234,3.469942569732666,-0.1448519229888916,0.2599349021911621,0.7400650978088379,1.178085859344651,0.8982869118848519,0.3030402023621396,0.8509153309626777,0.3747842156301653,1.0,256
defactify,0,0,52215,0.15121951219512195,0.10203562676906586,0.0026336442679166794,0.2283683318029163,JPEG,15.419530868530273,10.0,0.03562740981578827,16.810731887817383,0.18344321846961975,20.0,-2.2072346541889942,256,0.0,0.8395577669143677,7.818104267120361,4.7603440284729,0.6528525352478027,0.34714749455451965,1.4524694067479424,3.5912029027297163,0.13715635048993652,0.6150958701236914,0.4021146352446912,1.0,256
defactify,0,0,46663,0.3278606341646823,0.04122190177440643,0.0036330583970993757,0.12791522330802765,JPEG,20.694290161132812,8.0,0.016469253227114677,22.178747177124023,0.14990288019180298,20.0,-2.4445007192115855,256,0.0,0.805389404296875,5.643010139465332,9.977649688720703,0.6645554304122925,0.33544453978538513,1.432068100873668,2.221248588283353,0.2216574248686211,0.7233624142533831,0.39522840014613836,1.0,256
defactify,0,0,43437,0.5461075843635149,0.06013818830251694,-0.005357819143682718,0.1852061489658694,JPEG,19.286558151245117,8.0,0.02880324423313141,18.864057540893555,0.15572720766067505,20.0,-2.228938338794444,256,0.0,0.8427257537841797,7.5547027587890625,10.939764022827148,0.7371265888214111,0.26287344098091125,1.4992504893432024,3.2813994166906966,0.15721837307306763,0.6325207057913955,0.4020384633130686,1.0,256
defactify,0,0,26149,0.8345261392228124,0.03373435512185097,-0.016956452280282974,0.16661581236121983,JPEG,23.385990142822266,10.0,0.011188514530658722,21.8887882232666,0.04975364729762077,20.0,-2.497261384744091,256,0.0,0.8723370432853699,6.05319881439209,9.608133316040039,-0.004065990447998047,1.004065990447998,1.3801594380266622,2.0329782565599763,0.399075072738592,0.8621369620162292,0.31792646865663854,1.0,256
defactify,0,0,12586,0.8990910821357191,0.11022329330444336,-0.0023662722669541836,0.18818953762653157,JPEG,24.233165740966797,10.0,0.010933863930404186,20.316696166992188,0.11934967339038849,20.0,-2.5500744107598075,256,0.0,0.7575224041938782,3.6134650707244873,8.40766429901123,0.2691425681114197,0.7308574318885803,1.3119119556010723,1.0196323679594388,0.4511895829191599,0.8682476741430589,0.2701341855778384,1.0,256
defactify,0,0,18146,0.3463626492942454,0.05878178030252457,0.016618451103568077,0.064258577182346,JPEG,18.20817756652832,10.0,0.03265877813100815,21.513202667236328,0.3130922317504883,20.0,-1.9972693486415034,256,0.0,0.7442803978919983,2.0723679065704346,4.773038864135742,0.6169129610061646,0.38308700919151306,1.0108983836921657,0.41903998762495187,0.4840232061851879,0.8329407088809738,0.39942333286007903,1.0,256
defactify,0,0,6190,0.9585664335664336,0.08338011056184769,-0.025326797738671303,0.049122490469720316,JPEG,21.17060661315918,10.0,0.019249459728598595,21.014535903930664,0.27872025966644287,20.0,-1.975556187212338,256,0.0,0.6644050478935242,0.9015212059020996,4.208637237548828,-0.8200817108154297,1.8200817108154297,1.162742239888072,0.0699553056516724,0.9725324760559322,0.9888876140615062,0.07762075629178075,1.0,256
defactify,0,0,57504,0.6326034063260341,0.06717979907989502,0.010358590632677078,0.2591749196455662,JPEG,9.006043434143066,10.0,0.1674623340368271,12.149808883666992,0.2680373787879944,20.0,-2.126905967403314,256,0.0,0.9304381012916565,14.772205352783203,3.4068844318389893,0.7667738199234009,0.2332262098789215,1.6646653351215102,9.600905766411957,0.09660655218974613,0.38224512765727575,0.3993570931633074,1.0,256
defactify,0,0,23041,0.47965501990269793,0.06408729404211044,-0.0003270886081736535,0.25833761687042484,JPEG,15.659714698791504,8.0,0.04171641543507576,17.283950805664062,0.1402740329504013,20.0,-2.208463686337879,256,0.0,0.8738088011741638,7.906893730163574,7.763901710510254,0.32062798738479614,0.6793720126152039,1.385714834412086,3.1788790369088806,0.24439616020835492,0.7114163146802807,0.3950421463017173,1.0,256
defactify,0,0,18998,0.6786323136800798,0.015533055178821087,-0.0017732311971485615,0.11874717933369149,JPEG,22.16314697265625,8.0,0.015548472292721272,23.88800048828125,0.061063509434461594,20.0,-2.508050718391574,256,0.0,0.8733748197555542,6.024832725524902,14.47259521484375,0.4960142970085144,0.5039857029914856,1.262239279589872,1.9331124297145335,0.2195355052871415,0.8330771905734808,0.3284913787118821,1.0,256
defactify,0,0,39643,0.10853293413173652,0.04479075223207474,0.014947180636227131,0.10518082078813015,JPEG,19.22305679321289,10.0,0.03072291985154152,17.63947296142578,0.31130629777908325,20.0,-1.944224991377376,256,0.0,0.7554986476898193,4.675397872924805,2.573345184326172,0.7765988111495972,0.22340117394924164,1.3474648869953945,1.5800634371395617,0.19069108926330908,0.6454311025683452,0.4059030968578463,1.0,256
defactify,0,0,20969,0.8156097297589158,0.028929417952895164,-0.013441303744912148,0.2115312838463545,JPEG,17.418136596679688,10.0,0.0034168048296123743,19.152790069580078,0.03867047280073166,20.0,-2.855600180486654,256,0.0,0.7239189147949219,3.4540340900421143,0.05951991304755211,0.39940112829208374,0.6005988717079163,1.2279747564013057,0.9801035509179152,0.48649614653555273,0.8997977287642507,0.30761313459250395,1.0,256
defactify,0,0,42979,0.29203340103814035,0.07511530816555023,0.012946207076311111,0.2313115496287597,JPEG,25.30651092529297,10.0,0.04151875525712967,26.96624755859375,0.21919018030166626,20.0,-2.3242876758128603,256,0.0,0.8562148213386536,8.844748497009277,13.5150728225708,0.8072748780250549,0.19272513687610626,1.5163217911405698,4.381974240676662,0.15772300977630258,0.5987434479919186,0.39629541067256535,1.0,256
defactify,0,0,23142,0.7968728235130241,0.10693211108446121,0.0006237360066734254,0.23938592864875763,JPEG,19.694374084472656,10.0,0.03812813758850098,18.776405334472656,0.1786598265171051,20.0,-2.2924382615989733,256,0.0,0.8549934029579163,7.2814249992370605,9.742636680603027,0.2797786593437195,0.7202213406562805,1.478465813209175,2.86401492214533,0.3149521429878918,0.7650715804576245,0.34231793280544187,1.0,256
defactify,0,0,54781,0.4391304347826087,0.08406779170036316,0.008562395349144936,0.18519120716773513,JPEG,13.471014022827148,8.0,0.10736354440450668,17.010452270507812,0.26081329584121704,20.0,-2.0697365913562598,256,0.0,0.903410792350769,10.025025367736816,5.830261707305908,0.8709414601325989,0.12905853986740112,1.3796083096749912,4.862099492983464,0.13781379756999898,0.46804158493001374,0.40406247323096567,1.0,256
defactify,0,0,18331,0.5177087590246561,0.05407358705997467,0.0002687454398255795,0.15392816194196218,JPEG,22.587984085083008,10.0,0.02398870885372162,28.597620010375977,0.08409134298563004,20.0,-2.4489113553417106,256,0.0,0.8818937540054321,4.41202449798584,15.821138381958008,0.8191726803779602,0.1808273047208786,1.0429853124273634,1.0802715151624374,0.2692788979318954,0.7594530597001549,0.3830819199585402,1.0,256
defactify,0,0,67054,0.3355290242898312,0.054379288107156754,-0.008657554164528847,0.3006793849616358,JPEG,12.760719299316406,10.0,0.08413607627153397,15.711915969848633,0.2904740869998932,20.0,-1.928462350855565,256,0.0,0.8639538288116455,12.339017868041992,4.943909168243408,0.7999675869941711,0.20003241300582886,1.6201840539520063,7.77360675581507,0.17966160296678535,0.5155531481581499,0.40105514122266406,1.0,256
defactify,0,0,29899,0.6483981135143926,0.01952277682721615,0.0012570894323289394,0.08906483507348477,JPEG,19.88982582092285,10.0,0.03980208560824394,19.757368087768555,0.1845344454050064,20.0,-2.2856491200381925,256,0.0,0.8506775498390198,7.877819061279297,9.739751815795898,0.5824141502380371,0.4175858199596405,1.4176253419863254,3.4900513023837005,0.2207157667947222,0.7010784719167311,0.39101863851690055,1.0,256
defactify,0,0,52076,0.28804870233899393,0.13128717243671417,0.0006572634447365999,0.3005811482711573,JPEG,18.129682540893555,10.0,0.03895057737827301,20.605632781982422,0.16429810225963593,20.0,-2.270726364760759,256,0.0,0.860858142375946,9.235191345214844,8.852745056152344,0.7470248937606812,0.25297510623931885,1.4649592527868585,4.694787296352363,0.14167042580549402,0.5781241660982008,0.40704871548187105,1.0,256
defactify,0,0,30826,0.4884333010112204,0.03410264477133751,-0.0012967564398422837,0.20394290159197306,JPEG,12.584758758544922,8.0,0.07170240581035614,14.708663940429688,0.2744861841201782,20.0,-1.8542957232934698,256,0.0,0.8557577133178711,6.1265869140625,2.4285733699798584,0.48531848192214966,0.5146815180778503,1.2532710908268538,2.073979614210879,0.3270909341018134,0.7082302465322043,0.4063331096443558,1.0,256
defactify,0,0,42847,0.24800607671857197,0.1848474144935608,-0.003359832800924778,0.40195415964811737,JPEG,15.070261001586914,10.0,0.03718515485525131,16.47352409362793,0.1373404711484909,20.0,-2.4135337390073484,256,0.0,0.8781780004501343,6.8144989013671875,3.4422788619995117,0.8197680711746216,0.1802319437265396,1.2750861737421313,2.5764497879421393,0.1478102800777878,0.6369517755201991,0.40726969808053004,1.0,256
defactify,0,0,55393,0.4645441389290883,0.06744880974292755,-0.016211360692977905,0.16038554829317142,JPEG,16.38541603088379,10.0,0.020204080268740654,16.429393768310547,0.12084479629993439,20.0,-2.4793429762170898,256,0.0,0.8139486312866211,4.19054651260376,1.7889107465744019,0.02789968252182007,0.9721003174781799,1.308360796130941,1.157847011966551,0.3484668477067332,0.8018298762729171,0.37960281949635877,1.0,256
defactify,0,0,36239,0.6120717781402937,0.18680432438850403,0.0036311671137809753,0.3772672798117573,JPEG,25.987398147583008,10.0,0.01574193499982357,22.033050537109375,0.14991314709186554,20.0,-2.1791628834564896,256,0.0,0.7793983221054077,6.6239399909973145,11.101877212524414,0.5037285089492798,0.4962714612483978,1.4043512600661405,3.1932288963379456,0.2889548013687958,0.7832273128985356,0.3826297205384091,1.0,256
defactify,0,0,26723,0.7903813544034347,0.06660708785057068,0.0075642820447683334,0.2926257094657609,JPEG,18.356670379638672,10.0,0.014703267253935337,21.99166488647461,0.07549066096544266,20.0,-2.425510812433139,256,0.0,0.8314357399940491,6.702085018157959,5.317234992980957,0.49672049283981323,0.5032795071601868,1.298683507542429,2.595463824009996,0.31814279826063513,0.7809067625912491,0.35346193166677037,1.0,256
defactify,0,0,23485,0.8246834097603936,0.04030400887131691,0.01785295642912388,0.09271599964023382,JPEG,20.69431495666504,10.0,0.02979755774140358,24.647933959960938,0.13306885957717896,20.0,-2.4451929707534346,256,0.0,0.8620993494987488,4.13545036315918,10.203375816345215,0.09110754728317261,0.9088924527168274,1.334130011196777,0.9621829945213376,0.40490027246084215,0.8879608374777243,0.31470728161072836,1.0,256
defactify,0,0,40463,0.14824495892457057,0.03356306999921799,0.02615967206656933,0.1589128886729891,JPEG,17.162485122680664,10.0,0.01833578385412693,18.32375144958496,0.1210605800151825,20.0,-2.108407884242334,256,0.0,0.8076675534248352,5.34470796585083,5.653644561767578,0.6283906102180481,0.3716093897819519,1.3311583695130944,1.8515425707660518,0.18653485688013766,0.6859905235886092,0.40546745105418047,1.0,256
defactify,0,0,26438,0.5239081040141379,0.028109557926654816,-0.014545975252985954,0.05423395649985257,JPEG,21.01367950439453,10.0,0.006907242350280285,20.256816864013672,0.0812453180551529,20.0,-2.5778350591989216,256,0.0,0.7091202139854431,2.79148530960083,0.17755836248397827,0.6284303665161133,0.37156960368156433,1.174334076471624,0.6559221513360249,0.39652654359556283,0.8734067470849018,0.38645804052383714,1.0,256
defactify,0,0,13652,0.78373878457127,0.03213530406355858,-0.0032029759604483843,0.12670749693384992,JPEG,29.22048568725586,10.0,0.0014672224642708898,25.519664764404297,0.036426350474357605,20.0,-3.17581082448151,256,0.0,0.41111356019973755,1.3197216987609863,6.832027912139893,0.3613291382789612,0.6386708617210388,1.275310122081477,0.4783982722991157,0.4432999806615393,0.8822277960695338,0.30693383180742095,1.0,256
defactify,0,0,36111,0.21529494878134936,0.17795327305793762,0.013982504606246948,0.24382568955933065,JPEG,16.33879852294922,10.0,0.04760266840457916,13.13142204284668,0.15659897029399872,20.0,-2.29421331704287,256,0.0,0.8826257586479187,6.36608362197876,4.921217441558838,0.49823540449142456,0.5017645955085754,1.3357847157258458,2.185621876201461,0.20242230332835495,0.6985800846200492,0.3965895403018406,1.0,256
defactify,0,0,29670,0.4355244535304293,0.10207153856754303,-0.009049051441252232,0.24062344112281817,JPEG,18.249786376953125,10.0,0.02002556063234806,15.806877136230469,0.16293056309223175,20.0,-2.1786193998670895,256,0.0,0.7909324169158936,3.31882905960083,6.107325553894043,0.6214638948440552,0.37853607535362244,1.237308701799874,0.8360114949778932,0.2900458698557392,0.7757741145210726,0.3951873478175809,1.0,256
defactify,0,0,61065,0.21004366812227074,0.04718984663486481,0.004830151796340942,0.15698387737387098,JPEG,16.09383773803711,10.0,0.11421991139650345,13.425132751464844,0.4495272636413574,20.0,-1.4838779234525337,256,0.0,0.8609042167663574,10.262092590332031,7.58667516708374,0.592500627040863,0.40749937295913696,1.5183161026166847,5.551882599240687,0.18281393193870357,0.5770244467109997,0.4057333127771151,1.0,256
defactify,0,0,29548,0.48115429917550057,0.02538318559527397,0.013690131716430187,0.18332024805811242,JPEG,24.298608779907227,10.0,0.026469603180885315,27.738840103149414,0.213033989071846,20.0,-2.2166666747125787,256,0.0,0.788598895072937,7.251794338226318,11.105475425720215,0.7634590864181519,0.23654091358184814,1.5043649371328243,3.2441010969338713,0.2903033983516788,0.7316834799180277,0.39331530465691217,1.0,256
defactify,0,0,34863,0.24987834549878346,0.07999522984027863,0.006836234126240015,0.2446017370870108,JPEG,15.066975593566895,8.0,0.015550668351352215,13.866472244262695,0.08410074561834335,20.0,-2.569192779934706,256,0.0,0.8332436084747314,5.3225250244140625,4.449167728424072,0.5264776349067688,0.4735223650932312,1.3331535483188461,1.8116559436274506,0.1734760432614036,0.6971434353033164,0.3984830842665531,1.0,256
defactify,0,0,43576,0.33188484519282996,0.09228761494159698,0.01443396881222725,0.17309569270888528,JPEG,15.710391998291016,10.0,0.023968467488884926,14.184595108032227,0.07821141183376312,20.0,-2.4015576177343076,256,0.0,0.8883012533187866,6.113602638244629,5.751337051391602,0.331844687461853,0.668155312538147,1.424202347263621,2.017016907559593,0.21123051307962962,0.6799803512354536,0.4046036816637396,1.0,256
defactify,0,0,19896,0.6090582079790713,0.019899025559425354,0.00580973643809557,0.12104414272806624,JPEG,24.62276840209961,10.0,0.009418081492185593,24.5455322265625,0.07173249870538712,20.0,-2.8214636644414965,256,0.0,0.7738978862762451,2.555612087249756,5.211004257202148,0.3898116946220398,0.6101883053779602,1.101907097718498,0.5178788957372163,0.38484360617848345,0.8810970756266566,0.3306693359564553,1.0,256
defactify,0,0,23166,0.6871301775147929,0.03497747331857681,0.00482696620747447,0.12569300333942923,JPEG,24.259395599365234,10.0,0.01583450846374035,23.675153732299805,0.0948372632265091,20.0,-2.443305781782264,256,0.0,0.798943281173706,4.4616923332214355,12.819183349609375,0.1789209246635437,0.8210790753364563,1.369118008688448,1.263060601691657,0.2960879135331776,0.8278129085732858,0.3664787266287162,1.0,256
defactify,0,0,45698,0.4197085357390701,0.15275393426418304,-0.0012905007461085916,0.3598772762903846,JPEG,20.090744018554688,10.0,0.037061091512441635,21.88876724243164,0.18724597990512848,20.0,-2.3092200749407823,256,0.0,0.8492478132247925,7.857861042022705,10.767775535583496,0.7851565480232239,0.21484345197677612,1.4066532101979197,3.5253721074827005,0.18184339410226885,0.6724876946753178,0.40027978441141,1.0,256
defactify,0,0,32392,0.4143327180804109,0.11175795644521713,-0.01152779906988144,0.21428305661752084,JPEG,20.499937057495117,10.0,0.009223238565027714,19.047855377197266,0.06698787957429886,20.0,-2.6156511705871415,256,0.0,0.7746790051460266,3.779979944229126,3.207547664642334,0.4906885623931885,0.5093114376068115,1.1740640999754879,1.026234335952519,0.30617449771961014,0.8279738217547811,0.3914097156628076,1.0,256
defactify,0,0,32983,0.6717164975974372,0.10171621292829514,-0.015380664728581905,0.21585447889673257,JPEG,21.296682357788086,10.0,0.02504928782582283,18.897214889526367,0.14714640378952026,20.0,-2.4133850744287457,256,0.0,0.8054033517837524,7.77076530456543,9.3525390625,0.6508388519287109,0.34916117787361145,1.4879301483363874,3.604645058391005,0.19437584105447978,0.7072880873196364,0.3860164936845501,1.0,256
defactify,0,0,17068,0.6073619631901841,0.16276948153972626,0.005139435175806284,0.2783651799989939,JPEG,25.29024887084961,8.0,0.003450910560786724,28.326255798339844,0.03003688156604767,20.0,-2.680439672444271,256,0.0,0.7593433260917664,2.9275496006011963,10.786285400390625,0.524652361869812,0.4753476083278656,1.0981602294890231,0.7167320111255284,0.2654205957972102,0.842218217737218,0.377123435739555,1.0,256
defactify,0,0,28884,0.6458263605328335,0.10863274335861206,0.0001650838676141575,0.287540329718168,JPEG,14.826312065124512,10.0,0.018596889451146126,20.207149505615234,0.06525862962007523,20.0,-2.6170632761551818,256,0.0,0.8845131993293762,5.593231678009033,2.6384494304656982,0.6684656143188477,0.33153435587882996,1.10185800933422,1.770116421568628,0.20887722542621528,0.723765311516504,0.3963687566986547,1.0,256
defactify,0,0,32756,0.4307032590051458,0.05556754022836685,0.0006787588354200125,0.19615260784644253,JPEG,15.154901504516602,10.0,0.06175592541694641,22.59032440185547,0.2460322231054306,20.0,-2.118785439058312,256,0.0,0.8676551580429077,9.007769584655762,8.372121810913086,0.6473701596260071,0.3526298403739929,1.4506229730392444,4.3742445363562075,0.17048787217287664,0.6232045076559247,0.40162214202214686,1.0,256
defactify,0,0,32604,0.22213711221754118,0.05474045127630234,-0.005947026889771223,0.1560278219263397,JPEG,16.25682258605957,8.0,0.024538004770874977,18.847091674804688,0.12642277777194977,20.0,-2.2902429122941355,256,0.0,0.8425195217132568,6.845215797424316,5.384826183319092,0.6771446466445923,0.3228553235530853,1.302069232987384,2.7907509431468664,0.18527842324471377,0.6424858331154281,0.4086223734029266,1.0,256
defactify,0,0,44750,0.6952593537414966,0.049767009913921356,0.0013923849910497665,0.18849139967238132,JPEG,18.517894744873047,10.0,0.030473727732896805,19.034061431884766,0.11120430380105972,20.0,-2.338186844827522,256,0.0,0.8819668889045715,7.543975830078125,7.886600494384766,0.6916567087173462,0.3083432912826538,1.3664678244972457,2.9968924512206856,0.1813261987504793,0.6588138694396205,0.400639936518257,1.0,256
defactify,0,0,17361,0.6694996380956828,0.06740409880876541,0.0,0.1676395865936884,JPEG,24.90915298461914,10.0,0.00902099534869194,24.660436630249023,0.06264828145503998,20.0,-2.692686163643391,256,0.0,0.822492778301239,2.2640109062194824,9.319815635681152,0.11874735355377197,0.881252646446228,1.1434486013682665,0.37863254217128034,0.4746745200177052,0.9279184875377341,0.28232161808450423,1.0,256
defactify,0,0,36904,0.8127593008229613,0.10456610471010208,-0.00021664772066287696,0.17224695013062924,JPEG,14.860252380371094,10.0,0.06486634165048599,12.473383903503418,0.2852439284324646,20.0,-1.813025675025934,256,0.0,0.856921911239624,6.6242876052856445,4.460550308227539,0.5888068675994873,0.4111931324005127,1.4240608083489055,2.479075911308151,0.2422722552572241,0.6516484415425148,0.3930515307190252,1.0,256
defactify,0,0,14470,0.6288123924268503,0.06160106509923935,0.012330901809036732,0.1627470525595581,JPEG,32.91618728637695,10.0,0.002624554792419076,24.378490447998047,0.053612153977155685,20.0,-2.9416296306400205,256,0.0,0.4234888255596161,1.7046912908554077,9.452144622802734,0.5294784307479858,0.4705215394496918,1.2723727449164148,0.5121387206843522,0.3220206849445533,0.8763837769084059,0.3284451911846777,1.0,256
defactify,0,0,25182,0.3927681520542389,0.04325506091117859,0.02255190536379814,0.10778684609770893,JPEG,28.17859649658203,10.0,0.0038534533232450485,20.938961029052734,0.042115453630685806,20.0,-2.685551286125884,256,0.0,0.7122061252593994,1.7180393934249878,9.851202011108398,0.5354088544845581,0.4645911753177643,1.2053022633258808,0.3291095672337563,0.3000995944186241,0.8845298194170946,0.37968158748160596,1.0,256
defactify,0,0,39191,0.4912297989751675,0.1182132214307785,0.019005734473466873,0.245459411110095,JPEG,18.329605102539062,10.0,0.009747935459017754,19.681743621826172,0.06269560009241104,20.0,-2.411198373772099,256,0.0,0.8075078725814819,5.9956769943237305,7.107670783996582,0.6047743558883667,0.3952256739139557,1.3889648144120255,2.233597414455978,0.21842619734225438,0.7261365292367258,0.4026538988334029,1.0,256
defactify,0,0,46694,0.32320777642770354,0.09100416302680969,0.009848145768046379,0.24010887797108904,JPEG,16.43247413635254,10.0,0.058707937598228455,19.55348777770996,0.17893734574317932,20.0,-2.2363401720565053,256,0.0,0.8898005485534668,6.911434173583984,8.729948043823242,0.7321965098381042,0.26780349016189575,1.2443313654543189,2.4798327115772794,0.18522133587542935,0.6184151244861348,0.4070319802270446,1.0,256
defactify,0,0,45061,0.22765714285714286,0.17976856231689453,0.010757270269095898,0.24700388543267418,JPEG,14.133315086364746,10.0,0.02490197867155075,14.397354125976562,0.12616179883480072,20.0,-2.301650685624583,256,0.0,0.8466007113456726,4.663029193878174,3.0396840572357178,0.56196129322052,0.43803873658180237,1.2165549558284519,1.387536569468474,0.20056533134461613,0.744681076850034,0.3999686235127233,1.0,256
defactify,0,0,59074,0.447495183044316,0.0768357366323471,0.007657450623810291,0.20903538529346835,JPEG,19.399784088134766,10.0,0.0836644172668457,26.541370391845703,0.3225114345550537,20.0,-1.7223486718467937,256,0.0,0.8597262501716614,8.889056205749512,8.068502426147461,0.6782733798027039,0.32172662019729614,1.54924260530443,4.3063550377258775,0.14213721959751732,0.5271791998839089,0.4070351264083823,1.0,256
defactify,0,0,60001,0.11609249646059462,0.24819818139076233,0.011880413629114628,0.304701219094497,JPEG,17.987730026245117,10.0,0.0515679232776165,19.892065048217773,0.27867597341537476,20.0,-2.08115751947154,256,0.0,0.8383873105049133,9.167658805847168,5.460026264190674,0.5485351085662842,0.4514648914337158,1.4874893956806483,4.871106185121107,0.22724970917583293,0.6118019898162272,0.4046230134311288,1.0,256
defactify,0,0,31262,0.4870949772537369,0.08106344193220139,0.008454184047877789,0.3095782953002419,JPEG,29.27074432373047,10.0,0.013075480237603188,27.91446876525879,0.1410885453224182,20.0,-2.5437426713647535,256,0.0,0.7292261719703674,4.345963954925537,11.520042419433594,0.7502210140228271,0.24977898597717285,1.3827454489411979,1.5136968954248382,0.36794168935555815,0.8070887458284723,0.3755566655951549,1.0,256
defactify,0,0,64487,0.4565537555228277,0.08956648409366608,0.007761082611978054,0.2359264101563401,JPEG,15.190290451049805,10.0,0.06207050010561943,19.633113861083984,0.2594846487045288,20.0,-2.1356400220727076,256,0.0,0.8598974347114563,11.127607345581055,5.866698741912842,0.7971699237823486,0.20283010601997375,1.6026935430757134,6.643340767373127,0.12624708697392398,0.515400388118795,0.40687553919710656,1.0,256
defactify,0,0,20059,0.6395752058951019,0.02757479064166546,0.0009691509185358882,0.18843679410922176,JPEG,25.164321899414062,10.0,0.006388494744896889,18.411714553833008,0.0651865005493164,20.0,-2.697358287836163,256,0.0,0.7003498077392578,3.316859483718872,11.535493850708008,0.35980892181396484,0.6401910781860352,1.148148951454936,0.8571365280180696,0.34890921056786045,0.872733375520422,0.36227956323739124,1.0,256
defactify,0,0,37566,0.2836812144212524,0.06714285165071487,-0.005404472351074219,0.15317724895549353,JPEG,13.127903938293457,10.0,0.047542914748191833,13.508665084838867,0.2069256752729416,20.0,-2.212582628744382,256,0.0,0.854861855506897,7.65294885635376,4.867173194885254,0.7801707983016968,0.21982918679714203,1.4606926671093607,3.318306000096117,0.17205988579645265,0.6128340171702504,0.4058985897665611,1.0,256
defactify,0,0,35866,0.47506331579972727,0.0885685384273529,-0.0023943798150867224,0.2123077618904221,JPEG,24.92859649658203,10.0,0.008972140029072762,20.851661682128906,0.12232955545186996,20.0,-2.5165265160024712,256,0.0,0.7077522873878479,4.731199264526367,5.231382369995117,0.6040736436843872,0.3959263265132904,1.3114698178043993,1.8528241241349472,0.18803645418347698,0.7475651478943186,0.3909512893286019,1.0,256
defactify,0,0,44597,0.39241691371508813,0.08117316663265228,0.012985666282474995,0.210911528175804,JPEG,19.30767250061035,10.0,0.026415327563881874,16.312997817993164,0.19615338742733002,20.0,-2.230262661411037,256,0.0,0.790226936340332,6.322056770324707,6.946504592895508,0.6482745409011841,0.3517254889011383,1.364292553613809,2.562808595251826,0.1700183245244224,0.6736997421787597,0.4005168704273827,1.0,256
defactify,0,0,43956,0.27828509518650363,0.06947553157806396,-0.0023614868987351656,0.17781875586076082,JPEG,16.661060333251953,10.0,0.11282237619161606,17.686752319335938,0.21253150701522827,20.0,-2.233093713141737,256,0.0,0.9243782758712769,8.989035606384277,10.70462417602539,0.6061661243438721,0.39383384585380554,1.3792851964498671,3.7362944690743953,0.18486847640329712,0.6464046166646712,0.39612253252522556,1.0,256
defactify,0,0,44081,0.4546714721375104,0.06986632943153381,0.00017669099906925112,0.17134780668036134,JPEG,14.969812393188477,10.0,0.03476439416408539,14.61942195892334,0.138920858502388,20.0,-2.4447716283849723,256,0.0,0.8662737011909485,6.569821357727051,4.989720344543457,0.6832479238510132,0.31675204634666443,1.3678814229073022,2.4607104088571727,0.16472997402387246,0.6664755707750494,0.4039079959034771,1.0,256
defactify,0,0,54346,0.06865671641791045,0.0,0.0,0.0,JPEG,14.684242248535156,10.0,0.03976908326148987,15.800647735595703,0.1777460277080536,20.0,-2.2780864653098494,256,0.0,0.8522629737854004,8.723949432373047,5.4065728187561035,0.8570200204849243,0.14298000931739807,1.414007467718594,4.223740868896575,0.12548993161245495,0.5414066751111963,0.4071395821939246,1.0,256
defactify,0,0,57903,0.211410707307542,0.09411127120256424,0.007310943212360144,0.20800994205563214,JPEG,13.55624771118164,10.0,0.08071824908256531,14.365291595458984,0.15517979860305786,20.0,-2.2535436724602045,256,0.0,0.9252509474754333,10.463391304016113,5.901265621185303,0.6814327239990234,0.3185672461986542,1.4250010950143104,5.084288554882738,0.11675074204386951,0.5213201004343824,0.40577709961680414,1.0,256
defactify,0,0,27849,0.7832818333977083,0.09694891422986984,0.014997239224612713,0.2611572524065548,JPEG,16.529972076416016,10.0,0.057086966931819916,21.931991577148438,0.1806221604347229,20.0,-2.299881295629375,256,0.0,0.8704301714897156,6.9850029945373535,8.842758178710938,0.2496875524520874,0.7503124475479126,1.3859548310038905,2.4316887585303704,0.6467157980619107,0.8450265718336913,0.3329997813650079,1.0,256
defactify,0,0,44604,0.45538900785153463,0.1488141119480133,0.0013863230124115944,0.25680377625618,JPEG,16.488605499267578,8.0,0.06220100447535515,21.08271598815918,0.2169242650270462,20.0,-2.187394211613939,256,0.0,0.8666759729385376,7.9840593338012695,8.582833290100098,0.6471562385559082,0.3528437614440918,1.3564152072544693,3.3884232326509043,0.20196341517706154,0.6925115634052518,0.3945855815796785,1.0,256
defactify,0,0,23168,0.6281629735525375,0.12166285514831543,0.014275721274316311,0.25724463425404104,JPEG,13.112317085266113,8.0,0.09051716327667236,15.692410469055176,0.26138821244239807,20.0,-2.037787074789141,256,0.0,0.8895202875137329,7.786552429199219,5.9175591468811035,0.4241487979888916,0.5758512020111084,1.4234414281062355,3.0933872488946577,0.255153108074949,0.6538691955576599,0.3972640392229492,1.0,256
defactify,0,0,38302,0.7301544443244411,0.020140642300248146,-0.003914480097591877,0.14136095019750763,JPEG,19.08626937866211,10.0,0.015783119946718216,18.201499938964844,0.06773460656404495,20.0,-2.66603164718308,256,0.0,0.8634068369865417,6.9758076667785645,4.7639851570129395,0.6627650856971741,0.3372349143028259,1.3174509510536803,2.833469113441945,0.29260590227594174,0.752708159690671,0.38417881588870323,1.0,256
defactify,0,0,39074,0.32564428889595926,0.07013670355081558,0.02131199836730957,0.21129270301830505,JPEG,21.20607566833496,10.0,0.017081348225474358,18.850719451904297,0.09369441121816635,20.0,-2.5120758754863286,256,0.0,0.8325023651123047,5.075485706329346,9.679937362670898,0.6672786474227905,0.3327213525772095,1.3015926383703889,1.607460817353901,0.20777561691669602,0.7394094352595046,0.4022755237147711,1.0,256
defactify,0,0,22220,0.8131868131868132,0.04413183033466339,0.012072479352355003,0.15200685121568813,JPEG,18.111249923706055,10.0,0.013318680226802826,21.067184448242188,0.06757751852273941,20.0,-2.6255935244187625,256,0.0,0.8443149328231812,4.713252544403076,6.842864990234375,0.213134765625,0.786865234375,1.2908059609732296,1.3505927858275657,0.3679157748891977,0.8480867676039932,0.3372341394674429,1.0,256
defactify,0,0,53327,0.3956145199926294,0.02858235128223896,-0.0012266077101230621,0.17821766437187767,JPEG,13.98166561126709,8.0,0.038533587008714676,15.684406280517578,0.13412873446941376,20.0,-2.5150302043735593,256,0.0,0.8743622899055481,9.79597282409668,3.8986265659332275,0.7468632459640503,0.2531367540359497,1.4644207203770707,5.060244362144369,0.16169869310003426,0.6282941636590085,0.40452983877306437,1.0,256
defactify,0,0,29157,0.5624277456647399,0.07953165471553802,-0.011128006502985954,0.3160925758638469,JPEG,16.092792510986328,10.0,0.04976853355765343,15.13614273071289,0.23797741532325745,20.0,-2.178838499017427,256,0.0,0.8362024426460266,8.70644474029541,2.2150964736938477,0.43293291330337524,0.5670670866966248,1.4793545252337985,4.273339400711264,0.3104493380383048,0.7545532585566763,0.3855118143555037,1.0,256
defactify,0,0,24511,0.6516883116883117,0.02631804719567299,0.0012162483762949705,0.12763464705481498,JPEG,22.95708465576172,10.0,0.023829609155654907,22.866867065429688,0.12429793924093246,20.0,-2.408223738949994,256,0.0,0.8308144211769104,5.86152982711792,12.793292999267578,0.3929598927497864,0.6070401072502136,1.3361052799211879,1.9763822958717805,0.3787279705523361,0.8236108103440972,0.36728046203853576,1.0,256
defactify,0,0,83146,0.6190741773563859,0.06730183959007263,0.004608269780874252,0.2243723017818943,JPEG,9.048437118530273,10.0,0.17044022679328918,12.235469818115234,0.24177123606204987,20.0,-2.065469964953629,256,0.0,0.9322889447212219,16.429969787597656,3.158944845199585,0.7346704006195068,0.26532959938049316,1.6404385664928751,11.7178801722895,0.09105428310255452,0.3871578706562977,0.3972636329612984,1.0,256
defactify,0,0,15908,0.8997338265812506,0.03582291305065155,-0.0042861513793468475,0.15075097371961088,JPEG,19.38365936279297,10.0,0.020522935315966606,18.17768096923828,0.11232840269804001,20.0,-2.4181561224656165,256,0.0,0.8202382922172546,5.5287981033325195,7.700352668762207,0.21585816144943237,0.7841418385505676,1.333822929548277,1.8287091803633218,0.3993508879708974,0.8833991077926604,0.2647307362944771,1.0,256
defactify,0,0,54640,0.6936536460796369,0.08487538248300552,0.0048298523761332035,0.20308127886200228,JPEG,19.162036895751953,4.0,0.0918915644288063,17.39600372314453,0.21725282073020935,20.0,-2.2073220816838948,256,0.0,0.901499330997467,10.29616928100586,10.643973350524902,0.5637850165367126,0.43621498346328735,1.5059987898475382,4.996269568795652,0.23079049052096728,0.5975136301141907,0.39426225619027455,1.0,256
defactify,0,0,34808,0.45247242533151566,0.15660414099693298,0.00495651550590992,0.18034266441235433,JPEG,21.94188117980957,10.0,0.025082817301154137,21.970882415771484,0.11248967796564102,20.0,-2.3118422498183406,256,0.0,0.8344501256942749,5.893933296203613,12.560480117797852,0.68805992603302,0.3119400441646576,1.3145045016537336,2.0384856185121123,0.19198455240012363,0.71510051861,0.39389340195546224,1.0,256
defactify,0,0,29427,0.685230473949788,0.2035951316356659,0.004851721227169037,0.17396728028074052,JPEG,18.820024490356445,10.0,0.018699266016483307,19.27925682067871,0.1483270227909088,20.0,-2.4695709037464892,256,0.0,0.8053619861602783,6.790558815002441,7.440871715545654,0.542692244052887,0.45730775594711304,1.4030321246024897,3.23551068098808,0.3376637217298097,0.8009521204499023,0.34890679834765587,1.0,256
defactify,0,0,58745,0.27424511545293073,0.07664965093135834,-0.00040988612454384565,0.2255823323643382,JPEG,13.445657730102539,8.0,0.05246981978416443,14.977787971496582,0.20213104784488678,20.0,-2.298471207837421,256,0.0,0.8617291450500488,9.934250831604004,3.6496176719665527,0.6966116428375244,0.303388386964798,1.5076687260884483,5.294601535467128,0.13039018461443513,0.5821333588424569,0.4060048783869569,1.0,256
defactify,0,0,11962,0.6962230440021606,0.03999155014753342,0.002476056106388569,0.08407401014395821,JPEG,31.229999542236328,10.0,0.0027941493317484856,31.883522033691406,0.022459687665104866,20.0,-3.034474838674662,256,0.0,0.72791588306427,0.4041498899459839,10.488329887390137,0.7364603281021118,0.2635396420955658,1.1935949764284683,0.06454075655997693,0.4697949492147455,0.9678217857915226,0.24361523589834455,1.0,256
defactify,0,0,25215,0.4956577119036591,0.09607556462287903,0.00277149910107255,0.2771062775532876,JPEG,23.457382202148438,10.0,0.0033000025432556868,25.286273956298828,0.030567316338419914,20.0,-3.028179900240744,256,0.0,0.7535249590873718,2.088935375213623,2.903463840484619,0.6034533381462097,0.3965466618537903,0.9769094686220012,0.44861292832083843,0.4257868886726769,0.8696399858584554,0.3847232512339285,1.0,256
defactify,0,0,15268,0.5870087763430041,0.03180428594350815,0.016910318285226822,0.11722279256575756,JPEG,26.300884246826172,10.0,0.033668700605630875,19.078754425048828,0.14012043178081512,20.0,-2.495638420148488,256,0.0,0.8629467487335205,3.483550786972046,15.047439575195312,0.3365926146507263,0.6634073853492737,1.128259961587099,0.7081331549163785,0.3470408216348763,0.8906642230162156,0.308799923846034,1.0,256
defactify,0,0,54816,0.25503742084052966,0.04770714044570923,0.020035788416862488,0.15298034412448466,JPEG,15.716753959655762,10.0,0.05728655308485031,15.303585052490234,0.3706657290458679,20.0,-1.9576153420819664,256,0.0,0.8063687086105347,7.04618501663208,5.326969146728516,0.7848389744758606,0.2151610106229782,1.4526274616058472,3.0416326202662445,0.17776313183535863,0.5832104567679143,0.40585254241518554,1.0,256
defactify,0,0,31371,0.7059418823189244,0.03168916329741478,-0.0002145416074199602,0.08685508905003549,JPEG,14.036495208740234,8.0,0.0324104018509388,16.993608474731445,0.13187314569950104,20.0,-2.515371075783263,256,0.0,0.883773922920227,4.959257125854492,4.861258506774902,0.4701175093650818,0.5298824906349182,1.174735550538539,1.4024910941705113,0.37485888673707735,0.8216905299331134,0.37690952241862524,1.0,256
defactify,0,0,45841,0.5095615425250924,0.16499735414981842,0.0053064278326928616,0.256821668595394,JPEG,20.33963966369629,10.0,0.025221526622772217,16.472536087036133,0.17581935226917267,20.0,-2.3366433134297373,256,0.0,0.7983758449554443,6.120753288269043,7.341785430908203,0.6848300695419312,0.31516993045806885,1.3431237729041519,2.40970744425221,0.18487250638432814,0.7084478539296284,0.39826800899781983,1.0,256
defactify,0,0,24248,0.45691706322229775,0.018343832343816757,0.011118550784885883,0.16259445668263806,JPEG,15.635762214660645,10.0,0.04645158722996712,14.996610641479492,0.13850028812885284,20.0,-2.4941560906164484,256,0.0,0.8883368968963623,7.830063343048096,6.976312637329102,0.7755615711212158,0.22443845868110657,1.3098290721004697,3.157648260284505,0.23326688032556342,0.6756304489458899,0.395925731391282,1.0,256
defactify,0,0,26704,0.6513299784327822,0.05351022258400917,0.0020862368401139975,0.2238148515492149,JPEG,25.553203582763672,10.0,0.003958087880164385,25.865163803100586,0.04892931133508682,20.0,-2.647104221692743,256,0.0,0.6979552507400513,2.730648994445801,6.4986701011657715,0.4772331118583679,0.5227668881416321,1.1775093133018417,0.6741536908881202,0.28984604031026695,0.8625476626255073,0.3467616099097406,1.0,256
defactify,0,0,25256,0.47877984084880637,0.03305988758802414,-0.000906377739738673,0.21181612320516144,JPEG,19.120670318603516,10.0,0.03759121149778366,21.69388771057129,0.1874493807554245,20.0,-2.171708386577362,256,0.0,0.8363869786262512,8.986745834350586,8.97916316986084,0.4696199893951416,0.5303800106048584,1.5600719787965147,4.644199947135714,0.17196383911340574,0.6314396023977429,0.4040884062340835,1.0,256
defactify,0,0,34231,0.3942189924063036,0.13213065266609192,0.006988190580159426,0.2678698452112781,JPEG,18.928606033325195,10.0,0.02113449200987816,19.76097869873047,0.12711891531944275,20.0,-2.5406082247279804,256,0.0,0.8165366053581238,5.415328502655029,5.900325298309326,0.5917636156082153,0.40823638439178467,1.257753223133222,1.8871357020136492,0.21413448525918682,0.7625426933026078,0.3934512884756546,1.0,256
defactify,0,0,38238,0.31732091034061405,0.07548225671052933,0.01406865008175373,0.22074757322584665,JPEG,25.808237075805664,10.0,0.005500536412000656,19.438854217529297,0.0747871994972229,20.0,-2.7677408056500954,256,0.0,0.6859583854675293,3.134855031967163,4.006555557250977,0.6331552267074585,0.3668447434902191,1.1837347790554926,0.9413146836553246,0.2545689552231146,0.8179390082760019,0.38179697055755746,1.0,256
defactify,0,0,42088,0.555823777911889,0.07300786674022675,-0.00795718003064394,0.22307573660509236,JPEG,19.868793487548828,10.0,0.028706517070531845,21.379892349243164,0.22716063261032104,20.0,-2.2085021576267643,256,0.0,0.7869048714637756,7.879795074462891,8.6307373046875,0.7204338908195496,0.27956610918045044,1.52429553240988,4.004320558799501,0.17252163721069275,0.645347976358799,0.3950486682815571,1.0,256
defactify,0,0,13554,0.7703969029270235,0.03206638619303703,-0.012707656249403954,0.10164734436025002,JPEG,22.94889259338379,10.0,0.008425765670835972,24.29500389099121,0.06375797837972641,20.0,-2.552923367080089,256,0.0,0.776650607585907,3.506953001022339,5.954143524169922,0.32388198375701904,0.676118016242981,1.1322850434958487,0.8998378928777391,0.38441872665440974,0.8825502164899001,0.3328794364057887,1.0,256
defactify,0,0,7871,0.9105629539951574,0.01576637290418148,-9.455305553274229e-05,0.11271826778321112,JPEG,18.74173355102539,8.0,0.011414364911615849,19.74535369873047,0.09806417673826218,20.0,-2.6700436696152123,256,0.0,0.7874838709831238,2.6031699180603027,7.128048896789551,-0.0690239667892456,1.0690239667892456,1.2851940764823155,0.4679076406910804,0.6867943873909933,0.9362295666664973,0.18995120332927384,1.0,256
defactify,0,0,34295,0.437397088849371,0.05745420232415199,0.006831948179751635,0.17638097695291874,JPEG,22.808692932128906,10.0,0.00799617450684309,22.40912437438965,0.06051621586084366,20.0,-2.8462148598089865,256,0.0,0.7999290227890015,4.453884124755859,6.988454341888428,0.44329535961151123,0.5567046403884888,1.265411646021288,1.4408804155853514,0.22220590393919099,0.8195826982006149,0.38821429787601686,1.0,256
defactify,0,0,33063,0.36848728920211427,0.04258657991886139,0.012602035887539387,0.09596838837254859,JPEG,19.495485305786133,10.0,0.018986990675330162,21.301177978515625,0.12404520064592361,20.0,-2.4284771381603942,256,0.0,0.8327770233154297,4.982334136962891,6.118363857269287,0.3413517475128174,0.6586482524871826,1.269519906608388,1.6259355626441754,0.23038742464823259,0.732351785364754,0.3748139130196832,1.0,256
defactify,0,0,43924,0.5107275674644798,0.05515220761299133,0.020807616412639618,0.2757484608321818,JPEG,17.808324813842773,8.0,0.02830304577946663,21.475933074951172,0.1376763880252838,20.0,-2.317204581615297,256,0.0,0.8450766205787659,7.113960266113281,7.929462432861328,0.739037036895752,0.26096299290657043,1.3756675030788017,2.8856297457708577,0.19290051836462369,0.7055950966043912,0.39648480514269213,1.0,256
defactify,0,0,36978,0.497078486076749,0.06633418798446655,0.020579136908054352,0.17671248494874656,JPEG,33.751930236816406,10.0,0.0035722560714930296,28.119617462158203,0.08494613319635391,20.0,-2.7600303830092656,256,0.0,0.5967181324958801,3.462876796722412,15.818099021911621,0.5979011058807373,0.4020989239215851,1.2011579903626606,1.186250465566128,0.2557715935087985,0.8424405230904903,0.3660277724488261,1.0,256
defactify,0,0,29814,0.46404341926729986,0.062295280396938324,0.011807934381067753,0.17801672669098306,JPEG,21.344030380249023,10.0,0.014380041509866714,19.43496322631836,0.10683844238519669,20.0,-2.4741900834137036,256,0.0,0.797143280506134,4.913491725921631,7.9419403076171875,0.6215860843658447,0.3784139156341553,1.3022182216357077,1.6730939121972321,0.2080277006367019,0.7604087939134268,0.38130203377764305,1.0,256
defactify,0,0,29596,0.8091422214897824,0.08278846740722656,0.008678880520164967,0.09272050282654073,JPEG,17.776744842529297,10.0,0.03697516769170761,23.35393524169922,0.09742660075426102,20.0,-2.496501739674436,256,0.0,0.8854344487190247,3.021669864654541,5.100846767425537,-0.45528531074523926,1.4552853107452393,1.2729661274402417,0.5042592091983852,0.6047855998925953,0.9163803631464248,0.24994393356958017,1.0,256
defactify,0,0,23270,0.6847812641735043,0.07679280638694763,-0.011602564714848995,0.1212424872473867,JPEG,22.291820526123047,10.0,0.009327058680355549,19.024816513061523,0.04397774115204811,20.0,-2.7634765894394753,256,0.0,0.8620914816856384,4.303020000457764,6.599276065826416,0.2801801562309265,0.7198198437690735,1.2701995765344298,1.129721080834294,0.3263995965829676,0.8518804498369431,0.368107448789036,1.0,256
defactify,0,0,56851,0.481037009893734,0.09853702783584595,0.007487707305699587,0.24642520794622128,JPEG,17.143529891967773,8.0,0.043624769896268845,17.893827438354492,0.18849146366119385,20.0,-2.138329802559075,256,0.0,0.8617376685142517,10.120652198791504,8.293926239013672,0.6587689518928528,0.3412310481071472,1.547618554867205,5.556857203359284,0.19811571187642307,0.6328776565607632,0.3999439390895595,1.0,256
defactify,0,0,57435,0.14935064935064934,0.050311073660850525,0.004987677559256554,0.2145812842345814,JPEG,15.659475326538086,10.0,0.07103040814399719,19.1761474609375,0.18214716017246246,20.0,-2.2460701353385164,256,0.0,0.8997014760971069,8.905025482177734,2.09907865524292,0.6318172216415405,0.36818280816078186,1.3392040171165607,3.889325980392159,0.14900987118648776,0.5930369130718239,0.4057239527406835,1.0,256
defactify,0,0,26187,0.4498875983514425,0.052547965198755264,-0.010120907798409462,0.16609398188283364,JPEG,19.330856323242188,10.0,0.01849236898124218,29.560787200927734,0.13810424506664276,20.0,-2.32750601348192,256,0.0,0.7729501128196716,5.259556293487549,3.317047357559204,0.29099398851394653,0.7090060114860535,1.3132241944408867,1.8331033586841596,0.19372695302288206,0.7531720263743389,0.3853637246372884,1.0,256
defactify,0,0,32634,0.2770684371807967,0.08457894623279572,-0.0009594501461833715,0.2699835066080864,JPEG,24.738826751708984,10.0,0.012146787717938423,23.568866729736328,0.13113991916179657,20.0,-2.409695202112613,256,0.0,0.7336070537567139,4.535524845123291,11.727076530456543,0.6502631902694702,0.3497368395328522,1.2091508996466613,1.6437793757208776,0.18025756814054578,0.7194620490336981,0.394734377272675,1.0,256
defactify,0,0,34317,0.5125983354235549,0.030965136364102364,0.003076244844123721,0.15545835013588613,JPEG,13.46139144897461,10.0,0.044764116406440735,14.571165084838867,0.1388399302959442,20.0,-2.2098074109606993,256,0.0,0.8854547739028931,8.672891616821289,4.6563496589660645,0.7041612863540649,0.29583868384361267,1.3684893919969205,3.7767510693002713,0.19923280888039632,0.6688140059923424,0.39914210030827113,1.0,256
defactify,0,0,60429,0.31497508523472334,0.05934089422225952,-0.008539983071386814,0.16032196848894403,JPEG,12.44564437866211,10.0,0.09371419250965118,14.77527141571045,0.2943096458911896,20.0,-1.867226107308898,256,0.0,0.8801450133323669,10.857789039611816,5.617422580718994,0.6483007669448853,0.35169926285743713,1.57204123088687,5.962590680267202,0.17822256688151794,0.5636877079975007,0.40864589283077996,1.0,256
defactify,0,0,64658,0.2197452229299363,0.09094548970460892,5.2781266276724637e-05,0.23263729918372264,JPEG,16.364728927612305,10.0,0.09835056960582733,19.74639129638672,0.26442307233810425,20.0,-2.052950965200023,256,0.0,0.9098575115203857,11.784748077392578,11.815200805664062,0.8245794773101807,0.17542055249214172,1.5603811687422091,6.711548112504802,0.12422396516950623,0.5437373810680115,0.3995876856920219,1.0,256
defactify,0,0,24209,0.7063253615350719,0.03298354893922806,-0.005615141708403826,0.09960910721262475,JPEG,16.334556579589844,10.0,0.016486700624227524,19.484405517578125,0.06066052243113518,20.0,-2.3615783406411235,256,0.0,0.8782923221588135,5.752859115600586,6.719642162322998,0.31118202209472656,0.6888179779052734,1.3988187456128776,1.797238426927144,0.2813792504901034,0.7953290554749775,0.3669852335526873,1.0,256
defactify,0,0,20890,0.4642597308112041,0.032227493822574615,-0.0046603805385529995,0.13534159925325454,JPEG,22.08677101135254,10.0,0.003117034677416086,22.29803466796875,0.0354512520134449,20.0,-3.0207187538690907,256,0.0,0.721080482006073,2.1236255168914795,3.128488302230835,0.5641729831695557,0.4358270466327667,1.093311658593308,0.5389664131584007,0.24134797838107616,0.8414831089518239,0.37690462980665546,1.0,256
defactify,0,0,35039,0.3991459943066287,0.07457995414733887,0.00898700300604105,0.19675741381189948,JPEG,19.8868408203125,10.0,0.017895597964525223,21.341217041015625,0.12821848690509796,20.0,-2.4320365734786495,256,0.0,0.7964261770248413,6.207910537719727,7.505972862243652,0.6702001690864563,0.3297998309135437,1.3468479734910948,2.4930431054161852,0.14727385615791053,0.6682760491341135,0.40111758710681455,1.0,256
defactify,0,0,39252,0.2612713525623075,0.0,0.0,0.0,JPEG,18.027732849121094,8.0,0.03405271843075752,22.169509887695312,0.13024073839187622,20.0,-2.2908520797742895,256,0.0,0.8666332960128784,6.975976467132568,4.666009426116943,0.6743565797805786,0.3256434500217438,1.3613536234788117,2.7067031159890425,0.15987583750687917,0.6605313902571438,0.40639793283570846,1.0,256
defactify,0,0,30674,0.6077374345964801,0.019821779802441597,0.005884202197194099,0.11153526926051795,JPEG,18.62979507446289,10.0,0.009912682697176933,20.965682983398438,0.08270829916000366,20.0,-2.4015920965327022,256,0.0,0.7454187273979187,3.0623409748077393,5.033517360687256,0.5571151971817017,0.44288480281829834,1.1375146498679536,0.7189847354382939,0.42727552213228387,0.8398063532712126,0.385399200446206,1.0,256
defactify,0,0,28060,0.596619158104077,0.04811530560255051,-0.00035246610059402883,0.1186014462784914,JPEG,20.059955596923828,10.0,0.007924216799438,17.74178695678711,0.09308531880378723,20.0,-2.6800347979781645,256,0.0,0.7096220254898071,4.222736358642578,1.7036738395690918,0.7610360383987427,0.23896394670009613,1.246364483824076,1.508821231617648,0.17595774051337826,0.7242303515199673,0.39607833288613065,1.0,256
defactify,0,0,18013,0.2887154861944778,0.05483558773994446,-0.0053385538049042225,0.19055174834607438,JPEG,22.148643493652344,10.0,0.01608314923942089,24.59440040588379,0.15046748518943787,20.0,-2.2986704451491757,256,0.0,0.7646446228027344,4.026756286621094,7.558713912963867,0.6196114420890808,0.3803885579109192,1.1485819333066447,1.1852794748414057,0.24892227264498348,0.8115977873607898,0.3861613477496831,1.0,256
defactify,0,0,15610,0.4339622641509434,0.08361967653036118,0.008237632922828197,0.2052160298119556,JPEG,21.10894203186035,10.0,0.01779373362660408,32.467529296875,0.08789404481649399,20.0,-2.6577276974109645,256,0.0,0.926380455493927,6.643527507781982,15.844905853271484,0.4973781704902649,0.5026218295097351,1.2585049364359158,2.407315530685314,0.18907444274674495,0.7057379049713424,0.3899360451044166,1.0,256
defactify,0,0,34275,0.42538103302286195,0.050101637840270996,0.003820497542619705,0.1847098448670316,JPEG,21.42075538635254,10.0,0.049695320427417755,25.619714736938477,0.24189822375774384,20.0,-2.212220445329764,256,0.0,0.8457592129707336,6.896061420440674,9.998597145080566,0.7689346671104431,0.23106534779071808,1.4299309963250628,2.668939200067283,0.22017098270052754,0.6844232190636719,0.3878015809538891,1.0,256
defactify,0,0,26746,0.40004808270224784,0.08550506830215454,0.005465130787342787,0.2729578484854375,JPEG,16.3756046295166,10.0,0.02078266069293022,14.002028465270996,0.10735135525465012,20.0,-2.6135160232586014,256,0.0,0.8405510783195496,5.807339668273926,0.9132358431816101,0.4552249312400818,0.5447750687599182,1.228650611647584,2.074860164960593,0.20494169579063912,0.7774235287912333,0.3890690513132766,1.0,256
defactify,0,0,43441,0.25215348472983556,0.039146892726421356,-0.0011738856555894017,0.18680528000002863,JPEG,12.499923706054688,10.0,0.1252463310956955,15.594953536987305,0.37808671593666077,20.0,-1.8089915940526422,256,0.0,0.8863531947135925,13.823370933532715,6.095783710479736,0.8132824301719666,0.18671758472919464,1.6521256651190654,9.40273201713283,0.10683226384906976,0.43936235564269543,0.40430750612585786,1.0,256
defactify,0,0,20126,0.2707245060186237,0.07361752539873123,0.01248004287481308,0.24791400520631784,JPEG,21.534427642822266,10.0,0.013669951818883419,20.99454689025879,0.11380860954523087,20.0,-2.57638392899504,256,0.0,0.7803230285644531,4.423486709594727,9.277594566345215,0.5858491659164429,0.4141508638858795,1.325330385345207,1.4182717584582842,0.22943327428200713,0.7684094396479237,0.39004098564538964,1.0,256
defactify,0,0,16551,0.6463144429977843,0.024865323677659035,0.013325287960469723,0.0775703587963041,JPEG,21.566926956176758,10.0,0.018192805349826813,27.68468475341797,0.09684513509273529,20.0,-2.4942318033208206,256,0.0,0.8528644442558289,1.9723528623580933,9.719488143920898,0.2427026629447937,0.7572973370552063,1.0274638237427987,0.2721480019703961,0.42162391170718794,0.9364597887004048,0.2768886606748912,1.0,256
defactify,0,0,42893,0.7103206682834815,0.02701507695019245,0.0010222387500107288,0.12519350970065304,JPEG,17.53166961669922,8.0,0.01819499209523201,20.23700523376465,0.09595535695552826,20.0,-2.3681079426400906,256,0.0,0.8391678333282471,7.633005142211914,4.357747554779053,0.4886975884437561,0.5113024115562439,1.4231716827210106,3.3685282703767783,0.18138567661375982,0.6872248330069576,0.39719700251829293,1.0,256
defactify,0,0,64573,0.5860351769442679,0.0490824356675148,-0.000705296581145376,0.23756662196423933,JPEG,16.2104434967041,10.0,0.04990333691239357,18.527889251708984,0.13874293863773346,20.0,-2.3249544747258084,256,0.0,0.8945582509040833,13.079073905944824,10.102970123291016,0.7839452028274536,0.216054767370224,1.5307153565851288,8.361191218521727,0.17898471374430508,0.6035430212648665,0.39447681574849836,1.0,256
defactify,0,0,46638,0.5288598574821852,0.08677839487791061,0.0025569519493728876,0.18174711096823354,JPEG,20.53173065185547,10.0,0.02268359810113907,17.33318519592285,0.07357203960418701,20.0,-2.6293529252825585,256,0.0,0.8975602984428406,7.17794942855835,14.51441764831543,0.6358956098556519,0.36410441994667053,1.2387785307503214,2.706003295006728,0.16357476994906067,0.6569342638504467,0.40201078266366386,1.0,256
defactify,0,0,39062,0.4182428309945089,0.047677136957645416,0.004735249560326338,0.23315066870023443,JPEG,16.84868812561035,10.0,0.01419906783849001,15.82777214050293,0.112278513610363,20.0,-2.430402568174711,256,0.0,0.7792467474937439,6.528087139129639,2.4451818466186523,0.6714084148406982,0.32859155535697937,1.401111772927898,2.8517554095780486,0.2569420680550237,0.7320562621882749,0.39737142875039067,1.0,256
defactify,0,0,44584,0.21673323523228927,0.04805275425314903,0.009402631781995296,0.12831441006695754,JPEG,16.756746292114258,10.0,0.026430746540427208,16.553800582885742,0.1514820009469986,20.0,-2.295822148865525,256,0.0,0.82988440990448,4.290491580963135,5.314342498779297,0.6040650010108948,0.3959349989891052,1.132751914514664,1.1977285629325252,0.2645883652483008,0.7585504571225257,0.4052243648782726,1.0,256
defactify,0,0,36792,0.33433570256971024,0.063733771443367,-0.010281599126756191,0.1478334167900829,JPEG,18.010868072509766,8.0,0.06214722618460655,24.627456665039062,0.24265514314174652,20.0,-2.1790638348134,256,0.0,0.8659389019012451,7.8303375244140625,9.531030654907227,0.7023476958274841,0.29765230417251587,1.3558590323094122,3.2573148849000395,0.18022694782802917,0.6163579233426276,0.4006645776763579,1.0,256
defactify,0,0,23718,0.5761168489885717,0.0553165078163147,0.002251414582133293,0.15853091737143982,JPEG,25.90752601623535,10.0,0.006857904139906168,20.137046813964844,0.1707029789686203,20.0,-2.3672322493294606,256,0.0,0.5847844481468201,4.53248405456543,5.3092122077941895,0.44020867347717285,0.5597913265228271,1.4472395737756334,1.9383757599240687,0.27075912502109256,0.7565711943515221,0.38452121289895264,1.0,256
defactify,0,0,48148,0.6473789745058722,0.015987269580364227,0.0044168694876134396,0.2333013379561764,JPEG,14.857793807983398,10.0,0.04857950285077095,16.226741790771484,0.15783056616783142,20.0,-2.233462302389656,256,0.0,0.8849107027053833,9.304097175598145,5.367064476013184,0.40756797790527344,0.5924320220947266,1.4594340609960545,4.364825652994042,0.3014625779737623,0.6699716908249844,0.3954384667004464,1.0,256
defactify,0,0,17337,0.5477749790092359,0.017973214387893677,0.008582333102822304,0.13905369706320672,JPEG,23.88275146484375,10.0,0.011251372285187244,21.531330108642578,0.09092900902032852,20.0,-2.5526390085900545,256,0.0,0.7866469621658325,4.537355422973633,9.193302154541016,0.6196951866149902,0.38030484318733215,1.3532484883185394,1.364307042363514,0.22197533208631887,0.7990402033080751,0.37142245705256866,1.0,256
defactify,0,0,27469,0.431571850853083,0.03564358875155449,0.005037540569901466,0.12960221184446857,JPEG,28.21646499633789,10.0,0.01892247423529625,18.03941535949707,0.15563562512397766,20.0,-2.457828087021854,256,0.0,0.7958422899246216,3.487931728363037,13.542804718017578,0.6479995250701904,0.35200050473213196,1.179107118015407,0.8595102244329105,0.31305969813407875,0.8373982736737434,0.36796769271496194,1.0,256
defactify,0,0,37183,0.6570386988222098,0.05609734356403351,-0.005869891494512558,0.1230460152656792,JPEG,21.67391014099121,10.0,0.036769792437553406,26.245948791503906,0.24443374574184418,20.0,-2.0997559255585045,256,0.0,0.8140304088592529,7.356353759765625,9.096529006958008,0.6404297947883606,0.3595702052116394,1.5276999707163814,3.267069576605153,0.23971809410908285,0.6928135223675695,0.39001517185081447,1.0,256
defactify,0,0,29732,0.294283517046911,0.11709204316139221,0.013744967058300972,0.1564019150925511,JPEG,25.464801788330078,10.0,0.011499607004225254,21.83676528930664,0.16763867437839508,20.0,-2.382412118805884,256,0.0,0.7230575084686279,2.595020055770874,7.46642541885376,0.514657735824585,0.48534223437309265,1.0538077267417525,0.6258554552335638,0.29420947299181405,0.823397384992827,0.38413154496493246,1.0,256
defactify,0,0,44143,0.6410157157234652,0.02111418917775154,0.007178572937846184,0.13333968296898183,JPEG,18.212596893310547,10.0,0.049063149839639664,17.88627815246582,0.18665458261966705,20.0,-2.1828514099417484,256,0.0,0.863993763923645,8.655045509338379,6.648983478546143,0.5838807821273804,0.41611918807029724,1.4715031727488597,3.9414368271818523,0.24984292996955287,0.6864422636068135,0.38926377351254116,1.0,256
defactify,0,0,28313,0.5562623185808995,0.06932719796895981,0.009106091223657131,0.2761784640679534,JPEG,20.60802459716797,10.0,0.007703303825110197,22.940523147583008,0.10958153009414673,20.0,-2.694556552934539,256,0.0,0.7670443058013916,3.704529047012329,3.3274683952331543,0.43973374366760254,0.5602662563323975,1.3296801377256304,1.148381722174163,0.21704463809032137,0.8257687265136947,0.369581789275633,1.0,256
defactify,0,0,56538,0.5748046502763484,0.0,0.0,0.0,JPEG,18.785879135131836,10.0,0.06116310879588127,21.31218147277832,0.24387888610363007,20.0,-2.0908666416174184,256,0.0,0.8651503920555115,12.31783390045166,11.150755882263184,0.7743302583694458,0.2256697565317154,1.5603164470288153,7.857300167003077,0.14716841056853874,0.5690666829376794,0.40244164373508456,1.0,256
defactify,0,0,54565,0.44281675661783604,0.10837993025779724,-0.002196541288867593,0.30873626382843006,JPEG,17.699787139892578,10.0,0.034316182136535645,20.834768295288086,0.17206433415412903,20.0,-2.260002480702674,256,0.0,0.8441201448440552,9.834892272949219,7.694852352142334,0.7134949564933777,0.2865050435066223,1.556607523155925,5.449029084366589,0.12456174395114888,0.5819772287047216,0.4044355770836227,1.0,256
defactify,0,0,31182,0.3207083128381702,0.0589667484164238,0.006782451178878546,0.2987265758630873,JPEG,31.06952476501465,10.0,0.002171184401959181,27.003341674804688,0.03270796313881874,20.0,-2.828752170862265,256,0.0,0.6906682252883911,2.2872354984283447,8.85341739654541,0.6530500650405884,0.346949964761734,1.2144716623333363,0.5769076497020376,0.22125359906583275,0.8280011143993464,0.38793781611704437,1.0,256
defactify,0,0,27864,0.7328630752602537,0.030012786388397217,-0.008415362797677517,0.2520425961269682,JPEG,22.88396644592285,10.0,0.012516001239418983,20.117610931396484,0.08604612946510315,20.0,-2.653192853231443,256,0.0,0.7930973172187805,5.880585193634033,10.954066276550293,0.5019211769104004,0.4980787932872772,1.3346394107260482,2.2439232506728186,0.3066755786085453,0.7685944332142407,0.3743560570151374,1.0,256
defactify,0,0,34235,0.4257806929987167,0.06609110534191132,0.02246864326298237,0.27691680963492027,JPEG,22.580745697021484,10.0,0.005002451594918966,17.12476348876953,0.034788165241479874,20.0,-2.6989804060714313,256,0.0,0.8034226894378662,2.938250780105591,3.8692142963409424,0.38798093795776367,0.6120190620422363,1.0755338833578034,0.6710226535467128,0.22627579244331256,0.8306433177178615,0.39023822635811617,1.0,256
defactify,0,0,48780,0.4617489737529544,0.10105940699577332,-0.0014978143153712153,0.3475439688384376,JPEG,22.379140853881836,10.0,0.03744076192378998,26.232194900512695,0.19813020527362823,20.0,-2.258156647290395,256,0.0,0.8150694966316223,8.103287696838379,13.655698776245117,0.6176193952560425,0.3823806047439575,1.4484074010519297,3.67471693579393,0.20750470563907955,0.6675955525996139,0.39660197161971034,1.0,256
defactify,0,0,46945,0.510940170940171,0.041063092648983,0.007856414653360844,0.1649685141265204,JPEG,12.789292335510254,10.0,0.07738465070724487,13.036032676696777,0.2619032859802246,20.0,-2.057417554964914,256,0.0,0.870290994644165,11.488314628601074,2.7552435398101807,0.5172498822212219,0.4827501177787781,1.5913786495984132,6.848989676446562,0.1715107013012308,0.5760831970329137,0.4069176133851736,1.0,256
defactify,0,0,35958,0.3758795384182381,0.07987416535615921,-0.010738737881183624,0.13976573350921284,JPEG,19.994571685791016,10.0,0.014224996790289879,19.134990692138672,0.09030148386955261,20.0,-2.5873733366838025,256,0.0,0.8151670694351196,5.470577716827393,5.775310516357422,0.7294777035713196,0.2705222964286804,1.2308663994036566,1.966337316176471,0.17717475365508698,0.7317373692096235,0.39901948596094194,1.0,256
defactify,0,0,71425,0.4740305522914219,0.04309377446770668,0.006475893780589104,0.24400584911009562,JPEG,16.92713165283203,8.0,0.0350746214389801,19.598161697387695,0.1378156989812851,20.0,-2.366256046790615,256,0.0,0.8664204478263855,8.500572204589844,6.920580863952637,0.7074885368347168,0.2925114333629608,1.4431250061652494,3.7995331272827757,0.15202934197123769,0.5956483736399194,0.4077243186484002,1.0,256
defactify,0,0,30080,0.6948674562887761,0.07874021679162979,-0.006258575711399317,0.2141418596364714,JPEG,24.943115234375,10.0,0.012452949769794941,28.556211471557617,0.08914200961589813,20.0,-2.464352532953385,256,0.0,0.8072320222854614,4.803168296813965,12.469743728637695,0.4893296957015991,0.5106703042984009,1.2177179519203365,1.5417906574394462,0.2472234839233896,0.7851787317669966,0.3786110226822282,1.0,256
defactify,0,0,20734,0.5195043597980725,0.13697826862335205,0.010432208888232708,0.24689502319851464,JPEG,36.53626251220703,10.0,0.002301459899172187,28.168563842773438,0.04759575426578522,20.0,-2.9557579115362302,256,0.0,0.5342414975166321,1.786695122718811,6.569273471832275,0.5704676508903503,0.42953234910964966,1.1238872853598227,0.4879387134755865,0.30565379160810585,0.8561218355065623,0.34716820684928085,1.0,256
defactify,0,0,40910,0.23776569451309937,0.10117838531732559,-0.001193591277115047,0.24480967748606863,JPEG,19.896705627441406,10.0,0.03695347532629967,18.55511474609375,0.30859118700027466,20.0,-1.8759016989998216,256,0.0,0.7885661125183105,8.795912742614746,4.9931111335754395,0.8225699067115784,0.17743009328842163,1.534790657607531,5.2599865136005395,0.2001841235103228,0.6520092791216525,0.40071246963951923,1.0,256
defactify,0,0,48845,0.5117203677627764,0.20131196081638336,-0.0025461986660957336,0.33084358050913126,JPEG,22.30038833618164,10.0,0.04060265049338341,21.067678451538086,0.1675780564546585,20.0,-2.250924050065085,256,0.0,0.8760848045349121,8.661968231201172,14.36573600769043,0.826977014541626,0.17302295565605164,1.466707296883439,3.9856459204392483,0.20946164624409222,0.6822123623874644,0.393480006577987,1.0,256
defactify,0,0,40106,0.23816912335143522,0.016686715185642242,-0.0016926536336541176,0.10734494621586656,JPEG,15.02506160736084,10.0,0.07618572562932968,18.393951416015625,0.16212382912635803,20.0,-2.3050839969466312,256,0.0,0.9205479621887207,10.357146263122559,8.780519485473633,0.7751454710960388,0.22485454380512238,1.4187539775352487,5.061935463523648,0.13042400578310337,0.5593249413387766,0.4030059074261534,1.0,256
defactify,0,0,68100,0.0940032414910859,0.033904172480106354,0.0216247346252203,0.14251527655652801,JPEG,9.671690940856934,10.0,0.23563411831855774,14.797561645507812,0.42328307032585144,20.0,-1.5379393091730094,256,0.0,0.9222201108932495,14.591015815734863,6.008565425872803,0.8978917002677917,0.10210831463336945,1.6857895112043992,9.59675507917628,0.11058609911189639,0.3943195561776867,0.40121576288784955,1.0,256
defactify,0,0,17001,0.7527278177458033,0.060288362205028534,-0.007344725076109171,0.20037506697392782,JPEG,23.01079750061035,10.0,0.005192900542169809,18.889352798461914,0.05155549943447113,20.0,-2.908218622208564,256,0.0,0.7273333668708801,2.1990392208099365,0.9243527054786682,0.27430272102355957,0.7256972789764404,1.0799770831908393,0.4541866259371393,0.36247045579990067,0.9083687593275979,0.33058218317665305,1.0,256
defactify,0,0,28508,0.6207072858968896,0.05829248204827309,-0.007188317831605673,0.12363424691779387,JPEG,25.498258590698242,10.0,0.02243722788989544,25.66329574584961,0.10702349990606308,20.0,-2.3453721607493114,256,0.0,0.8459154367446899,4.6384596824646,14.545520782470703,0.48909008502960205,0.510909914970398,1.2690897378269015,1.357050578503461,0.30681275811511455,0.7457859745169315,0.390238460010511,1.0,256
defactify,0,0,33217,0.4543786488740617,0.10229790210723877,-0.005019910633563995,0.2406265215068028,JPEG,20.510608673095703,10.0,0.020734818652272224,22.226268768310547,0.14591115713119507,20.0,-2.4237913465036813,256,0.0,0.8185811638832092,6.58035945892334,6.380685806274414,0.5024771690368652,0.4975228011608124,1.329190037334181,2.7790583549596315,0.19652663769093978,0.7303261701539051,0.3915785021193658,1.0,256
defactify,0,0,35941,0.5443007226574361,0.07929971069097519,0.0019582498352974653,0.2643604695159972,JPEG,20.32343292236328,10.0,0.025020141154527664,23.56890869140625,0.1267467737197876,20.0,-2.541333836050392,256,0.0,0.8585113883018494,6.919980525970459,9.365365982055664,0.47913092374801636,0.5208690762519836,1.3927506763775397,2.7448468587802797,0.19394146085906377,0.7474277790345045,0.38350358743378177,1.0,256
defactify,0,0,36018,0.36082474226804123,0.09088056534528732,-0.004528142977505922,0.21579244134300707,JPEG,21.800233840942383,10.0,0.013237608596682549,22.99044418334961,0.1201872006058693,20.0,-2.465855806090432,256,0.0,0.738667905330658,3.7041571140289307,2.9328432083129883,0.5159186124801636,0.4840813875198364,1.209825570413294,1.1063990412341398,0.2374150893138399,0.7711006765945891,0.39297615318155676,1.0,256
defactify,0,0,10730,0.8815178452965371,0.026628615334630013,0.028722628951072693,0.12251983478405237,JPEG,16.28829574584961,10.0,0.006367637775838375,19.53046989440918,0.06545478105545044,20.0,-2.7056263441909385,256,0.0,0.768283486366272,3.418572425842285,2.3575439453125,0.2536291480064392,0.7463708519935608,1.2981309724251626,0.9463532505526722,0.6292327558328407,0.8726517814504258,0.29381364376551333,1.0,256
defactify,0,0,33383,0.4191679831490258,0.10886180400848389,-0.006596582941710949,0.3061925743471012,JPEG,14.849623680114746,10.0,0.04144866019487381,15.283936500549316,0.17917807400226593,20.0,-2.2133679762107525,256,0.0,0.8435211181640625,9.44450569152832,2.5036520957946777,0.5623214840888977,0.4376785159111023,1.465250234260373,4.908850952758558,0.22035076859674804,0.6859230056712312,0.3994762331836912,1.0,256
defactify,0,0,40110,0.21820062047569805,0.0664825588464737,0.011953712441027164,0.18647081046615932,JPEG,10.63123607635498,8.0,0.10637388378381729,13.07211971282959,0.3005111813545227,20.0,-1.9608566917519632,256,0.0,0.8891651630401611,12.108115196228027,3.117727279663086,0.7376546859741211,0.2623452842235565,1.6063908878611124,7.291581528138218,0.10686727598676257,0.4612461603161509,0.40895299566427734,1.0,256
defactify,0,0,51097,0.2215,0.059289757162332535,-0.012294533662497997,0.14253710481816181,JPEG,17.400527954101562,8.0,0.032736193388700485,17.772462844848633,0.18831075727939606,20.0,-2.1584723571618394,256,0.0,0.8241010904312134,7.402616024017334,7.566147327423096,0.779290497303009,0.22070950269699097,1.4411750409304387,3.3779917429594377,0.14998674165106102,0.6032527585907103,0.4030412348594919,1.0,256
defactify,0,0,58936,0.4600865800865801,0.08829405903816223,0.0018560929456725717,0.21152776647256466,JPEG,20.830915451049805,10.0,0.035031113773584366,17.711227416992188,0.1606052666902542,20.0,-2.403865489948103,256,0.0,0.8554147481918335,8.684401512145996,9.900694847106934,0.7726279497146606,0.22737202048301697,1.5062757058493907,4.233149675004805,0.1382500603853368,0.6201718791097754,0.40180999927466643,1.0,256
defactify,0,0,39402,0.43322582768380175,0.1665794849395752,0.0026562486309558153,0.2806377810478747,JPEG,16.041696548461914,10.0,0.030358321964740753,19.612659454345703,0.1458207070827484,20.0,-2.3289080689983703,256,0.0,0.8442267775535583,6.356629848480225,8.64211654663086,0.7210694551467896,0.27893051505088806,1.3949746762563504,2.3369627967608606,0.2002200569711226,0.7450988355624742,0.38961717114758565,1.0,256
defactify,0,0,41772,0.40425842205045937,0.11442498862743378,0.005248980596661568,0.2563014016131668,JPEG,15.921350479125977,10.0,0.0917966365814209,16.095993041992188,0.16998565196990967,20.0,-2.1949748681586705,256,0.0,0.9283189177513123,11.263602256774902,9.72596549987793,0.5553150773048401,0.4446849226951599,1.4761476536583698,5.701885647947903,0.19383265082882228,0.6332762683664778,0.40155486715522604,1.0,256
defactify,0,0,24670,0.6934595112601821,0.025963494554162025,0.003949074074625969,0.09369713994808504,JPEG,16.88861083984375,10.0,0.0075108325108885765,17.156578063964844,0.04361449554562569,20.0,-2.8969254800561393,256,0.0,0.8261154294013977,3.3836307525634766,5.132112979888916,0.5838198661804199,0.41618016362190247,1.1296133972085745,0.807067278811034,0.34746892833376275,0.8519746906965449,0.3592454460219222,1.0,256
defactify,0,0,22845,0.700967221923697,0.057874634861946106,-0.0022354121319949627,0.2873315100053966,JPEG,27.314044952392578,10.0,0.009592326357960701,23.773365020751953,0.06776746362447739,20.0,-2.531773478134334,256,0.0,0.8191699385643005,5.927414417266846,14.22885513305664,0.320320188999176,0.679679811000824,1.3535928705322242,2.2550242394752034,0.22848620280377424,0.7537220665335804,0.3807025931132197,1.0,256
defactify,0,0,31618,0.6422759099224121,0.052996233105659485,0.004818427842110395,0.15005928080019623,JPEG,18.747562408447266,10.0,0.027192723006010056,23.716129302978516,0.0962672084569931,20.0,-2.3383355622378796,256,0.0,0.8778772950172424,6.327795505523682,10.832599639892578,0.33360207080841064,0.6663979291915894,1.4123482964519802,2.135530324875049,0.2305355750964699,0.7628297987400872,0.3853120604206624,1.0,256
defactify,0,0,92258,0.0223463687150838,0.09275832772254944,0.01826438680291176,0.23349395201684806,JPEG,9.966784477233887,8.0,0.2996826469898224,15.520005226135254,0.3781232535839081,20.0,-1.5081327807138838,256,0.0,0.9430681467056274,19.383251190185547,4.854401111602783,0.9242045879364014,0.07579539716243744,1.7358770862898272,15.846426404507895,0.0810983927177868,0.2929385501683654,0.3894974920492848,1.0,256
defactify,0,0,53694,0.06602059357964869,0.05081699416041374,0.008577043190598488,0.1569586473509808,JPEG,21.591100692749023,10.0,0.04514208808541298,29.26995277404785,0.29605457186698914,20.0,-2.0462093917768036,256,0.0,0.825722873210907,9.789163589477539,13.705133438110352,0.7706899046897888,0.22931011021137238,1.5626379675173905,5.439110903859097,0.14128158028629384,0.5670903484223976,0.404878733382462,1.0,256
defactify,0,0,28342,0.5470512490342518,0.02826211228966713,0.004636671394109726,0.21692204513292634,JPEG,18.452478408813477,10.0,0.024819310754537582,20.39524269104004,0.1133933961391449,20.0,-2.3375183619985633,256,0.0,0.8637343645095825,5.830911159515381,9.948270797729492,0.2810664176940918,0.7189335823059082,1.2982306230836724,1.8974631001297582,0.22745014910942543,0.7925784205973541,0.3767053852925096,1.0,256
defactify,0,0,43672,0.5112007791846389,0.1282547265291214,-0.0004956055199727416,0.2621313734197336,JPEG,17.66879653930664,10.0,0.040255408734083176,18.515522003173828,0.12344842404127121,20.0,-2.3858591383474517,256,0.0,0.893227756023407,8.345332145690918,10.54994010925293,0.8154616355895996,0.1845383644104004,1.4334454818323341,3.505071847366397,0.17854045607618274,0.6302988697920864,0.39903472684461755,1.0,256
defactify,0,0,30155,0.6622296173044925,0.09236423671245575,-0.0018810497131198645,0.22815981343306616,JPEG,20.672977447509766,10.0,0.027892976999282837,24.367883682250977,0.1257079392671585,20.0,-2.4346816008716323,256,0.0,0.8485831618309021,7.394550800323486,12.100077629089355,0.39607876539230347,0.6039212346076965,1.3900970866565752,3.0590012855632454,0.26282141176065,0.725797806736385,0.3930148295639942,1.0,256
defactify,0,0,22657,0.7395618935607174,0.08208965510129929,0.008216391317546368,0.22328903141580644,JPEG,20.544708251953125,10.0,0.012345799244940281,19.29830551147461,0.1258573979139328,20.0,-2.5046228624941387,256,0.0,0.7472983598709106,5.30716609954834,1.8100156784057617,0.5259760618209839,0.4740239381790161,1.4530298902983312,2.101134269271435,0.21430648296084473,0.7054770943988845,0.3911277980852136,1.0,256
defactify,0,0,15325,0.638313411398106,0.03405475616455078,0.02456684410572052,0.061323154269439614,JPEG,27.240516662597656,6.0,0.01908869668841362,25.02861213684082,0.10615650564432144,20.0,-2.446683326726571,256,0.0,0.8272467851638794,2.2815327644348145,16.78129005432129,0.4216611385345459,0.5783388614654541,1.1185582122618916,0.36781074286332166,0.4176819900264601,0.9147199805475091,0.28299513738400817,1.0,256
defactify,0,0,23829,0.44887751541235316,0.047509681433439255,0.006487597245723009,0.20995178012631197,JPEG,24.73811149597168,10.0,0.035445813089609146,18.091636657714844,0.23012691736221313,20.0,-2.2613560806549837,256,0.0,0.8047612905502319,6.885401725769043,11.171546936035156,0.5878534913063049,0.41214650869369507,1.354427303593539,2.949130532727798,0.18943737998440008,0.6711978506075666,0.3973329423972516,1.0,256
defactify,0,0,21695,0.6874502612366354,0.05220703408122063,-0.011714475229382515,0.17705407100331555,JPEG,26.62205696105957,10.0,0.007609991822391748,25.294906616210938,0.05503309890627861,20.0,-2.6423696861061243,256,0.0,0.8074427843093872,4.257302761077881,9.134790420532227,0.28217244148254395,0.717827558517456,1.3116074576742114,1.2662198132929645,0.34324107702998713,0.8417963585972975,0.3447211751634987,1.0,256
defactify,0,0,53347,0.11433087460484721,0.07420068979263306,0.002647360088303685,0.2021841370185594,JPEG,12.867697715759277,10.0,0.0855497494339943,17.998157501220703,0.2718098759651184,20.0,-2.0844759871517997,256,0.0,0.8831637501716614,6.575441837310791,7.761821269989014,0.686687707901001,0.3133123219013214,1.2185381383637501,2.297864463187235,0.20236661110677034,0.6434444643870443,0.4077170230328276,1.0,256
defactify,0,0,38257,0.4530647985989492,0.1568380743265152,0.010764975100755692,0.30713789086366067,JPEG,15.011661529541016,10.0,0.02522980608046055,15.278507232666016,0.1673153042793274,20.0,-2.1909586139368833,256,0.0,0.8070650100708008,7.743242263793945,2.897125720977783,0.6497459411621094,0.3502540588378906,1.4670061732051982,3.7164477304402155,0.1972509741297364,0.670382189730034,0.4008042352899146,1.0,256
defactify,0,0,39993,0.3592193257813566,0.04964057728648186,0.00992877222597599,0.2170437667357024,JPEG,17.0256404876709,10.0,0.016417866572737694,16.342113494873047,0.08810693770647049,20.0,-2.5215873848896257,256,0.0,0.8232394456863403,6.086319446563721,6.168107032775879,0.5771833658218384,0.42281660437583923,1.3532777774804625,2.300928534097464,0.20524129669018815,0.7314661280271515,0.3989242271013876,1.0,256
defactify,0,0,24383,0.551592489932535,0.07399816066026688,0.021082907915115356,0.1899783906599827,JPEG,31.145099639892578,10.0,0.025925422087311745,31.759315490722656,0.20012401044368744,20.0,-2.3826427917720925,256,0.0,0.7815411686897278,5.932493209838867,17.633872985839844,0.7110460996627808,0.28895387053489685,1.3950454274276471,2.2802870290272974,0.2589751435964258,0.7900627265687252,0.3632158875129165,1.0,256
defactify,0,0,37435,0.6443212365591398,0.09220550209283829,-0.009204558096826077,0.3048683437044755,JPEG,19.21338653564453,10.0,0.01991717517375946,19.636259078979492,0.07879018783569336,20.0,-2.508180907472267,256,0.0,0.8717448711395264,5.328176498413086,5.739202499389648,0.43001747131347656,0.5699825286865234,1.257136232943014,1.6042002324826987,0.2553662818585947,0.7525773266792772,0.39865997632553185,1.0,256
defactify,0,0,55682,0.3875207735307448,0.08329088985919952,0.02707536146044731,0.12704571188675623,JPEG,15.658759117126465,10.0,0.11992596834897995,18.441207885742188,0.30452191829681396,20.0,-1.879003100317243,256,0.0,0.9064263105392456,7.038849353790283,6.985905170440674,0.3635619878768921,0.6364380121231079,1.376217568540723,2.419107795078815,0.33975109442265455,0.703416911411753,0.40478504240623103,1.0,256
defactify,0,0,29065,0.6164922296225817,0.05949915573000908,0.00905630923807621,0.24373328180130854,JPEG,16.681711196899414,10.0,0.021459583193063736,17.13513946533203,0.09266592562198639,20.0,-2.5313605714059007,256,0.0,0.8621569275856018,6.43295431137085,6.874608039855957,0.48470747470855713,0.5152925252914429,1.3738786259109625,2.3283581885572873,0.27623618458762017,0.7627446525720689,0.3910327257673095,1.0,256
defactify,0,0,52732,0.37632776934749623,0.04158281534910202,-0.006090817041695118,0.1875325259079316,JPEG,14.891555786132812,10.0,0.06033900007605553,16.1095027923584,0.33067095279693604,20.0,-1.9389323401328626,256,0.0,0.8339344263076782,10.481290817260742,3.6500391960144043,0.7717558145523071,0.22824421525001526,1.580903205384892,6.3701746473712015,0.12471534240063899,0.5423536709914476,0.40303832182340527,1.0,256
defactify,0,0,26442,0.5089708310401762,0.10603676736354828,-0.0007218883838504553,0.2824942022035725,JPEG,25.784692764282227,10.0,0.013306406326591969,25.364112854003906,0.1018444150686264,20.0,-2.6535048599605693,256,0.0,0.7957021594047546,6.185919761657715,10.547231674194336,0.2603811025619507,0.7396188974380493,1.3726449745530322,2.5201263186034213,0.2221237559956394,0.7773296700516745,0.3764942570750825,1.0,256
defactify,0,0,26318,0.6183206106870229,0.14208275079727173,0.01037434209138155,0.27013279896706716,JPEG,24.56733512878418,10.0,0.006397866643965244,24.61994171142578,0.06446719169616699,20.0,-2.6658251163568627,256,0.0,0.744820773601532,3.2133514881134033,6.1497883796691895,0.4893072843551636,0.5106927156448364,1.113195984706483,0.7955958195165318,0.25968247560357993,0.8645368715164764,0.3703629833234641,1.0,256
defactify,0,0,30460,0.48494938732019177,0.10970783978700638,0.003766012378036976,0.3329241210217321,JPEG,28.280838012695312,10.0,0.0054606045596301556,25.974708557128906,0.06868721544742584,20.0,-2.9195417733846685,256,0.0,0.6995670795440674,2.502861976623535,8.028365135192871,0.5909631252288818,0.40903690457344055,1.2140920417811958,0.6854032553585163,0.30248567575145746,0.8323784257074351,0.37037259053253313,1.0,256
defactify,0,0,39723,0.8441879333234991,0.06378111243247986,-0.013568798080086708,0.23844280642317406,JPEG,13.911446571350098,8.0,0.03928090259432793,16.05394172668457,0.12618637084960938,20.0,-2.019191683763821,256,0.0,0.8785461783409119,9.54326057434082,5.382359027862549,0.15418267250061035,0.8458173274993896,1.6631451685735834,4.573034650134563,0.2950755424445647,0.7119498157141376,0.3535276741142433,1.0,256
defactify,0,0,23389,0.5477778255818956,0.0392327681183815,0.018859831616282463,0.16115624159844566,JPEG,25.95116424560547,10.0,0.004682980012148619,22.704532623291016,0.053784940391778946,20.0,-2.796469775141459,256,0.0,0.7012879848480225,1.280835747718811,6.209311008453369,0.3658559322357178,0.6341440677642822,0.987525066525395,0.2444663711072666,0.3386880794615048,0.9118121177465024,0.34883429174372393,1.0,256
defactify,0,0,26592,0.8111009244403697,0.06193086504936218,-0.002718341536819935,0.17907866592649785,JPEG,23.091535568237305,6.0,0.013809370808303356,23.928010940551758,0.08875515311956406,20.0,-2.1976110786796,256,0.0,0.8061083555221558,5.85599946975708,11.937782287597656,0.5257837772369385,0.4742162227630615,1.4065822553287042,2.1001573763696664,0.3730329542841275,0.7944329969517863,0.3540228447000537,1.0,256
defactify,0,0,28291,0.3919437862570471,0.1362399458885193,0.00561439897865057,0.3345928378271837,JPEG,20.812664031982422,10.0,0.02484549954533577,17.568408966064453,0.1663636863231659,20.0,-2.450777721601562,256,0.0,0.8174507021903992,5.058386325836182,8.684638023376465,0.33350151777267456,0.6664984822273254,1.2900528454898328,1.6486384293300658,0.24288640614133938,0.7739348253620618,0.3910152249729299,1.0,256
defactify,0,0,24817,0.5257447095295862,0.08857142925262451,-0.006242278032004833,0.0689349412280778,JPEG,27.259540557861328,10.0,0.0033808161970227957,23.10140609741211,0.11576530337333679,20.0,-2.7503199616777696,256,0.0,0.48878395557403564,0.8334696292877197,7.895420074462891,0.7928173542022705,0.2071826308965683,1.1528517688060949,0.21633160923683198,0.4717420790308116,0.9012279589673351,0.3505479347736198,1.0,256
defactify,0,0,39353,0.39737302977232924,0.0825328379869461,0.004293684381991625,0.320146297851624,JPEG,18.544139862060547,10.0,0.028409577906131744,16.98207664489746,0.1277225762605667,20.0,-2.4448152118487907,256,0.0,0.8515555262565613,7.576510429382324,6.222090244293213,0.6464482545852661,0.3535517454147339,1.4164729610091082,3.2226478547914272,0.17261118964955321,0.684446287450602,0.4021981932325889,1.0,256
defactify,0,0,42734,0.4213536701620591,0.08941442519426346,-0.0008282217895612121,0.2957329912367163,JPEG,22.712182998657227,10.0,0.026245715096592903,19.9039306640625,0.31107038259506226,20.0,-1.9415201537795017,256,0.0,0.7194089889526367,8.743107795715332,6.838732719421387,0.7024151682853699,0.2975848317146301,1.5705959747194607,5.551876757136677,0.1960399890926709,0.6682627020026892,0.3908868213516145,1.0,256
defactify,0,0,40848,0.5447782546494992,0.06692489236593246,0.006075809709727764,0.22083781595981214,JPEG,17.9493350982666,10.0,0.04207385703921318,21.052291870117188,0.1575281172990799,20.0,-2.3392327117004177,256,0.0,0.8665614128112793,7.608123779296875,10.360146522521973,0.43861472606658936,0.5613852739334106,1.40678874189182,3.047669436034219,0.21358336068837397,0.7040271396662143,0.39786649395170004,1.0,256
defactify,0,0,63502,0.5065466448445172,0.053406231105327606,-0.002767017809674144,0.1704492042503572,JPEG,17.819414138793945,10.0,0.043267037719488144,21.781917572021484,0.1948055624961853,20.0,-2.1705885325990755,256,0.0,0.8444594740867615,10.487078666687012,11.037922859191895,0.7173013687133789,0.2826986610889435,1.5471659644489522,5.950978244545366,0.14844221810650154,0.5950325250306144,0.3986515991219928,1.0,256
defactify,0,0,16421,0.8128556744967285,0.08583284914493561,-0.019356196746230125,0.16543560997300127,JPEG,13.591612815856934,10.0,0.020007286220788956,14.330309867858887,0.08182685822248459,20.0,-2.6419656327000194,256,0.0,0.8536792397499084,4.17195987701416,3.189595937728882,0.07445532083511353,0.9255446791648865,1.2880576125756582,1.0270959636918495,0.3828244204610833,0.8713750934054616,0.29589715112880627,1.0,256
defactify,0,0,35447,0.741650002127388,0.032319024205207825,-0.007487803231924772,0.17605369634029902,JPEG,24.159194946289062,10.0,0.015273450873792171,22.7793025970459,0.1610543131828308,20.0,-2.3567554169818457,256,0.0,0.7457030415534973,6.560225963592529,8.919671058654785,0.44418418407440186,0.5558158159255981,1.4995158952203989,2.9883048136534027,0.35290304995026917,0.76369061124357,0.3619420291245156,1.0,256
defactify,0,0,30319,0.7289867284600801,0.051817700266838074,0.0001970492594409734,0.18410688118750085,JPEG,18.416536331176758,10.0,0.021037597209215164,21.0519962310791,0.09490083158016205,20.0,-2.5927718266755204,256,0.0,0.8654823303222656,6.405807971954346,6.512029647827148,0.6185163259506226,0.38148367404937744,1.3109184594142231,2.3229167868127645,0.20596928963872468,0.7091193526601132,0.40132629552673704,1.0,256
defactify,0,0,17040,0.49469585601334976,0.03316698968410492,-0.0009952073451131582,0.1445226044110641,JPEG,25.414287567138672,10.0,0.006613504607230425,21.955583572387695,0.05483995005488396,20.0,-2.602747922692738,256,0.0,0.7705579400062561,2.6292245388031006,11.660828590393066,0.5271042585372925,0.4728957414627075,1.2570275714633528,0.5472456957660514,0.30238652375358116,0.8748685336042918,0.35685568237257037,1.0,256
defactify,0,0,18006,0.499727451884775,0.0768330842256546,0.0029231293592602015,0.16010128928599218,JPEG,28.642778396606445,10.0,0.006581456866115332,25.06060791015625,0.08575952798128128,20.0,-2.4883717056376935,256,0.0,0.7039535045623779,2.4913041591644287,10.5008544921875,0.5059610605239868,0.4940389096736908,1.2704299948932616,0.5913724889465595,0.34904671646262486,0.8598030461882362,0.3534442274322863,1.0,256
defactify,0,0,32976,0.8084185976527234,0.02867661416530609,-0.006905378308147192,0.11289809362473631,JPEG,19.463333129882812,8.0,0.05962112173438072,26.856571197509766,0.1982097178697586,20.0,-2.2807164914640192,256,0.0,0.8951042294502258,8.859631538391113,12.122323989868164,0.36741960048675537,0.6325803995132446,1.4885975343985698,3.8836254535515193,0.4355535162525496,0.7391692653938646,0.3476056965497169,1.0,256
defactify,0,0,58225,0.24146416487234698,0.0470639243721962,-0.0009842109866440296,0.221147151507744,JPEG,19.900699615478516,10.0,0.03995814919471741,21.659536361694336,0.1875429004430771,20.0,-2.2454223890413623,256,0.0,0.8495100736618042,7.433690071105957,9.742194175720215,0.6343750953674316,0.36562490463256836,1.3115397011216394,3.1035519391580166,0.1612001354577563,0.6421638296253938,0.4043396712158713,1.0,256
defactify,0,0,37344,0.4861387655077347,0.06639095395803452,-0.0002932031638920307,0.217972399144833,JPEG,18.133663177490234,10.0,0.030508967116475105,17.215002059936523,0.13840414583683014,20.0,-2.500195025236994,256,0.0,0.8599918484687805,8.860443115234375,9.2551908493042,0.8052937984466553,0.19470621645450592,1.4050554101360253,4.426013672625915,0.1735405014018388,0.639116054348035,0.3989548700785982,1.0,256
defactify,0,0,19971,0.5248004305318863,0.04469043388962746,0.004867133684456348,0.12322186586562013,JPEG,29.338146209716797,10.0,0.009116215631365776,31.301977157592773,0.06677775084972382,20.0,-2.6356838942976832,256,0.0,0.7985445261001587,3.8469901084899902,15.653236389160156,0.43923771381378174,0.5607622861862183,1.150483599518763,1.0008632196751246,0.26666629406328607,0.8538095329992594,0.3612410347096434,1.0,256
defactify,0,0,24989,0.6656180739257882,0.023204736411571503,0.01618632674217224,0.23209259439845925,JPEG,20.504627227783203,10.0,0.020779024809598923,16.9820556640625,0.18161459267139435,20.0,-2.237254613038373,256,0.0,0.7362663149833679,0.7361394166946411,8.069876670837402,0.28275811672210693,0.7172418832778931,0.8744654076263276,0.0736445567810458,0.8285791854434803,0.968501330842737,0.2892334313602234,1.0,256
defactify,0,0,25732,0.5453368861819566,0.07349856942892075,-0.004081949591636658,0.2621374687563216,JPEG,19.058109283447266,10.0,0.14113491773605347,20.840576171875,0.19298280775547028,20.0,-2.2153215822861494,256,0.0,0.9412761330604553,9.120911598205566,16.296140670776367,0.35840433835983276,0.6415956616401672,1.2822076693675735,3.5324141255767034,0.2632132515002037,0.7058393370880796,0.38732818409310743,1.0,256
defactify,0,0,28843,0.5559670781893004,0.04384797438979149,0.007941387593746185,0.12007142893716179,JPEG,19.706146240234375,10.0,0.019613325595855713,22.454071044921875,0.1609208583831787,20.0,-2.430583086651549,256,0.0,0.7773997187614441,5.395770072937012,6.831567287445068,0.6370176076889038,0.3629823625087738,1.2732551273300177,1.9755654375720866,0.2886325778558005,0.7603338938788027,0.39074235864898094,1.0,256
defactify,0,0,15646,0.7591951479813625,0.08483751118183136,-0.010308020748198032,0.21344094362789665,JPEG,21.153053283691406,10.0,0.0059685781598091125,19.76348114013672,0.0399545282125473,20.0,-2.6941211936545746,256,0.0,0.808444619178772,2.660928249359131,8.78174114227295,0.08103501796722412,0.9189649820327759,1.0355590882645007,0.5148936406670515,0.3549497919575081,0.9132769889357122,0.3039748976846936,1.0,256
defactify,0,0,75517,0.18026796589524968,0.06328660994768143,0.00667616119608283,0.13688310313655505,JPEG,15.807390213012695,10.0,0.04235539957880974,16.75345802307129,0.2127981185913086,20.0,-2.28310711733873,256,0.0,0.8311952948570251,8.402770042419434,6.822048187255859,0.749733567237854,0.250266432762146,1.4459878424106365,4.055367571967511,0.1356077936630682,0.5744961662570749,0.40919825341011695,1.0,256
defactify,0,0,26686,0.8084780565899836,0.20362335443496704,0.009009805507957935,0.14365360410658054,JPEG,29.536855697631836,10.0,0.014100334607064724,30.649917602539062,0.10062260925769806,20.0,-2.2772445665518917,256,0.0,0.8184446096420288,5.292888641357422,15.404170989990234,0.26200979948043823,0.7379902005195618,1.3836344605268047,1.787392213932142,0.3629938053421485,0.8086187426199227,0.3448913148054462,1.0,256
defactify,0,0,46002,0.40974212034383956,0.054524682462215424,-0.006652266252785921,0.17238902730831587,JPEG,19.585895538330078,10.0,0.03782640025019646,18.80733299255371,0.18121862411499023,20.0,-2.3905249242815687,256,0.0,0.8478085994720459,7.116921424865723,7.594243049621582,0.5948730707168579,0.4051269292831421,1.35852177323147,2.9560661764705896,0.18156993760582368,0.6881957334159114,0.39858592024522077,1.0,256
defactify,0,0,42476,0.3736782902137233,0.09992373734712601,-0.002209606347605586,0.26647783914657536,JPEG,20.952064514160156,8.0,0.03652290999889374,21.666481018066406,0.16946586966514587,20.0,-2.188415098895712,256,0.0,0.8470900058746338,7.86993932723999,14.418819427490234,0.6908848285675049,0.30911514163017273,1.4750511978814673,3.423597504565554,0.18516753525875526,0.6717311449490525,0.39652808241006726,1.0,256
defactify,0,0,30192,0.6683116581514166,0.11336231231689453,0.003166277427226305,0.2836695868474887,JPEG,27.3697566986084,10.0,0.03164815530180931,28.35665512084961,0.23349757492542267,20.0,-2.0230498067437646,256,0.0,0.7998476028442383,7.377569675445557,11.658452987670898,0.31501591205596924,0.6849840879440308,1.55336467952502,3.371632545174933,0.23504379991741103,0.7253787544210397,0.38305649799922126,1.0,256
defactify,0,0,29632,0.7131161098246774,0.030737608671188354,-0.006293159909546375,0.1616600014126182,JPEG,22.143264770507812,6.0,0.0343986377120018,23.244245529174805,0.11293431371450424,20.0,-2.311372818064439,256,0.0,0.8731776475906372,8.85048770904541,11.911798477172852,0.4418359398841858,0.5581640601158142,1.4204382923881158,4.031283926254323,0.20719611993574014,0.6848910896401426,0.3951109577848839,1.0,256
defactify,0,0,36493,0.748767810735729,0.09597742557525635,0.007323422934859991,0.2255488245172336,JPEG,18.96166229248047,10.0,0.004745772108435631,16.732725143432617,0.042745694518089294,20.0,-2.745282939424436,256,0.0,0.7681068778038025,4.313412189483643,1.6723449230194092,0.48178631067276,0.51821368932724,1.261227236332922,1.416241364499231,0.3197852212648834,0.7855222559704171,0.37313577251034175,1.0,256
defactify,0,0,29376,0.5915995245013869,0.03032793290913105,0.001904399716295302,0.15784865751020957,JPEG,19.887311935424805,10.0,0.047757044434547424,18.46912956237793,0.137821763753891,20.0,-2.4111037172985115,256,0.0,0.9026461839675903,9.25529670715332,9.744388580322266,0.7456083297729492,0.2543916404247284,1.3831972163295374,4.345669484092657,0.2010544362436345,0.6106384087231101,0.39315715273386764,1.0,256
defactify,0,0,22515,0.8121655564049362,0.1151880994439125,-0.0015651679132133722,0.4189223856390669,JPEG,22.428333282470703,10.0,0.0022771877702325583,21.884611129760742,0.029463626444339752,20.0,-2.9103778646829883,256,0.0,0.7131596803665161,3.017265796661377,5.116307735443115,0.44989776611328125,0.5501022338867188,1.2100299812316586,0.8794692395953492,0.622419175806165,0.8888074416961411,0.29933851480234663,1.0,256
defactify,0,0,43907,0.49640940982253406,0.18215784430503845,-0.0005972643848508596,0.324939392592409,JPEG,23.233253479003906,10.0,0.006547946948558092,18.32805061340332,0.11752370744943619,20.0,-2.609774726793341,256,0.0,0.6282076239585876,4.765826225280762,3.6557230949401855,0.4972987771034241,0.5027012228965759,1.4685866055129588,2.0561082576412915,0.1805678851220623,0.7183175557911634,0.3910153680846461,1.0,256
defactify,0,0,33890,0.3364729749311694,0.08026295900344849,-0.0012675776379182935,0.2247025629762388,JPEG,22.116413116455078,8.0,0.014599243178963661,22.4539737701416,0.1582808792591095,20.0,-2.2742269101473105,256,0.0,0.7366493940353394,4.944639205932617,8.850656509399414,0.46249985694885254,0.5375001430511475,1.4571536580657427,1.8850584961312973,0.2510775591077256,0.7251969648263787,0.3901679012284066,1.0,256
defactify,0,0,62061,0.25794857616809513,0.032460182905197144,0.007705656811594963,0.19738798209516237,JPEG,11.774520874023438,10.0,0.12831765413284302,13.708429336547852,0.3189799189567566,20.0,-1.9177942451087198,256,0.0,0.8967241048812866,12.876787185668945,3.2128846645355225,0.5972633957862854,0.4027366042137146,1.5854308927575624,7.917574911091891,0.18299718308175095,0.5635144093026228,0.40489691027672187,1.0,256
defactify,0,0,34093,0.5063761297511452,0.0566568486392498,0.004386070650070906,0.20324319544831018,JPEG,20.41991424560547,10.0,0.00909988209605217,18.729997634887695,0.06957214325666428,20.0,-2.7310627906536014,256,0.0,0.7963590025901794,4.3867998123168945,5.351076602935791,0.622231662273407,0.377768337726593,1.202965033167368,1.4071162383458287,0.20479415787590616,0.763730909482497,0.38812925587819974,1.0,256
defactify,0,0,54525,0.1382925611582626,0.038086678832769394,0.005828589200973511,0.18426360400810993,JPEG,14.408310890197754,10.0,0.03777724876999855,16.864425659179688,0.13141903281211853,20.0,-2.251828127894379,256,0.0,0.8749122619628906,9.206437110900879,7.877989292144775,0.7562705278396606,0.24372948706150055,1.471718207422024,4.428657832924837,0.16593367985363416,0.5847016730224003,0.40760785864651405,1.0,256
defactify,0,0,19424,0.8646520803443328,0.015912992879748344,-0.0217409897595644,0.0546248141854186,JPEG,25.769336700439453,8.0,0.0287619736045599,25.05404281616211,0.1357285976409912,20.0,-2.4625934266651646,256,0.0,0.8336834907531738,3.8015246391296387,13.500188827514648,-0.19514060020446777,1.1951406002044678,1.3536801694015141,0.8684900789359864,0.612775276713149,0.936602909332859,0.17673206544031814,1.0,256
defactify,0,0,32615,0.4870947160837538,0.04320833459496498,0.0060513559728860855,0.17156886243928274,JPEG,20.503618240356445,10.0,0.020394757390022278,20.85566520690918,0.12252161651849747,20.0,-2.400092527103834,256,0.0,0.8298673629760742,5.7551188468933105,8.459676742553711,0.5127535462379456,0.48724645376205444,1.316264198054288,2.021604340878509,0.21481556307772898,0.7663467037923266,0.3754894997233665,1.0,256
defactify,0,0,40859,0.6761019878997407,0.08593433350324631,0.006019528489559889,0.21085812664363002,JPEG,20.281333923339844,10.0,0.049420904368162155,23.695446014404297,0.2012895792722702,20.0,-2.2741281203868717,256,0.0,0.8703769445419312,10.065465927124023,13.019241333007812,0.7554419636726379,0.24455802142620087,1.5776656317356876,5.387514012038639,0.16158567706982996,0.6025381590558153,0.3979391286861353,1.0,256
defactify,0,0,63922,0.06386066763425254,0.04713141918182373,0.011824379675090313,0.15687563438149005,JPEG,14.71345043182373,10.0,0.05754392221570015,15.049809455871582,0.2861858606338501,20.0,-2.0714113167923243,256,0.0,0.8424439430236816,8.558412551879883,4.7420268058776855,0.8412443995475769,0.1587556004524231,1.4737161115512623,4.181424422097273,0.12904126660210252,0.5106915301857398,0.41006559508993484,1.0,256
defactify,0,0,37887,0.36370726634602885,0.09019917994737625,0.01947525329887867,0.22163441997349712,JPEG,18.108455657958984,10.0,0.04484326019883156,21.27935791015625,0.1520368754863739,20.0,-2.4122508901866624,256,0.0,0.8483318090438843,6.221368312835693,9.565296173095703,0.47687381505966187,0.5231261849403381,1.5230782393922042,2.078725385068243,0.21620912198558606,0.7111584278264492,0.3958778046328954,1.0,256
defactify,0,0,36478,0.7160423886963476,0.04612387716770172,-0.017087597399950027,0.12263804880731762,JPEG,19.466938018798828,10.0,0.08400765061378479,19.583393096923828,0.192689910531044,20.0,-2.3309589620040687,256,0.0,0.9107409119606018,6.882127285003662,10.92969036102295,0.2518213987350464,0.7481786012649536,1.3480315531047482,2.2514663380670914,0.4152225127642063,0.8298477521298342,0.34534384399289947,1.0,256
defactify,0,0,29572,0.4211835559046871,0.023282306268811226,0.017510123550891876,0.1347506669326329,JPEG,19.330799102783203,10.0,0.05001162365078926,13.42175006866455,0.26371708512306213,20.0,-2.0604516404172943,256,0.0,0.8332304954528809,10.194696426391602,5.4016642570495605,0.7966457605361938,0.20335422456264496,1.5275232157351784,6.085897896842567,0.2445633768500454,0.6221965620213408,0.40205997044461816,1.0,256
defactify,0,0,46960,0.6656909379192585,0.11250359565019608,0.007338538300246,0.2598516554409725,JPEG,19.717947006225586,10.0,0.06758766621351242,21.058027267456055,0.26293307542800903,20.0,-2.0847595311764633,256,0.0,0.8547937870025635,9.682880401611328,8.550086975097656,0.7418133020401001,0.2581866681575775,1.479703941706521,4.934035992767208,0.15221540164027664,0.5816230451927364,0.3992226414196631,1.0,256
defactify,0,0,40398,0.2046783625730994,0.052888382226228714,0.002265702234581113,0.20568875130222428,JPEG,19.756147384643555,10.0,0.035925690084695816,24.02932357788086,0.20585587620735168,20.0,-1.99501367863156,256,0.0,0.8278995156288147,6.742074489593506,9.922877311706543,0.6119323372840881,0.38806766271591187,1.3746134885280097,2.684869085808344,0.18258319343210927,0.6573268956801157,0.4058461820303267,1.0,256
defactify,0,0,19242,0.49117028731604767,0.07989609986543655,0.0015450874343514442,0.2907646056570985,JPEG,27.673721313476562,10.0,0.006589147262275219,23.2186336517334,0.09454741328954697,20.0,-2.622373776644093,256,0.0,0.6831107139587402,3.943582057952881,7.418217658996582,0.6357535123825073,0.3642464876174927,1.3216393792904437,1.3914905625240286,0.22638603948590313,0.7827566042115192,0.3845755725904184,1.0,256
defactify,0,0,31501,0.4191494379372691,0.08286961913108826,0.0017073167255148292,0.16099685900053864,JPEG,29.732866287231445,10.0,0.004156868904829025,25.39179039001465,0.04479497671127319,20.0,-2.9967954749958112,256,0.0,0.6611689329147339,2.207725763320923,6.688467979431152,0.5002424716949463,0.4997574985027313,1.0609548339056296,0.5856846825740104,0.19784969389476356,0.8504882975345395,0.37131070611973144,1.0,256
defactify,0,0,46746,0.45182154171066524,0.0941554605960846,-0.008695246651768684,0.35174229263123713,JPEG,19.37118148803711,10.0,0.015072811394929886,15.09687328338623,0.07540954649448395,20.0,-2.4850774616965756,256,0.0,0.8392893671989441,6.25615119934082,6.167440891265869,0.4794992208480835,0.5205007791519165,1.3477631693739938,2.404336898668779,0.23702400920731434,0.7833987867007253,0.3958795727505851,1.0,256
defactify,0,0,63900,0.18100734522560336,0.10507405549287796,0.0001549848384456709,0.23206204452607349,JPEG,21.183238983154297,10.0,0.08984996378421783,23.301610946655273,0.2423567771911621,20.0,-2.133256255453572,256,0.0,0.9045143723487854,11.095430374145508,8.020120620727539,0.7061765789985657,0.2938234210014343,1.5376639820448412,6.195023038014222,0.11614149391379999,0.4924907014684088,0.4038735708574921,1.0,256
defactify,0,0,24676,0.7683992191312835,0.07412741333246231,0.01777813397347927,0.10589852064934177,JPEG,23.551105499267578,8.0,0.02133655920624733,26.23843765258789,0.12439626455307007,20.0,-2.397763169432571,256,0.0,0.8025000691413879,3.7855279445648193,9.049162864685059,0.29008299112319946,0.7099170088768005,1.4094302578673046,0.8809030030517111,0.35810313612266526,0.8845651494547899,0.29090030510727777,1.0,256
defactify,0,0,57644,0.4589019358933672,0.06664976477622986,-0.0028938516043126583,0.2602377024006608,JPEG,15.376099586486816,10.0,0.025355862453579903,22.162071228027344,0.12373647093772888,20.0,-2.353450327292998,256,0.0,0.8414267897605896,8.083852767944336,2.4647622108459473,0.594794750213623,0.40520521998405457,1.4431190717457305,3.7510344729190708,0.25771093765994135,0.6815395938867075,0.3997229591419634,1.0,256
defactify,0,0,19062,0.8362161454926076,0.03533158451318741,-0.011822090484201908,0.15896485394425278,JPEG,23.296833038330078,10.0,0.0047462922520935535,25.319019317626953,0.050644081085920334,20.0,-2.8793991337814924,256,0.0,0.7302064299583435,2.968529224395752,3.494824171066284,0.3015320897102356,0.6984679102897644,1.1854394515683282,0.7983555153066128,0.4855500394465123,0.8713277289450522,0.2978929993905221,1.0,256
defactify,0,0,32757,0.5219651676631141,0.16317763924598694,0.0017872685566544533,0.3230081592595708,JPEG,22.918590545654297,10.0,0.01891148090362549,18.613136291503906,0.11925313621759415,20.0,-2.4558203525517035,256,0.0,0.8172544240951538,7.428586006164551,10.155516624450684,0.5806076526641846,0.4193923771381378,1.4495539271577846,3.33430366325452,0.2729491683502544,0.7114361951805674,0.39131000297218116,1.0,256
defactify,0,0,25070,0.3262337662337662,0.060844242572784424,0.0015031724469736218,0.193937621552391,JPEG,26.426403045654297,10.0,0.0055720144882798195,16.86229133605957,0.23512355983257294,20.0,-2.157179842061793,256,0.0,0.5033235549926758,2.441251516342163,3.6984500885009766,0.5821092128753662,0.4178907871246338,1.2483150661262514,0.7478720173731258,0.34944710601981105,0.7792831472263743,0.3745274994543461,1.0,256
defactify,0,0,29103,0.5482876262957617,0.10678335279226303,-0.012125881388783455,0.24384941627895032,JPEG,24.57050323486328,10.0,0.010800657793879509,25.746946334838867,0.08592387288808823,20.0,-2.716673145246395,256,0.0,0.8150516152381897,2.957862615585327,7.742593288421631,-0.10351502895355225,1.1035150289535522,1.1554740382258524,0.7676609807525957,0.2527380248570489,0.836209936944699,0.3606002829547193,1.0,256
defactify,0,0,70817,0.2613469985358712,0.08275000751018524,0.005028882995247841,0.3034460580919886,JPEG,11.01290225982666,10.0,0.10631853342056274,12.406720161437988,0.3475314974784851,20.0,-1.9168953814150183,256,0.0,0.8711172938346863,13.55621337890625,2.782285690307617,0.8826882839202881,0.11731170117855072,1.7266606419773962,9.344154531910807,0.13145947569024907,0.42283702797142675,0.4067322954094692,1.0,256
defactify,0,0,17782,0.5964810095862153,0.01523686945438385,0.006156529765576124,0.04207362189169028,JPEG,24.1605224609375,10.0,0.018218563869595528,23.080440521240234,0.12157019972801208,20.0,-2.4260511303513574,256,0.0,0.8136775493621826,1.6083654165267944,11.27357292175293,0.535345196723938,0.4646547734737396,0.903075203013287,0.22044054570357557,0.4701807072921835,0.9300473929554849,0.28623632101373764,1.0,256
defactify,0,0,15188,0.7222758388508584,0.039298515766859055,0.0021904620807617903,0.16705636748167793,JPEG,26.614166259765625,10.0,0.0034631185699254274,26.118019104003906,0.09026803076267242,20.0,-2.7164965351865695,256,0.0,0.41216403245925903,1.2093095779418945,4.974254608154297,0.24605786800384521,0.7539421319961548,1.244430910077543,0.2107243307862361,0.42569281939151504,0.9355103966735889,0.2646692773802807,1.0,256
defactify,0,0,19850,0.5899581589958159,0.10401139408349991,0.0073382556438446045,0.3256406304319224,JPEG,21.225988388061523,8.0,0.009792578406631947,17.836458206176758,0.06434304267168045,20.0,-2.4336235955694963,256,0.0,0.8266856074333191,3.2604057788848877,11.515115737915039,0.5932735204696655,0.4067264795303345,1.0670558679707045,0.728119308078624,0.3179532548134971,0.8665188870480914,0.32873317203661795,1.0,256
defactify,0,0,34135,0.521570528356762,0.062031570822000504,0.0007939210045151412,0.2631169416019341,JPEG,19.679962158203125,10.0,0.02803114615380764,25.825634002685547,0.10634779185056686,20.0,-2.2604303716945813,256,0.0,0.8793020844459534,8.485245704650879,11.35982894897461,0.7591131329536438,0.2408868670463562,1.423284138023514,3.8304085718233374,0.15262234695476246,0.6418751211308563,0.4018076911436109,1.0,256
defactify,0,0,15725,0.584984399375975,0.023237554356455803,-0.004028052091598511,0.14489361429102274,JPEG,24.995201110839844,10.0,0.004242297261953354,22.894271850585938,0.05062868073582649,20.0,-2.571622593775554,256,0.0,0.7213462591171265,3.3249101638793945,6.606107234954834,0.3753526210784912,0.6246473789215088,1.1951929014403828,0.9243091599384855,0.33989280462839927,0.8535836907033099,0.35633269440450516,1.0,256
defactify,0,0,69278,0.8387837062535858,0.11497640609741211,0.0025860534515231848,0.26473887132922375,JPEG,13.25001335144043,10.0,0.05493471398949623,14.028773307800293,0.28510650992393494,20.0,-1.91958604705742,256,0.0,0.8308635950088501,8.79088306427002,3.0666842460632324,0.630402684211731,0.36959731578826904,1.5431319487262138,4.447609648332373,0.20653592045989583,0.6193758105174072,0.3990302785321546,1.0,256
defactify,0,0,49740,0.49558381054061923,0.07643678039312363,-0.01634076051414013,0.32565702201338187,JPEG,14.912057876586914,10.0,0.06383255124092102,24.246902465820312,0.22394172847270966,20.0,-1.9770772888788894,256,0.0,0.8667784333229065,10.151496887207031,10.318649291992188,0.5681265592575073,0.43187347054481506,1.5209807609665131,5.249513483395809,0.18589382436591093,0.6567482175620853,0.39408303020104773,1.0,256
defactify,0,0,40625,0.2888784165881244,0.11753478646278381,0.003651690436527133,0.29382096991819123,JPEG,16.21881103515625,10.0,0.10715404897928238,20.34726333618164,0.2936476767063141,20.0,-1.9430790448194664,256,0.0,0.898276150226593,12.221972465515137,11.771784782409668,0.8030263781547546,0.19697363674640656,1.5596859992036471,7.222242707131871,0.1245456122739135,0.5004505610017832,0.4029073542830357,1.0,256
defactify,0,0,29946,0.4122861448453151,0.05047657713294029,-0.001551723456941545,0.21477228117929517,JPEG,26.324440002441406,10.0,0.005383206531405449,27.96753692626953,0.05910104140639305,20.0,-2.7887062578601483,256,0.0,0.692608118057251,2.298628330230713,2.9407002925872803,0.5011274814605713,0.4988724887371063,1.0484345767504635,0.6254682994521341,0.25375281391013926,0.8276123870789818,0.3704033827381413,1.0,256
defactify,0,0,23203,0.7092869818446558,0.036343589425086975,0.004477727226912975,0.11565780764890822,JPEG,12.213492393493652,10.0,0.07731573283672333,14.345298767089844,0.2998449504375458,20.0,-2.0577595750503277,256,0.0,0.8714038729667664,7.367035865783691,4.881784915924072,0.6519906520843506,0.348009318113327,1.4734104421809258,2.884499155973664,0.28392647130370874,0.7072467329161614,0.3769020697767195,1.0,256
defactify,0,0,47718,0.6641107349133639,0.10208176076412201,-0.003966039977967739,0.31420475382322766,JPEG,19.886245727539062,10.0,0.03616201877593994,21.23995018005371,0.1333933174610138,20.0,-2.5008818989348223,256,0.0,0.8763241767883301,9.220172882080078,9.721637725830078,0.7588316202163696,0.24116836488246918,1.4352592060928206,4.47569250708862,0.16183583304704535,0.6438130081005307,0.3962043070328897,1.0,256
defactify,0,0,57459,0.3484132343011479,0.07503241300582886,0.001759396051056683,0.2755962477380986,JPEG,14.469371795654297,10.0,0.05310841649770737,13.524036407470703,0.2364705204963684,20.0,-1.991539288585642,256,0.0,0.8505685329437256,9.588245391845703,4.047832012176514,0.6562728881835938,0.34372711181640625,1.4971970382255075,5.060070886197618,0.20726560034680194,0.6113260942483267,0.405723271964133,1.0,256
defactify,0,0,46180,0.4065362198168193,0.10856887698173523,0.007293557282537222,0.2423045804479665,JPEG,15.902085304260254,10.0,0.04414955899119377,20.437232971191406,0.1858389526605606,20.0,-2.125927850833475,256,0.0,0.8604234457015991,6.3241353034973145,6.286705017089844,0.6775090098381042,0.32249099016189575,1.3693747992115748,2.2490694234188773,0.19201949323982365,0.6498361481736178,0.407864121179345,1.0,256
defactify,0,0,40302,0.2943255040532114,0.11206116527318954,0.005484788678586483,0.22256481198133155,JPEG,13.810690879821777,10.0,0.021926093846559525,13.443951606750488,0.08727141469717026,20.0,-2.669603305563233,256,0.0,0.862088143825531,7.2388529777526855,3.456960916519165,0.6922299861907959,0.3077700138092041,1.341219244994333,3.038206939638601,0.1459213193211512,0.6726005264151359,0.4023021482836658,1.0,256
defactify,0,0,35947,0.46759631715383926,0.13035160303115845,0.017807019874453545,0.2894385260766682,JPEG,17.392593383789062,8.0,0.05733385309576988,23.17685317993164,0.1830509901046753,20.0,-2.055286532793997,256,0.0,0.8856254816055298,7.5905914306640625,11.028833389282227,0.19634932279586792,0.8036506772041321,1.4805173201546649,2.9474614030661295,0.2319288815784019,0.7650316882065921,0.3880819462485735,1.0,256
defactify,0,0,28572,0.42546467405859983,0.0,0.0,0.0,JPEG,18.608413696289062,10.0,0.016029290854930878,16.268278121948242,0.0904071182012558,20.0,-2.6226619354299716,256,0.0,0.8228771090507507,4.377084732055664,3.31411075592041,0.6048510074615479,0.39514902234077454,1.2262069923801169,1.2381653841070739,0.3871188844287536,0.827667890862453,0.37892142746853175,1.0,256
defactify,0,0,42683,0.2694975825099853,0.046533968299627304,-0.002053906675428152,0.19603468507782768,JPEG,18.480947494506836,10.0,0.0347527414560318,18.70876693725586,0.13450685143470764,20.0,-2.2835908051979668,256,0.0,0.8719978928565979,7.825746059417725,9.022171974182129,0.5805548429489136,0.4194451868534088,1.4267282685718927,3.3486435055026904,0.16680011085852475,0.6341838634687639,0.40223267463727463,1.0,256
defactify,0,0,38960,0.1711229946524064,0.09064622223377228,0.0008668629452586174,0.14950446130009545,JPEG,13.11103343963623,10.0,0.07127057760953903,13.817788124084473,0.22779719531536102,20.0,-2.1524714232027544,256,0.0,0.8864054083824158,8.251679420471191,4.92973518371582,0.7843550443649292,0.2156449854373932,1.3399819013626155,3.632365886918492,0.14363652502534147,0.5418518282464114,0.4093103391812843,1.0,256
defactify,0,0,38757,0.38580750407830344,0.11329087615013123,-0.017794717103242874,0.22599678034148452,JPEG,24.472761154174805,10.0,0.032341230660676956,25.260818481445312,0.2046041339635849,20.0,-2.3556082214947147,256,0.0,0.8073045015335083,5.917609214782715,9.203079223632812,0.547870934009552,0.452129065990448,1.3248687204043967,2.23560887038639,0.23396758081189406,0.7358109325590355,0.39157812390599767,1.0,256
defactify,0,0,32250,0.4813383258847687,0.16566979885101318,-0.0005095172091387212,0.29804743790557836,JPEG,18.08640480041504,10.0,0.016056697815656662,18.866287231445312,0.08516543358564377,20.0,-2.502276634224318,256,0.0,0.8326420783996582,4.415414333343506,5.912727355957031,0.6121020317077637,0.38789796829223633,1.159159180895182,1.1581330648068042,0.29213844805925737,0.8354222683959595,0.3893486163182478,1.0,256
defactify,0,0,24453,0.6336405529953917,0.06559549272060394,0.009971474297344685,0.2647368445232351,JPEG,18.189754486083984,10.0,0.03685887157917023,23.746623992919922,0.16323071718215942,20.0,-2.333828819433868,256,0.0,0.8552953600883484,5.297221660614014,12.416891098022461,0.48614370822906494,0.5138562917709351,1.2453404983642806,1.6122347023981167,0.3618609985770028,0.7893726079529191,0.3835140785154952,1.0,256
defactify,0,0,29096,0.638612140871177,0.040256597101688385,0.0032028774730861187,0.1615779962460294,JPEG,19.72997283935547,10.0,0.031114032492041588,20.362995147705078,0.07406961917877197,20.0,-2.49972051960074,256,0.0,0.9058641195297241,7.171151638031006,16.86444664001465,0.4424014091491699,0.5575985908508301,1.3674183667595607,2.450665293997501,0.18556831419418013,0.7126972431439936,0.3879076504858585,1.0,256
defactify,0,0,32780,0.7097313033933088,0.09304343163967133,0.003090562066063285,0.19315189656773948,JPEG,16.295608520507812,10.0,0.016716647893190384,20.978538513183594,0.0791248008608818,20.0,-2.5815230078154263,256,0.0,0.8591583967208862,4.708256244659424,4.1811723709106445,0.38645505905151367,0.6135449409484863,1.2716945059043463,1.3173255779027304,0.25379074983948824,0.7866483356916901,0.37854367487241825,1.0,256
defactify,0,0,68383,0.1449511400651466,0.0472385548055172,0.010751930996775627,0.19443480106127867,JPEG,13.839961051940918,10.0,0.10242731124162674,12.880187034606934,0.29937809705734253,20.0,-2.039661747566156,256,0.0,0.8871486783027649,9.58735466003418,3.6816275119781494,0.6983917951583862,0.30160820484161377,1.48238446280988,4.6326884791906995,0.192803488347017,0.5697500669111335,0.41012316233587603,1.0,256
defactify,0,0,12956,0.6436912369926724,0.021956488490104675,0.03077886812388897,0.06866539074543178,JPEG,20.793060302734375,10.0,0.010923962108790874,20.209197998046875,0.1300024539232254,20.0,-2.434363669101251,256,0.0,0.6942712068557739,1.8094013929367065,4.291098117828369,0.6239347457885742,0.3760652542114258,1.175577324924447,0.3173296027970012,0.4378561052961133,0.89799810881963,0.3443862563063524,1.0,256
defactify,0,0,65065,0.6852866779089376,0.10931005328893661,-0.004236333537846804,0.28684245785267126,JPEG,12.001824378967285,10.0,0.0547160767018795,13.65991497039795,0.1037154346704483,20.0,-2.446744512313899,256,0.0,0.9204999208450317,10.991232872009277,4.439788341522217,0.6882410049438477,0.31175899505615234,1.4897906589184056,5.599624017805651,0.1403542565961802,0.5673064223169498,0.3998980723681778,1.0,256
defactify,0,0,35604,0.3254755996691481,0.11789131164550781,0.019667034968733788,0.25021740841431045,JPEG,18.802227020263672,10.0,0.016765601933002472,17.790557861328125,0.0999646931886673,20.0,-2.5555796298259716,256,0.0,0.8227631449699402,5.212349891662598,9.971932411193848,0.6943458318710327,0.3056541681289673,1.2994613658535819,1.738069762831603,0.18819638368081232,0.7401341596041496,0.39642330654183433,1.0,256
defactify,0,0,32368,0.5044674141555712,0.027712801471352577,0.006876897998154163,0.30537398719179926,JPEG,34.12069320678711,8.0,0.01664792187511921,17.967126846313477,0.20897361636161804,20.0,-2.090175066752146,256,0.0,0.6418279409408569,8.606754302978516,11.930463790893555,0.35209083557128906,0.6479091644287109,1.6576364074526502,5.0161462838812,0.27498498608455785,0.6738252488195434,0.3912041197105668,1.0,256
defactify,0,0,25682,0.5169138190414786,0.08381783962249756,-0.00044209096813574433,0.14322434679777155,JPEG,18.68267250061035,10.0,0.026097986847162247,25.31643295288086,0.07874561846256256,20.0,-2.6498921162692475,256,0.0,0.9038223624229431,7.0646071434021,11.332893371582031,0.5931655764579773,0.4068344235420227,1.387485131661839,2.501419691344676,0.32064549469285153,0.7870810493881725,0.36903685821573373,1.0,256
defactify,0,0,41383,0.6719758341342853,0.1135084331035614,0.0071349916979670525,0.3302099643557016,JPEG,18.951534271240234,10.0,0.028536058962345123,16.778827667236328,0.10432122647762299,20.0,-2.437414391554579,256,0.0,0.8752889037132263,8.54294204711914,10.446630477905273,0.5638499855995178,0.4361500144004822,1.3890118833848653,3.8576885092272177,0.19417766571192863,0.6797360777676846,0.38804828498614796,1.0,256
defactify,0,0,33056,0.728604177279674,0.02945167012512684,0.003437978681176901,0.2311964201293878,JPEG,14.340984344482422,3.0,0.2059113085269928,28.562467575073242,0.2424626499414444,20.0,-2.126983722487513,256,0.0,0.9747481346130371,20.611671447753906,7.2652435302734375,0.32037436962127686,0.6796256303787231,1.7415770507466637,17.658218173298742,0.22071290099993707,0.5843579899683569,0.35501376017714575,1.0,256
defactify,0,0,41990,0.2420814479638009,0.0628989115357399,-0.002047518501058221,0.12211288033676296,JPEG,23.45452117919922,10.0,0.009322213008999825,27.108604431152344,0.09933822602033615,20.0,-2.4124662943580764,256,0.0,0.7303093075752258,3.63822340965271,4.821447849273682,0.7745780348777771,0.2254219800233841,1.4221872410477405,1.0553916762783546,0.2000958280126102,0.7154206768935399,0.4028337940752066,1.0,256
defactify,0,0,18175,0.5962094821987365,0.0524851456284523,0.010583682917058468,0.09367880501719215,JPEG,23.51534652709961,10.0,0.027293948456645012,25.066186904907227,0.1824566125869751,20.0,-2.4016634991918613,256,0.0,0.802589476108551,3.6978931427001953,11.755594253540039,0.74668288230896,0.25331708788871765,1.0917137611414975,0.9282947213811994,0.30286367991192553,0.8139269636036454,0.3752179682742523,1.0,256
defactify,0,0,56727,0.15842618384401114,0.06773901730775833,-0.009413715451955795,0.1510072520017416,JPEG,18.603435516357422,8.0,0.042470041662454605,20.862789154052734,0.22056356072425842,20.0,-2.1295150847408064,256,0.0,0.845761775970459,5.288195610046387,8.699679374694824,0.6501600742340088,0.3498399555683136,1.242313272323245,1.6613129115003853,0.3368147506822973,0.7127091745198031,0.40874683432153236,1.0,256
defactify,0,0,21234,0.8913486842105263,0.0739140510559082,0.0008654400007799268,0.313677178052696,JPEG,15.1978759765625,10.0,0.026341933757066727,20.093074798583984,0.0758894681930542,20.0,-2.605404199673429,256,0.0,0.9012854695320129,5.824325084686279,3.4312453269958496,0.025746524333953857,0.9742534756660461,1.3007927405448234,1.7643160683391006,0.5486081244835777,0.863063997115725,0.3098778733246843,1.0,256
defactify,0,0,18117,0.5685348312694157,0.12939400970935822,0.014294752851128578,0.13560945971318336,JPEG,18.464502334594727,10.0,0.012183069251477718,18.68825912475586,0.09238789230585098,20.0,-2.521630006435773,256,0.0,0.7924187779426575,3.098012924194336,7.5020952224731445,0.6025359034538269,0.3974640965461731,1.0669174854534906,0.7185925785755483,0.4294219772310217,0.8636290318261681,0.37002964110722225,1.0,256
defactify,0,0,48591,0.24766977363515313,0.028531167656183243,0.021592531353235245,0.16739782540744275,JPEG,20.512794494628906,10.0,0.02049780823290348,15.812087059020996,0.210271418094635,20.0,-2.300593078654615,256,0.0,0.7420645952224731,7.234306812286377,5.202554702758789,0.7663678526878357,0.2336321324110031,1.4732735304047149,3.697111732867168,0.1281856888138907,0.5705549609820149,0.40275667150766103,1.0,256
defactify,0,0,16956,0.49177470312670224,0.05391085520386696,0.015732042491436005,0.22585547110083842,JPEG,21.16375732421875,10.0,0.014509097672998905,19.156721115112305,0.14076359570026398,20.0,-2.437977345509924,256,0.0,0.7708449363708496,3.0553112030029297,4.371387004852295,0.42016303539276123,0.5798369646072388,1.0554440548944453,0.7099618836505198,0.3616463941247715,0.8605500959508566,0.3814013433728175,1.0,256
defactify,0,0,53228,0.3178414665633876,0.06857103109359741,0.0007092055166140199,0.23777957634125452,JPEG,15.470541954040527,10.0,0.035665418952703476,16.529199600219727,0.1864721029996872,20.0,-2.219031855976423,256,0.0,0.8414676785469055,8.254404067993164,5.175900459289551,0.7062751054763794,0.293724924325943,1.475975582270919,3.9287025122549037,0.14653695641332948,0.6262819492121721,0.4024543376038902,1.0,256
defactify,0,0,12016,0.34977873460112424,0.07084973156452179,0.003130680415779352,0.14955091949118238,JPEG,29.097515106201172,10.0,0.00603821175172925,27.8251953125,0.06304985284805298,20.0,-2.834377562452875,256,0.0,0.7134792804718018,2.2653298377990723,11.426961898803711,0.6518933773040771,0.34810659289360046,1.0933214288945168,0.5179095930651676,0.24172869372079422,0.8679060453632724,0.3629412090983823,1.0,256
defactify,0,0,35660,0.5291621029572837,0.030290640890598297,-0.0013228878378868103,0.0976513013994415,JPEG,18.88436508178711,10.0,0.03883928060531616,21.484699249267578,0.11827913671731949,20.0,-2.2855290663528094,256,0.0,0.8972570300102234,8.399796485900879,6.77514123916626,0.3611726760864258,0.6388273239135742,1.4638125438626506,3.5674154471837767,0.1747403207151396,0.6609691431891974,0.3993943991717321,1.0,256
defactify,0,0,62497,0.6174097664543524,0.033044032752513885,0.016904326155781746,0.3476916119525932,JPEG,16.814640045166016,10.0,0.030872512608766556,16.229671478271484,0.18652085959911346,20.0,-2.319222919365015,256,0.0,0.791150689125061,10.221273422241211,4.081407070159912,0.7477346658706665,0.2522653043270111,1.5282940909400407,6.1757420673539025,0.29619982581671894,0.6523738652776648,0.39875467778168494,1.0,256
defactify,0,0,9509,0.832699113360478,0.012108037248253822,-0.014027579687535763,0.044763782187967206,JPEG,22.236515045166016,10.0,0.018138913437724113,20.746213912963867,0.2012956291437149,20.0,-2.032520129284237,256,0.0,0.7584197521209717,2.494046449661255,7.597466468811035,-0.43811333179473877,1.4381133317947388,1.3365863615089837,0.46504006872356796,0.4493787139744927,0.9420651952906564,0.22401119693710422,1.0,256
defactify,0,0,26508,0.4861526946107784,0.03119610995054245,0.020186638459563255,0.22072434391604698,JPEG,21.887569427490234,10.0,0.015475669875741005,19.89140510559082,0.11745429039001465,20.0,-2.4167495240259,256,0.0,0.7929239869117737,5.617792129516602,9.822688102722168,0.5799450278282166,0.42005497217178345,1.3445162682879204,2.056094185529605,0.2099303946991688,0.7807319623879432,0.38353411540649984,1.0,256
defactify,0,0,28495,0.8124685455460493,0.08013331890106201,0.010017978958785534,0.24307916304310104,JPEG,20.946266174316406,10.0,0.034668173640966415,24.037334442138672,0.21110902726650238,20.0,-2.0248972609595968,256,0.0,0.8117718696594238,10.03280258178711,10.142516136169434,0.5928999781608582,0.40710002183914185,1.6012269261194658,5.8510714478806225,0.21250972805007137,0.632958383197243,0.3849822072989371,1.0,256
defactify,0,0,34807,0.5493963254593176,0.10198238492012024,0.014912396669387817,0.25985609716457997,JPEG,18.27787208557129,10.0,0.01852519065141678,15.554829597473145,0.10577499121427536,20.0,-2.5863030429352225,256,0.0,0.8290899395942688,5.400905132293701,7.109552383422852,0.5177077054977417,0.4822922646999359,1.247254123060742,1.8233686112312584,0.30379585194890374,0.7844197664028804,0.38045653971413096,1.0,256
defactify,0,0,52671,0.32979066022544284,0.06748472154140472,5.870570748811588e-05,0.20183008673746844,JPEG,16.419055938720703,10.0,0.04203856363892555,15.90241527557373,0.195927232503891,20.0,-2.266615256465047,256,0.0,0.8483898639678955,9.589933395385742,6.551957607269287,0.8492172956466675,0.15078268945217133,1.5275998908511819,5.1379795481305255,0.13669576168574804,0.5679980784351337,0.4078757624947788,1.0,256
defactify,0,0,26072,0.604083190230872,0.09929864853620529,-0.006574366707354784,0.247566423782516,JPEG,29.49089813232422,10.0,0.003574966685846448,22.03022003173828,0.060811951756477356,20.0,-2.691826858509991,256,0.0,0.6192315220832825,3.0393753051757812,4.6547675132751465,0.37679481506347656,0.6232051849365234,1.2935418497398168,0.9979841887735483,0.2630437862660701,0.8272177101572455,0.35039887336998254,1.0,256
defactify,0,0,51620,0.337272026714616,0.08271715044975281,-0.006804818287491798,0.2814183399910781,JPEG,13.793218612670898,10.0,0.04849354922771454,14.273923873901367,0.1794714778661728,20.0,-2.2289248068822003,256,0.0,0.8630756735801697,9.247784614562988,1.8016268014907837,0.7671735286712646,0.23282650113105774,1.4799325155726757,4.631369139874086,0.15786550974418637,0.5970625585125486,0.4064582598015164,1.0,256
defactify,0,0,42428,0.1520994001713796,0.17871813476085663,0.00949285738170147,0.30943370001995507,JPEG,20.0041561126709,10.0,0.009717432782053947,14.28287410736084,0.1345847249031067,20.0,-2.3549725553873815,256,0.0,0.7089970707893372,4.270663261413574,2.51859188079834,0.5755634307861328,0.4244365394115448,1.303656830918118,1.7598729455017308,0.1711425694047392,0.6986919188975522,0.3831293818924538,1.0,256
defactify,0,0,35481,0.42466288841117844,0.02559291012585163,0.005574817769229412,0.11689979425162893,JPEG,18.167957305908203,10.0,0.02389676682651043,20.540170669555664,0.10895540565252304,20.0,-2.434716590544658,256,0.0,0.8460062742233276,4.820740222930908,10.208799362182617,0.5798726677894592,0.42012733221054077,1.2569577541375225,1.3846369785659358,0.24977169120676787,0.7663951023364189,0.401002114753307,1.0,256
defactify,0,0,37622,0.5713050993949871,0.061788883060216904,0.019768862053751945,0.19201205726258674,JPEG,13.951179504394531,10.0,0.039834339171648026,21.969358444213867,0.11825058609247208,20.0,-2.5533345437713386,256,0.0,0.8946046829223633,7.455471992492676,5.986766338348389,0.5787967443466187,0.42120328545570374,1.3658499037379686,2.9177607470684346,0.1977251350882322,0.7139445447307302,0.3939930288902953,1.0,256
defactify,0,0,30436,0.5931981687377371,0.09256942570209503,-0.009527498856186867,0.27437371436190167,JPEG,22.195863723754883,10.0,0.010663636960089207,19.995439529418945,0.04869021102786064,20.0,-2.7682423205784548,256,0.0,0.8625060319900513,5.268796443939209,11.051498413085938,0.19659900665283203,0.803400993347168,1.2974385167321223,1.6178887026624376,0.24048210134676667,0.8098765284032505,0.3801489566598679,1.0,256
defactify,0,0,18229,0.7607491247748207,0.17648448050022125,0.004092197399586439,0.29616752524766227,JPEG,16.9796142578125,10.0,0.010603158734738827,19.07927703857422,0.0463808998465538,20.0,-2.619700496065995,256,0.0,0.867756724357605,5.208633899688721,2.086060047149658,0.29460781812667847,0.7053921818733215,1.2191335419241234,1.5646050797770081,0.36223818642589367,0.8398338550323335,0.3472239294794191,1.0,256
defactify,0,0,38464,0.6155111633372503,0.058096226304769516,0.0022953334264457226,0.28369197069672547,JPEG,17.999706268310547,5.0,0.053513575345277786,22.10976791381836,0.18663741648197174,20.0,-2.0968978774469424,256,0.0,0.8700408935546875,9.143777847290039,12.076128005981445,0.38457340002059937,0.6154265999794006,1.4945980474388065,4.240019749014805,0.4404309356316678,0.7495292204560347,0.384713311350703,1.0,256
defactify,0,0,50151,0.6472798562326417,0.03826296702027321,8.766203973209485e-05,0.2320620100409978,JPEG,12.871943473815918,10.0,0.08823683112859726,14.69260025024414,0.17969320714473724,20.0,-2.1395864216452387,256,0.0,0.9200432896614075,13.920855522155762,6.263152122497559,0.6617964506149292,0.3382035791873932,1.5780733219199206,8.773630995290269,0.14344022719775867,0.5103291585684151,0.39766834963677566,1.0,256
defactify,0,0,12632,0.8264574161226659,0.04444922134280205,-0.02147280052304268,0.0871106584635204,JPEG,18.529081344604492,10.0,0.013108496554195881,18.2066707611084,0.09132298827171326,20.0,-2.6654152651282192,256,0.0,0.8082652688026428,2.5757434368133545,5.9871673583984375,-0.2811241149902344,1.2811241149902344,1.2265528183043986,0.46259335351787784,0.5782461421005979,0.9454595343937656,0.23664492140528404,1.0,256
defactify,0,0,37735,0.7805818256578947,0.09694033861160278,-0.0061283535324037075,0.15942001927819993,JPEG,26.137086868286133,10.0,0.018351145088672638,28.199920654296875,0.08708591759204865,20.0,-2.3568291376938757,256,0.0,0.8610871434211731,5.421097755432129,12.05581283569336,0.3197493553161621,0.6802506446838379,1.4276893381468667,1.6587577344050373,0.2445030113446681,0.758567706462698,0.3764684164860169,1.0,256
defactify,0,0,23741,0.5856999874890529,0.09032181650400162,0.004433558322489262,0.19235751485459676,JPEG,17.7810115814209,10.0,0.018653903156518936,18.074438095092773,0.11913682520389557,20.0,-2.4675632858154475,256,0.0,0.8010025024414062,6.165260314941406,0.9850113391876221,0.6352130174636841,0.36478695273399353,1.3011591319962366,2.3607066242550934,0.20709150928356707,0.7401934746027599,0.3905246875245182,1.0,256
defactify,0,0,22774,0.6692685614582855,0.06828232109546661,0.0072330632247030735,0.29611815148579995,JPEG,24.30759620666504,10.0,0.009328420273959637,25.078086853027344,0.07502301037311554,20.0,-2.5798188457550135,256,0.0,0.8007712960243225,4.367092132568359,10.100444793701172,0.5259939432144165,0.4740060567855835,1.2815471471061812,1.3181845474096496,0.23736183807159805,0.8121749930364367,0.3649296177835241,1.0,256
defactify,0,0,15527,0.6989987149282502,0.062074966728687286,-0.001848704181611538,0.2958543039202582,JPEG,22.041589736938477,10.0,0.006504937540739775,23.545896530151367,0.058688774704933167,20.0,-2.6006393392512264,256,0.0,0.7492589354515076,2.728424072265625,5.96170711517334,0.5174393653869629,0.4825606048107147,1.2355619532658977,0.5755399065263362,0.37000723059606117,0.8901753805898519,0.30938998543811036,1.0,256
defactify,0,0,63678,0.34977287475665153,0.15398280322551727,-0.007430643308907747,0.31687868468093033,JPEG,14.661888122558594,10.0,0.0516032800078392,19.874967575073242,0.1410587877035141,20.0,-2.341447751033886,256,0.0,0.8990947604179382,9.59211254119873,9.432461738586426,0.7694965600967407,0.23050345480442047,1.4142877074683649,4.507993830497885,0.14543602779073073,0.6010106452490049,0.3974397348614364,1.0,256
defactify,0,0,41188,0.4874809058909477,0.04620695114135742,0.008073164150118828,0.2037204746888141,JPEG,19.85979652404785,8.0,0.05213283747434616,18.941499710083008,0.21771903336048126,20.0,-2.0383197759748626,256,0.0,0.8633598685264587,6.685606956481934,12.778873443603516,0.5935266017913818,0.40647339820861816,1.3411266503122332,2.4294984050605533,0.2448315855698667,0.7425217990671995,0.37719217643899045,1.0,256
defactify,0,0,29738,0.5139696021457308,0.08909578621387482,0.010125805623829365,0.28280316494044067,JPEG,14.633598327636719,10.0,0.03655032441020012,16.848203659057617,0.16777487099170685,20.0,-2.3047427638927287,256,0.0,0.8417502045631409,8.748115539550781,3.2248761653900146,0.6473240852355957,0.3526759147644043,1.4728126544285305,4.316635759083045,0.23720343886344436,0.6532221109229208,0.39953318785255537,1.0,256
defactify,0,0,59590,0.05382775119617225,0.03681159019470215,-0.004782895557582378,0.129818980134022,JPEG,10.913002014160156,10.0,0.15039026737213135,17.20473289489746,0.2501285970211029,20.0,-2.0595493163003074,256,0.0,0.9292870163917542,10.13765811920166,5.188665390014648,0.7373828291893005,0.26261717081069946,1.2867507753830953,4.688996599865441,0.1401582640403591,0.4912110424514665,0.40380702374643407,1.0,256
defactify,0,0,30056,0.48740006072259895,0.07400251924991608,-0.00389146339148283,0.22004990381161305,JPEG,20.601900100708008,10.0,0.0363045334815979,20.962743759155273,0.16928665339946747,20.0,-2.18491889541761,256,0.0,0.8469321727752686,7.320626258850098,12.2806396484375,0.666745662689209,0.3332543671131134,1.4284563130403338,3.005463133169936,0.17751842490759467,0.7000611441659764,0.3960001395093204,1.0,256
defactify,0,0,45414,0.209541381128097,0.14988401532173157,-0.0008703607600182295,0.26514273136870914,JPEG,21.500831604003906,10.0,0.007380689959973097,20.087947845458984,0.08550643920898438,20.0,-2.6994078222056292,256,0.0,0.7179127335548401,4.223546504974365,5.013463973999023,0.7772822380065918,0.222717747092247,1.2438463985991581,1.5186979767397155,0.16665931897502168,0.7297693594371109,0.39756520997321665,1.0,256
defactify,0,0,28446,0.4068038879359634,0.06567419320344925,0.004837721586227417,0.1839396867365961,JPEG,14.430632591247559,10.0,0.10289939492940903,15.78452205657959,0.25835180282592773,20.0,-2.105523939478959,256,0.0,0.9014838337898254,10.326133728027344,6.048641204833984,0.4744049310684204,0.5255950689315796,1.4273239454682582,5.125932619064786,0.16957649983216228,0.5939527986667493,0.4070564476730393,1.0,256
defactify,0,0,29835,0.6551613561496079,0.06552232801914215,0.02299080230295658,0.20462609161676992,JPEG,28.41277313232422,10.0,0.01651858724653721,23.40972137451172,0.13698475062847137,20.0,-2.1998231721822443,256,0.0,0.7881671786308289,4.160925388336182,14.307319641113281,0.45068663358688354,0.5493133664131165,1.2918818104229128,1.1633402567522106,0.35072059073570355,0.8627954557050301,0.3094304542030988,1.0,256
defactify,0,0,29196,0.5166761687571265,0.06801576912403107,0.015496310777962208,0.21296549407005697,JPEG,20.48313331604004,10.0,0.009010638110339642,18.748489379882812,0.10615085065364838,20.0,-2.3568827499491523,256,0.0,0.7346845269203186,5.266592979431152,3.554635524749756,0.5242384672164917,0.4757615327835083,1.3640003905054439,2.114377883506346,0.20125301364509793,0.758020449309674,0.38565117505929564,1.0,256
defactify,0,0,15621,0.5603841861408908,0.1499546617269516,0.005888321902602911,0.2182597029290405,JPEG,20.635517120361328,10.0,0.020816853269934654,20.24692153930664,0.1329738199710846,20.0,-2.4673088086956128,256,0.0,0.816373884677887,5.885568141937256,11.21268367767334,0.3383203148841858,0.6616796851158142,1.3784914697690223,2.1327934868800447,0.2578133160703311,0.831202691357545,0.36056397710727667,1.0,256
defactify,0,0,32387,0.33000333000333,0.05632432550191879,0.008250998333096504,0.30741983842433185,JPEG,20.83373260498047,10.0,0.03127124160528183,19.04451560974121,0.1798873096704483,20.0,-2.3277009728914178,256,0.0,0.8494667410850525,7.25034236907959,9.797429084777832,0.7107865810394287,0.2892134487628937,1.4213369401999736,3.109652357266435,0.18330831962164995,0.6759445063719952,0.40000266434952225,1.0,256
defactify,0,0,23802,0.5293940670317107,0.04128775745630264,0.006179280113428831,0.10773696682756982,JPEG,22.959871292114258,10.0,0.006609064061194658,20.758331298828125,0.08317636698484421,20.0,-2.7261322570899282,256,0.0,0.7133263945579529,2.3624303340911865,7.6666789054870605,0.4611603617668152,0.5388396382331848,1.3027654636859227,0.5646225610342179,0.29000750827094635,0.8402608392848674,0.38392194883844066,1.0,256
defactify,0,0,22995,0.5269173619842268,0.058339063078165054,0.004209314472973347,0.2030691669322227,JPEG,23.28582000732422,10.0,0.0026254570111632347,17.088212966918945,0.056275349110364914,20.0,-2.9135716545661263,256,0.0,0.6021400094032288,1.8732006549835205,3.7516233921051025,0.5603935718536377,0.4396063983440399,1.0360300945126284,0.49973144343521764,0.4819135151191194,0.8579373947474424,0.3797360481621826,1.0,256
defactify,0,0,43727,0.5504774897680764,0.03479722887277603,0.0033691832795739174,0.10471434422572183,JPEG,20.738210678100586,10.0,0.02599216438829899,18.739097595214844,0.14592787623405457,20.0,-2.3669193866396068,256,0.0,0.8291661143302917,6.717264652252197,10.104433059692383,0.7491286993026733,0.25087133049964905,1.3538974943481297,2.6216681234381034,0.17868098046334574,0.6591002030665413,0.4019403276595759,1.0,256
defactify,0,0,37006,0.6431191944422762,0.025956885889172554,0.0038914347533136606,0.10541701349117896,JPEG,18.02289581298828,10.0,0.008941588923335075,14.271079063415527,0.06487664580345154,20.0,-2.64686040260395,256,0.0,0.7849445939064026,2.7976315021514893,1.0288797616958618,0.43380749225616455,0.5661925077438354,1.1005069202578024,0.6136283520761245,0.2690678722497979,0.8518490348731237,0.36558157466610863,1.0,256
defactify,0,0,39482,0.6878472443961939,0.04798947647213936,-0.008299590088427067,0.1321804292980704,JPEG,15.054555892944336,10.0,0.013227519579231739,14.847625732421875,0.05650469660758972,20.0,-2.690951612856543,256,0.0,0.8579727411270142,5.6161789894104,3.0778346061706543,0.49239492416381836,0.5076050758361816,1.2495391103959013,1.8634332798683202,0.2646597811775416,0.782449492051924,0.383650161237324,1.0,256
defactify,0,0,19995,0.4424262622896184,0.0,0.0,0.0,JPEG,20.646474838256836,10.0,0.02963080443441868,16.859281539916992,0.12075476348400116,20.0,-2.5117567175520317,256,0.0,0.8634515404701233,7.436512470245361,8.646903991699219,0.6092870235443115,0.3907129764556885,1.433094895706263,3.0185010723039207,0.1832854301221663,0.6111690836111426,0.40578061354455774,1.0,256
defactify,0,0,39777,0.2836030964109782,0.09539567679166794,0.020839711651206017,0.23379858616332808,JPEG,23.130115509033203,10.0,0.00582359591498971,22.3960018157959,0.08179726451635361,20.0,-2.575411891178938,256,0.0,0.6976861953735352,3.4860129356384277,5.506389141082764,0.48367226123809814,0.5163277387619019,1.2074237238209509,1.1369097822952712,0.25554044380762647,0.7722942730777133,0.3909952017190348,1.0,256
defactify,0,0,33213,0.7993090237394814,0.12168482691049576,0.0022004444617778063,0.1538399189939615,JPEG,14.693672180175781,10.0,0.05927196145057678,12.81323528289795,0.3474801182746887,20.0,-1.9586118606344314,256,0.0,0.8121633529663086,7.430483818054199,2.3148770332336426,0.36556732654571533,0.6344326734542847,1.603498750897978,3.2925594723183407,0.4879077022464263,0.7156370902737216,0.3470705348896044,1.0,256
defactify,0,0,32471,0.5531815346225827,0.06828279793262482,0.007386974524706602,0.2032846227492963,JPEG,20.304088592529297,10.0,0.009382866322994232,17.13945770263672,0.14617539942264557,20.0,-2.411740228707981,256,0.0,0.6767191886901855,3.348264455795288,2.2184700965881348,0.6614289283752441,0.33857104182243347,1.3177751275353295,1.0604544676326415,0.20611790835842198,0.7391494792736281,0.39215816603929965,1.0,256
defactify,0,0,22586,0.3777017571139792,0.039782263338565826,-0.007434971164911985,0.1278260101178561,JPEG,26.185216903686523,10.0,0.004235974978655577,21.620893478393555,0.0757615864276886,20.0,-2.69384476939692,256,0.0,0.5903686881065369,2.093595266342163,4.606468200683594,0.5291546583175659,0.4708453118801117,1.1635576933570444,0.5535953269175315,0.3780909532091008,0.8298371711429253,0.3852044437855659,1.0,256
defactify,0,0,30691,0.7227653631284916,0.0939900130033493,-0.0007650059997104108,0.2657188902256149,JPEG,20.759428024291992,10.0,0.03638056665658951,25.37651252746582,0.16292357444763184,20.0,-2.2008668647843295,256,0.0,0.8616254925727844,7.428879261016846,8.863877296447754,0.6193516254425049,0.3806484043598175,1.4777581168892973,3.06636609116686,0.22937678076305149,0.7344692822089084,0.3718852636319652,1.0,256
defactify,0,0,69801,0.1417910447761194,0.0575118213891983,-0.01778431609272957,0.11345615956960123,JPEG,7.278131484985352,10.0,0.15033334493637085,13.869722366333008,0.24354156851768494,20.0,-1.9443667545614354,256,0.0,0.9307306408882141,13.563165664672852,6.178375244140625,0.5416034460067749,0.4583965241909027,1.5162696518668926,8.119590662245288,0.1262931565769559,0.46232701674348875,0.4035989635601293,1.0,256
defactify,0,0,59013,0.04185022026431718,0.049602072685956955,0.012173357419669628,0.24048713520961262,JPEG,18.17406463623047,10.0,0.11739692836999893,26.386186599731445,0.36335256695747375,20.0,-1.7657108444858856,256,0.0,0.9069613814353943,11.940367698669434,12.545517921447754,0.8952417373657227,0.10475824773311615,1.6253784116327974,6.957280508097853,0.12299258570906389,0.4512478085076882,0.4005304084165565,1.0,256
defactify,0,0,41285,0.8261257244761481,0.08474870771169662,0.0022616414353251457,0.1975722924926686,JPEG,16.45766830444336,8.0,0.03764363378286362,17.297082901000977,0.1494826376438141,20.0,-2.0757642133436542,256,0.0,0.8588563799858093,10.289109230041504,8.190402030944824,0.4418889284133911,0.5581110715866089,1.5935865195270003,5.528418381752205,0.2552473670812581,0.6523177852246891,0.3770544456365315,1.0,256
defactify,0,0,44469,0.2980456026058632,0.06079553812742233,0.008251452818512917,0.2225295889867237,JPEG,13.57063102722168,10.0,0.07801976054906845,17.119226455688477,0.2751058340072632,20.0,-2.0814671515657417,256,0.0,0.8853188157081604,8.854375839233398,7.901093482971191,0.7101873159408569,0.28981271386146545,1.4996726218471734,4.03830193014706,0.15330093033896985,0.5985739879078836,0.4053889604405633,1.0,256
defactify,0,0,13412,0.845895694064792,0.09783394634723663,-0.0027332149911671877,0.10875473059406418,JPEG,16.06340789794922,10.0,0.056824397295713425,22.14739990234375,0.26235756278038025,20.0,-1.8993820241305932,256,0.0,0.8558221459388733,5.250089645385742,7.996363639831543,0.34189027547836304,0.658109724521637,1.3010326866959907,1.559179297025183,0.4804082785304258,0.842855861258629,0.30625799263800024,1.0,256
defactify,0,0,62474,0.3704663212435233,0.028980188071727753,0.01217574905604124,0.18474591342557273,JPEG,14.01170825958252,10.0,0.05234101414680481,14.325502395629883,0.20045368373394012,20.0,-2.295499362003345,256,0.0,0.8698481321334839,8.450159072875977,2.1105120182037354,0.642400860786438,0.3575991690158844,1.401958171559923,3.9174960952518294,0.18043966029383088,0.6476283403206893,0.4038432462840757,1.0,256
defactify,0,0,30368,0.4587786259541985,0.0561310313642025,-0.002267568837851286,0.1272454125640007,JPEG,24.321090698242188,10.0,0.027522731572389603,22.873823165893555,0.21455568075180054,20.0,-2.26283644843458,256,0.0,0.7766237258911133,5.887170314788818,9.806303977966309,0.7975133657455444,0.20248663425445557,1.274048698279631,2.3575703905949634,0.2054255071379284,0.6933095041247017,0.3957603472613346,1.0,256
defactify,0,0,35677,0.2571993224167137,0.055276304483413696,0.005148043856024742,0.16725995913627428,JPEG,13.271543502807617,10.0,0.04884583503007889,13.449617385864258,0.20411162078380585,20.0,-2.187215702381214,256,0.0,0.8553600311279297,6.155909061431885,3.2624127864837646,0.40475285053253174,0.5952471494674683,1.3113072735339397,2.179817813461171,0.28731975227330275,0.6921472725070161,0.4051705661980091,1.0,256
defactify,0,0,33957,0.38411593111884823,0.20519182085990906,-0.002605785382911563,0.3265073514217888,JPEG,17.35336685180664,10.0,0.056617047637701035,22.19822883605957,0.2556353807449341,20.0,-2.0941336949600293,256,0.0,0.8566647171974182,7.963306427001953,4.967247486114502,0.5384956002235413,0.46150439977645874,1.4734381427216279,3.584399584895233,0.2454804867556392,0.6903347891723711,0.3957922996244022,1.0,256
defactify,0,0,32900,0.4170288423548005,0.12347448617219925,0.001317146117798984,0.3244958559440883,JPEG,19.28350830078125,10.0,0.01982242241501808,18.12750244140625,0.1507384181022644,20.0,-2.4506829062123403,256,0.0,0.7777648568153381,5.966133117675781,2.423036575317383,0.4524155259132385,0.5475844740867615,1.429150076415938,2.4493736483564,0.18218571435054604,0.7033819959249927,0.4031374539895085,1.0,256
defactify,0,0,34382,0.46147632658133464,0.17811492085456848,0.015216234140098095,0.20861062641409173,JPEG,18.83724594116211,10.0,0.0188760869204998,16.5059871673584,0.07605123519897461,20.0,-2.6335346653716676,256,0.0,0.8690969347953796,4.200986862182617,1.686607003211975,0.3198499083518982,0.6801500916481018,1.115994213483463,1.099772998966744,0.2524469378291817,0.83316317851719,0.3853612329311314,1.0,256
defactify,0,0,19789,0.6152616990053807,0.01611843891441822,-0.008639761246740818,0.1807806641144293,JPEG,23.497474670410156,10.0,0.011394009925425053,25.31063461303711,0.06691820919513702,20.0,-2.7679084088061847,256,0.0,0.8354579210281372,4.502163887023926,10.189919471740723,0.04728233814239502,0.952717661857605,1.377610489913695,1.2767549890667054,0.3609554937749374,0.8817382776831827,0.34529477357196653,1.0,256
defactify,0,0,16453,0.5403802710843374,0.103648841381073,0.003405859461054206,0.23950289033391994,JPEG,22.85968017578125,10.0,0.006386740133166313,23.07866096496582,0.07734725624322891,20.0,-2.672314524804431,256,0.0,0.7348461747169495,3.761671543121338,12.577920913696289,0.6993247270584106,0.30067527294158936,1.2948284727193304,1.2398109651336031,0.19466540269261323,0.7789714484681833,0.3759696189543118,1.0,256
defactify,0,0,45853,0.5782798833819242,0.04092135652899742,0.007826817221939564,0.22682348808145641,JPEG,13.176726341247559,10.0,0.055266037583351135,16.36214256286621,0.22340382635593414,20.0,-2.1481531352270173,256,0.0,0.8562778234481812,10.261855125427246,3.7468485832214355,0.7434996962547302,0.2565003037452698,1.5441297353182222,5.693364826629184,0.17168958869236528,0.6062463202725237,0.4008652263960357,1.0,256
defactify,0,0,15878,0.897275885724402,0.03787876293063164,-0.012995719909667969,0.05185060294931027,JPEG,21.31157684326172,10.0,0.018149247393012047,21.037826538085938,0.18051768839359283,20.0,-2.4303017563225002,256,0.0,0.7258796095848083,2.851148843765259,6.725788116455078,0.16664797067642212,0.8333520293235779,1.272678287641361,0.6042401209871204,0.7101086548311215,0.9039630360788381,0.2523007950727871,1.0,256
defactify,0,0,14556,0.6613066599139023,0.060799017548561096,0.027513327077031136,0.10037337691385377,JPEG,23.90912628173828,10.0,0.01138327643275261,23.996686935424805,0.0561470128595829,20.0,-2.6912404523080253,256,0.0,0.8360468149185181,1.0120437145233154,13.407133102416992,0.19835203886032104,0.801647961139679,1.114340912157382,0.10851008326124567,0.5380353491240483,0.9584256884575262,0.2568737031484877,1.0,256
defactify,0,0,29008,0.746233874323762,0.05771517753601074,-0.001209815382026136,0.23796668930991813,JPEG,21.278268814086914,10.0,0.01868385449051857,21.351041793823242,0.0973905697464943,20.0,-2.439351494073896,256,0.0,0.8258054256439209,5.888432025909424,11.241665840148926,0.4779545068740845,0.5220454931259155,1.4338164203968737,2.030085363802384,0.25957226044269033,0.7893048013559729,0.3575240303351751,1.0,256
defactify,0,0,22858,0.5513155183073436,0.02367330715060234,0.0018235866446048021,0.2620624486560851,JPEG,21.57225799560547,10.0,0.006970621179789305,18.708742141723633,0.059712305665016174,20.0,-2.8137524486417225,256,0.0,0.7732043862342834,1.5052289962768555,9.49465274810791,0.35732245445251465,0.6426775455474854,1.0265815114792969,0.24129667675893898,0.4930326360892834,0.9204203977292194,0.3498260595563904,1.0,256
defactify,0,0,20165,0.946203293114709,0.08494861423969269,-0.0039405133575201035,0.06661564930845164,JPEG,22.063695907592773,10.0,0.012819180265069008,17.4497013092041,0.11919142305850983,20.0,-2.529778635200363,256,0.0,0.7439497709274292,1.8814231157302856,4.584445953369141,-0.3768928050994873,1.3768928050994873,1.2533459073052733,0.2767768106016917,0.9000299316766341,0.9612144945025106,0.1363408962947676,1.0,256
defactify,0,0,23485,0.8553248903744135,0.03478608280420303,-0.010355602949857712,0.19287956283514152,JPEG,18.424976348876953,10.0,0.017390476539731026,21.50080680847168,0.14548856019973755,20.0,-2.386512711216546,256,0.0,0.7641441822052002,6.844101905822754,2.3256404399871826,0.49368375539779663,0.5063162446022034,1.4597117352504607,3.050622987552865,0.535928828811769,0.7943050800645556,0.32634840335407916,1.0,256
defactify,0,0,23515,0.6877261341497356,0.0,0.0,0.0,JPEG,24.806827545166016,10.0,0.0028756740503013134,25.64671516418457,0.02485496923327446,20.0,-3.095507388326559,256,0.0,0.767787754535675,1.3802863359451294,8.303638458251953,0.33483535051345825,0.6651646494865417,0.8059599689881541,0.2710020484909651,0.378241144362072,0.8947100243747371,0.3487108990722794,1.0,256
defactify,0,0,44795,0.5077156589931697,0.15122047066688538,-0.0010461955098435283,0.3361715899613414,JPEG,18.943363189697266,10.0,0.041967615485191345,19.024850845336914,0.19815044105052948,20.0,-2.1163562092161543,256,0.0,0.8497037887573242,7.985405921936035,9.165122985839844,0.7215803861618042,0.2784195840358734,1.446223342823524,3.615933760452713,0.1760572885326703,0.666327433478936,0.39709818455307555,1.0,256
defactify,0,0,17851,0.646289227541595,0.10498553514480591,0.010244580917060375,0.2031076714231291,JPEG,25.445880889892578,10.0,0.007394840009510517,28.10457992553711,0.04950006678700447,20.0,-2.7123993019930768,256,0.0,0.8169532418251038,3.387895345687866,8.620887756347656,0.5273133516311646,0.47268661856651306,1.2266362217840308,0.7904507581218764,0.2696010488891657,0.8835565420343013,0.33509338482833534,1.0,256
defactify,0,0,32712,0.49339876961360335,0.07942061871290207,-0.010458135977387428,0.2392500919058382,JPEG,20.453819274902344,10.0,0.02153903618454933,25.520227432250977,0.14582706987857819,20.0,-2.467995401398316,256,0.0,0.8121637105941772,6.604615688323975,9.421845436096191,0.4429398775100708,0.5570601224899292,1.4225960341774593,2.9055990184063836,0.2010094386591275,0.7359484122003456,0.3838871572369148,1.0,256
defactify,0,0,41018,0.5930369787568843,0.08500455319881439,-0.0008240708848461509,0.21837261183264403,JPEG,12.440130233764648,10.0,0.040936052799224854,12.258044242858887,0.12276185303926468,20.0,-2.4274357879968806,256,0.0,0.885919988155365,8.155315399169922,2.8670215606689453,0.7093222737312317,0.2906777262687683,1.4305514750021884,3.4486915939782787,0.16278130612332656,0.6619544236831805,0.3992286368084548,1.0,256
defactify,0,0,27240,0.7335701598579041,0.11819252371788025,0.0035778330639004707,0.2159467737140233,JPEG,21.137418746948242,10.0,0.022405240684747696,24.077890396118164,0.1431349217891693,20.0,-2.4066221193006596,256,0.0,0.8152207136154175,6.788554668426514,7.885163307189941,0.4268021583557129,0.5731978416442871,1.4896116634205427,2.957603415753558,0.2867289833093789,0.7419108600666495,0.37761011558676405,1.0,256
defactify,0,0,24704,0.9069884364002011,0.0,0.0,0.0,JPEG,18.86075210571289,10.0,0.050079554319381714,21.644962310791016,0.1712055206298828,20.0,-1.9169677219836136,256,0.0,0.8789818286895752,11.36357307434082,7.151828765869141,0.38614046573638916,0.6138595342636108,1.619594122982728,6.719255950235487,0.2820470003454686,0.600482878235186,0.38287997689979725,1.0,256
defactify,0,0,56149,0.1358695652173913,0.049382537603378296,0.0212309081107378,0.1359394575508725,JPEG,13.133562088012695,10.0,0.1197817251086235,13.40842056274414,0.36934298276901245,20.0,-1.7377862536295314,256,0.0,0.8829953074455261,10.779136657714844,4.8308305740356445,0.8146194219589233,0.18538059294223785,1.600750680679093,5.89610363201653,0.13020289339450794,0.49698391023658983,0.4070264780787378,1.0,256
defactify,0,0,59173,0.13683602771362588,0.05301269516348839,0.010806736536324024,0.2699816874735456,JPEG,14.072260856628418,10.0,0.03524418920278549,18.748634338378906,0.13983330130577087,20.0,-2.29480014160883,256,0.0,0.861259400844574,6.957149028778076,3.8364193439483643,0.6185377836227417,0.3814622163772583,1.3362129959616174,2.6908616127210703,0.1798916353529911,0.632368995142754,0.4100461265135855,1.0,256
defactify,0,0,33809,0.6281387916603257,0.10632073879241943,-0.012699727900326252,0.21213531566049187,JPEG,13.08261489868164,10.0,0.041124410927295685,21.25774574279785,0.1049080491065979,20.0,-2.3142703488032534,256,0.0,0.9030416011810303,9.926630020141602,7.0309038162231445,0.37196528911590576,0.6280347108840942,1.512427106860643,4.857457288062285,0.2087005289448961,0.6431978220243046,0.3923908136423865,1.0,256
defactify,0,0,65258,0.3276081424936387,0.20516395568847656,0.011072012595832348,0.22786375515244076,JPEG,16.14425277709961,10.0,0.03277529776096344,14.509527206420898,0.15186144411563873,20.0,-2.438431276091014,256,0.0,0.8515319228172302,6.302169322967529,3.7354648113250732,0.4493808150291443,0.5506191849708557,1.3620717065369792,2.3066734849577086,0.21993388282200899,0.7066992702712345,0.40512576197641725,1.0,256
defactify,0,0,31691,0.3405889884763124,0.3261457085609436,-0.00024659468908794224,0.2624811836101272,JPEG,20.802692413330078,10.0,0.012081692926585674,20.844297409057617,0.07771028578281403,20.0,-2.719238257674051,256,0.0,0.8137898445129395,3.7352797985076904,3.7551333904266357,0.546859860420227,0.45314013957977295,1.1792490056634979,1.0180543390763162,0.19821246350801688,0.7915251022575838,0.39783193788653126,1.0,256
defactify,0,0,73480,0.05037783375314862,0.056039959192276,0.01347506232559681,0.19407681322994377,JPEG,13.144186973571777,8.0,0.10701149702072144,12.849960327148438,0.3876773715019226,20.0,-1.7593524626636123,256,0.0,0.8665904402732849,11.582643508911133,2.7397844791412354,0.8142989873886108,0.18570099771022797,1.6428830007411659,6.988621924259899,0.10640847039638462,0.426704142327748,0.40992835158786195,1.0,256
defactify,0,0,22568,0.6231603537460371,0.054077859967947006,-0.004757680464535952,0.16445910963775626,JPEG,30.287973403930664,10.0,0.0017070348840206861,31.50832176208496,0.018523992970585823,20.0,-3.304028664381196,256,0.0,0.6304046511650085,1.2946888208389282,5.9344987869262695,0.5888748168945312,0.41112515330314636,1.111862343970604,0.2981081495098038,0.30302885044326366,0.9050325781463455,0.33573434727086554,1.0,256
defactify,0,0,30498,0.3163945734651644,0.08390194922685623,0.010487867519259453,0.25300195248756185,JPEG,22.005510330200195,10.0,0.04119814559817314,22.877994537353516,0.1757059097290039,20.0,-2.3378039798321697,256,0.0,0.8723748922348022,8.165743827819824,12.630495071411133,0.7644705772399902,0.23552939295768738,1.4059055222564256,3.65366034097463,0.20180001260586106,0.6774463784957256,0.3932161581771275,1.0,256
defactify,0,0,38860,0.701452313220542,0.09169662743806839,0.0027231788262724876,0.26967895146975807,JPEG,20.977294921875,10.0,0.023560311645269394,23.6704158782959,0.13061147928237915,20.0,-2.5550510626080096,256,0.0,0.8402694463729858,6.364328384399414,9.963761329650879,0.5579395294189453,0.4420604705810547,1.3462076392273206,2.4429598291522483,0.18584078286642713,0.6822532383614301,0.40558276894864315,1.0,256
defactify,0,0,18199,0.6212652099127222,0.13566073775291443,0.0,0.07524346852679777,JPEG,21.592016220092773,10.0,0.013644153252243996,23.537900924682617,0.08156631886959076,20.0,-2.447156878521478,256,0.0,0.8231973648071289,2.258957862854004,12.8240966796875,0.2675609588623047,0.7324390411376953,0.9439962400090647,0.3798194654700118,0.34144747888718296,0.8902376673610601,0.34301965374223986,1.0,256
defactify,0,0,45311,0.4845499328257949,0.08359488844871521,0.004290265962481499,0.29257089855545526,JPEG,12.30522632598877,10.0,0.09237969666719437,19.91724395751953,0.18627870082855225,20.0,-2.134944784110907,256,0.0,0.9191612005233765,11.93043327331543,9.362019538879395,0.6799923181533813,0.32000771164894104,1.5396805150729922,6.680175548466937,0.14942839392799417,0.5952205548951952,0.39901420387976677,1.0,256
defactify,0,0,38200,0.45781455417214445,0.09312544018030167,0.0149430176243186,0.2815706128300084,JPEG,21.483577728271484,10.0,0.022861121222376823,18.970287322998047,0.12341953814029694,20.0,-2.4731005547045393,256,0.0,0.8328030109405518,5.452707290649414,7.771533966064453,0.4795953035354614,0.5204046964645386,1.3509219727829749,1.830045760644946,0.2745151573320669,0.765326969801947,0.39159526139803774,1.0,256
defactify,0,0,29027,0.6528622736934692,0.11517687141895294,-0.009511132724583149,0.23104408848895083,JPEG,24.871292114257812,10.0,0.011744196526706219,21.420631408691406,0.10286957025527954,20.0,-2.576038340439378,256,0.0,0.784859299659729,4.0335564613342285,8.184327125549316,0.4138656258583069,0.5861343741416931,1.3236539682685047,1.2366312536043829,0.2838116619367127,0.81181015282927,0.3469682720859781,1.0,256
defactify,0,0,36663,0.6719723575393679,0.04508495330810547,6.6426167904865e-05,0.22143059169375998,JPEG,30.307525634765625,10.0,0.035460907965898514,35.92935562133789,0.21142564713954926,20.0,-2.0598631520494615,256,0.0,0.8625540733337402,6.2802653312683105,15.708670616149902,0.5970516204833984,0.40294840931892395,1.3471807175698207,2.1776755935217214,0.28512317201642123,0.8048694001810556,0.3749382026381455,1.0,256
defactify,0,0,17892,0.7408600753540341,0.0668889582157135,0.025882352143526077,0.14841007576565363,JPEG,28.740007400512695,10.0,0.002932031871750951,28.39911651611328,0.04943818971514702,20.0,-2.7587381285116646,256,0.0,0.6547658443450928,1.7594358921051025,9.892644882202148,0.3074744939804077,0.6925255060195923,1.1917626839452486,0.3643163987408688,0.419296898732854,0.9129243210155017,0.2979522154887453,1.0,256
defactify,0,0,18539,0.7339057645840524,0.03131375089287758,0.012549001723527908,0.10767574879020715,JPEG,23.91265106201172,8.0,0.012352345511317253,23.058326721191406,0.04667224735021591,20.0,-2.630942459659115,256,0.0,0.8960446119308472,3.2480859756469727,15.15912914276123,-0.02596735954284668,1.0259673595428467,1.2470781282561683,0.5763463571703191,0.3954048512761203,0.9230756078524786,0.2499927057557233,1.0,256
defactify,0,0,47876,0.18060695780903036,0.06369878351688385,-0.007801782339811325,0.21842563447882513,JPEG,14.23367977142334,10.0,0.08252200484275818,18.96670913696289,0.17931756377220154,20.0,-2.2342522081120944,256,0.0,0.9153783917427063,8.476351737976074,9.762534141540527,0.5818533897399902,0.41814661026000977,1.292139992794221,3.4474812271722417,0.16565459170326355,0.6154026357249629,0.405142974024493,1.0,256
defactify,0,0,30701,0.5317695795778985,0.07514059543609619,0.0060285720974206924,0.2999541303444352,JPEG,21.01677703857422,8.0,0.0167558491230011,24.32663917541504,0.08313263207674026,20.0,-2.522952014355394,256,0.0,0.8547881841659546,5.299261569976807,11.611747741699219,0.4921844005584717,0.5078155994415283,1.2704701818079582,1.6693416144031137,0.22503298317689302,0.7819310334044212,0.367101013630785,1.0,256
defactify,0,0,32592,0.35033766233766234,0.05597047135233879,0.01704854518175125,0.2512854157247562,JPEG,24.966611862182617,10.0,0.01948884315788746,17.7647705078125,0.11466468125581741,20.0,-2.493342569672834,256,0.0,0.8257847428321838,6.576636791229248,13.211080551147461,0.576248288154602,0.42375171184539795,1.3628013080917214,2.5778904147443296,0.20645002887236527,0.7635554118911769,0.38681972175325957,1.0,256
defactify,0,0,42860,0.3679177623715037,0.09308522939682007,0.010964753106236458,0.3092054396583484,JPEG,14.833945274353027,10.0,0.0483383871614933,15.67021369934082,0.1243916004896164,20.0,-2.339627216766386,256,0.0,0.8983432054519653,9.312556266784668,6.042200088500977,0.632713794708252,0.36728617548942566,1.3512276488380162,4.286694540561323,0.18253708930922652,0.6285637755101907,0.40449982252925415,1.0,256
defactify,0,0,13168,0.5313229333005773,0.023048095405101776,-0.017793109640479088,0.05647508284656308,JPEG,16.462451934814453,10.0,0.02050897851586342,18.052490234375,0.09969978034496307,20.0,-2.5238854951405267,256,0.0,0.8289887309074402,2.708954095840454,1.9706668853759766,-0.31445133686065674,1.3144513368606567,1.2837021308898338,0.4995963992214532,0.4445352171774112,0.9349640284074973,0.3365761070524162,1.0,256
defactify,0,0,26693,0.3559635639054939,0.1221824362874031,0.01376477163285017,0.28992494412418607,JPEG,21.123310089111328,10.0,0.03942016884684563,24.70703125,0.16602978110313416,20.0,-2.097191438792193,256,0.0,0.8867788910865784,8.770435333251953,11.715824127197266,0.4617537260055542,0.5382462739944458,1.4363047576743084,4.048160713427528,0.2312850443570946,0.7004269665843212,0.3998390908874501,1.0,256
defactify,0,0,31197,0.408406026962728,0.07640083134174347,0.011280716396868229,0.3300354698431673,JPEG,14.772662162780762,10.0,0.03248004615306854,14.250592231750488,0.09425348043441772,20.0,-2.612812675936927,256,0.0,0.9008669853210449,6.567656993865967,3.7469863891601562,0.634852409362793,0.36514756083488464,1.3626664723320423,2.3792536374231066,0.15488691430205587,0.6141010627117953,0.40834231595061793,1.0,256
defactify,0,0,31769,0.3129472999349382,0.0615784116089344,0.012573771178722382,0.259058194068255,JPEG,19.311809539794922,10.0,0.03737597167491913,18.820240020751953,0.27474334836006165,20.0,-2.0994884137304544,256,0.0,0.7880609035491943,6.257096767425537,6.225412368774414,0.8198844194412231,0.18011559545993805,1.4396333500469134,2.5421708597654744,0.20787550371295901,0.6280915522954484,0.4087512093247,1.0,256
defactify,0,0,47337,0.2529323308270677,0.03327428176999092,0.00232708640396595,0.18770630033344957,JPEG,17.129436492919922,10.0,0.07497468590736389,18.522525787353516,0.24794889986515045,20.0,-2.1504482765716166,256,0.0,0.873126745223999,10.773184776306152,9.419899940490723,0.47997212409973145,0.5200278759002686,1.620412139060598,5.951138459366588,0.21553940977154057,0.5927926975131256,0.40658674024190156,1.0,256
defactify,0,0,34988,0.7777476360254224,0.11249016225337982,0.0001313614338869229,0.1566857476589786,JPEG,17.12561798095703,10.0,0.03158345818519592,20.202272415161133,0.09628225117921829,20.0,-2.252969210746367,256,0.0,0.8925082087516785,8.231535911560059,8.7335844039917,0.34259718656539917,0.6574028134346008,1.3984548783367827,3.389213058078623,0.28493415667000854,0.7353913111624026,0.36387155885667255,1.0,256
defactify,0,0,55093,0.4432574077806894,0.0,0.0,0.0,JPEG,12.139127731323242,8.0,0.11912018805742264,20.38083839416504,0.15072250366210938,20.0,-2.2509707631829188,256,0.0,0.9398425817489624,14.330825805664062,7.788891792297363,0.4955185651779175,0.5044814348220825,1.6168286621193342,8.812951478998462,0.13832205393828811,0.5370711124750428,0.4020310559210506,1.0,256
defactify,0,0,25951,0.6417892808603676,0.08265859633684158,-0.001750621828250587,0.2643477321348006,JPEG,21.91413688659668,10.0,0.012831582687795162,27.241230010986328,0.07366708666086197,20.0,-2.359627957899715,256,0.0,0.8403924107551575,5.7083563804626465,11.973506927490234,0.6142977476119995,0.3857022523880005,1.3733345287111218,1.9439656021722413,0.218595341269992,0.767815758862888,0.3815184449819253,1.0,256
defactify,0,0,42516,0.24545766198148783,0.07902464270591736,-0.009481560438871384,0.17907325564060633,JPEG,15.326231956481934,10.0,0.04857383295893669,18.929790496826172,0.18191476166248322,20.0,-2.240569582620824,256,0.0,0.8982025980949402,9.335794448852539,9.668614387512207,0.6415669322013855,0.3584330677986145,1.4669412716595902,4.447926653811037,0.14073432478701847,0.5833133482054297,0.3961908171003029,1.0,256
defactify,0,0,40904,0.6076595744680852,0.0529264360666275,0.0008813704480417073,0.3301194327842595,JPEG,20.608673095703125,10.0,0.018322432413697243,32.950740814208984,0.12196533381938934,20.0,-2.357396749263258,256,0.0,0.8119917511940002,6.611580848693848,7.509169101715088,0.7107367515563965,0.28926321864128113,1.4450084868190154,2.739865075932331,0.22299034983496888,0.7017725769844713,0.3825698173204833,1.0,256
defactify,0,0,25332,0.3696660482374768,0.11109946668148041,0.01448851265013218,0.1581629100158091,JPEG,23.426010131835938,10.0,0.006903435569256544,24.581737518310547,0.03656703606247902,20.0,-2.8380683864913423,256,0.0,0.8581165075302124,3.2679595947265625,12.078256607055664,0.4562234878540039,0.5437765121459961,1.1794753074806161,0.7200739949778934,0.32985893400902966,0.8687569673430829,0.3609579707485522,1.0,256
defactify,0,0,74759,0.3464882943143813,0.049836065620183945,0.010231971740722656,0.21617627629859815,JPEG,12.293411254882812,10.0,0.1711345762014389,12.103937149047852,0.3160257041454315,20.0,-1.8608951826788218,256,0.0,0.9225771427154541,14.329450607299805,3.856421709060669,0.6598523259162903,0.3401476740837097,1.6072844983020749,9.241348820165312,0.11540029604407898,0.43913018146332494,0.40211650357427764,1.0,256
defactify,0,0,49699,0.10652173913043478,0.05248667299747467,0.014809542335569859,0.1752264749468814,JPEG,14.76717758178711,10.0,0.05316775292158127,17.240320205688477,0.20252199470996857,20.0,-2.172878927534717,256,0.0,0.8742328882217407,6.242384910583496,7.2671990394592285,0.790338397026062,0.209661602973938,1.2698624330503983,2.139487952350059,0.16914887549506433,0.613819427773296,0.4105236225011939,1.0,256
defactify,0,0,17358,0.5776582410695634,0.05390971899032593,-0.010390134528279305,0.08466551826202395,JPEG,26.342199325561523,10.0,0.0030713698361068964,26.922679901123047,0.029291246086359024,20.0,-2.7843013453705594,256,0.0,0.7162730097770691,2.2170841693878174,0.7818895578384399,0.5255638360977173,0.4744361937046051,0.848504854067921,0.48020933955690137,0.34534666776423356,0.8562486562865036,0.37820842402153293,1.0,256
defactify,0,0,59350,0.5207286432160804,0.036488715559244156,-0.0022593976464122534,0.2596559827366261,JPEG,14.978593826293945,10.0,0.017951752990484238,17.511276245117188,0.11319885402917862,20.0,-2.4703605129583726,256,0.0,0.8092944622039795,6.636097431182861,3.399041175842285,0.5821151733398438,0.41788482666015625,1.3793310714545703,2.7420373323961935,0.2849712687695448,0.747346431087903,0.38936825398708624,1.0,256
defactify,0,0,52640,0.4254302103250478,0.01135001890361309,0.014539869502186775,0.2661367843968656,JPEG,16.73891830444336,10.0,0.033645063638687134,15.970264434814453,0.25118404626846313,20.0,-2.126661416866148,256,0.0,0.7773373126983643,10.822540283203125,5.415036201477051,0.7721816301345825,0.2278183400630951,1.5919772036822786,7.076368824490585,0.1779304918998177,0.5473468970937044,0.40753122505488276,1.0,256
defactify,0,0,48559,0.29782833505687695,0.09256338328123093,0.00017434748588129878,0.29254935360465895,JPEG,16.61425018310547,8.0,0.060888197273015976,27.627389907836914,0.1707891970872879,20.0,-2.2384735903349036,256,0.0,0.9093446731567383,8.981685638427734,13.306026458740234,0.7913211584091187,0.20867882668972015,1.331933236430979,3.9058429600394104,0.20091897280740045,0.6625940636545146,0.4025627297503017,1.0,256
defactify,0,0,90784,0.5549872122762148,0.07358662784099579,0.001316805719397962,0.31118905315541956,JPEG,11.928260803222656,10.0,0.10898014158010483,13.322964668273926,0.24532273411750793,20.0,-2.144689013553587,256,0.0,0.9111689925193787,14.01391315460205,3.8570520877838135,0.6910824775695801,0.30891749262809753,1.609330121584531,9.12551442053538,0.22406223119227656,0.5054304623538671,0.39875974406303416,1.0,256
defactify,0,0,23772,0.6567553847269563,0.06581655144691467,-0.0007019328768365085,0.20052086068458594,JPEG,27.845678329467773,10.0,0.012889556586742401,24.703083038330078,0.09757896512746811,20.0,-2.5737894755772457,256,0.0,0.7996769547462463,4.471571445465088,14.273820877075195,0.4913240671157837,0.5086759328842163,1.272054722102134,1.351406265018262,0.2692571009366205,0.8496878786216978,0.34542070223916116,1.0,256
defactify,0,0,18807,0.38596752569640996,0.06230778992176056,0.012676692567765713,0.1900999790890361,JPEG,28.701017379760742,10.0,0.005623334553092718,31.271831512451172,0.10167070478200912,20.0,-2.648757404430318,256,0.0,0.597468912601471,2.452103853225708,8.501708030700684,0.8162028193473816,0.18379716575145721,1.4134347497205542,0.7677281274029225,0.20933907813424585,0.7776041330536705,0.3777318759235488,1.0,256
defactify,0,0,26366,0.3690744920993228,0.07522106915712357,-0.009069194085896015,0.18365022412580737,JPEG,20.67688751220703,5.0,0.02301102690398693,21.866252899169922,0.15541666746139526,20.0,-2.3931887716838562,256,0.0,0.783676266670227,7.089233875274658,11.25430679321289,0.6330087184906006,0.3669913113117218,1.468630776071822,3.321521034578048,0.17396714705235758,0.6870469820218309,0.39971294732736695,1.0,256
defactify,0,0,38493,0.508390451429922,0.07479466497898102,-0.0020576189272105694,0.1729924329788249,JPEG,17.94062042236328,10.0,0.02779487334191799,22.386566162109375,0.10283952951431274,20.0,-2.4018902490487792,256,0.0,0.8759747743606567,7.1481852531433105,9.050453186035156,0.6999962329864502,0.3000037968158722,1.3140376209299238,2.7850745356353324,0.18621660444186416,0.694396593080471,0.4001299966902943,1.0,256
defactify,0,0,33087,0.48658069013593586,0.05606574937701225,0.007898272015154362,0.2071788856716311,JPEG,28.452510833740234,10.0,0.01621149852871895,28.605987548828125,0.09512987732887268,20.0,-2.6395614068256674,256,0.0,0.8431096076965332,4.1714372634887695,12.725948333740234,0.5649014711380005,0.4350985586643219,1.1578306109759768,1.1211218641868523,0.27452056861587737,0.8195498673195717,0.3848909037140848,1.0,256
defactify,0,0,13335,0.897287190213602,0.03162217512726784,-0.01340788695961237,0.12710049640727175,JPEG,17.431598663330078,10.0,0.011330649256706238,19.69718360900879,0.07346656918525696,20.0,-2.8394024361697534,256,0.0,0.8026043176651001,4.7520012855529785,2.4732747077941895,0.5588894486427307,0.4411105513572693,1.3205529639160025,1.5614204873125725,0.42162730100556056,0.8338040202138123,0.3198626179961014,1.0,256
defactify,0,0,63183,0.055776892430278883,0.0644281730055809,0.0272268895059824,0.15527810752963134,JPEG,18.11809730529785,10.0,0.06838013231754303,14.639577865600586,0.33872082829475403,20.0,-1.9324452688429767,256,0.0,0.8451858758926392,8.208880424499512,8.16580581665039,0.8909454941749573,0.10905450582504272,1.6532981762868406,3.816856197135718,0.17255984883140058,0.5560402185700031,0.4045177701745886,1.0,256
defactify,0,0,30538,0.6596451761337492,0.09103254973888397,-0.004594059195369482,0.31737429758993757,JPEG,23.16628646850586,8.0,0.028547439724206924,25.80671501159668,0.13287314772605896,20.0,-2.213783139856835,256,0.0,0.8654195070266724,8.417190551757812,10.121856689453125,0.49546605348587036,0.5045339465141296,1.4544752601535047,3.82030758902826,0.2080064739555975,0.7317391532216155,0.3752487121247946,1.0,256
defactify,0,0,42146,0.2917771883289125,0.12745298445224762,0.0027910922653973103,0.2679374963041671,JPEG,18.369829177856445,10.0,0.013540674932301044,17.462738037109375,0.08391401171684265,20.0,-2.7097442219451944,256,0.0,0.8320573568344116,4.843850135803223,5.636441707611084,0.8135669231414795,0.18643306195735931,1.1846796521357597,1.586807222582661,0.17130714514722958,0.7477621021038123,0.39732822960550795,1.0,256
defactify,0,0,68841,0.12558139534883722,0.07834699004888535,-0.008442724123597145,0.23551817472782577,JPEG,19.783592224121094,10.0,0.0807807669043541,24.318115234375,0.22578001022338867,20.0,-1.9512220339928372,256,0.0,0.8938217759132385,12.333824157714844,11.171713829040527,0.7417519688606262,0.2582480311393738,1.5588717672552552,7.350349670198965,0.11856672802531046,0.5021409305244594,0.4041949481604323,1.0,256
defactify,0,0,26925,0.5026123301985371,0.09904051572084427,0.01184858288615942,0.3058407237968154,JPEG,18.91034698486328,10.0,0.012102167122066021,17.105262756347656,0.1196611300110817,20.0,-2.5224687893375206,256,0.0,0.747907817363739,5.73478364944458,4.125583171844482,0.6100383996963501,0.3899616301059723,1.4203336267590307,2.5434327392108815,0.20432707130379524,0.7342158927764911,0.3913728473336477,1.0,256
defactify,0,0,47947,0.41852117731514715,0.04333804175257683,-0.008527474477887154,0.12342732977938685,JPEG,21.463041305541992,10.0,0.014406288042664528,26.008052825927734,0.13891898095607758,20.0,-2.368464144828816,256,0.0,0.6368048191070557,5.7967329025268555,9.854228019714355,0.5784154534339905,0.4215845465660095,1.4313534520646984,2.2534351721693597,0.2025712675056373,0.7315677585229607,0.39507133051870846,1.0,256
defactify,0,0,35049,0.33694634015790176,0.14648713171482086,-0.005430515855550766,0.31997053001950576,JPEG,18.284454345703125,10.0,0.014746161177754402,18.684581756591797,0.129877969622612,20.0,-2.198625676336806,256,0.0,0.7649533152580261,4.884472846984863,5.369859218597412,0.5355240106582642,0.46447598934173584,1.3134439504007287,1.6278193032727801,0.2323730433388916,0.7545258223967253,0.4004410449672049,1.0,256
defactify,0,0,39660,0.39010904622945786,0.06760156899690628,0.0032092640176415443,0.31221974806243236,JPEG,20.586931228637695,10.0,0.010492504574358463,18.482759475708008,0.15184229612350464,20.0,-2.493518434057712,256,0.0,0.6870318651199341,6.006436824798584,3.7838258743286133,0.7371771335601807,0.2628228962421417,1.4376545981586855,2.909640673058441,0.18648275067852577,0.6876339892233787,0.39482504818233355,1.0,256
defactify,0,0,14789,0.7047239366939648,0.10364874452352524,0.01461920328438282,0.17691065895597097,JPEG,26.674686431884766,10.0,0.0065807923674583435,27.8739070892334,0.03313363716006279,20.0,-2.7982122071504856,256,0.0,0.8528551459312439,2.7693841457366943,13.913715362548828,0.39663833379745483,0.6033616662025452,1.072233380843113,0.4815888270136489,0.37242496481103693,0.9200790422325497,0.27765165445019935,1.0,256
defactify,0,0,47067,0.4721293199554069,0.06200511008501053,0.004123860038816929,0.29816011818641386,JPEG,22.4753475189209,10.0,0.018533023074269295,18.959247589111328,0.17033091187477112,20.0,-2.373531805254625,256,0.0,0.7798925638198853,6.258905410766602,8.769540786743164,0.809442937374115,0.19055704772472382,1.3838615628845485,2.65016945105248,0.22109461931136032,0.676978805139092,0.39987035123058357,1.0,256
defactify,0,0,20336,0.6002795584903842,0.10596206039190292,0.012877602130174637,0.2730006338836217,JPEG,20.39137840270996,8.0,0.00466567138209939,21.765079498291016,0.055234815925359726,20.0,-2.7993286226897527,256,0.0,0.7083935141563416,2.824284553527832,6.979700088500977,0.2599678039550781,0.7400321960449219,1.269235151342534,0.7449337394271432,0.2528628805210349,0.8488315156179903,0.3594345571106244,1.0,256
defactify,0,0,27581,0.5712743843939878,0.10463937371969223,0.011662492528557777,0.19512440614707652,JPEG,22.461074829101562,10.0,0.010201051831245422,24.00986099243164,0.07856498658657074,20.0,-2.5999586742881653,256,0.0,0.7974074482917786,4.141985893249512,11.85062026977539,0.46865177154541016,0.5313482284545898,1.238998842519364,1.2095259034986539,0.23763325585043282,0.8501566078359738,0.3574386902907206,1.0,256
defactify,0,0,50299,0.48878923766816146,0.037667375057935715,0.012536990456283092,0.1546408555078073,JPEG,19.072092056274414,10.0,0.025174153968691826,18.915019989013672,0.2892056107521057,20.0,-1.9451545305018785,256,0.0,0.7338512539863586,6.770854949951172,3.4885315895080566,0.6031450033187866,0.396854966878891,1.4848829416496836,3.280968828094963,0.20170809316830246,0.6409234951908603,0.403989854970298,1.0,256
defactify,0,0,27881,0.44785318559556786,0.0450543612241745,0.001087804907001555,0.18946652486290663,JPEG,20.230022430419922,6.0,0.016453830525279045,25.575969696044922,0.07884060591459274,20.0,-2.668413823002486,256,0.0,0.8435494303703308,6.128456115722656,12.826386451721191,0.5850881338119507,0.4149118661880493,1.3320159136074532,2.2095355752595176,0.20636141802608177,0.7591316576333521,0.3826299925270411,1.0,256
defactify,0,0,22966,0.7941672692214992,0.09716986119747162,-0.009722036309540272,0.18300064431518992,JPEG,20.24543571472168,8.0,0.019428610801696777,24.26414680480957,0.10812955349683762,20.0,-2.379333510700167,256,0.0,0.8063260316848755,5.415449142456055,13.365070343017578,0.5252526998519897,0.47474730014801025,1.2980475297219005,1.7779666324250285,0.294168409717946,0.8006924083273885,0.3374258374582161,1.0,256
defactify,0,0,20757,0.561416343551101,0.0,0.0,0.0,JPEG,25.213279724121094,8.0,0.003382895141839981,20.252399444580078,0.04354124888777733,20.0,-2.9662068929911425,256,0.0,0.68323814868927,1.8826993703842163,7.350947380065918,0.4221317172050476,0.5778682827949524,1.0302953591589359,0.3977146710399849,0.31450646193493426,0.8992433875424731,0.34763832535437345,1.0,256
defactify,0,0,16781,0.5855429763146134,0.048251599073410034,0.0015290192095562816,0.1254269134913285,JPEG,20.337779998779297,10.0,0.00646248459815979,21.85733413696289,0.049469005316495895,20.0,-2.99319933904612,256,0.0,0.7637687921524048,3.7695913314819336,5.668752670288086,0.40284496545791626,0.5971550345420837,1.2201987520337156,1.1282521145713185,0.30157032518859217,0.8664970484690683,0.35893374938425,1.0,256
defactify,0,0,16931,0.6749238124528196,0.07117302715778351,-0.01993292011320591,0.27009986679275205,JPEG,32.325313568115234,8.0,0.0030746448319405317,33.4596061706543,0.038581252098083496,20.0,-2.660010917003276,256,0.0,0.7072476744651794,2.6791460514068604,16.676349639892578,0.42947500944137573,0.5705249905586243,1.293564603083889,0.6594671971116877,0.3721101741366536,0.8787707700623263,0.32342220838672314,1.0,256
defactify,0,0,51653,0.7756200653959646,0.08938799798488617,-0.003962724003940821,0.2119077854599001,JPEG,17.295883178710938,10.0,0.03129297494888306,19.18313980102539,0.22605852782726288,20.0,-2.201708156775016,256,0.0,0.7858644723892212,6.2980451583862305,7.004523754119873,0.30686962604522705,0.693130373954773,1.339596799293667,2.396253844675125,0.4365043992332732,0.7672089719304798,0.3680083654337081,1.0,256
defactify,0,0,22761,0.6486430815181008,0.0887254849076271,0.001389047596603632,0.15053497313925918,JPEG,23.128129959106445,10.0,0.02367907389998436,24.575904846191406,0.13415761291980743,20.0,-2.5714263519543197,256,0.0,0.8201425671577454,6.33896017074585,14.529022216796875,0.7244548797607422,0.2755451202392578,1.355979464730074,2.4310320549788558,0.23160344141717898,0.7505172749187063,0.3747862037316187,1.0,256
defactify,0,0,28235,0.47837698693609626,0.21259094774723053,0.025317221879959106,0.3792922811121635,JPEG,31.191509246826172,10.0,0.005097347777336836,21.113948822021484,0.026607582345604897,20.0,-2.637230466622285,256,0.0,0.8742721080780029,2.846397876739502,19.99559783935547,0.44609516859054565,0.5539048314094543,1.177736523163211,0.5283618229767397,0.3126495239530862,0.9056778701656942,0.320550186854471,1.0,256
defactify,0,0,25172,0.46910672223228844,0.09791058301925659,0.015176774002611637,0.18262656535683447,JPEG,21.57268714904785,10.0,0.033529601991176605,25.80002212524414,0.1601099669933319,20.0,-2.225908484955819,256,0.0,0.820462167263031,7.256410121917725,14.742984771728516,0.7022247314453125,0.2977752685546875,1.3562188810154077,2.986881953455402,0.16032276109092508,0.6439904728227548,0.4036333124201343,1.0,256
defactify,0,0,31131,0.41405944466171296,0.08510255068540573,0.0029113544151186943,0.27476448603070125,JPEG,26.35594367980957,10.0,0.005078854039311409,26.155044555664062,0.12792882323265076,20.0,-2.570471660065623,256,0.0,0.5494561195373535,2.6516263484954834,6.152031898498535,0.4577127695083618,0.5422872304916382,1.3773170424448171,0.839976421328336,0.27802903294404047,0.8258967098191595,0.378732218534663,1.0,256
defactify,0,0,30447,0.657511149787882,0.07827406376600266,-0.01184622198343277,0.1571223977244214,JPEG,17.17494773864746,10.0,0.01916119083762169,21.269241333007812,0.0941704735159874,20.0,-2.3965790709474093,256,0.0,0.8553027510643005,5.260088920593262,8.83344841003418,0.25895047187805176,0.7410495281219482,1.2609389589787074,1.6369985101883882,0.28022553498300795,0.7889269713827902,0.38720944468866164,1.0,256
defactify,0,0,51252,0.29830210772833726,0.0694826990365982,0.0012757935328409076,0.2695031144699208,JPEG,18.15358543395996,10.0,0.06379677355289459,16.719053268432617,0.29710206389427185,20.0,-1.991428104035161,256,0.0,0.8462303280830383,10.054388999938965,6.858595848083496,0.845036506652832,0.15496349334716797,1.5534142199019088,5.591291510476749,0.16056101762217934,0.5670195436994292,0.40432365866177045,1.0,256
defactify,0,0,18983,0.5534886485201473,0.16615965962409973,-0.002321238862350583,0.1954161829108099,JPEG,24.68140411376953,10.0,0.0018197272438555956,17.263460159301758,0.029448626562952995,20.0,-3.103156031907614,256,0.0,0.6621412038803101,1.6173713207244873,3.988025665283203,0.43063414096832275,0.5693658590316772,1.1230887096109248,0.40245315804017656,0.24426047894437447,0.8674636998042584,0.3592966096662205,1.0,256
defactify,0,0,28345,0.41114596789075475,0.0541243702173233,0.006020918022841215,0.19168326357681154,JPEG,21.31386947631836,10.0,0.012054809369146824,25.11007308959961,0.08993689715862274,20.0,-2.6765608038504096,256,0.0,0.8075552582740784,3.889381170272827,8.553489685058594,0.7394700050354004,0.2605299949645996,1.2086544940102317,1.0771610528402544,0.24529015248825528,0.7766083660729822,0.3946636807195865,1.0,256
defactify,0,0,28000,0.5745666586788082,0.08110079914331436,-0.0049761030822992325,0.13412345414293897,JPEG,21.928308486938477,10.0,0.0073481067083776,21.59894561767578,0.08760131895542145,20.0,-2.4265314458153386,256,0.0,0.7070085406303406,3.190371513366699,9.319419860839844,0.36134201288223267,0.6386579871177673,1.1063096403923232,0.8128175311178389,0.2625629515821843,0.8352605927886936,0.36569389267358887,1.0,256
defactify,0,0,13988,0.68712,0.0036258564796298742,7.131323945941404e-05,0.03288499048092962,JPEG,17.04932975769043,10.0,0.008317282423377037,15.0400972366333,0.06398680061101913,20.0,-2.866406734279552,256,0.0,0.7907395958900452,5.656357765197754,4.584532737731934,0.6108412742614746,0.3891587555408478,1.3188539127833538,2.2706670661524413,0.44040616294059454,0.8272581712505531,0.36348477487733677,1.0,256
defactify,0,0,39567,0.41674625915313596,0.07748202234506607,-0.007370723877102137,0.25054193825101057,JPEG,19.021947860717773,10.0,0.01524991262704134,15.259777069091797,0.15168581902980804,20.0,-2.4528414695500245,256,0.0,0.7527900338172913,4.553039073944092,6.005577087402344,0.7513744831085205,0.2486254870891571,1.260664991889238,1.5649235270088424,0.2748207851825947,0.7631655087526505,0.3930374692221671,1.0,256
defactify,0,0,40025,0.3719542516161114,0.14134985208511353,-0.0027618296444416046,0.28790457449668205,JPEG,21.81792449951172,10.0,0.022450949996709824,19.967514038085938,0.19569112360477448,20.0,-2.2270543843224897,256,0.0,0.7606620192527771,7.314639091491699,9.652970314025879,0.7947794795036316,0.20522050559520721,1.4739123869324378,3.5026414419934664,0.1557975050923749,0.6258572674994994,0.40031015179515916,1.0,256
defactify,0,0,33821,0.5944247062038809,0.08704777806997299,-0.00569365406408906,0.3090091673098301,JPEG,24.294355392456055,10.0,0.011179784312844276,23.664836883544922,0.08393704891204834,20.0,-2.593052893114847,256,0.0,0.8023386597633362,5.4696736335754395,8.74317741394043,0.7128951549530029,0.28710487484931946,1.4366833419343243,1.993965391916571,0.22665752026613567,0.7653790166066659,0.3868943691644029,1.0,256
defactify,0,0,47097,0.6471602972399151,0.048981811851263046,-0.004065962042659521,0.13466832121268488,JPEG,21.0207576751709,5.0,0.02077527903020382,23.552444458007812,0.0842028260231018,20.0,-2.5338769886206047,256,0.0,0.8446617722511292,4.56373405456543,8.971378326416016,0.45675528049468994,0.5432447195053101,1.2689832717961589,1.2457694156093815,0.2634742403969289,0.7944026275957976,0.3904094164979628,1.0,256
defactify,0,0,61410,0.2589958158995816,0.04963577166199684,0.004128392785787582,0.23692017296006315,JPEG,14.156810760498047,10.0,0.03351236879825592,13.648141860961914,0.100836843252182,20.0,-2.4790208162964005,256,0.0,0.8943315148353577,8.064345359802246,4.707789897918701,0.8426069021224976,0.15739306807518005,1.2783524313352281,3.3562067624231045,0.1292859333614638,0.599871611895269,0.40760473254937934,1.0,256
defactify,0,0,18041,0.4493040293040293,0.08651237934827805,0.007895116694271564,0.1882738209895813,JPEG,27.96973991394043,10.0,0.0038485664408653975,24.523208618164062,0.03400350734591484,20.0,-3.0224341417746503,256,0.0,0.7232722640037537,1.6807011365890503,2.041022539138794,0.21216750144958496,0.787832498550415,1.0542770077519779,0.3733248179786621,0.25857505142906856,0.8911221714848806,0.36076169602568064,1.0,256
defactify,0,0,13345,0.5907112720507625,0.035336606204509735,5.0591074796102475e-06,0.2145347062034786,JPEG,22.201147079467773,10.0,0.010694833472371101,18.79813575744629,0.07024861872196198,20.0,-2.7354818023555603,256,0.0,0.8022030591964722,5.44024133682251,10.917613983154297,0.361517071723938,0.638482928276062,1.3387420309923554,1.9697033142301046,0.27029982129301255,0.8365887032804264,0.33566661999835895,1.0,256
defactify,0,0,56468,0.6154639175257732,0.1371544450521469,0.007228773552924395,0.35553042555447095,JPEG,15.191741943359375,10.0,0.03190938010811806,14.778437614440918,0.1609666496515274,20.0,-2.2285108873543265,256,0.0,0.8224714994430542,9.065079689025879,7.356052398681641,0.6297765374183655,0.3702234625816345,1.5788275896771893,4.674780342896961,0.16716754901789702,0.6023972100226648,0.4016948292795801,1.0,256
defactify,0,0,35972,0.8175743225466983,0.14479318261146545,0.008392739109694958,0.41237521206233724,JPEG,16.526657104492188,10.0,0.03992617130279541,19.49321174621582,0.1522391438484192,20.0,-2.365696252694101,256,0.0,0.8672888875007629,6.815034866333008,8.853860855102539,0.3476458787918091,0.6523541212081909,1.397994683653675,2.4953162545655525,0.25311026517293256,0.7421715852797753,0.38399636426868405,1.0,256
defactify,0,0,26677,0.7195759815886742,0.08050722628831863,-0.002902829321101308,0.18572865346845158,JPEG,25.1429386138916,10.0,0.008640054613351822,25.175426483154297,0.08266723901033401,20.0,-2.6216888683359962,256,0.0,0.7459330558776855,3.224064826965332,9.518129348754883,0.6392791271209717,0.3607209026813507,1.2310262986507998,0.8154879283208383,0.23518743245058424,0.7928868292560343,0.38674160272116054,1.0,256
defactify,0,0,31442,0.5521961361864334,0.05433352664113045,-0.015276046469807625,0.1981274201510276,JPEG,21.25912094116211,10.0,0.011384008452296257,21.250513076782227,0.07662567496299744,20.0,-2.5775602456676086,256,0.0,0.8099814653396606,5.060461521148682,7.176944732666016,0.7107764482498169,0.2892235815525055,1.3134250771974239,1.6916400993608227,0.213044673040606,0.7422300577465051,0.39719674164065927,1.0,256
defactify,0,0,40124,0.5076521858486034,0.036466117948293686,0.004768656101077795,0.17081310383927367,JPEG,20.71154022216797,10.0,0.01602454110980034,22.40912437438965,0.12500342726707458,20.0,-2.4078316374407667,256,0.0,0.7996031641960144,6.440258502960205,8.778075218200684,0.7018643617630005,0.2981356382369995,1.5049053731648612,2.645870278258364,0.21267908066654695,0.7098757032711822,0.38870552686052506,1.0,256
defactify,0,0,38744,0.37186156978059265,0.12996384501457214,0.00876274798065424,0.19182992433880078,JPEG,17.97015953063965,8.0,0.023122305050492287,21.91453742980957,0.14448238909244537,20.0,-2.243742836802104,256,0.0,0.8150340914726257,6.141251564025879,8.935102462768555,0.6788767576217651,0.32112327218055725,1.359794385838369,2.3552441368704353,0.17518894627371923,0.6828241731900996,0.397183499064324,1.0,256
defactify,0,0,48353,0.053663570691434466,0.06859605759382248,0.016851097345352173,0.17560033683356932,JPEG,10.614110946655273,10.0,0.06213274598121643,15.927046775817871,0.14999769628047943,20.0,-2.1368142082643846,256,0.0,0.9079813957214355,8.04147720336914,4.004164695739746,0.7219418287277222,0.2780582010746002,1.3426168920241455,3.1909604178681272,0.14256460373420485,0.5546248813183947,0.40866348724910134,1.0,256
defactify,0,0,61732,0.48447844637340004,0.0463956780731678,-0.007667663041502237,0.2453803887086271,JPEG,13.883133888244629,10.0,0.05153470113873482,21.483840942382812,0.18746326863765717,20.0,-2.0682977499458968,256,0.0,0.8776509761810303,12.770280838012695,8.332839965820312,0.5920655727386475,0.40793439745903015,1.6229178096953756,8.240402699682816,0.19806580849814764,0.566899170777177,0.40317376656026643,1.0,256
defactify,0,0,69464,0.3567577974586061,0.11746793985366821,0.008293775841593742,0.2945897465154223,JPEG,17.65230941772461,10.0,0.019054867327213287,15.110391616821289,0.19513732194900513,20.0,-2.3662948346332717,256,0.0,0.7488593459129333,7.9424028396606445,2.869478702545166,0.7772965431213379,0.2227034568786621,1.5137047781161483,4.452201932549984,0.2876350669692556,0.6439189123682716,0.40274649169355853,1.0,256
defactify,0,0,18473,0.7879518756029738,0.02337542548775673,-0.005413801874965429,0.19960119189862902,JPEG,23.064910888671875,10.0,0.008195408619940281,25.237398147583008,0.09990397840738297,20.0,-2.304175272781069,256,0.0,0.7320699095726013,4.518748760223389,8.713980674743652,0.16665667295455933,0.8333433270454407,1.4956087175786223,1.588552194468474,0.41819008177436173,0.8519440244918111,0.3126674086602706,1.0,256
defactify,0,0,33360,0.46459313669229885,0.02668600156903267,0.005304898601025343,0.19140531508245037,JPEG,22.233139038085938,10.0,0.015661079436540604,23.389081954956055,0.1363009661436081,20.0,-2.266447719015859,256,0.0,0.7763676643371582,6.636884689331055,9.332079887390137,0.6666121482849121,0.3333878219127655,1.4288898373181096,2.9072686286524414,0.1659633007158075,0.6966503677462041,0.39474154430909925,1.0,256
defactify,0,0,28435,0.5667906662157592,0.046013202518224716,1.302742566622328e-05,0.13877909352268739,JPEG,16.08667755126953,10.0,0.01893898844718933,15.723518371582031,0.10235460847616196,20.0,-2.5613586560260977,256,0.0,0.833769679069519,5.068352699279785,4.9098405838012695,0.5463523864746094,0.4536476135253906,1.2266009886524176,1.6247814692666274,0.20585586342242596,0.732002158191182,0.4034176444137779,1.0,256
defactify,0,0,50228,0.5364511691884457,0.07076089829206467,0.01781631074845791,0.1665877711007796,JPEG,14.623144149780273,10.0,0.027894260361790657,14.552833557128906,0.11758613586425781,20.0,-2.4252649907223347,256,0.0,0.8583305478096008,7.4859137535095215,5.80544900894165,0.5526553392410278,0.44734466075897217,1.4329201288793136,3.15214701076509,0.1922918310929261,0.6819679487688877,0.4000971366435148,1.0,256
